p,q,x,L,U,tol,evals,beta,ell,seconds
0.9,0.9,0.002,1.0006329554554223,1.0036348543217888,0.003,23201448,0.854538707072878,1.966402752681827,32.088260889053345
0.9,0.9,0.0025,1.000624892829945,1.0036267675084347,0.003,24268510,0.7160199553426766,1.9621094138919324,33.2403666973114
0.9,0.9,0.003,1.000593062828126,1.0035948420166103,0.003,23621018,0.6082322708133031,1.9581700056602491,32.85448455810547
0.9,0.9,0.0035,1.0005416142081809,1.0035432390508052,0.003,20572976,0.5204163419505811,1.9544993698867916,30.549105882644653
0.9,0.9,0.004,1.0004734285851171,1.003474848870873,0.003,21493688,0.4465439245858895,1.9510418287532048,30.86266827583313
0.9,0.9,0.0045,1.0003906216497649,1.003391793514714,0.003,21346626,0.3829165265737382,1.94775924392112,32.02464175224304
0.9,0.9,0.005,1.0002948113363042,1.003295695770313,0.003,21064012,0.3271119008408437,1.944622892540509,30.97291731834412
0.9,0.9,0.0055,1.0001872741693374,1.0031878359918454,0.003,21894136,0.2774627007355174,1.941611743330908,31.34873962402344
0.9,0.9,0.006,1.0000690425018766,1.003069249629382,0.003,20293138,0.2327755571829155,1.9387091240760552,29.63467121124268
0.9,0.9,0.0065,0.9999409681254812,1.0029407910298571,0.003,19467910,0.1921668602002177,1.935901616896299,28.39888000488281
0.9,0.9,0.007,0.999803765609308,1.002803176906136,0.003,21375860,0.1549662458989832,1.93317881856345,31.317914724349976
0.9,0.9,0.0075,0.9996580428332896,1.0026570169617894,0.003,21922616,0.1206543810909064,1.9305312125783365,31.110433101654053
0.9,0.9,0.008,0.9995043231115192,1.0025028360808537,0.003,20542988,0.0888189068021389,1.9279517534688224,30.35985541343689
0.9,0.9,0.0085,0.9993430616094886,1.0023410907943169,0.003,20117888,0.0591297582693744,1.9254341971345097,29.921082019805908
0.9,0.9,0.009,0.9991746577800528,1.0021721817533928,0.003,19764492,0.0313169834697353,1.922972960764326,28.839293956756592
0.9,0.9,0.0095,0.9989994649538846,1.001996463348746,0.003,18976940,0.0051597371281644,1.9205636789636664,28.484920501708984
0.9,0.9,0.01,0.9988177978521758,1.0018142512457322,0.003,20228246,0.0195308985039475,1.918201255495786,38.418116092681885
0.9,0.9,0.0105,0.9986299385561376,1.0016258283718058,0.003,19860834,0.042908870346328,1.9158832240885235,36.9004967212677
0.9,0.9,0.011,0.9984361413067206,1.001431449730641,0.003,19411826,0.0651093108843493,1.9136060153824368,36.28586149215698
0.9,0.9,0.0115,0.9982366364097998,1.001231346319029,0.003,18616126,0.0862444898486999,1.911367085849747,35.94336152076721
0.9,0.9,0.012,0.9980316334442036,1.001025728344536,0.003,18381474,0.1064141039490951,1.9091638793363903,35.44029521942139
0.9,0.9,0.0125,0.9978213239217,1.000814787893465,0.003,20044252,0.1257031102233626,1.9069934250551728,36.11631536483765
0.9,0.9,0.013,0.997605883510921,0.998603489394432,0.001,17316596,0.1441868075388747,1.904854696329239,33.87847590446472
0.9,0.9,0.0135,0.997385473910965,0.9983828593848758,0.001,16944234,0.1619310242552317,1.9027452801755689,33.07852792739868
0.9,0.9,0.014,0.9971602444409264,0.9981574046853674,0.001,16309294,0.178993790374064,1.9006634998167853,33.68600296974182
0.9,0.9,0.0145,0.9969303333971834,0.9979272637305804,0.001,16059124,0.195426587311716,1.898607997575484,31.30309081077576
0.9,0.9,0.015,0.996695869219267,0.997692565088486,0.001,15270272,0.2112760797418371,1.8965774317017985,30.64558982849121
0.9,0.9,0.0155,0.9964569714969166,0.9974534284684134,0.001,14716586,0.2265827727531288,1.8945702408182896,30.29457950592041
0.9,0.9,0.016,0.996213751844409,0.9972099655962532,0.001,14469112,0.241383819701845,1.892585750449524,29.220961809158325
0.9,0.9,0.0165,0.9959663146633286,0.996962280977992,0.001,16071260,0.2557135999623098,1.890622253236212,32.015676498413086
0.9,0.9,0.017,0.9957147578109758,0.9967104725687868,0.001,14970660,0.2696011433685754,1.8886791187501504,23.3704526424408
0.9,0.9,0.0175,0.9954591731885888,0.9964546323617772,0.001,15251920,0.2830749512225551,1.886755466198325,23.05552291870117
0.9,0.9,0.018,0.9951996472610202,0.9961948469082812,0.001,14274670,0.2961588786945059,1.884850063435671,22.555996656417847
0.9,0.9,0.0185,0.9949362615175632,0.9959311977790806,0.001,13807388,0.3088767694903577,1.882962329336041,22.492860317230225
0.9,0.9,0.019,0.9946690928820412,0.9956637619749232,0.001,13777200,0.321249136604981,1.881091670316384,22.54188752174377
0.9,0.9,0.0195,0.9943982140789216,0.9953926122930004,0.001,13376456,0.3332952433076331,1.8792373011349817,21.84610271453857
0.9,0.9,0.02,0.9941236939612104,0.9951178176551716,0.001,14090264,0.3450323679143482,1.877398327516905,23.04914379119873
0.9,0.9,0.0205,0.9938455978050008,0.9948394434028058,0.001,13446836,0.3564771438811762,1.875574328049472,22.16366910934448
0.9,0.9,0.021,0.9935639875747588,0.9945575515623336,0.001,12881080,0.3676447623828655,1.873764652083811,21.466355562210083
0.9,0.9,0.0215,0.9932789221629432,0.994272201085106,0.001,12880226,0.3785488644748354,1.871968611986397,21.513405561447144
0.9,0.9,0.022,0.9929904576069488,0.9939834480645556,0.001,13590660,0.3892018202143752,1.870185977171395,21.659390211105347
0.9,0.9,0.0225,0.9926986472860252,0.993691345933311,0.001,13043852,0.3996166447724811,1.868416088660844,21.441000938415527
0.9,0.9,0.023,0.9924035421003976,0.993395945642498,0.001,12771350,0.4098035248059432,1.8666583142251527,21.201998949050903
0.9,0.9,0.0235,0.9921051906345774,0.9930972958252118,0.001,12795774,0.4197733814850818,1.8649127128459693,21.081153869628903
0.9,0.9,0.024,0.9918036393065676,0.992795442945874,0.001,12009626,0.4295358873352613,1.863178197641409,20.71014165878296
0.9,0.9,0.0245,0.9914989325044256,0.99249043143693,0.001,13426920,0.4390999551537816,1.8614548538697413,22.09599542617798
0.9,0.9,0.025,0.9911911127115484,0.9921823038242598,0.001,12922308,0.4484737588976027,1.8597423575618963,22.29047799110413
0.9,0.9,0.0255,0.9908802206217572,0.991871100842379,0.001,12313946,0.4576657729971819,1.8580401198288468,21.784647703170776
0.9,0.9,0.026,0.9905662952452482,0.9915568615404934,0.001,11966296,0.4666832623809547,1.856347709105904,20.704826593399048
0.9,0.9,0.0265,0.9902493740062742,0.9912396233802804,0.001,11946532,0.4755334941946174,1.854665219847193,20.97832608222961
0.9,0.9,0.027,0.9899294928333466,0.99091942232618,0.001,11537134,0.4842226707296724,1.8529915595151225,20.465802431106567
0.9,0.9,0.0275,0.9896066862426884,0.9905962929289313,0.001,11172458,0.4927573577440656,1.851327471207183,19.913175344467163
0.9,0.9,0.028,0.989280987415495,0.9902702684029104,0.001,11704902,0.5011430339799394,1.8496720419344777,21.07448530197144
0.9,0.9,0.0285,0.9889524282696502,0.9899413806979198,0.001,11172896,0.5093854990644361,1.8480252475135823,20.586061716079712
0.9,0.9,0.029,0.9886210395263432,0.9896096605658696,0.001,11102494,0.5174895874696951,1.8463861287574173,21.27393078804016
0.9,0.9,0.0295,0.9882868507719628,0.9892751376227346,0.001,11471222,0.5254610247310585,1.8447555124263777,20.17606401443481
0.9,0.9,0.03,0.9879498905158504,0.9889378404063662,0.001,11227074,0.5333038884374528,1.8431324046039383,20.614818811416622
0.9,0.9,0.0305,0.9876101862440771,0.9885977964303212,0.001,10835548,0.5410231882423575,1.8415167567446795,20.21340084075928
0.9,0.9,0.031,0.9872677644696912,0.9882550322341608,0.001,11350988,0.5486227445031031,1.8399087302686503,21.62148380279541
0.9,0.9,0.0315,0.98692265077965,0.9879095734304294,0.001,10947690,0.5561061415084193,1.8383075835744216,21.176299333572388
0.9,0.9,0.032,0.986574869878785,0.9875614447486636,0.001,10748542,0.5634779709353328,1.836713524119131,22.18788266181945
0.9,0.9,0.0325,0.986224445630931,0.9872106700765618,0.001,10550466,0.570741828021614,1.835125727793397,21.55331993103028
0.9,0.9,0.033,0.9858714010975692,0.9861671625178986,0.0003,7922666,0.5779009477203308,1.833545013927318,18.72760391235352
0.9,0.9,0.0335,0.9855157585740014,0.9858114133015736,0.0003,7705032,0.5849585645525044,1.831970270253026,18.96709942817688
0.9,0.9,0.034,0.98515753962345,0.985453086885337,0.0003,7584082,0.5919176696792489,1.830401968620621,19.12848544120789
0.9,0.9,0.0345,0.9847967651090442,0.9850922041385768,0.0003,7376396,0.5987809803383832,1.8288394108579915,18.76948404312133
0.9,0.9,0.035,0.9844334552239736,0.9847287852605408,0.0003,7237704,0.6055528117056279,1.8272827395832951,18.007429838180542
0.9,0.9,0.0355,0.9840676295198892,0.9843628498087452,0.0003,7124514,0.6122341829138245,1.8257319045729028,18.55241799354553
0.9,0.9,0.036,0.983699306933694,0.983994416725774,0.0003,6958402,0.6188288622403395,1.824186330885864,18.428364515304565
0.9,0.9,0.0365,0.9833285058128104,0.983623504364554,0.0003,6813772,0.6253384525525352,1.8226461854391705,18.51781225204468
0.9,0.9,0.037,0.9829552439390722,0.983250130512254,0.0003,6670616,0.6317665534980392,1.8211114039150305,18.92095184326172
0.9,0.9,0.0375,0.982579538551298,0.9828743124128636,0.0003,6555220,0.6381143217028741,1.8195818742804573,17.866411924362183
0.9,0.9,0.038,0.9822014063666502,0.9824960667885602,0.0003,6429000,0.644384060681239,1.8180571037994184,18.11060571670532
0.9,0.9,0.0385,0.9818208636008444,0.9821154098599246,0.0003,6319076,0.6505784849236117,1.8165368907402608,17.72638726234436
0.9,0.9,0.039,0.9814379259873374,0.9817323573651336,0.0003,6200348,0.6566995054503548,1.8150219111120067,17.965296030044556
0.9,0.9,0.0395,0.9810526087954592,0.9813469245780976,0.0003,6100078,0.6627486917757296,1.8135113538725376,17.631568431854248
0.9,0.9,0.04,0.9806649268476832,0.9809591263257376,0.0003,5957248,0.668727712366253,1.812005242910162,17.779602527618408
0.9,0.9,0.0405,0.9802748945359776,0.9805689770043382,0.0003,5855588,0.6746392017540787,1.8105035804456124,17.73244071006775
0.9,0.9,0.041,0.9798825258373516,0.9801764905951028,0.0003,5786994,0.6804848889429622,1.809005990130158,18.23546266555786
0.9,0.9,0.0415,0.979487834328645,0.9797816806789436,0.0003,5651510,0.6862655221526259,1.8075128856140943,17.221025228500366
0.9,0.9,0.042,0.979090833200587,0.9793845604505472,0.0003,5535198,0.6919832706766917,1.8060235866630456,16.784091234207153
0.9,0.9,0.0425,0.9786915352711788,0.9789851427317602,0.0003,5459230,0.6976391788747881,1.8045383595716755,17.01671528816223
0.9,0.9,0.043,0.97828995299845,0.9785834399843496,0.0003,5411978,0.7032354147264644,1.803056929920345,16.583619594573975
0.9,0.9,0.0435,0.977886098492601,0.9781794643221488,0.0003,5361650,0.7087734048905343,1.8015790008118693,16.354432344436646
0.9,0.9,0.044,0.977479983527577,0.9777732275226352,0.0003,5224788,0.7142536941945663,1.8001049882542657,15.889146566390991
0.9,0.9,0.0445,0.9770716195521472,0.9773647410380129,0.0003,5147124,0.7196786573794661,1.7986347005323442,17.03011131286621
0.9,0.9,0.045,0.9766610177004084,0.9769540160057184,0.0003,5083780,0.7250491277750702,1.7971677757288524,15.868076086044312
0.9,0.9,0.0455,0.9762481888018938,0.9765410632585344,0.0003,4933300,0.7303661961039184,1.7957041462703296,15.44267964363098
0.9,0.9,0.046,0.9758331433911964,0.9761258933342136,0.0003,4881162,0.7356314342322209,1.7942440022363155,15.338080406188965
0.9,0.9,0.0465,0.9754158917171456,0.9757085164846606,0.0003,4828912,0.7408452839344831,1.7927872611327156,15.343661546707152
0.9,0.9,0.047,0.974996443751602,0.9752889426847274,0.0003,4828936,0.7460100935574255,1.7913330518425414,15.252733945846558
0.9,0.9,0.0475,0.9745748091979968,0.974867181640756,0.0003,4734418,0.7511252293419596,1.7898827987712047,15.26201319694519
0.9,0.9,0.048,0.9741509974991456,0.9744432427983952,0.0003,4666124,0.7561929096256582,1.788434910991158,15.148672103881836
0.9,0.9,0.0485,0.973725017845211,0.9740171353505646,0.0003,4626974,0.7612138489685627,1.7869904986822438,14.961409330368042
0.9,0.9,0.049,0.9732968791810164,0.9735888682447708,0.0003,4463358,0.7661896701488049,1.7855484406133262,15.2477285861969
0.9,0.9,0.0495,0.972866590213064,0.973158450190128,0.0003,4380460,0.7711204817483973,1.7841095903960285,15.160857677459717
0.9,0.9,0.05,0.9724341594164674,0.9727258896642924,0.0003,4397336,0.776007562979488,1.7826731378601728,14.929579257965088
0.9,0.9,0.0505,0.9719995950413616,0.972291194919874,0.0003,4336356,0.7808518295177448,1.7812392571601687,15.12960124015808
0.9,0.9,0.051,0.9715629051192328,0.9718543739907683,0.0003,4216418,0.7856538622008743,1.7798083452826463,15.067135095596312
0.9,0.9,0.0515,0.9711240974689068,0.9714154346981476,0.0003,4206632,0.7904148768917938,1.778380012791179,14.896573305130005
0.9,0.9,0.052,0.9706831797023536,0.9709743846562642,0.0003,4109986,0.7951359587636666,1.776953786889392,14.707926273345947
0.9,0.9,0.0525,0.9702401592301724,0.9705312312779414,0.0003,4052004,0.7998162957529789,1.7755301967682986,14.476908445358276
0.9,0.9,0.053,0.9697950432670112,0.9700859817799912,0.0003,4001106,0.8044585933197559,1.7741087447849244,14.76746416091919
0.9,0.9,0.0535,0.9693478388366163,0.9696386431882672,0.0003,3988844,0.8090631689967483,1.7726896345916594,14.546075820922852
0.9,0.9,0.054,0.9688985527768544,0.9691892223426876,0.0003,3959978,0.8136297586272544,1.771273152708584,14.433165550231934
0.9,0.9,0.0545,0.9684471917443868,0.96873772590191,0.0003,3951936,0.8181593997180102,1.7698581858973843,14.460341453552246
0.9,0.9,0.055,0.9679937622192892,0.9682841603479552,0.0003,3847152,0.8226535996748637,1.768445750747497,14.80394411087036
0.9,0.9,0.0555,0.967538270509441,0.9678285319905938,0.0003,3708162,0.8271127054709834,1.7670356621871612,14.306604623794556
0.9,0.9,0.056,0.9670807227547692,0.9673708469715956,0.0003,3886268,0.8315368101735806,1.7656271515803788,14.37328815460205
0.9,0.9,0.0565,0.9666211249313432,0.9669111112688228,0.0003,3714260,0.835926185518953,1.7642209875870625,14.14408564567566
0.9,0.9,0.057,0.9661594828553496,0.966449330700206,0.0003,3632194,0.8402830906658706,1.7628162191481054,14.468355894088743
0.9,0.9,0.0575,0.9656958021868162,0.9659855109274722,0.0003,3665584,0.8446068590140628,1.7614139374250033,14.184171199798584
0.9,0.9,0.058,0.965230088433374,0.965519657459904,0.0003,3708940,0.848898295667693,1.7600128599061655,14.236818313598633
0.9,0.9,0.0585,0.964762346953741,0.9650517756578272,0.0003,3636710,0.8531590336854578,1.7586144537567665,14.30318307876587
0.9,0.9,0.059,0.9642925829612125,0.9645818707361008,0.0003,3448170,0.8573873092610931,1.757216660941275,17.493509531021118
0.9,0.9,0.0595,0.9638208015268376,0.9641099477672956,0.0003,3523524,0.8615853984616798,1.755821188552654,17.371838092803955
0.9,0.9,0.06,0.963347007582766,0.9636360116850408,0.0003,3512748,0.8657540014539947,1.7544272538519956,16.202677726745605
0.9,0.9,0.0605,0.9628712059252408,0.9631600672870184,0.0003,3353860,0.8698926663948923,1.75303495339976,16.161651849746704
0.9,0.9,0.061,0.96239340121762,0.9626821192379852,0.0003,3384736,0.8740014551563922,1.751643923172422,15.930888175964355
0.9,0.9,0.0615,0.9619135979932756,0.9622021720726736,0.0003,3322622,0.8780828162127081,1.750254677372061,15.499903440475464
0.9,0.9,0.062,0.9614318006583598,0.9617202301985572,0.0003,3391010,0.8821354501900226,1.7488671112588527,15.788141965866089
0.9,0.9,0.0625,0.9609480134945282,0.9612362978985766,0.0003,3295836,0.8861607309139179,1.7474807065517994,15.525129795074465
0.9,0.9,0.063,0.960462240661601,0.9607503793337996,0.0003,3208522,0.8901581255503667,1.7460957399139414,15.566514730453491
0.9,0.9,0.0635,0.9599744862000356,0.9602624785458956,0.0003,3236464,0.8941285586180364,1.7447121357331228,15.742709398269652
0.9,0.9,0.064,0.9594847540335022,0.9597725994597122,0.0003,3266554,0.8980732812402876,1.7433295325653502,15.397125005722046
0.9,0.9,0.0645,0.9589930479711156,0.9592807458855068,0.0003,3297060,0.9019914524560754,1.7419486054071736,15.20054030418396
0.9,0.9,0.065,0.9584993717099932,0.9587869215215062,0.0003,3109682,0.905884999275178,1.740568750564132,16.502278327941895
0.9,0.9,0.0655,0.9580037288372378,0.9582911299558888,0.0003,3218500,0.9097526853164236,1.7391897042994489,15.59235429763794
0.9,0.9,0.066,0.9575061228323688,0.9577933746692184,0.0003,3103238,0.9135969409770216,1.7378123578249485,15.720751523971558
0.9,0.9,0.0665,0.9570065570692992,0.95729365903642,0.0003,2975236,0.9174149794424334,1.7364361077528665,15.923988580703735
0.9,0.9,0.067,0.9565050348184848,0.9567919863289304,0.0003,3124354,0.9212101227572344,1.7350602774877637,15.771339654922484
0.9,0.9,0.0675,0.9560015592489808,0.9562883597167552,0.0003,3001378,0.924980892892674,1.7336862524833545,15.875136375427246
0.9,0.9,0.068,0.9554961334302456,0.9557827822702746,0.0003,3120740,0.9287285486512176,1.7323129566864846,16.316330909729004
0.9,0.9,0.0685,0.9549887603342352,0.9552752569623354,0.0003,2918136,0.9324536413033664,1.7309410779340937,15.765025854110718
0.9,0.9,0.069,0.954479442837198,0.9547657866700492,0.0003,2943562,0.9361553902454206,1.729569475761906,15.56973147392273
0.9,0.9,0.0695,0.953968183721446,0.9542543741765622,0.0003,2887904,0.9398352004553284,1.7281986605480888,15.149534940719604
0.9,0.9,0.07,0.953454985677266,0.9537410221729692,0.0003,2904966,0.9434937207416116,1.7268296288802705,16.071064949035645
0.9,0.9,0.0705,0.9529398513044732,0.9532257332598644,0.0003,2670188,0.9471300779024372,1.7254607649494114,15.156065940856934
0.9,0.9,0.071,0.9524227831142742,0.9527085099492084,0.0003,2869912,0.9507442576011612,1.7240928517196423,15.477498531341553
0.9,0.9,0.0715,0.9519037835308196,0.9521893546658788,0.0003,2800350,0.9543378902605152,1.7227256282201235,15.268068552017212
0.9,0.9,0.072,0.9513828548928696,0.9516682697493374,0.0003,2848052,0.9579110995094212,1.7213589775805571,16.761218786239624
0.9,0.9,0.0725,0.9508599994554306,0.9511452574552672,0.0003,2848422,0.961463609279664,1.7199938037112692,16.46100378036499
0.9,0.9,0.073,0.950335219391148,0.9506203199569652,0.0003,2686110,0.964995763741084,1.7186289328398023,14.636226415634155
0.9,0.9,0.0735,0.9498085167920274,0.9500934593470648,0.0003,2828620,0.9685080961752116,1.7172646081479304,15.173739910125732
0.9,0.9,0.074,0.9492798936708066,0.9495646776389076,0.0003,2765088,0.972001408573687,1.7159006434523625,15.28200888633728
0.9,0.9,0.0745,0.9487493519624486,0.9490339767680372,0.0003,2743276,0.9754741704320256,1.7145375242095997,15.446834087371826
0.9,0.9,0.075,0.9482168935255988,0.9485013585936564,0.0003,2645382,0.9789290577973362,1.7131750478068168,14.532285690307615
0.9,0.9,0.0755,0.9476825201439864,0.9479668249000296,0.0003,2607840,0.9823646702268316,1.7118132644625366,14.484208106994627
0.9,0.9,0.076,0.9471462335278148,0.9474303773978732,0.0003,2556134,0.985780939738078,1.7104520404631487,15.39133334159851
0.9,0.9,0.0765,0.9466080353151572,0.9468920177257516,0.0003,2557502,0.989179178261331,1.709090567136633,14.582146883010864
0.9,0.9,0.077,0.9460679270732114,0.9463517474513332,0.0003,2586440,0.9925599703968246,1.7077300781297091,14.25822138786316
0.9,0.9,0.0775,0.945525910299751,0.9458095680728408,0.0003,2472388,0.995922417645399,1.706370075492475,15.042818546295166
0.9,0.9,0.078,0.944981986424326,0.9452654810202532,0.0003,2474128,0.99926627972381,1.7050104979524774,14.29457688331604
0.9,0.9,0.0785,0.9444361568096078,0.9447194876566508,0.0003,2592534,1.0025936186446622,1.7036511461511772,14.573695182800291
0.9,0.9,0.079,0.9438884227526216,0.9441715892794472,0.0003,2437796,1.005903737421276,1.702292078278899,14.112571001052856
0.9,0.9,0.0795,0.9433387854860044,0.94362178712165,0.0003,2463904,1.009197315700768,1.700933238763677,13.990818977355955
0.9,0.9,0.08,0.9427872461792468,0.9430700823531004,0.0003,2413562,1.012473525706213,1.6995752256729533,14.868398427963257
0.9,0.9,0.0805,0.9422338059398996,0.9425164760816817,0.0003,2552100,1.015732922498078,1.6982168507836084,15.551121473312378
0.9,0.9,0.081,0.941678465814766,0.9419609693545103,0.0003,2409072,1.0189766835453704,1.6968592247270495,14.571068048477173
0.9,0.9,0.0815,0.9411212267911068,0.9414035631591442,0.0003,2410960,1.0222040416808222,1.6955015557232904,14.567917108535768
0.9,0.9,0.082,0.9405620897977844,0.9408442584247236,0.0003,2514618,1.025415878856845,1.6941440434428836,14.6912260055542
0.9,0.9,0.0825,0.9400010557064492,0.9402830560231612,0.0003,2486334,1.0286106103979529,1.6927862744617392,14.71297025680542
0.9,0.9,0.083,0.939438125332659,0.9397199567702588,0.0003,2532828,1.031790611002341,1.6914291137899329,14.73154091835022
0.9,0.9,0.0835,0.938873299437018,0.9391549614268492,0.0003,2436540,1.034955510741984,1.6900724300856331,14.53681182861328
0.9,0.9,0.084,0.9383065787262784,0.9385880706998962,0.0003,2430416,1.0381046196859758,1.688715139985534,14.37749195098877
0.9,0.9,0.0845,0.937737963854488,0.9380192852436444,0.0003,2304582,1.041239224684969,1.687358214774714,13.970000505447388
0.9,0.9,0.085,0.937167455424032,0.9374486056606592,0.0003,2350030,1.0443597219348368,1.686001437239039,13.95628309249878
0.9,0.9,0.0855,0.9365950539867294,0.9368760325029254,0.0003,2328522,1.0474647923885911,1.6846445354889097,14.92189073562622
0.9,0.9,0.086,0.9360207600449204,0.9363015662729336,0.0003,2232776,1.0505549660086624,1.683287590544425,15.199547052383425
0.9,0.9,0.0865,0.9354445740524984,0.9357252074247142,0.0003,2431040,1.0536318379075706,1.6819309004005047,14.302993535995483
0.9,0.9,0.087,0.9348664964160096,0.9351469563649344,0.0003,2286194,1.0566937572445294,1.6805733681777983,14.320571899414062
0.9,0.9,0.0875,0.9342865274955718,0.9345668134538204,0.0003,2394394,1.059741875894477,1.6792164525672215,14.36208724975586
0.9,0.9,0.088,0.9337046676060312,0.9339847790063128,0.0003,2304616,1.06277674473548,1.677859211003553,14.84047269821167
0.9,0.9,0.0885,0.9331209170178814,0.9334008532929868,0.0003,2229142,1.065798121215954,1.6765017677710052,14.431710481643677
0.9,0.9,0.089,0.9325352759583078,0.9328150365410952,0.0003,2291940,1.0688053213413864,1.675144004948829,14.863533735275269
0.9,0.9,0.0895,0.9319477446121804,0.932227328935564,0.0003,2375960,1.071799623247418,1.6737863195113387,14.838075876235962
0.9,0.9,0.09,0.931358323122998,0.9316377306199348,0.0003,2291584,1.074780675504133,1.6724284746805034,14.772027969360352
0.9,0.9,0.0905,0.9307670115938862,0.9310462416973644,0.0003,2251472,1.0777491429920774,1.6710704099527602,14.828808069229126
0.9,0.9,0.091,0.9301738100885484,0.9304528622315748,0.0003,2314528,1.0807045894864378,1.6697116967579315,14.698517322540283
0.9,0.9,0.0915,0.9295787186322072,0.9298575922477968,0.0003,2213080,1.0836470875216702,1.668353048729584,15.315398454666138
0.9,0.9,0.092,0.9289817372125322,0.929260431733696,0.0003,2179660,1.0865772225098205,1.6669938647175295,14.514976501464844
0.9,0.9,0.0925,0.9283828657805844,0.9286613806403188,0.0003,2085686,1.0894950183423948,1.6656347014443016,14.879045963287354
0.9,0.9,0.093,0.9277821042517144,0.9280604388829898,0.0003,2047574,1.0924015233574302,1.6642748241643313,14.256873846054075
0.9,0.9,0.0935,0.9271794525064496,0.9274576063422016,0.0003,1958162,1.0952945290952592,1.6629147455052218,14.17960524559021
0.9,0.9,0.094,0.9265749103913902,0.9268528828645076,0.0003,2079606,1.0981768885530936,1.6615544331386856,13.839942932128906
0.9,0.9,0.0945,0.9259684777201364,0.9262462682634524,0.0003,2014920,1.101046260109663,1.6601931766184144,13.919259548187256
0.9,0.9,0.095,0.925360154274048,0.9256377623203302,0.0003,2026040,1.1039045599548236,1.6588317989011567,13.827829837799072
0.9,0.9,0.0955,0.924749939803191,0.925027364785132,0.0003,2124402,1.1067517540434928,1.657469777590994,14.156295537948608
0.9,0.9,0.096,0.9241378340271528,0.9244150753773608,0.0003,2008130,1.1095874185469048,1.6561075144645283,13.901172399520874
0.9,0.9,0.0965,0.923523836635846,0.9238008937868366,0.0003,2202058,1.112410761089221,1.6547446254954283,14.215619564056396
0.9,0.9,0.097,0.9229079472903482,0.9231848196745353,0.0003,2166288,1.1152239658782608,1.6533813072226693,14.036537647247314
0.9,0.9,0.0975,0.922290165623702,0.9225668526733892,0.0003,2052480,1.118026673258136,1.6520168591377495,13.873416900634766
0.9,0.9,0.098,0.9216704912417196,0.921946992389092,0.0003,1985062,1.1208178244862603,1.6506523542498504,13.98385500907898
0.9,0.9,0.0985,0.9210489237236932,0.9213252384008104,0.0003,2130908,1.1235983968598924,1.649287526135621,14.088987112045288
0.9,0.9,0.099,0.9204254626232716,0.9207015902620586,0.0003,2044430,1.126368667757876,1.6479216680708866,13.768138647079468
0.9,0.9,0.0995,0.9198001074691088,0.9200760475013496,0.0003,2032298,1.1291289066492742,1.6465548482316892,13.784440279006958
0.9,0.9,0.1,0.9191728577656884,0.919448609623018,0.0003,1919364,1.13187794303774,1.6451877562850783,13.69630217552185
0.9,0.9,0.1005,0.9185437129939246,0.9188192761078228,0.0003,2100010,1.1346161105003638,1.6438196195942056,13.895191431045532
0.9,0.9,0.101,0.9179126726121036,0.9181880464138872,0.0003,1940658,1.1373456659407954,1.6424511942061653,13.167730331420898
0.9,0.9,0.1015,0.9172797360562672,0.917554919977084,0.0003,1838826,1.1400659151481125,1.6410818080041003,12.99836039543152
0.9,0.9,0.102,0.9166449027411566,0.9169198962119788,0.0003,2101234,1.142774015269467,1.6397116286901805,13.143747091293337
0.9,0.9,0.1025,0.9160081720608074,0.9162829745124256,0.0003,1959786,1.145474831356724,1.638340786022649,13.168328762054443
0.9,0.9,0.103,0.9153695433891051,0.915644154252122,0.0003,1983448,1.1481645245680416,1.6369690698067147,12.938230991363524
0.9,0.9,0.1035,0.9147290160805772,0.9150034347854012,0.0003,1825314,1.150845297259541,1.6355961468088738,13.076417684555054
0.9,0.9,0.104,0.9140865894709288,0.91436081544777,0.0003,2129766,1.153516332884437,1.6342229188065989,13.68376922607422
0.9,0.9,0.1045,0.9134422628777008,0.9137162955565642,0.0003,2064974,1.1561795067034148,1.6328484112708488,13.089207887649536
0.9,0.9,0.105,0.9127960356008296,0.9130698744115098,0.0003,1977484,1.158831754552583,1.631473151497849,13.06572675704956
0.9,0.9,0.1055,0.9121479069232526,0.9124215512953296,0.0003,1983202,1.1614768587979571,1.6300970925038714,13.056813716888428
0.9,0.9,0.106,0.9114978761114744,0.9117713254743076,0.0003,1789400,1.1641117882958267,1.6287195878274097,13.338958024978638
0.9,0.9,0.1065,0.9108459424161368,0.9111191961988616,0.0003,1890736,1.166737832513229,1.6273422232147363,12.757006883621216
0.9,0.9,0.107,0.9101921050726336,0.9104651627041552,0.0003,1957442,1.169356263598694,1.6259626047769815,12.906517028808594
0.9,0.9,0.1075,0.909536363301339,0.9098092242103294,0.0003,1965172,1.1719654562305146,1.6245826544706572,13.080662488937378
0.9,0.9,0.108,0.9088787163084908,0.9091513799233834,0.0003,1879802,1.1745670716317105,1.6232010739560807,12.095993757247925
0.9,0.9,0.1085,0.9082191632865346,0.9084916290355206,0.0003,1854814,1.1771594464190729,1.6218187514884157,12.191425561904907
0.9,0.9,0.109,0.907557703414576,0.9078299707256002,0.0003,1751184,1.1797446225525112,1.6204359635066845,12.241384744644163
0.9,0.9,0.1095,0.9068943358587924,0.9071664041595502,0.0003,2078052,1.1823212937160124,1.6190515776307373,12.518161058425903
0.9,0.9,0.11,0.9062290597730688,0.9065009284910008,0.0003,1898940,1.1848898681592397,1.6176658939219828,12.338135957717896
0.9,0.9,0.1105,0.9055618742992714,0.9058335428615611,0.0003,1786888,1.1874496668681596,1.616279006499023,11.993746280670166
0.9,0.9,0.111,0.9048927785677832,0.9051642464013536,0.0003,1995258,1.19000280098404,1.6148912016162404,12.261921882629396
0.9,0.9,0.1115,0.9042217716978204,0.9044930382293296,0.0003,1820262,1.192548904298201,1.613502505292869,12.151568174362184
0.9,0.9,0.112,0.903548852797862,0.9038199174537014,0.0003,1735742,1.1950871169506263,1.6121122002234525,12.101169109344482
0.9,0.9,0.1125,0.9028740209660508,0.9031448831723408,0.0003,1629458,1.19761711104943,1.6107206522759998,12.166568756103516
0.9,0.9,0.113,0.9021972752905372,0.9024679344731242,0.0003,1603556,1.200140920873262,1.6093280985597127,12.12169361114502
0.9,0.9,0.1135,0.9015186148498104,0.9017890704342651,0.0003,1800490,1.2026571579186618,1.6079343075264227,12.403271913528442
0.9,0.9,0.114,0.9008380387131476,0.9011082901247616,0.0003,1917148,1.2051654254706805,1.6065387302441578,12.231098890304564
0.9,0.9,0.1145,0.9001555459407268,0.9004255926045089,0.0003,1924522,1.2076683008984046,1.6051419839275602,12.201184034347534
0.9,0.9,0.115,0.8994711355840822,0.8997409769247574,0.0003,1759500,1.210163530110819,1.603743932122912,11.810123682022097
0.9,0.9,0.1155,0.8987848066863999,0.8990544421284058,0.0003,1894278,1.2126517094303944,1.6023447975894969,12.02391767501831
0.9,0.9,0.116,0.8980965582827213,0.8983659872502061,0.0003,1625152,1.2151332227841083,1.6009435500568645,11.59347367286682
0.9,0.9,0.1165,0.8974063894003463,0.8976756113171664,0.0003,1936232,1.2176083766828882,1.5995418322717914,12.381991147994995
0.9,0.9,0.117,0.8967142990588411,0.8969833133485587,0.0003,1853360,1.2200772515438134,1.5981384580403806,12.265210151672363
0.9,0.9,0.1175,0.8960202862705275,0.8962890923564086,0.0003,1748484,1.2225401392689177,1.5967336101009166,12.09519338607788
0.9,0.9,0.118,0.8953243500405705,0.8955929473455827,0.0003,1682724,1.2249958476476843,1.595326989784425,11.723078966140749
0.9,0.9,0.1185,0.8946264893672291,0.8948948773140393,0.0003,1831338,1.2274463800185955,1.5939191265468924,12.221484661102297
0.9,0.9,0.119,0.8939267032419739,0.8941948812529464,0.0003,1506020,1.229889974793485,1.59250920304216,11.596719026565552
0.9,0.9,0.1195,0.8932249906499471,0.893492958147142,0.0003,1889092,1.2323283800196587,1.5910987898676272,11.996456146240234
0.9,0.9,0.12,0.8925213505696473,0.8927891069748182,0.0003,1495008,1.234761511083326,1.5896863728540862,11.860216617584229
0.9,0.9,0.1205,0.891815781973559,0.892083326708151,0.0003,1747362,1.2371880946156577,1.5882722455854892,11.796040773391724
0.9,0.9,0.121,0.8911082838280538,0.8913756163132023,0.0003,1505824,1.2396082954159782,1.5868565321891654,11.852519035339355
0.9,0.9,0.1215,0.8903988550935379,0.8906659747500659,0.0003,1836910,1.242023515362308,1.585439125623057,11.86364722251892
0.9,0.9,0.122,0.8896874947247285,0.8899544009731459,0.0003,1834554,1.2444333747750935,1.5840207295333053,11.861997604370115
0.9,0.9,0.1225,0.8889742016704933,0.8892408939309945,0.0003,1637210,1.246839013491423,1.5826000659604509,11.85232138633728
0.9,0.9,0.123,0.8882589748741947,0.8885254525666569,0.0003,1757536,1.249237698359034,1.5811780554277062,11.698633432388306
0.9,0.9,0.1235,0.8875418132736368,0.8878080758176189,0.0003,1622410,1.251632662512146,1.5797546852546749,11.773707389831545
0.9,0.9,0.124,0.8868227158011797,0.88708876261592,0.0003,1672552,1.254022086009591,1.5783292948163188,11.704572677612305
0.9,0.9,0.1245,0.8861016813838055,0.8863675118882206,0.0003,1636554,1.256406621420019,1.5769022452867445,11.47342014312744
0.9,0.9,0.125,0.8853787089432101,0.8856443225558931,0.0003,1613034,1.2587852990393102,1.5754729486135373,11.7278151512146
0.9,0.9,0.1255,0.8846537973956794,0.8849191935348981,0.0003,1792724,1.261160332586024,1.5740420664025114,11.679526090621948
0.9,0.9,0.126,0.8839269456523087,0.8841921237360043,0.0003,1844418,1.2635310141168292,1.572610013906902,11.596995830535889
0.9,0.9,0.1265,0.8831981526189189,0.8834631120647045,0.0003,1799532,1.2658966675182184,1.571175534711679,11.725616455078123
0.9,0.9,0.127,0.8824674171960698,0.8827321574212286,0.0003,1707590,1.26825777485431,1.5697398979552948,11.535726547241213
0.9,0.9,0.1275,0.8817347382791105,0.8819992587005943,0.0003,1717558,1.270614769644012,1.568301685062983,11.575047969818115
0.9,0.9,0.128,0.8810001147580274,0.8812644147924548,0.0003,1677402,1.2729663636009068,1.566861649298058,11.310163974761965
0.9,0.9,0.1285,0.8802635455176642,0.8805276245813194,0.0003,1937584,1.275315429240779,1.5654209524480855,12.032756328582764
0.9,0.9,0.129,0.8795250294374205,0.8797888869462517,0.0003,1594436,1.2776600181387652,1.5639773801904304,12.66973066329956
0.9,0.9,0.1295,0.8787845653913167,0.879048200760934,0.0003,1791508,1.2800005254837146,1.5625319991178774,12.615364074707031
0.9,0.9,0.13,0.8780421522479976,0.8783055648936721,0.0003,1636424,1.2823371159629118,1.5610846057401289,12.678277254104614
0.9,0.9,0.1305,0.8772977888706075,0.8775609782072686,0.0003,1652874,1.284668952795024,1.55963535143599,12.72900676727295
0.9,0.9,0.131,0.8765514741166524,0.8768144395588873,0.0003,1965644,1.286999412762593,1.5581840755967755,13.138869285583496
0.9,0.9,0.1315,0.8758032068382559,0.8760659478003073,0.0003,1661502,1.289323532019008,1.5567310159686476,12.71182656288147
0.9,0.9,0.132,0.8750529858814098,0.8753155017771742,0.0003,1650934,1.2916466884986813,1.5552764874761804,12.822704553604126
0.9,0.9,0.1325,0.8743008100866199,0.8745631003296458,0.0003,1734388,1.2939646170718806,1.55381919907863,12.94361162185669
0.9,0.9,0.133,0.8735466782882134,0.8738087422916998,0.0003,1675422,1.2962793349722948,1.5523598343213203,12.725987672805786
0.9,0.9,0.1335,0.8727905893146033,0.8730524264913977,0.0003,1872662,1.2985920822984585,1.5508988066015297,13.286112546920776
0.9,0.9,0.134,0.8720325419880126,0.872294151750609,0.0003,1787066,1.3009001029868978,1.5494360381874666,12.896610975265505
0.9,0.9,0.1345,0.8712725351242925,0.8715339168848297,0.0003,1579730,1.3032062270332694,1.5479708706933215,13.346008777618408
0.9,0.9,0.135,0.870510567532898,0.8707717207031579,0.0003,1436162,1.3055088047396464,1.5465032145953386,13.838746309280396
0.9,0.9,0.1355,0.8697466380166535,0.8700075620080585,0.0003,1528800,1.307809384116289,1.5450341425723602,13.308452129364014
0.9,0.9,0.136,0.8689807453716607,0.8692414395952722,0.0003,1447082,1.3101060537847875,1.543562015139451,13.287972211837769
0.9,0.9,0.1365,0.8682128883871607,0.8684733522536768,0.0003,1799570,1.312400417942152,1.5420885247708902,13.563395977020264
0.9,0.9,0.137,0.867443065845227,0.8677032987649805,0.0003,1884818,1.314693446876542,1.5406130405952838,13.845420598983765
0.9,0.9,0.1375,0.8666712765207336,0.8669312779036898,0.0003,1825276,1.3169828746818608,1.5391350640250026,13.804148435592651
0.9,0.9,0.138,0.8658975191811112,0.8661572884368656,0.0003,1787378,1.319270028667986,1.537654727071688,14.144567728042604
0.9,0.9,0.1385,0.8651217925862189,0.8653813291239948,0.0003,1792226,1.3215542473593127,1.5361726768204886,14.163633346557615
0.9,0.9,0.139,0.8643440954880285,0.8646033987166749,0.0003,1490796,1.3238372013247943,1.5346882509872322,13.650197267532349
0.9,0.9,0.1395,0.8635644266305789,0.863823495958568,0.0003,1528122,1.32611688765698,1.5332010379849,13.6477632522583
0.9,0.9,0.14,0.8627827847496385,0.8630416195850634,0.0003,1843510,1.3283959514118595,1.531712347433965,14.166717767715454
0.9,0.9,0.1405,0.8619991685725515,0.8622577683231233,0.0003,1566838,1.3306722845320158,1.530220583767354,13.589082956314089
0.9,0.9,0.141,0.8612135768180634,0.8614719408911088,0.0003,1521724,1.3329465796306483,1.5287277538230506,13.483465909957886
0.9,0.9,0.1415,0.8604260081960723,0.8606841359985311,0.0003,1751258,1.335219863425677,1.5272315066178612,14.125444889068604
0.9,0.9,0.142,0.8596364614072499,0.859894352345672,0.0003,1400434,1.3374908673298749,1.5257333411528855,14.610771894454956
0.9,0.9,0.1425,0.8588449351430504,0.8591025886235932,0.0003,1497844,1.339759712080997,1.524233075895628,14.281914710998535
0.9,0.9,0.143,0.8580514280853615,0.8583088435137871,0.0003,1494296,1.342028236442024,1.5227299141195,14.14655089378357
0.9,0.9,0.1435,0.857255938906229,0.8575131156879008,0.0003,1632132,1.3442943540319685,1.521224730852864,14.364028930664062
0.9,0.9,0.144,0.8564584662676489,0.8567154038075292,0.0003,1754068,1.3465599688745515,1.5197172492952764,14.871744394302368
0.9,0.9,0.1445,0.8556590088213291,0.8559157065239754,0.0003,1779532,1.3488234123806813,1.5182076826268738,14.173487186431885
0.9,0.9,0.145,0.8548575652083679,0.8551140224779303,0.0003,1571598,1.351086159732297,1.516695109653432,13.722270965576172
0.9,0.9,0.1455,0.8540541340590814,0.854310350299299,0.0003,1495782,1.3533478741882856,1.5151805222133805,13.621350765228271
0.9,0.9,0.146,0.8532487139926626,0.8535046886068604,0.0003,1749618,1.35560894417738,1.5136636761610494,13.658463716506958
0.9,0.9,0.1465,0.8524413036168876,0.8526970360079726,0.0003,1655952,1.3578676879959664,1.5121442411730188,13.468342065811155
0.9,0.9,0.147,0.8516319015281453,0.8518873910986037,0.0003,1457728,1.3601278169404294,1.5106221321693576,13.470138549804688
0.9,0.9,0.1475,0.8508205063105201,0.8510757524624132,0.0003,1566352,1.3623862072032096,1.5090977917805677,13.61155891418457
0.9,0.9,0.148,0.8500071165361728,0.8502621186711335,0.0003,1814194,1.3646434402919412,1.5075709204378398,13.945117235183716
0.9,0.9,0.1485,0.8491917307646865,0.8494464882839159,0.0003,1480048,1.3669009593481158,1.5060410136027615,13.714483737945557
0.9,0.9,0.149,0.8483743475429387,0.8486288598472016,0.0003,1800928,1.3691563968477878,1.5045093510509058,14.28007984161377
0.9,0.9,0.1495,0.8475549654046353,0.8478092318942566,0.0003,1564362,1.371413263872333,1.5029750610177868,13.99866533279419
0.9,0.9,0.15,0.8467335828701759,0.8469876029450368,0.0003,1682066,1.373668429062762,1.50143790382659,13.790003776550291
0.9,0.9,0.1505,0.8459101984463081,0.846163971505842,0.0003,1803226,1.3759241278355936,1.4998984394159132,14.130140781402588
0.9,0.9,0.151,0.8450848106257661,0.8453383360689538,0.0003,1551776,1.3781806374364047,1.498356261750014,13.519388675689695
0.9,0.9,0.1515,0.8442574178870731,0.8445106951124391,0.0003,1772154,1.3804353088736865,1.4968113077667835,13.819018840789797
0.9,0.9,0.152,0.8434280186942011,0.8436810470998094,0.0003,1691054,1.382690861046826,1.4952645545226984,13.4837064743042
0.9,0.9,0.1525,0.8425966114960451,0.8428493904794939,0.0003,1620166,1.384946763566444,1.4937148822472293,13.404511213302612
0.9,0.9,0.153,0.8417631947264872,0.8420157236849051,0.0003,1577800,1.3872020450243725,1.4921624453635476,13.329712867736816
0.9,0.9,0.1535,0.8409277668037765,0.8411800451338176,0.0003,1598636,1.389458501732742,1.490607266280698,13.489395380020142
0.9,0.9,0.154,0.8400903261303552,0.8403423532281943,0.0003,1708316,1.3917143028561931,1.4890492858363606,13.79075288772583
0.9,0.9,0.1545,0.8392508710924919,0.8395026463538195,0.0003,1564964,1.3939708610848094,1.4874893376262963,13.370312452316284
0.9,0.9,0.155,0.8384094000599277,0.8386609228799456,0.0003,1805150,1.3962280295660618,1.4859262199693983,13.68009352684021
0.9,0.9,0.1555,0.8375659113855869,0.8378171811590025,0.0003,1646568,1.398485878367306,1.4843606223374408,13.590503454208374
0.9,0.9,0.156,0.8367204034052668,0.8369714195262883,0.0003,1461454,1.4007447203013852,1.482792220895924,13.521692514419556
0.9,0.9,0.1565,0.8358728744371896,0.8361236362995207,0.0003,1564312,1.403003798519811,1.481220749676338,13.664123296737673
0.9,0.9,0.157,0.8350233227818857,0.8352738297787202,0.0003,1489034,1.4052642809694984,1.4796472190789998,13.638442039489746
0.9,0.9,0.1575,0.8341717467215335,0.83442199824555,0.0003,1660768,1.407526139251786,1.4780711540886355,13.442363023757936
0.9,0.9,0.158,0.8333181445199848,0.8335681399633408,0.0003,1596462,1.4097875308441297,1.4764915666670948,13.654273509979248
0.9,0.9,0.1585,0.8324625144220681,0.8327122531763946,0.0003,1494548,1.4120513199226057,1.4749099348936,13.203357219696043
0.9,0.9,0.159,0.8316048546535842,0.8318543361099803,0.0003,1943912,1.4143154529904225,1.4733248367313934,14.127635955810549
0.9,0.9,0.1595,0.8307451634206177,0.8309943869696438,0.0003,1589270,1.41658132400265,1.4717371166600213,13.305263996124268
0.9,0.9,0.16,0.8298834389094598,0.8301324039411326,0.0003,1595248,1.4188490397816664,1.4701468523394143,13.249070644378662
0.9,0.9,0.1605,0.829019679286121,0.8292683851899068,0.0003,1557138,1.4211173246843891,1.468554169829158,13.421391487121582
0.9,0.9,0.161,0.8281538826960126,0.8284023288608214,0.0003,1770612,1.4233872202952194,1.4669576218941265,13.637367248535156
0.9,0.9,0.1615,0.8272860472636091,0.8275342330777882,0.0003,1618902,1.4256588600471287,1.465359365597001,13.571695566177368
0.9,0.9,0.162,0.8264161710919776,0.8266640959433051,0.0003,1662340,1.4279323546624263,1.4637579087522286,13.24513864517212
0.9,0.9,0.1625,0.8255442522626198,0.8257919155382986,0.0003,1610020,1.430207707483289,1.4621531248459188,13.453813314437866
0.9,0.9,0.163,0.8246702888348824,0.8249176899215328,0.0003,1372238,1.4324844972284172,1.4605456582386187,13.249074220657349
0.9,0.9,0.1635,0.823794278845803,0.8240414171294568,0.0003,1428250,1.434763652194314,1.4589361016385904,13.355133771896362
0.9,0.9,0.164,0.8229162203096066,0.8231630951756995,0.0003,1807804,1.4370439042070056,1.457322628580776,13.524479389190674
0.9,0.9,0.1645,0.8220361112173248,0.82228272205069,0.0003,1916180,1.4393267674175962,1.4557068889730802,13.855631351470947
0.9,0.9,0.165,0.8211539495365422,0.8214002957214032,0.0003,1672772,1.441612903927758,1.4540882239738235,13.645397901535034
0.9,0.9,0.1655,0.8202697332109466,0.8205158141309099,0.0003,1628260,1.4438992213664483,1.452465989165307,13.501970767974854
0.9,0.9,0.166,0.8193834601599399,0.8196292751979879,0.0003,1732726,1.446189181151064,1.4508417599938277,13.356932401657104
0.9,0.9,0.1665,0.818495128278318,0.8187406768168015,0.0003,1716880,1.4484812219053678,1.449213878578807,13.490904569625854
0.9,0.9,0.167,0.8176047354357963,0.817850016856427,0.0003,1636606,1.4507764313867983,1.4475830945649,13.164843320846558
0.9,0.9,0.1675,0.8167122794767763,0.8169572931606193,0.0003,1764556,1.4530733652990675,1.4459502335902674,13.19753384590149
0.9,0.9,0.168,0.815817758219903,0.816062503547369,0.0003,1508940,1.4553738904271505,1.4443134477505506,13.027764081954956
0.9,0.9,0.1685,0.8149211694575162,0.8151656458083535,0.0003,1427434,1.4576753454496445,1.4426739340699657,13.183109760284424
0.9,0.9,0.169,0.8140225109555528,0.8142667177088394,0.0003,1772030,1.4599815747860965,1.4410314089232708,13.95946455001831
0.9,0.9,0.1695,0.8131217804529225,0.8133657169870584,0.0003,1679088,1.4622890648149822,1.43938576734913,13.19119119644165
0.9,0.9,0.17,0.8122189756612453,0.8124626413539436,0.0003,1587444,1.4646004907575827,1.4377369231852233,12.918895244598389
0.9,0.9,0.1705,0.8113140942645038,0.8115574884927832,0.0003,1564766,1.4669148862217682,1.4360858287702465,13.19492483139038
0.9,0.9,0.171,0.8104071339184137,0.8106502560585892,0.0003,1524010,1.4692326993816598,1.4344310339797313,13.086555242538452
0.9,0.9,0.1715,0.8094980922502744,0.8097409416779494,0.0003,1824814,1.4715538330776048,1.4327733648232803,13.36323881149292
0.9,0.9,0.172,0.8085869668585011,0.8088295429485586,0.0003,1701698,1.4738771333446512,1.431112816736036,13.463058233261108
0.9,0.9,0.1725,0.8076737553121367,0.8079160574387303,0.0003,1578316,1.4762044975547377,1.4294491592498264,13.81678557395935
0.9,0.9,0.173,0.8067584551505981,0.8070004826871432,0.0003,1823536,1.478535330696073,1.4277821364454832,13.753501176834106
0.9,0.9,0.1735,0.8058410638831204,0.8060828162022853,0.0003,1745356,1.4808698212751708,1.426112187867023,14.026499032974243
0.9,0.9,0.174,0.8049215789884512,0.8051630554621477,0.0003,1815398,1.4832086185228923,1.4244388298727888,13.841919422149658
0.9,0.9,0.1745,0.8039999979144451,0.8042411979138194,0.0003,1714674,1.4855498709454606,1.4227629158058486,13.82994794845581
0.9,0.9,0.175,0.8030763180775613,0.8033172409729845,0.0003,1597188,1.4878961841527087,1.4210835981878325,13.593008041381836
0.9,0.9,0.1755,0.8021505368624204,0.8023911820234791,0.0003,1744952,1.4902432939260586,1.419400718467504,13.293195962905884
0.9,0.9,0.176,0.8012226516219872,0.8014630184174738,0.0003,1764700,1.4925993400638475,1.417715533929053,13.395512342453005
0.9,0.9,0.1765,0.8002926596758944,0.8005327474737971,0.0003,1474050,1.4949567043486955,1.416026574014213,13.253872871398926
0.9,0.9,0.177,0.7993605583112392,0.7996003664787326,0.0003,1502358,1.4973179855836976,1.41433431804382,13.083251237869264
0.9,0.9,0.1775,0.798426344781645,0.7986658726850795,0.0003,1492736,1.4996834371209038,1.412639666742765,13.292887926101685
0.9,0.9,0.178,0.79749001630684,0.797729263311732,0.0003,1454220,1.5020534522827966,1.4109408436094213,11.840184211730955
0.9,0.9,0.1785,0.7965515700722707,0.7967905355432924,0.0003,1702712,1.5044285393690195,1.4092392848887083,11.934776306152344
0.9,0.9,0.179,0.7956110032287195,0.795849686529688,0.0003,1441254,1.506806689966666,1.4075346026724858,11.848958015441896
0.9,0.9,0.1795,0.7946683128918164,0.7949067133856839,0.0003,1735432,1.5091907894403256,1.4058264572010146,12.090381622314451
0.9,0.9,0.18,0.7937234961416242,0.7939616131904667,0.0003,1883718,1.5115794226438954,1.4041152773120509,12.267092943191528
0.9,0.9,0.1805,0.7927765500221815,0.7930143829871882,0.0003,1967918,1.513972994867129,1.4024008663068717,12.076478004455566
0.9,0.9,0.181,0.7918274715412189,0.7920650197826813,0.0003,1456368,1.5163691593657471,1.4006832362380457,11.791404485702516
0.9,0.9,0.1815,0.7908762576693787,0.7911135205466795,0.0003,2016402,1.5187721178304845,1.3989621497572544,12.25313115119934
0.9,0.9,0.182,0.7899229053400781,0.7901598822116801,0.0003,1520082,1.5211793317237745,1.3972378464196626,11.495356559753418
0.9,0.9,0.1825,0.7889674114489701,0.7892041016724047,0.0003,1810232,1.52359242726186,1.3955097567387835,11.639630317687988
0.9,0.9,0.183,0.7880097728534817,0.7882461757853377,0.0003,1858348,1.5260090028779238,1.3937789209167952,11.878788948059082
0.9,0.9,0.1835,0.7870499863723047,0.7872861013682164,0.0003,1842328,1.5284322840436186,1.3920447648643222,11.780832767486572
0.9,0.9,0.184,0.7860880487850215,0.786323875199657,0.0003,1690804,1.530860042974823,1.3903069207805536,11.622710704803469
0.9,0.9,0.1845,0.7851239568316507,0.7853594940187002,0.0003,1590452,1.533294041966467,1.3885661583507167,11.579120874404907
0.9,0.9,0.185,0.7841577072120813,0.784392954524245,0.0003,1431702,1.5357338306368356,1.3868217257064972,11.74173641204834
0.9,0.9,0.1855,0.7831892965857549,0.7834242533747305,0.0003,1754058,1.5381773590712111,1.3850741494425638,12.298262357711792
0.9,0.9,0.186,0.7822187215710634,0.7824533871875348,0.0003,1505732,1.540628008710485,1.383323036477403,12.089545011520386
0.9,0.9,0.1865,0.7812459787449217,0.7814803525385452,0.0003,1466340,1.5430843332284037,1.3815685169267269,11.735028743743896
0.9,0.9,0.187,0.7802710646423374,0.78050514596173,0.0003,1666550,1.5455450572658225,1.3798106588024133,12.084011554718018
0.9,0.9,0.1875,0.7792939757558789,0.7795277639486057,0.0003,1851606,1.5480132093835548,1.378049616826833,12.049536943435667
0.9,0.9,0.188,0.778314708535209,0.7785482029477695,0.0003,1936090,1.550487201898116,1.376284494070067,12.114016056060793
0.9,0.9,0.1885,0.7773332593865684,0.7775664593643843,0.0003,1708890,1.5529657452461605,1.3745166048673934,12.02487301826477
0.9,0.9,0.189,0.776349624672401,0.7765825295598027,0.0003,1583450,1.5554521706200175,1.3727448291898403,11.860724687576294
0.9,0.9,0.1895,0.7753638007106337,0.7755964098508469,0.0003,1778374,1.557944867189888,1.3709701046819418,11.828071117401125
0.9,0.9,0.19,0.7743757837744111,0.7746080965095433,0.0003,1521754,1.5604437680516134,1.369191441193037,11.769050598144531
0.9,0.9,0.1905,0.773385570091483,0.7736175857625104,0.0003,1725266,1.5629481873298672,1.3674096765148571,11.934569358825684
0.9,0.9,0.191,0.7723931558436818,0.7726248737904349,0.0003,1371666,1.565458887441568,1.3656236452332986,11.324173927307127
0.9,0.9,0.1915,0.7713985371665272,0.7716299567276771,0.0003,1761732,1.567978004183818,1.363835198715177,12.213986158370972
0.9,0.9,0.192,0.7704017101484688,0.7706328306615133,0.0003,1480360,1.5705012011982291,1.3620425838595347,11.94213342666626
0.9,0.9,0.1925,0.7694026708307574,0.7696334916320067,0.0003,1710578,1.5730339791422392,1.3602463517181804,12.276177167892456
0.9,0.9,0.193,0.768401415206345,0.7686319356309068,0.0003,2111062,1.5755716657390426,1.3584474018687032,12.483332633972168
0.9,0.9,0.1935,0.767397939220228,0.7676281586019941,0.0003,1693614,1.578117367637757,1.356643938652732,12.18839192390442
0.9,0.9,0.194,0.7663922387678036,0.7666221564394339,0.0003,2091532,1.5806698184956596,1.354837030741832,12.63043451309204
0.9,0.9,0.1945,0.7653843096952544,0.7656139249881629,0.0003,2125090,1.5832289531823909,1.353026683562098,12.619751453399658
0.9,0.9,0.195,0.7643741477986208,0.7646034600429603,0.0003,1403390,1.5857966894221496,1.3512133506052073,11.8293776512146
0.9,0.9,0.1955,0.7633617488232763,0.7635907573479233,0.0003,1749492,1.58837162385279,1.3493956582234024,12.178433179855348
0.9,0.9,0.196,0.7623471084634595,0.7625758125959986,0.0003,1779420,1.590952319727006,1.3475747413373445,12.208056926727297
0.9,0.9,0.1965,0.7613302223615187,0.7615586214282272,0.0003,1889840,1.5935405012878463,1.3457497958828089,12.22509789466858
0.9,0.9,0.197,0.7603110861076272,0.7605391794334595,0.0003,1918952,1.5961385201394769,1.3439217381458148,12.22411847114563
0.9,0.9,0.1975,0.7592896952389712,0.7595174821475428,0.0003,1907230,1.598741388002669,1.3420898538092538,12.20595121383667
0.9,0.9,0.198,0.7582660452394847,0.7584935250530566,0.0003,1805868,1.6013541991048392,1.3402539374068685,12.217538833618164
0.9,0.9,0.1985,0.7572401315387705,0.7574673035782321,0.0003,1819230,1.6039754290534238,1.3384148263172635,12.274634838104248
0.9,0.9,0.199,0.7562119495120393,0.7564388130968929,0.0003,1629900,1.6066034876491138,1.3365718948562084,11.98776888847351
0.9,0.9,0.1995,0.7551814944791885,0.7554080489275322,0.0003,1554754,1.6092383843401616,1.3347248807611232,12.001887083053589
0.9,0.9,0.2,0.7541487617044179,0.7543750063329292,0.0003,1927648,1.6118831196829668,1.332874806918646,12.224075555801392
0.9,0.9,0.2005,0.7531137463953576,0.7533396805192761,0.0003,2023432,1.6145370013930522,1.331021047623549,12.334757566452026
0.9,0.9,0.201,0.7520764437028045,0.7523020666359153,0.0003,1902470,1.6171970003971472,1.3291626161244177,12.107573986053469
0.9,0.9,0.2015,0.7510368487197784,0.7512621597743943,0.0003,1649750,1.619866764774728,1.3273009766528765,12.112577676773071
0.9,0.9,0.202,0.7499949564811768,0.7502199549681211,0.0003,2043096,1.6225454264657602,1.325436234362685,12.309850454330444
0.9,0.9,0.2025,0.7489507619628829,0.7491754471914718,0.0003,1841202,1.6252314872488762,1.323566854746025,12.23664116859436
0.9,0.9,0.203,0.7479042600813719,0.7481286313593963,0.0003,2038616,1.627927300787682,1.3216939054220396,12.413481712341309
0.9,0.9,0.2035,0.7468554456928818,0.7470795023265896,0.0003,1929554,1.6306311818760832,1.3198171048507392,12.1499924659729
0.9,0.9,0.204,0.7458043135930269,0.7460280548871048,0.0003,2114392,1.633346371111072,1.3179369269836885,12.381489515304564
0.9,0.9,0.2045,0.7447508585156984,0.7449742837732531,0.0003,1994148,1.6360686340397266,1.3160527566133755,12.066230297088625
0.9,0.9,0.205,0.7436950751328503,0.7439181836553901,0.0003,1749036,1.6388001641507408,1.3141643022682272,11.883615016937256
0.9,0.9,0.2055,0.7426369580535954,0.7428597491410115,0.0003,1904862,1.6415410011605611,1.3122723798852447,12.226009607315063
0.9,0.9,0.206,0.741576501823585,0.741798974774132,0.0003,2110518,1.644291684066794,1.3103764615420663,12.871780157089232
0.9,0.9,0.2065,0.7405137009243091,0.7407358550345864,0.0003,1683808,1.6470519872333933,1.3084766980200624,12.23897385597229
0.9,0.9,0.207,0.7394485497724111,0.7396703843373429,0.0003,2411164,1.6498221227583851,1.3065734771503648,13.12550687789917
0.9,0.9,0.2075,0.7383810427189907,0.7386025570318064,0.0003,1705552,1.6526012063249718,1.3046656719938718,12.47694730758667
0.9,0.9,0.208,0.7373111740488583,0.7375323674010729,0.0003,1690416,1.6553909301462115,1.3027545422385722,12.357283353805542
0.9,0.9,0.2085,0.7362389379799114,0.7364598096613053,0.0003,2019202,1.6581902550886052,1.3008389437929568,12.432568550109863
0.9,0.9,0.209,0.7351643286622592,0.7353848779608578,0.0003,1980218,1.660999486753933,1.298919863214567,12.966053009033203
0.9,0.9,0.2095,0.7340873401776432,0.7343075663796965,0.0003,1589692,1.6638195878013236,1.2969965165682262,12.202331066131592
0.9,0.9,0.21,0.7330079665386091,0.7332278689285707,0.0003,1748208,1.6666478293074596,1.2950690648964027,12.57207989692688
0.9,0.9,0.2105,0.7319262016877219,0.7321457795482282,0.0003,2059290,1.6694879649862726,1.2931378851067532,12.80417799949646
0.9,0.9,0.211,0.7308420394968889,0.7310612921087379,0.0003,2086374,1.6723388784853286,1.2912026362375528,12.821995496749878
0.9,0.9,0.2115,0.7297554737665144,0.7299744004086444,0.0003,2061212,1.67519989713943,1.2892633253887515,12.499447584152222
0.9,0.9,0.212,0.7286664982247604,0.7288850981742278,0.0003,1944452,1.6780727922527132,1.287319979665967,12.50681185722351
0.9,0.9,0.2125,0.7275751065268038,0.7277933790587618,0.0003,1926594,1.6809552228725348,1.2853727121975451,12.648945331573486
0.9,0.9,0.213,0.7264812922538624,0.7266992366415385,0.0003,2316592,1.6838486899397505,1.283421677236354,12.66433572769165
0.9,0.9,0.2135,0.7253850489125615,0.7256026644272352,0.0003,2179180,1.6867545088516367,1.28146613898614,12.498697280883787
0.9,0.9,0.214,0.7242863699340533,0.7245036558450335,0.0003,1967894,1.6896694544678856,1.2795063500071862,12.297167778015137
0.9,0.9,0.2145,0.7231852486731319,0.7234022042477338,0.0003,1998652,1.6925972934705626,1.2775431208710273,12.4111225605011
0.9,0.9,0.215,0.7220816784074716,0.7222983029109938,0.0003,2041980,1.6955362443489823,1.2755750574452245,12.251548290252686
0.9,0.9,0.2155,0.7209756523367061,0.7211919450324071,0.0003,2118852,1.6984868799288912,1.273603264459638,12.472140312194824
0.9,0.9,0.216,0.7198671635815955,0.72008312373067,0.0003,2156424,1.7014481844386544,1.2716275503458163,12.432379484176636
0.9,0.9,0.2165,0.718756205183179,0.7189718320447339,0.0003,1740068,1.7044211737540125,1.2696469598748883,12.07633900642395
0.9,0.9,0.217,0.7176427701017503,0.7178580629327808,0.0003,2275858,1.7074071669008943,1.2676630033374103,12.525514602661133
0.9,0.9,0.2175,0.71652685121622,0.7167418092715848,0.0003,2381684,1.7104045160448598,1.2656740432467155,12.61662769317627
0.9,0.9,0.218,0.7154084413228738,0.7156230638552706,0.0003,2348328,1.7134162787342158,1.263681525427929,12.536787509918211
0.9,0.9,0.2185,0.7142875331346344,0.7145018193945748,0.0003,2114952,1.7164373598582918,1.2616840932162945,12.46630573272705
0.9,0.9,0.219,0.7131641192802014,0.7133780685159854,0.0003,2041818,1.719473043356096,1.2596832720712756,12.363028287887571
0.9,0.9,0.2195,0.7120381923028538,0.7122518037605446,0.0003,2264662,1.7225196202838209,1.2576777754559674,12.602588415145874
0.9,0.9,0.22,0.7109097446597297,0.7111230175831276,0.0003,1754914,1.7255798505139184,1.255667726476188,11.713562726974487
0.9,0.9,0.2205,0.7097787687206869,0.709991702351303,0.0003,2249550,1.7286534682448986,1.2536538689681411,12.565146207809448
0.9,0.9,0.221,0.7086452567673772,0.7088578503444074,0.0003,2311932,1.7317389264061955,1.2516352630441523,12.0173659324646
0.9,0.9,0.2215,0.7075092009922737,0.7077214537525713,0.0003,2032546,1.7348372208634175,1.2496128163625393,11.88414478302002
0.9,0.9,0.222,0.7063705934974653,0.7065825046755145,0.0003,1758732,1.737948818243665,1.2475854470804797,11.34323787689209
0.9,0.9,0.2225,0.7052294262939796,0.7054409951218678,0.0003,1926114,1.741075915305064,1.2455543747067628,11.547221422195436
0.9,0.9,0.223,0.7040856913002516,0.7042969170076416,0.0003,1930630,1.7442142330273975,1.2435190651604184,11.621126413345335
0.9,0.9,0.2235,0.7029393803415811,0.7031502621556835,0.0003,2466386,1.7473667121093337,1.2414788202763611,12.153380393981934
0.9,0.9,0.224,0.7017904851485925,0.7020010222941371,0.0003,2357794,1.7505340907587974,1.239433929019485,12.156213998794556
0.9,0.9,0.2245,0.7006389973563727,0.7008491890555796,0.0003,1889098,1.753713255882711,1.2373847753210518,11.653512954711914
0.9,0.9,0.225,0.6994849085033693,0.6996947539759203,0.0003,2449858,1.756909172443654,1.2353316501230065,12.371723890304564
0.9,0.9,0.2255,0.6983282100301722,0.6985377084931812,0.0003,2240324,1.7601177913615766,1.2332738435505983,12.076494932174684
0.9,0.9,0.226,0.6971688932784118,0.6973780439463954,0.0003,2231236,1.763339745691232,1.231211355899782,11.907654523849487
0.9,0.9,0.2265,0.6960069494895441,0.696215751574391,0.0003,2061980,1.7665779462422255,1.2291448350151102,11.484504461288452
0.9,0.9,0.227,0.6948423698038233,0.6950508225147645,0.0003,2248656,1.769830201978326,1.2270733563628151,11.777862071990969
0.9,0.9,0.2275,0.6936751452588465,0.6938832478024242,0.0003,2428838,1.7730979283514186,1.2249972279769623,11.779505014419556
0.9,0.9,0.228,0.6925052667885528,0.6927130183685893,0.0003,1969078,1.7763799125196464,1.222917149842289,11.283999919891356
0.9,0.9,0.2285,0.6913327252219452,0.6915401250395118,0.0003,2696040,1.7796774540480813,1.2208319375666097,11.97200083732605
0.9,0.9,0.229,0.6901575112817019,0.6903645585350864,0.0003,2600910,1.7829886474763912,1.218742204469418,11.86789846420288
0.9,0.9,0.2295,0.6889796155830857,0.6891863094677606,0.0003,2227454,1.786317731530611,1.2166482675020902,11.822644472122192
0.9,0.9,0.23,0.6877990286325318,0.6880053683411216,0.0003,2297252,1.7896614023069155,1.214549409786664,11.663830280303957
0.9,0.9,0.2305,0.6866157408263667,0.6868217255486145,0.0003,1935198,1.7930210248563216,1.2124458559642486,11.102977752685549
0.9,0.9,0.231,0.6854297424494603,0.6856353713721951,0.0003,1942090,1.7963959673643863,1.21033776871877,11.267288208007812
0.9,0.9,0.2315,0.6842410236738918,0.6844462959809939,0.0003,2278074,1.7997877163320188,1.2082246279285276,11.622761487960815
0.9,0.9,0.232,0.6830495745575705,0.6832544894299378,0.0003,2715510,1.803194499819598,1.2061072470189278,11.905108451843262
0.9,0.9,0.2325,0.6818553850428057,0.6820599416583185,0.0003,2366798,1.806619922899624,1.2039850579369609,11.5827739238739
0.9,0.9,0.233,0.680658444954877,0.6808626424883635,0.0003,2622224,1.8100604556136053,1.201858246465931,11.961784601211548
0.9,0.9,0.2335,0.6794587440006579,0.6796625816238581,0.0003,2365114,1.81351817071401,1.1997265841108418,11.69433617591858
0.9,0.9,0.234,0.6782562717671194,0.6784597486486496,0.0003,2512954,1.8169926869208164,1.1975895689709048,11.77191400527954
0.9,0.9,0.2345,0.6770510177196869,0.6772541330250028,0.0003,2218050,1.820485231002873,1.1954488046694516,11.272908449172974
0.9,0.9,0.235,0.6758429712011208,0.6760457240924811,0.0003,2316354,1.8239936823674567,1.1933023407823835,11.525313138961792
0.9,0.9,0.2355,0.6746321214293595,0.6748345110657883,0.0003,2489498,1.8275189744548783,1.1911512144310958,11.542617082595823
0.9,0.9,0.236,0.6734184574965547,0.6736204830338036,0.0003,3159798,1.8310643369362416,1.1889956865181663,12.00689959526062
0.9,0.9,0.2365,0.6722019683672265,0.6724036289577366,0.0003,2102426,1.8346258282739327,1.1868343939749213,11.253395557403564
0.9,0.9,0.237,0.6709826428764432,0.6711839376693061,0.0003,2532016,1.838207024388756,1.1846686809536502,11.736870765686035
0.9,0.9,0.2375,0.6697604697285274,0.669961397869446,0.0003,2388456,1.8418054717383665,1.1824985629407538,11.60779905319214
0.9,0.9,0.238,0.668535437495277,0.6687359981265255,0.0003,2532068,1.8454222786563983,1.1803225358275145,11.810805797576904
0.9,0.9,0.2385,0.6673075346140233,0.6675077268744074,0.0003,2578234,1.84905704820846,1.1781420748053943,11.933007955551147
0.9,0.9,0.239,0.6660767493862337,0.6662765724110495,0.0003,2271456,1.8527124236961945,1.1759565351300318,11.606332302093506
0.9,0.9,0.2395,0.6648430699755562,0.6650425228965489,0.0003,2984590,1.8563855966019664,1.1737659061543375,12.361117839813232
0.9,0.9,0.24,0.6636064844060546,0.6638055663513764,0.0003,2681676,1.860078881639481,1.1715703846550751,12.09601092338562
0.9,0.9,0.2405,0.6623669805604661,0.6625656906546342,0.0003,2162220,1.8637893842396585,1.1693696454294416,11.412418842315674
0.9,0.9,0.241,0.6611245461782695,0.661322883542123,0.0003,2763150,1.8675224448720824,1.167163751808699,12.225817203521729
0.9,0.9,0.2415,0.6598791688537479,0.6600771326044039,0.0003,3246672,1.871274198169002,1.1649528156045077,12.83802056312561
0.9,0.9,0.242,0.6586308360342245,0.6588284252850347,0.0003,2245898,1.875045621169045,1.1627369008033523,11.935305833816528
0.9,0.9,0.2425,0.6573795350179918,0.6575767488784973,0.0003,2327680,1.8788371312181733,1.16051545327757,11.998201608657835
0.9,0.9,0.243,0.6561252529523256,0.6563220905282112,0.0003,3140188,1.882649256548217,1.1582893381476518,12.563527584075928
0.9,0.9,0.2435,0.6548679768316341,0.6550644372246835,0.0003,2766558,1.8864828617714984,1.156057273679003,12.256015300750732
0.9,0.9,0.244,0.6536076934950943,0.6538037758031428,0.0003,2649296,1.89033730620748,1.1538204476917984,12.3884539604187
0.9,0.9,0.2445,0.6523443896247958,0.6525400929416832,0.0003,2604878,1.8942134080998607,1.1515787622827336,12.109190225601196
0.9,0.9,0.245,0.6510780517435566,0.6512733751590797,0.0003,2899148,1.8981088007417632,1.149331244417496,12.50615906715393
0.9,0.9,0.2455,0.6498086662128156,0.6500036088126795,0.0003,2030816,1.9020277971699069,1.1470781930191616,11.426748752593994
0.9,0.9,0.246,0.6485362192301338,0.6487307800959028,0.0003,2329664,1.9059681705920133,1.144820232836726,11.748843908309937
0.9,0.9,0.2465,0.6472606968273387,0.6474548750363869,0.0003,2690180,1.909930456450817,1.1425567361602005,12.183285474777222
0.9,0.9,0.247,0.6459820848679803,0.6461758794934406,0.0003,2902650,1.9139157602017405,1.14028818493566,12.132004499435425
0.9,0.9,0.2475,0.6447003690451545,0.644893779155868,0.0003,1911260,1.917923380460436,1.1380133391721738,11.42712926864624
0.9,0.9,0.248,0.6434155348789691,0.6436085595394327,0.0003,3146248,1.921954295884688,1.1357338011667724,12.495404243469238
0.9,0.9,0.2485,0.6421275677142,0.6423202059845142,0.0003,2809332,1.926007284343884,1.133448542402105,12.393780946731567
0.9,0.9,0.249,0.6408364527178668,0.6410287036536821,0.0003,2303752,1.930084101845262,1.131157792691643,12.027402877807615
0.9,0.9,0.2495,0.6395421748767119,0.6397340375291749,0.0003,3505206,1.9341847259069684,1.1288618473891416,13.078338861465454
0.9,0.9,0.25,0.6382447189945197,0.6384361924102181,0.0003,3130370,1.938310192678148,1.126559841965976,12.58426070213318
0.9,0.9,0.2505,0.6369440696898154,0.6371351529107223,0.0003,3299784,1.942456180799692,1.1242526691605386,12.794084310531616
0.9,0.9,0.251,0.6356402113928565,0.6358309034562744,0.0003,2779562,1.946631088245534,1.1219395990459018,12.534750699996948
0.9,0.9,0.2515,0.6343331283430786,0.6345234282815816,0.0003,3555046,1.9508275606740464,1.1196210124354875,13.016143560409546
0.9,0.9,0.252,0.6330228045864206,0.6332127114277964,0.0003,2676722,1.9550505102505784,1.1172966943562124,12.991122484207152
0.9,0.9,0.2525,0.6317092239724246,0.6318987367396163,0.0003,2854328,1.959298358317085,1.1149663347951366,12.43210244178772
0.9,0.9,0.253,0.6303923701514009,0.6305814878624463,0.0003,2368144,1.9635712019134104,1.112630798553117,11.989769697189333
0.9,0.9,0.2535,0.6290722265714486,0.62926094823942,0.0003,3597442,1.967870921792355,1.1102895651887688,13.092694997787476
0.9,0.9,0.254,0.6277487764757761,0.6279371011087188,0.0003,2790030,1.972195722303616,1.1079418523944624,12.47261881828308
0.9,0.9,0.2545,0.6264220028990939,0.6266099294999636,0.0003,2946028,1.976547907399184,1.1055885891752215,12.546118974685667
0.9,0.9,0.255,0.6250918886650695,0.6252794162316689,0.0003,2523758,1.980926477044628,1.1032293870173948,12.203186273574827
0.9,0.9,0.2555,0.6237584163829829,0.6239455439078978,0.0003,2725276,1.9853317099932413,1.1008644513223171,12.517700910568236
0.9,0.9,0.256,0.6224215684444561,0.6226082949149894,0.0003,2656086,1.989764671750016,1.098493573700958,12.23915696144104
0.9,0.9,0.2565,0.621081327020244,0.62126765141835,0.0003,2935116,1.9942258087507403,1.0961167375234946,12.637904644012451
0.9,0.9,0.257,0.6197376740569044,0.6199235953591214,0.0003,3226598,1.998713469694996,1.0937340194488891,13.120078563690186
0.9,0.9,0.2575,0.6183905912733054,0.6185761084506874,0.0003,1948434,2.003230987430494,1.091345516454414,11.781721353530884
0.9,0.9,0.258,0.6170400601572927,0.6172251721753399,0.0003,3379824,2.007776319579814,1.0889503840340131,13.297179222106934
0.9,0.9,0.2585,0.6156860619619466,0.6158707677805352,0.0003,3975374,2.012352062556916,1.086549424775287,13.596585273742676
0.9,0.9,0.259,0.6143285777021897,0.6145128762755003,0.0003,3538210,2.016954180000772,1.0841421783551557,13.29336428642273
0.9,0.9,0.2595,0.6129675881509159,0.6131514784273612,0.0003,2915626,2.0215893056609726,1.081729011539657,12.785053730010986
0.9,0.9,0.26,0.6116030738352932,0.6117865547574438,0.0003,2886880,2.026251289909001,1.0793095243012838,13.365203380584717
0.9,0.9,0.2605,0.6102350150329369,0.6104180855374467,0.0003,3311392,2.030945420024811,1.0768836980137406,13.2131450176239
0.9,0.9,0.261,0.6088633917679342,0.6090460507854646,0.0003,2545068,2.035671261137995,1.0744517955368318,12.25835943222046
0.9,0.9,0.2615,0.607488183806835,0.607670430261977,0.0003,3176776,2.0404263258805457,1.07201319462011,12.870065689086914
0.9,0.9,0.262,0.6061093706547377,0.6062912034659341,0.0003,3552046,2.0452146472886708,1.0695688766841491,13.213291883468628
0.9,0.9,0.2625,0.6047269315507406,0.6049083496302059,0.0003,2502480,2.0500319399394327,1.0671179775641912,12.133431434631348
0.9,0.9,0.263,0.6033408454641482,0.6035218477177875,0.0003,4247574,2.054884444026777,1.0646602387530673,13.760663986206056
0.9,0.9,0.2635,0.6019510910896653,0.6021316764169922,0.0003,3495988,2.05976917653158,1.0621966275611792,13.30298352241516
0.9,0.9,0.264,0.6005576468432954,0.6007378141373484,0.0003,3390316,2.0646856232515103,1.059726060766048,13.51705002784729
0.9,0.9,0.2645,0.5991604908575944,0.5993402390048517,0.0003,3605176,2.0696364660967674,1.057249001790229,13.346548795700071
0.9,0.9,0.265,0.5977596009771572,0.5979389288574504,0.0003,3206550,2.074620593485802,1.0547658675742713,12.9563090801239
0.9,0.9,0.2655,0.5963549547538358,0.596533861240262,0.0003,2841704,2.079638704696336,1.052275320881656,12.261857986450195
0.9,0.9,0.266,0.5949465294418393,0.5951250134006719,0.0003,2971924,2.08469352023343,1.049778766264113,12.808247804641724
0.9,0.9,0.2665,0.5935343019928475,0.5937123622834454,0.0003,3564080,2.089782354902465,1.047275295588483,13.5066397190094
0.9,0.9,0.267,0.5921182490509727,0.5922958845256879,0.0003,4079470,2.094904886206709,1.0447650621280182,13.766383171081545
0.9,0.9,0.2675,0.5906983469476103,0.5908755564516945,0.0003,2439534,2.10006649215302,1.0422479813458374,12.341904163360596
0.9,0.9,0.268,0.5892745716959548,0.5894513540674635,0.0003,3894736,2.1052622689042546,1.0397236845973703,13.570329189300535
0.9,0.9,0.2685,0.5878468989860811,0.588023253055777,0.0003,3428402,2.110497151248964,1.037193305762783,13.16172218322754
0.9,0.9,0.269,0.586415304178746,0.5865912287699996,0.0003,3997014,2.115766315021692,1.034655616894979,14.172419548034668
0.9,0.9,0.2695,0.5849797623003752,0.5851552562290653,0.0003,4232234,2.121075785584838,1.0321109009419245,14.47787094116211
0.9,0.9,0.27,0.5835402480369366,0.5837153101113477,0.0003,4231852,2.1264231005053813,1.0295595906125787,14.71577525138855
0.9,0.9,0.2705,0.5820967357281835,0.582271364748902,0.0003,3232202,2.1318102608397576,1.0270006853033895,13.413898706436155
0.9,0.9,0.271,0.5806491993615266,0.580823394121335,0.0003,4015644,2.137235066370105,1.0244350739666812,14.448599815368652
0.9,0.9,0.2715,0.5791976125659888,0.5793713718497585,0.0003,3736392,2.1427013573536486,1.02186205671426,13.999257564544678
0.9,0.9,0.272,0.5777419486057676,0.5779152711903492,0.0003,4010672,2.148207327012916,1.0192819547599798,14.42225193977356
0.9,0.9,0.2725,0.5762821803738574,0.5764550650279695,0.0003,4423318,2.1537555379074247,1.016694653484473,14.876006126403809
0.9,0.9,0.273,0.5748182803854266,0.5749907258695423,0.0003,4528014,2.1593428010336777,1.0140999168583082,14.570486307144163
0.9,0.9,0.2735,0.5733502207710504,0.5735222258372816,0.0003,3547770,2.164973571951951,1.0114981686855866,13.929325103759766
0.9,0.9,0.274,0.5718779732697395,0.5720495366617204,0.0003,3770598,2.170647748790904,1.0088887883647415,13.988133192062378
0.9,0.9,0.2745,0.5704015092219179,0.5705726296746845,0.0003,2866602,2.176363422767979,1.0062717451542804,12.986490488052368
0.9,0.9,0.275,0.5689207995622373,0.569091475802106,0.0003,3252454,2.1821240919515232,1.0036478581913235,13.250402927398682
0.9,0.9,0.2755,0.5674358148119435,0.567606045556387,0.0003,4325460,2.187927828026057,1.0010158898152326,14.587753057479858
0.9,0.9,0.276,0.5659465250714768,0.5661163090289982,0.0003,3474928,2.1937777424988028,0.9983762450323576,13.053143978118896
0.9,0.9,0.2765,0.5644529000125759,0.5646222358825796,0.0003,3973216,2.1996740346145685,0.9957295310170808,13.478758811950684
0.9,0.9,0.277,0.5629549088703629,0.563123795343024,0.0003,3038266,2.205614621159989,0.9930747246250632,12.968112230300903
0.9,0.9,0.2775,0.5614525204351413,0.5616209561912718,0.0003,4133818,2.2116023666692444,0.9904118539547712,14.09237504005432
0.9,0.9,0.278,0.5599457030439757,0.5601136867548889,0.0003,3671138,2.2176380724604754,0.9877413620643176,13.314666271209717
0.9,0.9,0.2785,0.5584344245722377,0.5586019548996093,0.0003,4020386,2.223722471279292,0.9850635586516572,14.099663496017456
0.9,0.9,0.279,0.5569186524247479,0.5570857280204753,0.0003,4289518,2.2298548111261955,0.9823773400821116,13.953612565994264
0.9,0.9,0.2795,0.5553983535267398,0.5555649730327978,0.0003,3909638,2.236036057931368,0.9796830043179348,13.74170422554016
0.9,0.9,0.28,0.5538734943147381,0.5540396563630325,0.0003,4513974,2.2422694860719123,0.9769805702238434,14.863215684890749
0.9,0.9,0.2805,0.5523440407268666,0.5525097439390847,0.0003,3979996,2.2485527992571925,0.9742702037805128,13.685829162597656
0.9,0.9,0.281,0.5508099581934296,0.5509752011808876,0.0003,3955788,2.254888644238732,0.9715516060241404,13.539851903915403
0.9,0.9,0.2815,0.5492712116268131,0.5494359929903012,0.0003,4906982,2.261276893314712,0.9688250423350498,14.91845703125
0.9,0.9,0.282,0.5477277654112397,0.5478920837408631,0.0003,5673266,2.2677167860784446,0.9660899610724594,15.807328939437866
0.9,0.9,0.2825,0.5461795833923903,0.546343437267408,0.0003,4401034,2.2742120087993336,0.9633465018339978,14.314355373382568
0.9,0.9,0.283,0.5446266288666303,0.5447900168552903,0.0003,4957140,2.280761093017704,0.9605946161847247,16.27183485031128
0.9,0.9,0.2835,0.5430688645699704,0.5432317852293413,0.0003,4663140,2.287366658521543,0.9578342291310464,16.241405963897705
0.9,0.9,0.284,0.5415062526668067,0.5416687045426067,0.0003,3987394,2.294026556350999,0.955065294286698,14.909499168395996
0.9,0.9,0.2845,0.5399387547382735,0.5401007363646949,0.0003,4257946,2.300745716522309,0.9522880399486728,16.097291469573975
0.9,0.9,0.285,0.5383663317703313,0.5385278416698625,0.0003,3911340,2.3075224152479685,0.9495017003174884,15.590672254562378
0.9,0.9,0.2855,0.536788944141471,0.5369499808247135,0.0003,3821904,2.314356273258264,0.9467067357905752,15.275251865386965
0.9,0.9,0.286,0.5352065516105289,0.535367113576012,0.0003,4563178,2.3212534233782938,0.9439027426238606,16.478846311569214
0.9,0.9,0.2865,0.5336191133030808,0.5337791990370717,0.0003,5762388,2.328209893876755,0.9410900160641532,18.526535272598267
0.9,0.9,0.287,0.5320265876988549,0.5321861956751646,0.0003,4681102,2.335228653929393,0.9382685955031927,16.85848617553711
0.9,0.9,0.2875,0.5304289326178557,0.530588061297641,0.0003,4790566,2.3423080288743776,0.9354375692300868,16.767812490463257
0.9,0.9,0.288,0.5288261052062866,0.5289847530378484,0.0003,4869160,2.3494530699840523,0.9325974846642596,16.48514723777771
0.9,0.9,0.2885,0.5272180619224756,0.5273762273410523,0.0003,4671008,2.356661822130899,0.9297488637715678,16.792431831359863
0.9,0.9,0.289,0.5256047585217692,0.5257624399493258,0.0003,5028278,2.363935289473836,0.9268903110016548,17.480334758758545
0.9,0.9,0.2895,0.523986150041523,0.5241433458865354,0.0003,6314790,2.3712754791565787,0.9240223921647436,18.58308482170105
0.9,0.9,0.29,0.5223621907855068,0.5225188994427424,0.0003,5438684,2.3786859178611035,0.9211451266049492,18.03108716011048
0.9,0.9,0.2905,0.5207328343078548,0.5208890541581471,0.0003,6792002,2.3861618009192216,0.9182585742100284,19.386037588119507
0.9,0.9,0.291,0.5190980333964381,0.5192537628064571,0.0003,4391926,2.39370910160333,0.9153622183947506,16.72028374671936
0.9,0.9,0.2915,0.5174577400560042,0.517612977378021,0.0003,5532868,2.401326793378801,0.9124559254681686,18.532501935958862
0.9,0.9,0.292,0.5158119054906577,0.5159666490623048,0.0003,4423682,2.4090193635600774,0.909540464488897,16.93655252456665
0.9,0.9,0.2925,0.5141604800859362,0.5143147282299619,0.0003,5170978,2.416782282420975,0.9066145545266828,17.73243260383606
0.9,0.9,0.293,0.5125034133901236,0.5126571644141407,0.0003,5112126,2.4246209041734,0.9036789166840216,18.161641359329224
0.9,0.9,0.2935,0.5108406540954475,0.5109939062916762,0.0003,4956110,2.4325334168913706,0.90073321687621,17.439177751541138
0.9,0.9,0.294,0.509172150018271,0.5093249016632765,0.0003,5624440,2.440524576202232,0.8977773940283491,18.658682584762573
0.9,0.9,0.2945,0.5074978480789802,0.507650097433404,0.0003,6890846,2.4485954062571573,0.8948114382040614,20.03269982337952
0.9,0.9,0.295,0.5058176942811626,0.505969439589447,0.0003,4640294,2.45674465778813,0.8918350713539399,17.297565698623657
0.9,0.9,0.2955,0.5041316336901708,0.5042828731802778,0.0003,6550556,2.4649735557388253,0.8888482117637094,19.27410888671875
0.9,0.9,0.296,0.5024396104109746,0.5025903422940979,0.0003,6513224,2.4732866923786303,0.8858507575030593,19.68584632873535
0.9,0.9,0.2965,0.5007415675654909,0.5008917900357606,0.0003,5324574,2.481681532342853,0.8828428855663293,17.861414432525635
0.9,0.9,0.297,0.4990374472690418,0.4991871585032225,0.0003,6759582,2.490162812526891,0.8798242525968538,20.406192302703857
0.9,0.9,0.2975,0.4973271906062018,0.4974763887633837,0.0003,5127328,2.498731743733209,0.8767944446173663,18.52463221549988
0.9,0.9,0.298,0.4956107376058381,0.4957594208271199,0.0003,6226414,2.507388362112704,0.8737540658257891,20.01921582221985
0.9,0.9,0.2985,0.4938880272153088,0.4940361936234733,0.0003,4258580,2.516135411148938,0.8707029924804749,17.560742616653442
0.9,0.9,0.299,0.4921589972739887,0.4923066449731709,0.0003,6217306,2.524972011855174,0.8676401801539527,20.132200956344604
0.9,0.9,0.2995,0.4904235844857797,0.4905707115611254,0.0003,7237474,2.5339028800750416,0.8645661357486633,21.340781450271606
0.9,0.9,0.3,0.4886817243909683,0.4888283289082856,0.0003,5889274,2.542928783335962,0.8614809491231457,20.190937280654907
0.9,0.9,0.3005,0.4869333513368508,0.4870794313422518,0.0003,3943586,2.552051886786015,0.8583843706427309,17.87903070449829
0.9,0.9,0.301,0.4851783984476551,0.4853239519671894,0.0003,7750836,2.5612710373077774,0.8552761090833547,22.831562757492065
0.9,0.9,0.3015,0.483416797593413,0.483561822632691,0.0003,5477308,2.5705932360783152,0.8521562266950474,19.38646364212036
0.9,0.9,0.302,0.4816484793577817,0.481792973901589,0.0003,6462582,2.580015309784868,0.849024155104691,20.842092752456665
0.9,0.9,0.3025,0.4798733730047329,0.4800173350166343,0.0003,7202180,2.589541404967981,0.8458803096570144,21.684832096099854
0.9,0.9,0.303,0.4780914064442351,0.4782348338661684,0.0003,5246398,2.599173196189693,0.84272459547741,19.071520805358887
0.9,0.9,0.3035,0.4763025061966773,0.4764453969485363,0.0003,5894624,2.6089128633424825,0.839556106915205,20.09139895439148
0.9,0.9,0.304,0.4745065973562646,0.4746489493354715,0.0003,4948394,2.6187634140779448,0.8363758397903726,18.256447076797485
0.9,0.9,0.3045,0.472703603552745,0.4731763071562977,0.001,10552152,2.628722868837865,0.833182910834537,25.46341323852539
0.9,0.9,0.305,0.4708934469123315,0.4710347149464051,0.0003,7089138,2.6388004965744454,0.8299773112169745,21.5535409450531
0.9,0.9,0.3055,0.4690760480168289,0.4695451240648456,0.001,11842302,2.6489933667531846,0.8267588127199504,25.705063343048096
0.9,0.9,0.306,0.4672513258617706,0.4673915012595291,0.0003,5918472,2.659301949652805,0.8235276427985458,20.00650334358216
0.9,0.9,0.3065,0.4654191978123643,0.4658846170101766,0.001,11169660,2.669735621591504,0.8202835219527294,26.83494591712952
0.9,0.9,0.307,0.4635795795587123,0.4637186534325799,0.0003,7612932,2.6802899421249764,0.8170260787583951,21.81293678283692
0.9,0.9,0.3075,0.4617323850688158,0.4618709047843365,0.0003,7547474,2.69097092036954,0.8137551344726701,21.958589792251587
0.9,0.9,0.308,0.4598775265400559,0.4600154897980179,0.0003,6986164,2.701782043391705,0.8104709460564465,21.14996671676636
0.9,0.9,0.3085,0.4580149143489982,0.4581523188233029,0.0003,7920732,2.712723799762617,0.8071728432521939,24.05551147460937
0.9,0.9,0.309,0.4561444569991635,0.4566006014561626,0.001,10818856,2.723798878290875,0.8038610873987645,26.39802646636963
0.9,0.9,0.3095,0.4542660610669809,0.4547203271280478,0.001,10549442,2.735009377575074,0.800535488177204,24.82147336006165
0.9,0.9,0.31,0.4523796311457387,0.4525153450350824,0.0003,5606376,2.746361694602752,0.7971954114717242,20.185640335083008
0.9,0.9,0.3105,0.4504850697871885,0.4509355548569757,0.001,10480584,2.757855156119445,0.793841283205077,25.695685148239136
0.9,0.9,0.311,0.4485822774412467,0.4490308597186879,0.001,11450340,2.769493767098506,0.7904723221544802,27.17628049850464
0.9,0.9,0.3115,0.4466711523931797,0.4468051537388977,0.0003,7293734,2.781282030589931,0.7870890321937253,22.98754119873047
0.9,0.9,0.312,0.4447515906982992,0.4451963422889974,0.001,12254048,2.7932230496847072,0.783690901746952,28.67320203781128
0.9,0.9,0.3125,0.4428234861142857,0.4432663096003999,0.001,11070970,2.80531657582876,0.7802777040453797,28.338427543640137
0.9,0.9,0.313,0.4408867300306872,0.4413276167607178,0.001,12067464,2.817570918881823,0.77684919807797,29.219679832458496
0.9,0.9,0.3135,0.438941211395661,0.4393801526070566,0.001,10598794,2.829986764538523,0.7734051917387297,27.10493898391724
0.9,0.9,0.314,0.4369868166398502,0.43742380345649,0.001,11160596,2.842569295742674,0.7699459097791331,28.07132887840271
0.9,0.9,0.3145,0.4350234295969262,0.4354584530265231,0.001,11098292,2.8553226473073234,0.7664707256318326,28.075741291046143
0.9,0.9,0.315,0.4330509314211921,0.4334839823526133,0.001,11022052,2.8682494276653694,0.7629794934732376,27.145240306854248
0.9,0.9,0.3155,0.4310692005016493,0.4315002697021509,0.001,11487756,2.881350505035051,0.7594716961736193,29.31159543991089
0.9,0.9,0.316,0.4290781123722895,0.4295071904846618,0.001,12675064,2.8946356113179097,0.7559477262975024,29.7548611164093
0.9,0.9,0.3165,0.4270775396189782,0.4275046171585972,0.001,12095664,2.90810611244333,0.7524070853805419,27.790754318237305
0.9,0.9,0.317,0.425067351782119,0.425492419133901,0.001,10785324,2.921769367687384,0.7488494923112602,27.47232913970948
0.9,0.9,0.3175,0.4230474152552109,0.4234704626704661,0.001,12702654,2.935625817769113,0.7452750339389187,29.86456823348999
0.9,0.9,0.318,0.4210175931790672,0.4214386107722462,0.001,11440258,2.949680022661423,0.7416825919147381,29.050132751464844
0.9,0.9,0.3185,0.4189777453312819,0.4193967230766131,0.001,10923204,2.9639437528146795,0.738072951311183,27.10829257965088
0.9,0.9,0.319,0.4169277280110371,0.4170528063294404,0.0003,7781656,2.9784122590994384,0.7344453974421479,24.10232973098755
0.9,0.9,0.3195,0.4148673939184323,0.4149918541366078,0.0003,7501130,2.993099886167976,0.7307997665730142,23.549306631088257
0.9,0.9,0.32,0.4127965920288248,0.4132093886208535,0.001,11224304,3.008005987887908,0.7271357043539922,27.1720929145813
0.9,0.9,0.3205,0.4107151674610287,0.4111258826284897,0.001,12080378,3.0231352119932486,0.7234529930693036,27.27362537384033
0.9,0.9,0.321,0.4086229613398162,0.409031584301156,0.001,11857906,3.0385019655627805,0.7197513716409066,29.07264518737793
0.9,0.9,0.3215,0.4065198106516534,0.406926330462305,0.001,12170008,3.0541034120634207,0.7160303148361837,29.25212955474853
0.9,0.9,0.322,0.4044055480940715,0.4048099536421655,0.001,13588720,3.0699494723810297,0.7122900928108411,29.91795492172241
0.9,0.9,0.3225,0.402280001917655,0.4026822819195726,0.001,12905722,3.086046599723822,0.7085296894463594,30.16036033630371
0.9,0.9,0.323,0.4001429957604782,0.4005431387562386,0.001,12299838,3.1023990520295395,0.7047493810790868,29.26430940628052
0.9,0.9,0.3235,0.3979943484745861,0.3983923428230607,0.001,13507820,3.1190188170328,0.7009486801771391,29.354968786239624
0.9,0.9,0.324,0.3958338739440206,0.3962297078179646,0.001,11989258,3.135906606129951,0.6971270142424288,29.558852195739743
0.9,0.9,0.3245,0.3936613808936819,0.3940550422745756,0.001,12961540,3.153076473320283,0.6932844561686448,30.17823266983032
0.9,0.9,0.325,0.391476672688827,0.3918681493615158,0.001,12906036,3.170531396421211,0.6894202270854919,28.843331336975098
0.9,0.9,0.3255,0.3892795471242485,0.3896688266713727,0.001,13819712,3.18828412384569,0.6855342976955072,30.64494156837464
0.9,0.9,0.326,0.387069796202812,0.3874568659990148,0.001,13850430,3.206338038683199,0.6816261466388475,30.83716654777527
0.9,0.9,0.3265,0.3848472059024521,0.3852320531083545,0.001,12667096,3.224705668811445,0.6776958201100177,30.282976627349854
0.9,0.9,0.327,0.3826115559309523,0.3829941674868832,0.001,12687722,3.243393051547655,0.6737421389743472,28.90221905708313
0.9,0.9,0.3275,0.3803626194677679,0.3807429820872356,0.001,13445290,3.262410430685054,0.6697654462354514,30.82950448989868
0.9,0.9,0.328,0.3781001628920781,0.3784782630549701,0.001,14426036,3.281773008755778,0.665764762720764,30.871108531951904
0.9,0.9,0.3285,0.3758239454959466,0.3761997694414425,0.001,12899862,3.301484378190944,0.6617401651602437,29.8600389957428
0.9,0.9,0.329,0.3735337191817943,0.3739072529009761,0.001,13128636,3.3215567115227578,0.657691067572734,27.991667985916138
0.9,0.9,0.3295,0.371229228143154,0.3716004573712971,0.001,13095930,3.3420031089748146,0.6536164951353439,29.964134454727173
0.9,0.9,0.33,0.3689102085272586,0.3692791187357858,0.001,12850952,3.362836544639354,0.6495169891372836,29.39329099655152
0.9,0.9,0.3305,0.3665763880785495,0.366942964466628,0.001,11316230,3.3840658347070782,0.6453912867283099,27.29509687423706
0.9,0.9,0.331,0.3642274857615631,0.3645917132473246,0.001,14501746,3.405703157575442,0.641238841180088,29.987340688705444
0.9,0.9,0.3315,0.3618632113618515,0.3622250745732134,0.001,14730082,3.427768059059713,0.6370598826111992,31.88813090324402
0.9,0.9,0.332,0.3594832650629348,0.3598427483279977,0.001,15075948,3.4502693548513834,0.6328532561234177,31.17638874053955
0.9,0.9,0.3325,0.3570873369983558,0.3574444243353541,0.001,13122324,3.473224043271284,0.6286186583970959,29.441319227218628
0.9,0.9,0.333,0.3546751067760345,0.3550297818828105,0.001,14892370,3.49664653760064,0.6243553299972788,30.522319078445435
0.9,0.9,0.3335,0.3522462429735901,0.3525984892165636,0.001,13235226,3.5205549041599804,0.6200630356527572,29.533275842666622
0.9,0.9,0.334,0.3498004026018579,0.3501502030044597,0.001,15059744,3.544961519164022,0.6157408481349687,29.902137994766235
0.9,0.9,0.3345,0.3473372305345917,0.3476845677651262,0.001,14673090,3.5698893366071283,0.6113885184109367,29.26407742500305
0.9,0.9,0.335,0.3448563589013104,0.3452012152602116,0.001,13904780,3.595353032432759,0.607005042192923,29.923504114151
0.9,0.9,0.3355,0.3423574064406475,0.3426997638470881,0.001,15230206,3.621375023578657,0.6025899033336312,30.4073269367218
0.9,0.9,0.336,0.3398399778108915,0.3401798177887024,0.001,14589668,3.647973736465937,0.5981420938766898,30.03618860244751
0.9,0.9,0.3365,0.337303662853924,0.3376409665167779,0.001,15583482,3.675174441071825,0.5936615156746844,29.63906621932984
0.9,0.9,0.337,0.334748035809384,0.3350827838451934,0.001,12616954,3.702996381693824,0.5891468865423674,27.66012406349182
0.9,0.9,0.3375,0.3321726544739814,0.3325048271284553,0.001,14029596,3.731465032200224,0.584597732459681,28.85109543800354
0.9,0.9,0.338,0.329577059301931,0.3299066363612329,0.001,15513322,3.7606087441194784,0.5800131816605925,30.765572786331177
0.9,0.9,0.3385,0.3269607724408905,0.3279416547582132,0.003,20613752,3.790452192446743,0.5753923386570043,35.18040370941162
0.9,0.9,0.339,0.3243232966980542,0.3246476199947522,0.001,16573960,3.8210199846393182,0.5707343510844074,30.634822368621823
0.9,0.9,0.3395,0.3216641144297624,0.3226291067730516,0.003,20909692,3.852347638223186,0.5660383946968963,36.21464729309082
0.9,0.9,0.34,0.3189826863479114,0.319939634406955,0.003,21016588,3.884466477074512,0.5613034066177961,35.24510169029236
0.9,0.9,0.3405,0.3162784502351131,0.3165947286853481,0.001,15336810,3.917411469369025,0.55652848441937,29.97554922103882
0.9,0.9,0.341,0.3135508195602638,0.3138643703798241,0.001,15821140,3.951210399887915,0.5517125348051434,30.782098293304443
0.9,0.9,0.3415,0.3107991819845374,0.3111099811665219,0.001,14334740,3.9859134479579272,0.5468546634326412,29.156768560409542
0.9,0.9,0.342,0.3080228977474289,0.3083309206451763,0.001,15549974,4.021549468051372,0.5419535135308937,31.454386234283447
0.9,0.9,0.3425,0.3052212979204762,0.3061369618142376,0.003,20517570,4.058171218568346,0.5370079378456677,36.058231592178345
0.9,0.9,0.343,0.3023936825154271,0.3033008635629733,0.003,21938204,4.09581869384558,0.5320169624498151,37.30864477157593
0.9,0.9,0.3435,0.2995393184316283,0.3004379363869232,0.003,20020724,4.134543277936493,0.5269791574958581,36.94993996620178
0.9,0.9,0.344,0.2966574372257274,0.2975474095374046,0.003,21863538,4.174397896120501,0.5218928607916355,38.50677466392517
0.9,0.9,0.3445,0.2937472326840948,0.294628474382147,0.003,21897820,4.215437530800572,0.5167571855807587,40.39475226402283
0.9,0.9,0.345,0.2908078581770434,0.2916802817515745,0.003,22107316,4.257720075134186,0.5115703091581756,38.26966619491577
0.9,0.9,0.3455,0.287838423769461,0.2887019390407694,0.003,20908740,4.301313333419418,0.5063309789335955,37.75458526611328
0.9,0.9,0.346,0.2848379930605143,0.2856925070396958,0.003,20188038,4.3462857405341975,0.501037101976705,35.341713428497314
0.9,0.9,0.3465,0.2818055797204113,0.2826509964595725,0.003,24515768,4.392709434441226,0.4956874391308248,42.224522829055786
0.9,0.9,0.347,0.2787401436880456,0.2795763641191098,0.003,24195244,4.440665842998021,0.490279686212533,42.03455853462219
0.9,0.9,0.3475,0.2756405869880809,0.2764675087490452,0.003,21756750,4.490239786448583,0.4848124505864074,40.576257944107056
0.9,0.9,0.348,0.2725057491197192,0.2733232663670784,0.003,20309006,4.541525523070408,0.4792831982930248,39.74303317070007
0.9,0.9,0.3485,0.2693344019624688,0.2701424051683561,0.003,21560094,4.594625924128872,0.4736900784538738,40.933671951293945
0.9,0.9,0.349,0.2661252441354699,0.2669236198678762,0.003,22745990,4.649651801781729,0.4680308143605801,43.20172572135925
0.9,0.9,0.3495,0.262876894737047,0.2636655254212581,0.003,23193694,4.70671416361516,0.4623028580735995,42.42389750480652
0.9,0.9,0.35,0.2595878863791469,0.2603666500382843,0.003,22114652,4.765950281106983,0.4565036534519994,41.2490918636322
0.9,0.9,0.3505,0.2562566574171565,0.257025427389408,0.003,25571886,4.8274955364746175,0.4506304618731019,43.159106492996216
0.9,0.9,0.351,0.2528815432583601,0.2536401878881351,0.003,21891974,4.8915061530508375,0.4446805205567061,40.98893213272095
0.9,0.9,0.3515,0.2494607666120765,0.2502091489119127,0.003,21715630,4.95815355912759,0.4386504029595698,40.90173602104187
0.9,0.9,0.352,0.2459924265194278,0.246730403798986,0.003,26622626,5.027623074088229,0.4325371063675998,44.97590756416321
0.9,0.9,0.3525,0.2424744859707361,0.2448992308304434,0.01,29461100,5.100117055523939,0.4263370290895683,48.841264724731445
0.9,0.9,0.353,0.2389047578817515,0.241293805460569,0.01,28900746,5.1758674463622425,0.4200461658704604,46.28278183937073
0.9,0.9,0.3535,0.235280889154814,0.2359867318222784,0.003,23744880,5.255116505126176,0.4136604520764316,40.67158651351929
0.9,0.9,0.354,0.2316003424951065,0.2339163459200575,0.01,30610160,5.338150049602193,0.4071754270951891,44.82072377204895
0.9,0.9,0.3545,0.227860375583219,0.2301389793390512,0.01,31534424,5.425272177693838,0.4005863440548708,46.84441757202149
0.9,0.9,0.355,0.224058017118395,0.2262985972895789,0.01,29156826,5.516838126546219,0.3938879719038656,46.70076823234558
0.9,0.9,0.3555,0.2201900391379291,0.2223919395293083,0.01,29646610,5.613225564190816,0.3870744896839521,44.66594648361206
0.9,0.9,0.356,0.2162529248796819,0.2184154541284787,0.01,31298832,5.714891711089651,0.3801400113993207,46.44578790664673
0.9,0.9,0.3565,0.2122428312782861,0.2143652595910689,0.01,30511204,5.822319285439916,0.3730776676483284,45.16867566108704
0.9,0.9,0.357,0.2081555449570155,0.2102371004065857,0.01,31188568,5.936082090386251,0.3658800535642399,46.48884701728821
0.9,0.9,0.3575,0.2039864302814504,0.2060262945842649,0.01,30693874,6.05682273023925,0.3585390146986889,44.14371991157532
0.9,0.9,0.358,0.1997303676510838,0.2017276713275947,0.01,31510430,6.185295826314741,0.3510456466813982,45.38881230354309
0.9,0.9,0.3585,0.1953816796886454,0.1973354964855319,0.01,31314160,6.322345826684917,0.3433899535008795,45.29177713394165
0.9,0.9,0.359,0.190934042293098,0.1966620635618909,0.03,37298956,6.468986306691841,0.335560783960497,51.56990337371826
0.9,0.9,0.3595,0.1863803765804408,0.1882441803462453,0.01,33115234,6.626383102756265,0.3275459375617727,43.35802698135376
0.9,0.9,0.36,0.1817127164396263,0.1871640979328151,0.03,39602814,6.795922763928198,0.319331205750135,50.0775191783905
0.9,0.9,0.3605,0.1769220446207583,0.1786912650669659,0.01,33112870,6.979239388761653,0.3109008452038645,45.16085481643677
0.9,0.9,0.361,0.1719980877044803,0.1771580303356147,0.03,37507126,7.178318498032118,0.3022368032105133,47.37178111076355
0.9,0.9,0.3615,0.1669290565954897,0.1719369282933544,0.03,37810000,7.395544778416792,0.2933184287476738,48.65473675727844
0.9,0.9,0.362,0.1617013137305071,0.1665523531424224,0.03,37869904,7.633854713581957,0.2841219308544724,49.197561264038086
0.9,0.9,0.3625,0.1562989399969228,0.1609879081968305,0.03,39316486,7.896899976693234,0.2746191241167866,50.23899865150452
0.9,0.9,0.363,0.1507031617470142,0.1552242565994246,0.03,41000944,8.18926781675833,0.264777218504931,49.428675174713135
0.9,0.9,0.3635,0.1448915783527339,0.1593807361880073,0.1,48410840,8.516849563283094,0.2545568674359068,51.40751099586487
0.9,0.9,0.364,0.1388370982443603,0.1527208080687964,0.1,48320738,8.887319277639875,0.2439105761424744,51.60900950431824
0.9,0.9,0.3645,0.1325064365076405,0.1457570801584046,0.1,49972832,9.310930455418202,0.2327797405999237,53.41822338104248
0.9,0.9,0.365,0.1258579306502735,0.1384437237153009,0.1,50909368,9.801734757795897,0.2210914716094423,54.07910346984863
0.9,0.9,0.3655,0.1188382532700071,0.1307220785970078,0.1,52279340,10.379591627786784,0.2087520533944986,55.933221101760864
0.9,0.9,0.366,0.1113772531453407,,,58027386,11.073700472568008,0.1956383761489024,61.82077193260193
0.9036,0.9,0.002,0.997334147275268,0.9983314814225432,0.001,13596640,1.2756298730513551,1.942396349719533,23.28797078132629
0.9036,0.9,0.0025,0.9969679651079396,0.9979649330730476,0.001,13697964,1.1003860174563365,1.9360363618611072,23.73755931854248
0.9036,0.9,0.003,0.9966191531850772,0.9976157723382624,0.001,12999366,0.9652076416822136,1.9303578085554227,23.154132843017575
0.9036,0.9,0.0035,0.9962819043117086,0.9972781862160202,0.001,14044442,0.85581361956961,1.9251903201141656,24.29196667671204
0.9036,0.9,0.004,0.9959526014099572,0.9969485540113672,0.001,13376884,0.7642753561095673,1.9204225262247003,23.314883708953857
0.9036,0.9,0.0045,0.995628839649876,0.996624468489526,0.001,12724578,0.6857729203312609,1.9159777384014127,23.38808226585388
0.9036,0.9,0.005,0.995308941676507,0.9963042506181834,0.001,12943584,0.6171706585534932,1.9118006623972963,23.228204250335693
0.9036,0.9,0.0055,0.9949916938161324,0.9959866855099484,0.001,12443830,0.5563223095939973,1.907850505453184,21.71793532371521
0.9036,0.9,0.006,0.9946761920894158,0.9956708682815052,0.001,12901466,0.5016987406813352,1.9040943016283804,22.57714080810547
0.9036,0.9,0.0065,0.9943617472433404,0.9946600557675132,0.0003,7848228,0.4521742139711313,1.900507001586632,17.81930112838745
0.9036,0.9,0.007,0.9940478235293736,0.9950418713529028,0.001,12977994,0.4068990448023972,1.897068601957473,22.631547689437863
0.9036,0.9,0.0075,0.9937339977698594,0.9947277317676292,0.001,13070616,0.3652136105357004,1.8937617775585964,22.201709508895878
0.9036,0.9,0.008,0.9934199311389594,0.9944133510700984,0.001,12678132,0.3266008794022935,1.890572900844851,21.256945371627808
0.9036,0.9,0.0085,0.9931053491956874,0.994098454544883,0.001,13647986,0.2906439993133204,1.887490184552347,21.273226737976078
0.9036,0.9,0.009,0.9927900274353524,0.9937828174627876,0.001,12981226,0.2570055842973361,1.8845038756045287,20.63437581062317
0.9036,0.9,0.0095,0.9924737806280568,0.9934662544086847,0.001,13073802,0.2254065619000355,1.881605069133739,20.868220329284668
0.9036,0.9,0.01,0.9921564548155244,0.9931486112703398,0.001,14407344,0.1956155045439756,1.8787862371345088,25.6107280254364
0.9036,0.9,0.0105,0.9918379212114896,0.992829759132701,0.001,13543630,0.1674372002627356,1.8760414712647395,24.45177125930786
0.9036,0.9,0.011,0.9915180714895196,0.992509589561009,0.001,15149486,0.1407061986525026,1.8733646356927147,25.84710454940796
0.9036,0.9,0.0115,0.991196814098197,0.9921880109122952,0.001,13714324,0.1152810733694714,1.87075078726138,24.839854955673218
0.9036,0.9,0.012,0.9908740713479876,0.9918649454193356,0.001,13551974,0.0910390133835627,1.8681953664456927,24.74376606941223
0.9036,0.9,0.0125,0.990549777085166,0.9915403268622512,0.001,15366690,0.0678749374776544,1.8656945634609947,27.66116976737976
0.9036,0.9,0.013,0.9902238748177264,0.991214098692544,0.001,13706260,0.0456954905508348,1.8632445002268887,25.901414155960083
0.9036,0.9,0.0135,0.9898963161928956,0.9908862125090884,0.001,15484008,0.0244197193810404,1.8608424485185973,29.25441241264344
0.9036,0.9,0.014,0.9895670597510382,0.9905566268107892,0.001,15722200,0.0039752714178272,1.8584851799053808,29.584084272384644
0.9036,0.9,0.0145,0.9892360698977412,0.9902253059676388,0.001,15472714,0.0156981511019602,1.856169356200868,30.09603476524353
0.9036,0.9,0.015,0.9889033160531392,0.9898922193691924,0.001,15452798,0.0346618801954492,1.8538940676779547,29.654667139053345
0.9036,0.9,0.0155,0.9885687719394196,0.9895573407113588,0.001,15394688,0.0529634156179619,1.8516555973728,28.30765914916992
0.9036,0.9,0.016,0.988232414984799,0.9892206473997835,0.001,15033220,0.0706499112027798,1.8494528150949745,28.56588220596313
0.9036,0.9,0.0165,0.9878942258201924,0.9888821200460124,0.001,15215938,0.0877623409478007,1.8472835320163488,28.53542232513428
0.9036,0.9,0.017,0.9875541878527696,0.9885417420406224,0.001,14893592,0.1043365726178815,1.8451460124232413,28.605984210968018
0.9036,0.9,0.0175,0.9872122869029668,0.9881994991898696,0.001,14650768,0.1204070255444589,1.843038768423379,27.49321150779724
0.9036,0.9,0.018,0.986868510894244,0.9878553794051382,0.001,14727258,0.1360045296764428,1.840960307311716,27.70069408416748
0.9036,0.9,0.0185,0.9865228495869004,0.9875093724364872,0.001,14126342,0.1511562543604527,1.8389090440581783,26.8469626903534
0.9036,0.9,0.019,0.9861752943488068,0.9871614696431557,0.001,13468780,0.165888500063231,1.836884036582781,27.06386685371399
0.9036,0.9,0.0195,0.9858258379573462,0.9868116637953036,0.001,13661820,0.1802239772198766,1.8348839554134888,26.702949047088623
0.9036,0.9,0.02,0.985474474427676,0.9864599489021036,0.001,13577500,0.1941849273914306,1.8329075698354844,26.13315463066101
0.9036,0.9,0.0205,0.9851211988634628,0.9861063200623263,0.001,13541054,0.2077908002531477,1.830953935104056,25.88209342956543
0.9036,0.9,0.021,0.9847660073266692,0.985750773333996,0.001,14010256,0.2210600032235245,1.829021903484696,27.975157499313354
0.9036,0.9,0.0215,0.9844088967237704,0.985393305620494,0.001,13938706,0.2340089973683924,1.827111034134285,27.600203275680546
0.9036,0.9,0.022,0.9840498647059982,0.985033914570704,0.001,13185560,0.2466542296448071,1.8252200532765688,26.800588846206665
0.9036,0.9,0.0225,0.983688909581716,0.9846725984912976,0.001,13308602,0.2590100105143528,1.8233481143442367,27.16714811325073
0.9036,0.9,0.023,0.9833260302392696,0.9843093562695088,0.001,12809602,0.2710899848117862,1.8214947021098384,26.11899495124817
0.9036,0.9,0.0235,0.9829612260789165,0.9839441873049952,0.001,14190382,0.2829063365469935,1.8196590294711763,27.174723863601685
0.9036,0.9,0.024,0.9825944969526452,0.9835770914495978,0.001,13915524,0.2944712282659552,1.8178403689542089,26.697704076766968
0.9036,0.9,0.0245,0.982225843110886,0.9832080689539968,0.001,13455538,0.3057958396291784,1.8160381682805624,26.095450401306152
0.9036,0.9,0.025,0.9818552651552248,0.98283712042038,0.001,12647758,0.3168900531805159,1.8142515467946367,25.58967924118042
0.9036,0.9,0.0255,0.9814827639963816,0.982464246760378,0.001,12756400,0.3277636533261337,1.8124803645906784,25.48321843147278
0.9036,0.9,0.026,0.9811083408168166,0.9820894491576332,0.001,12404290,0.3384260800401867,1.810723487657396,24.31847071647644
0.9036,0.9,0.0265,0.9807319970373962,0.9817127290344336,0.001,11976976,0.3488851038207855,1.8089809957621887,24.109796285629272
0.9036,0.9,0.027,0.980353734287644,0.9813340880219316,0.001,11723572,0.3591497824990279,1.807252084687506,23.431988954544067
0.9036,0.9,0.0275,0.9799735543791586,0.9809535279335376,0.001,12706304,0.3692268210065909,1.8055362856376247,24.825005292892456
0.9036,0.9,0.028,0.9795914592818316,0.9805710507411134,0.001,12495810,0.3791232508012404,1.803833239071973,24.09777808189392
0.9036,0.9,0.0285,0.9792074511025476,0.98018665855365,0.001,12134248,0.388846808220891,1.802142476090446,24.6760995388031
0.9036,0.9,0.029,0.9788215320660892,0.9798003535981552,0.001,11848900,0.3984027164351518,1.8004635592694966,24.7114577293396
0.9036,0.9,0.0295,0.9784337044980052,0.9794121382025032,0.001,11586528,0.4077979113278024,1.7987959584008608,23.78563976287841
0.9036,0.9,0.03,0.97804397080922,0.9790220147800291,0.001,11171086,0.4170372285951441,1.7971396207273531,23.43163228034973
0.9036,0.9,0.0305,0.97765233348221,0.978629985815692,0.001,11628924,0.4261267774266201,1.7954939520250195,24.681158542633057
0.9036,0.9,0.031,0.9772587950585644,0.978236053853623,0.001,11223474,0.435071329146399,1.7938587825170973,24.18529677391052
0.9036,0.9,0.0315,0.9768633581277965,0.977840221485924,0.001,10956450,0.4438762856080815,1.7922336040529223,23.842804431915283
0.9036,0.9,0.032,0.9764660253172665,0.9774424913425837,0.001,11620840,0.4525450579575107,1.790618280906828,23.88718867301941
0.9036,0.9,0.0325,0.9760667992831162,0.9770428660823992,0.001,11368158,0.4610833907823067,1.789012202225962,23.94247984886169
0.9036,0.9,0.033,0.9756656827020826,0.9766413483847848,0.001,11200398,0.469494826031483,1.7874154191811382,24.079458475112915
0.9036,0.9,0.0335,0.975262678264138,0.976237940942402,0.001,10684876,0.4777831033643238,1.7858277829980256,22.88299036026001
0.9036,0.9,0.034,0.9748577886658552,0.975832646454521,0.001,11105106,0.4859525845168424,1.7842483236645772,22.923397541046143
0.9036,0.9,0.0345,0.974451016604406,0.9754254676210103,0.001,10847934,0.4940065572522516,1.7826775108566852,22.61325526237488
0.9036,0.9,0.035,0.97404236477219,0.975016407136962,0.001,10639716,0.5019487307316658,1.7811146995629483,22.279797077178955
0.9036,0.9,0.0355,0.9736318358519396,0.9746054676877915,0.001,10414262,0.5097821279427226,1.7795596335073522,22.327818155288696
0.9036,0.9,0.036,0.973219432512388,0.9735113983421416,0.0003,7844762,0.5175100644253431,1.7780125897873822,19.75197458267212
0.9036,0.9,0.0365,0.9728051574042736,0.9730969989514948,0.0003,7680794,0.5251359990801386,1.7764726366197343,19.46738147735596
0.9036,0.9,0.037,0.9723890131568268,0.9726807298607738,0.0003,7500856,0.5326616434311147,1.7749400291989292,19.382928609848022
0.9036,0.9,0.0375,0.9719710023745576,0.97226259367527,0.0003,7364518,0.5400911691577259,1.7734145232835452,19.072575569152832
0.9036,0.9,0.038,0.9715511276343816,0.9718425929726716,0.0003,7200224,0.5474266931663919,1.7718956317377046,18.397215366363525
0.9036,0.9,0.0385,0.9711293914830512,0.9714207303004962,0.0003,7058258,0.5546704197761633,1.770383409607937,18.84627079963684
0.9036,0.9,0.039,0.9707057964348405,0.9709970081737708,0.0003,6933906,0.5618250609612727,1.7688776879559125,18.639423370361328
0.9036,0.9,0.0395,0.970280344969461,0.9705714290729518,0.0003,6791188,0.5688930220525569,1.7673782971330654,18.770228624343872
0.9036,0.9,0.04,0.9698530395302192,0.9701439954420784,0.0003,6673318,0.5758766339079734,1.765884755849832,17.938170194625854
0.9036,0.9,0.0405,0.969423882522364,0.9697147096871208,0.0003,6554182,0.5827774746070629,1.7643973829526227,17.81852674484253
0.9036,0.9,0.041,0.968992876311592,0.9692835741744856,0.0003,6424780,0.5895983673379322,1.762915446509454,17.429991483688354
0.9036,0.9,0.0415,0.9685600232227723,0.9688505912297392,0.0003,6293576,0.5963415946341188,1.7614392873991664,17.284796714782715
0.9036,0.9,0.042,0.968125325538736,0.9684157631363974,0.0003,6199012,0.603008486349345,1.759968773174476,16.962615489959717
0.9036,0.9,0.0425,0.9676887854992966,0.9679790921349464,0.0003,6073392,0.6096006604319608,1.7585032914805814,16.657784938812256
0.9036,0.9,0.043,0.9672504053003196,0.9675405804219096,0.0003,6024440,0.616120578214819,1.757042892938634,16.891080141067505
0.9036,0.9,0.0435,0.9668101870929344,0.9671002301490624,0.0003,5902716,0.6225691492418034,1.7555875002761303,16.630179405212402
0.9036,0.9,0.044,0.9663681329828638,0.9666580434227586,0.0003,5801234,0.6289492412272271,1.7541371009946016,16.685818910598755
0.9036,0.9,0.0445,0.9659242450297992,0.9662140223033082,0.0003,5657468,0.6352614543282157,1.7526913612561652,16.46722912788391
0.9036,0.9,0.045,0.9654785252469164,0.9657681688044903,0.0003,5616912,0.6415075088675197,1.7512504195954643,16.334580183029175
0.9036,0.9,0.0455,0.9650309756004196,0.9653204848931,0.0003,5437042,0.647689723164579,1.7498138045169398,16.064488649368286
0.9036,0.9,0.046,0.96458159800919,0.9648709724885928,0.0003,5383500,0.6538083351686607,1.7483814879774795,15.819575786590576
0.9036,0.9,0.0465,0.9641303943444772,0.9644196334627804,0.0003,5335090,0.6598656464499366,1.746953692428543,15.672650814056396
0.9036,0.9,0.047,0.9636773664296546,0.9639664696395834,0.0003,5228180,0.6658620553236345,1.7455298898265286,15.96340036392212
0.9036,0.9,0.0475,0.9632225160400312,0.9635114827948432,0.0003,5191240,0.6717999688654933,1.74411012419406,15.842643737792969
0.9036,0.9,0.048,0.9627658449027008,0.9630546746561714,0.0003,5107032,0.6776805204142765,1.74269407387561,15.39788818359375
0.9036,0.9,0.0485,0.9623073546964476,0.9625960469028564,0.0003,5031580,0.6835037219843932,1.741282068394454,15.511584758758543
0.9036,0.9,0.049,0.96184704705169,0.9621356011658054,0.0003,4933676,0.6892726315304718,1.739873757467138,15.319023847579956
0.9036,0.9,0.0495,0.9613849235504184,0.9616733390274836,0.0003,4818236,0.6949872581262366,1.7384690483353522,15.319787979125977
0.9036,0.9,0.05,0.9609209857262444,0.9612092620219624,0.0003,4699576,0.7006485156159811,1.7370682340443448,15.027559995651243
0.9036,0.9,0.0505,0.960455235064428,0.9607433716349472,0.0003,4607416,0.7062578829824531,1.7356701424529442,15.049604415893556
0.9036,0.9,0.051,0.959987673001884,0.9602756693037844,0.0003,4531668,0.7118167305632901,1.7342759726678088,14.98667812347412
0.9036,0.9,0.0515,0.95951830092735,0.9598061564176285,0.0003,4496596,0.7173254459511477,1.7328845950117602,15.65649914741516
0.9036,0.9,0.052,0.959047120181416,0.9593348343174704,0.0003,4571670,0.7227851346018341,1.7314967280810496,15.535160541534424
0.9036,0.9,0.0525,0.9585741320566958,0.9588617042963128,0.0003,4445552,0.7281970558079041,1.7301118675445648,14.893591403961182
0.9036,0.9,0.053,0.9580993377979532,0.9583867675992926,0.0003,4436926,0.7335619794020805,1.7287296125714962,14.563424110412598
0.9036,0.9,0.0535,0.9576227386022544,0.9579100254238352,0.0003,4300928,0.7388814664492482,1.7273507867845974,14.462621450424194
0.9036,0.9,0.054,0.9571443356191396,0.9574314789198252,0.0003,4308284,0.7441550762741567,1.7259746365442492,14.52657389640808
0.9036,0.9,0.0545,0.9566641299508089,0.956951129189794,0.0003,4155030,0.7493842190223113,1.7246009190860838,14.611218214035034
0.9036,0.9,0.055,0.956182122652331,0.9564689772891268,0.0003,4160614,0.7545705041611004,1.7232303928562334,15.005020380020142
0.9036,0.9,0.0555,0.9556983147318144,0.955985024226234,0.0003,4016718,0.7597133535111383,1.7218622581646508,15.041356563568115
0.9036,0.9,0.056,0.9552127071506504,0.9554992709627956,0.0003,3909898,0.7648148246374148,1.7204964717401825,15.170205116271973
0.9036,0.9,0.0565,0.9547253008237286,0.9550117184139756,0.0003,4128012,0.7698745941733952,1.719133514758286,15.500439167022703
0.9036,0.9,0.057,0.9542360966196564,0.9545223674486424,0.0003,3942784,0.7748941999135877,1.7177726586263369,15.629542350769045
0.9036,0.9,0.0575,0.953745095361004,0.9540312188896124,0.0003,3959302,0.7798743245346023,1.7164143672263634,15.698283910751345
0.9036,0.9,0.058,0.9532522978245436,0.9535382735138908,0.0003,3985602,0.7848155699039382,1.71505821685203,15.481993675231934
0.9036,0.9,0.0585,0.9527577047414943,0.9530435320529168,0.0003,3863638,0.7897179257961379,1.7137040165830588,15.194084644317629
0.9036,0.9,0.059,0.9522613167977716,0.9525469951928108,0.0003,3793738,0.7945827099160259,1.7123523068160826,16.001101970672607
0.9036,0.9,0.0595,0.9517631346342522,0.9520486635746424,0.0003,3777312,0.7994112387525741,1.7110024097795715,15.993926286697388
0.9036,0.9,0.06,0.9512631588470332,0.9515485377946874,0.0003,3784416,0.8042027389495296,1.70965482896315,15.395488023757936
0.9036,0.9,0.0605,0.9507613899876802,0.9510466184046764,0.0003,3596630,0.8089586557747596,1.708309014036955,14.890723943710327
0.9036,0.9,0.061,0.950257828563516,0.9505429059120852,0.0003,3603874,0.8136792457507503,1.7069652239859587,15.210043907165527
0.9036,0.9,0.0615,0.9497524750378864,0.9500374007803976,0.0003,3600676,0.8183649429754786,1.7056231430148494,16.228963613510132
0.9036,0.9,0.062,0.9492453298304172,0.9495301034293662,0.0003,3748952,0.8230173799194875,1.7042827774397764,16.821887731552124
0.9036,0.9,0.0625,0.9487363933173196,0.9490210142353148,0.0003,3634182,0.8276353894562494,1.7029443048136166,15.899457454681396
0.9036,0.9,0.063,0.9482256658316476,0.948510133531397,0.0003,3406812,0.8322214793103537,1.7016071468128535,15.562845706939695
0.9036,0.9,0.0635,0.947713147663602,0.947997461607901,0.0003,3469844,0.836774776539203,1.7002720451213118,16.29952621459961
0.9036,0.9,0.064,0.947198839060794,0.9474829987125124,0.0003,3443908,0.8412956931077887,1.698938458688735,15.985113382339478
0.9036,0.9,0.0645,0.946682740228552,0.9469667450506208,0.0003,3394124,0.845785541522594,1.6976061941814198,15.822630882263184
0.9036,0.9,0.065,0.946164851330211,0.94644870078561,0.0003,3397500,0.8502452273849489,1.6962756100809502,15.73768949508667
0.9036,0.9,0.0655,0.9456451724874017,0.9459288660391478,0.0003,3293830,0.854673458736774,1.6949458510249895,15.72043228149414
0.9036,0.9,0.066,0.9451237037804056,0.9454072408915396,0.0003,3192098,0.8590724202743939,1.6936181213879782,16.06002187728882
0.9036,0.9,0.0665,0.9446004452483326,0.9448838253819072,0.0003,3245966,0.8634419057248275,1.6922916947406628,21.191222190856934
0.9036,0.9,0.067,0.944075396889555,0.944358619508622,0.0003,3235266,0.8677822899386034,1.6909664570670937,19.023322105407715
0.9036,0.9,0.0675,0.9435485586619766,0.9438316232295751,0.0003,3191188,0.8720936234715845,1.6896423234514717,18.20242667198181
0.9036,0.9,0.068,0.9430199304833192,0.9433028364624642,0.0003,3200000,0.876377119581776,1.6883194414735414,15.877972602844238
0.9036,0.9,0.0685,0.9424895122314796,0.942772259085149,0.0003,3223020,0.8806323812313467,1.686997901029029,15.856151819229126
0.9036,0.9,0.069,0.9419573037448552,0.9422398909359784,0.0003,3061258,0.8848608192136717,1.6856771898684764,15.62962245941162
0.9036,0.9,0.0695,0.9414233048226334,0.94170573181408,0.0003,3146822,0.889062718892753,1.684357680104536,15.826525211334229
0.9036,0.9,0.07,0.9408875152251742,0.9411697814797416,0.0003,2996112,0.893237134099478,1.6830390844410943,15.926533460617064
0.9036,0.9,0.0705,0.9403499346743202,0.9406320396547224,0.0003,3073032,0.8973858176360772,1.6817213103755382,16.155632495880127
0.9036,0.9,0.071,0.9398105628537424,0.9400925060225984,0.0003,2876862,0.9015090157890348,1.6804045657593871,15.400469541549684
0.9036,0.9,0.0715,0.9392693994093156,0.9395511802291384,0.0003,2898142,0.9056065310714096,1.6790890497649378,15.595276355743408
0.9036,0.9,0.072,0.9387264439494274,0.9390080618826122,0.0003,3062696,0.9096789246011951,1.6777743441063528,17.24202871322632
0.9036,0.9,0.0725,0.9381816960454205,0.938463150554234,0.0003,2932516,0.9137262373176168,1.6764598961304198,15.66866898536682
0.9036,0.9,0.073,0.9376351552318424,0.937916445778412,0.0003,3046294,0.9177497166078088,1.6751468159170977,15.67430329322815
0.9036,0.9,0.0735,0.9370868210069347,0.9373679470532368,0.0003,2952524,0.921749200997082,1.6738341635053453,19.264456510543823
0.9036,0.9,0.074,0.936536692832939,0.9368176538407889,0.0003,2791298,0.9257247923708304,1.6725223352928549,17.711610794067383
0.9036,0.9,0.0745,0.9359847701365156,0.9362655655675566,0.0003,3018602,0.929677033560176,1.6712107538175307,18.060134649276733
0.9036,0.9,0.075,0.9354310523091542,0.935711681624847,0.0003,2702528,0.933606219909442,1.6699005101338096,14.943183183670044
0.9036,0.9,0.0755,0.9348755387075108,0.935156001369123,0.0003,2686112,0.9375118807206224,1.668590328618995,14.909778833389282
0.9036,0.9,0.076,0.9343182286538686,0.9345985241224648,0.0003,2840950,0.9413962800492008,1.667280932238791,17.013148069381714
0.9036,0.9,0.0765,0.9337591214365366,0.9340392491729675,0.0003,2608614,0.9452577914089044,1.6659719147094547,15.322839736938477
0.9036,0.9,0.077,0.933198216310269,0.933478175775162,0.0003,2799124,0.9490976513258862,1.6646638096061368,15.069325923919678
0.9036,0.9,0.0775,0.9326355124966856,0.9329153031504344,0.0003,2774056,0.9529154018940128,1.663355835959198,15.023064613342283
0.9036,0.9,0.078,0.9320710091847362,0.9323506304874916,0.0003,2646794,0.956712916917832,1.6620482543699868,17.044416189193726
0.9036,0.9,0.0785,0.931504705531064,0.9317841569427232,0.0003,2747206,0.9604885107746312,1.6607411391859366,15.93925642967224
0.9036,0.9,0.079,0.9309366006605598,0.931215881640758,0.0003,2521390,0.9642439594609388,1.6594342887390396,14.582690000534058
0.9036,0.9,0.0795,0.9303666936667204,0.9306458036748204,0.0003,2623134,0.9679785260965106,1.6581273658526596,14.596767663955688
0.9036,0.9,0.08,0.9297949836121644,0.930073922107248,0.0003,2397624,0.9716932868988906,1.6568211935652253,14.936130285263062
0.9036,0.9,0.0805,0.9292214695290794,0.929500235969938,0.0003,2740282,0.9753879273096178,1.6555154478575047,15.013278484344482
0.9036,0.9,0.081,0.9286461504196972,0.9289247442648232,0.0003,2609878,0.97906275704417,1.6542095718497496,15.00533390045166
0.9036,0.9,0.0815,0.9280690252567716,0.9283474459643484,0.0003,2433100,0.982718201852738,1.6529041411530303,14.293320417404177
0.9036,0.9,0.082,0.9274900929840748,0.9277683400119698,0.0003,2544654,0.9863541102941834,1.651598739314711,14.617573738098145
0.9036,0.9,0.0825,0.9269093525168636,0.9271874253226188,0.0003,2411980,0.9899709996505486,1.6502932837132844,16.39158582687378
0.9036,0.9,0.083,0.926326802742396,0.9266047007832184,0.0003,2468652,0.993569570946854,1.648987925390322,14.63623023033142
0.9036,0.9,0.0835,0.9257424425204316,0.9260201652531876,0.0003,2488486,0.9971491126824508,1.647683254632488,14.652974605560305
0.9036,0.9,0.084,0.9251562706837448,0.92543381756495,0.0003,2619762,1.000710710162412,1.646377740282721,15.220445156097412
0.9036,0.9,0.0845,0.9245682860386136,0.9248456565244252,0.0003,2406718,1.0042551364915049,1.6450727510370464,15.317955017089844
0.9036,0.9,0.085,0.9239784873653264,0.924255680911536,0.0003,2474046,1.0077805260237516,1.643767895473457,14.560311317443848
0.9036,0.9,0.0855,0.923386873418754,0.9236638894807796,0.0003,2533102,1.0112886656208275,1.6424624889605757,15.033128023147585
0.9036,0.9,0.086,0.9227934429288376,0.9230702809617162,0.0003,2347204,1.0147798937367434,1.641157316425094,14.70997190475464
0.9036,0.9,0.0865,0.9221981946011162,0.9224748540594964,0.0003,2363338,1.0182536481984306,1.6398519943342145,14.557056427001951
0.9036,0.9,0.087,0.9216011271172824,0.9218776074554176,0.0003,2172030,1.021709612608283,1.6385463762841646,14.40194034576416
0.9036,0.9,0.0875,0.9210022391356748,0.9212785398074156,0.0003,2311522,1.0251493640636085,1.6372408931671711,15.311739206314089
0.9036,0.9,0.088,0.9204015292918604,0.9206776497506478,0.0003,2403692,1.0285730489717984,1.635934895198451,14.847864627838137
0.9036,0.9,0.0885,0.9197989961991369,0.9200749358979964,0.0003,2234886,1.031979689741009,1.634628723456669,14.467578172683716
0.9036,0.9,0.089,0.9191946384491017,0.9194703968406364,0.0003,2402208,1.0353708154001635,1.633322521380886,14.73017692565918
0.9036,0.9,0.0895,0.9185884546121764,0.9188640311485602,0.0003,2234934,1.0387449673378522,1.6320157774337964,15.336352586746216
0.9036,0.9,0.09,0.9179804432381546,0.918255837371126,0.0003,2392930,1.0421041078844666,1.6307089814271634,14.852890253067017
0.9036,0.9,0.0905,0.917370602856744,0.9176458140376008,0.0003,2072508,1.0454476810417248,1.6294012812680363,14.34231162071228
0.9036,0.9,0.091,0.9167589319781372,0.9170339596577304,0.0003,2436924,1.0487758937431702,1.6280940029023496,14.634418487548828
0.9036,0.9,0.0915,0.9161454290934988,0.9164202727222268,0.0003,2455542,1.0520879510201235,1.626785860799424,15.105016946792604
0.9036,0.9,0.092,0.9155300926755554,0.915804751703358,0.0003,2228028,1.055385512935017,1.6254772386709495,14.767886877059937
0.9036,0.9,0.0925,0.9149129211791288,0.9151873950554824,0.0003,2371736,1.0586684130623083,1.624168240333509,15.135913848876951
0.9036,0.9,0.093,0.9142939130416566,0.9145682012155693,0.0003,2249582,1.061936705565973,1.622859102837669,14.635725021362305
0.9036,0.9,0.0935,0.9136730666837634,0.9139471686037683,0.0003,2303938,1.0651900546364317,1.6215492517383872,14.573653221130373
0.9036,0.9,0.094,0.9130503805098285,0.9133242956239812,0.0003,2298360,1.068429642844591,1.62023852314495,15.06755757331848
0.9036,0.9,0.0945,0.912425852908337,0.9126995806642094,0.0003,2419084,1.0716548941390325,1.6189271087402106,14.776421308517456
0.9036,0.9,0.095,0.9117994822526868,0.9120730220973626,0.0003,2313532,1.0748658793802632,1.617615564275281,15.17549204826355
0.9036,0.9,0.0955,0.9111712669014468,0.9114446182815172,0.0003,2120354,1.0780632389662954,1.6163029757640273,14.403379678726196
0.9036,0.9,0.096,0.9105412051992224,0.9108143675607822,0.0003,2004224,1.0812468596225728,1.6149904954765395,14.090488910675049
0.9036,0.9,0.0965,0.9099092954766754,0.9101822682653185,0.0003,2283398,1.0844167276423613,1.6136771814944622,14.43825364112854
0.9036,0.9,0.097,0.909275536051518,0.9095483187123334,0.0003,2194318,1.0875734050274282,1.6123626774213615,14.07314658164978
0.9036,0.9,0.0975,0.9086399252287602,0.9089125172063288,0.0003,2184694,1.0907171618609584,1.6110479290151674,14.23861837387085
0.9036,0.9,0.098,0.9080024613012988,0.9082748620396892,0.0003,2165940,1.093847448517106,1.6097318818564084,14.01506733894348
0.9036,0.9,0.0985,0.907363142550386,0.9076353514931512,0.0003,2054746,1.0969656172926003,1.6084156676229309,14.144657373428345
0.9036,0.9,0.099,0.9067219672461304,0.9069939838363044,0.0003,2008036,1.100069850334094,1.6070981813072671,14.007834434509276
0.9036,0.9,0.0995,0.9060789336479718,0.906350757328066,0.0003,2128142,1.1031622609867024,1.6057803036533402,14.185825109481812
0.9036,0.9,0.1,0.9054340400052034,0.9057056702172048,0.0003,2114534,1.1062429794218938,1.604461197237308,14.447813272476196
0.9036,0.9,0.1005,0.9047872845573056,0.9050587207426728,0.0003,1977970,1.1093114715614882,1.6031411051541906,13.3856463432312
0.9036,0.9,0.101,0.9041386655347206,0.904409907134381,0.0003,2225688,1.1123659286586454,1.601820349406424,14.04996395111084
0.9036,0.9,0.1015,0.9034881811588252,0.9037592276131728,0.0003,2119754,1.1154094149378675,1.6004988773836768,13.905152320861816
0.9036,0.9,0.102,0.9028358296428044,0.9031066803916972,0.0003,1836044,1.1184413162724514,1.599175842727371,13.454612493515016
0.9036,0.9,0.1025,0.902181609191946,0.9024522636747034,0.0003,1904500,1.121461659519159,1.5978526622386744,13.329318761825562
0.9036,0.9,0.103,0.9015255180039488,0.90179597565935,0.0003,1937030,1.124470797699829,1.5965275808365027,14.042255878448486
0.9036,0.9,0.1035,0.9008675542695356,0.9011378145358164,0.0003,2011306,1.127467824153818,1.5952026059386943,13.63553023338318
0.9036,0.9,0.104,0.9002077161727718,0.9004777784876237,0.0003,2139866,1.1304538677659752,1.593875409555093,14.133389472961426
0.9036,0.9,0.1045,0.8995460018913881,0.8998158656919555,0.0003,1834882,1.133429150058108,1.5925477468746243,13.613287687301636
0.9036,0.9,0.105,0.8988824095973073,0.8991520743201864,0.0003,1958500,1.1363937556079258,1.5912189559380407,13.611436128616331
0.9036,0.9,0.1055,0.8982169374569671,0.8984864025382041,0.0003,1827728,1.1393467961497352,1.589888674433968,13.793928146362305
0.9036,0.9,0.106,0.8975495836316547,0.8978188485067442,0.0003,1926726,1.1422890589380663,1.5885572776939003,13.67583441734314
0.9036,0.9,0.1065,0.8968803462779684,0.8971494103818518,0.0003,2087218,1.145221964644226,1.5872249582576536,13.667880058288574
0.9036,0.9,0.107,0.8962092235480488,0.8964780863151132,0.0003,2227918,1.1481435863158598,1.585891760277118,14.070196866989136
0.9036,0.9,0.1075,0.8955362135899255,0.8958048744540025,0.0003,1747938,1.15105509856498,1.5845570263999904,13.549149751663208
0.9036,0.9,0.108,0.8948613145479487,0.8951297729423131,0.0003,1797968,1.1539563533958728,1.5832206479768562,13.725438833236694
0.9036,0.9,0.1085,0.8941845245630156,0.8944527799203844,0.0003,1818414,1.156847433132841,1.581883517937009,13.615966081619264
0.9036,0.9,0.109,0.8935058417728953,0.8937738935254271,0.0003,1838960,1.1597294523051924,1.5805450101132132,13.668786525726318
0.9036,0.9,0.1095,0.89282526431251,0.8930931118918037,0.0003,1727296,1.1626008774595111,1.5792047166794314,13.822892665863035
0.9036,0.9,0.11,0.8921427903142539,0.8924104331513482,0.0003,1944764,1.1654640696544294,1.5778635905968927,13.62052607536316
0.9036,0.9,0.1105,0.8914584179082233,0.8917258554335957,0.0003,1993586,1.1683165875242494,1.5765209526696284,14.208749055862429
0.9036,0.9,0.111,0.8907721452224554,0.8910393768660221,0.0003,1801258,1.1711600154597324,1.5751770848984157,14.029163599014282
0.9036,0.9,0.1115,0.8900839703832677,0.8903509955743827,0.0003,1812528,1.173994026655072,1.5738314331384953,14.09375786781311
0.9036,0.9,0.112,0.8893938915153683,0.8896607096828228,0.0003,2088526,1.1768196929911858,1.5724845447946287,14.339802503585815
0.9036,0.9,0.1125,0.8887019067421627,0.8889685173141852,0.0003,1712652,1.1796352961797414,1.5711361458508968,14.005667448043823
0.9036,0.9,0.113,0.8880080141859517,0.8882744165902074,0.0003,1773366,1.1824438630437242,1.5697863305393005,14.151773691177368
0.9036,0.9,0.1135,0.8873122119680918,0.8875784056316822,0.0003,1847560,1.185241815399589,1.5684344076766363,13.995639085769652
0.9036,0.9,0.114,0.8866144982092421,0.8868804825587049,0.0003,2016140,1.1880326939461576,1.5670817664825607,14.303301334381104
0.9036,0.9,0.1145,0.8859148710294269,0.8861806454907357,0.0003,1923908,1.1908138197106712,1.5657272191704796,14.33902072906494
0.9036,0.9,0.115,0.8852133285483309,0.8854788925468954,0.0003,1842204,1.1935876954288571,1.5643709343367682,13.95317792892456
0.9036,0.9,0.1155,0.8845098688853893,0.8847752218460548,0.0003,1903804,1.196353008016232,1.5630137596815523,14.46006464958191
0.9036,0.9,0.116,0.8838044901599088,0.8840696315069567,0.0003,1617736,1.199110071061796,1.5616540356014803,14.16311001777649
0.9036,0.9,0.1165,0.8830971904911596,0.8833621196483069,0.0003,1707256,1.2018597026771136,1.5602936882910443,14.393427848815918
0.9036,0.9,0.117,0.882387967998706,0.8826526843891056,0.0003,1718984,1.204601109961988,1.5589303848420404,14.239664554595947
0.9036,0.9,0.1175,0.8816768208021192,0.8819413238483598,0.0003,1738448,1.2073350256092013,1.5575665035741326,14.572086572647097
0.9036,0.9,0.118,0.8809637470214452,0.8812280361455516,0.0003,1867142,1.2100618878780756,1.5562003303573817,14.736877202987673
0.9036,0.9,0.1185,0.880248744777063,0.8805128194004962,0.0003,1733646,1.2127800786356715,1.5548321785083694,14.435044288635254
0.9036,0.9,0.119,0.8795318121898663,0.8797956717335232,0.0003,1909876,1.2154914646290085,1.5534628453426624,15.089314699172974
0.9036,0.9,0.1195,0.8788129473812063,0.8790765912654206,0.0003,1925298,1.2181956054876315,1.5520916656685957,15.045762062072754
0.9036,0.9,0.12,0.8780921484730744,0.8783555761176163,0.0003,1625892,1.2208929799844634,1.5507184873697066,14.384626865386965
0.9036,0.9,0.1205,0.8773694135879923,0.8776326244120686,0.0003,1989456,1.2235829208754496,1.549343502435561,14.8012535572052
0.9036,0.9,0.121,0.8766447408491684,0.8769077342714232,0.0003,1838234,1.2262665162157698,1.54796659433326,14.865715980529783
0.9036,0.9,0.1215,0.8759181283803882,0.8761809038189022,0.0003,1860156,1.2289432227467532,1.5465879309057824,14.822312593460085
0.9036,0.9,0.122,0.8751895743060999,0.8754521311783917,0.0003,1872014,1.231613429951781,1.545207354793631,14.669557332992554
0.9036,0.9,0.1225,0.8744590767513636,0.874721414474389,0.0003,1839750,1.2342768586821466,1.5438248661819125,14.844180822372437
0.9036,0.9,0.123,0.8737266338418465,0.873988751831999,0.0003,1756178,1.2369338619943575,1.5424405203718723,14.774171829223633
0.9036,0.9,0.1235,0.8729922437037653,0.8732541413768764,0.0003,1689800,1.239584365408542,1.5410542677897925,14.677392959594728
0.9036,0.9,0.124,0.8722559044639024,0.8725175812352416,0.0003,1824272,1.2422293759796363,1.5396658821628877,15.105140209197998
0.9036,0.9,0.1245,0.8715176142494501,0.8717790695337249,0.0003,1770356,1.2448678063242518,1.5382755108191468,14.714175939559937
0.9036,0.9,0.125,0.8707773711880641,0.8710386043994205,0.0003,1725790,1.2475005336411378,1.5368833999120926,14.356055498123167
0.9036,0.9,0.1255,0.8700351734076903,0.8702961839597126,0.0003,2041342,1.2501281714514534,1.5354893260577072,14.832712411880491
0.9036,0.9,0.126,0.8692910190365938,0.8695518063423048,0.0003,1757998,1.2527492686233743,1.5340928460314238,14.27949070930481
0.9036,0.9,0.1265,0.8685449062031265,0.8688054696749874,0.0003,1651626,1.2553645740459447,1.53269393960236,13.910309314727783
0.9036,0.9,0.127,0.8677968330357154,0.8680571720856262,0.0003,1538258,1.2579746459468468,1.531293295310889,13.833367109298706
0.9036,0.9,0.1275,0.8670467976627657,0.8673069117020645,0.0003,1642972,1.2605798274825724,1.5298907277394995,13.709782361984251
0.9036,0.9,0.128,0.8662947982124893,0.866554686651953,0.0003,1842538,1.2631790195185866,1.5284862291327328,14.140965461730955
0.9036,0.9,0.1285,0.8655408328127627,0.8658004950626065,0.0003,1711916,1.2657734122151354,1.527079348180321,14.225897312164308
0.9036,0.9,0.129,0.864784899591069,0.8650443350609462,0.0003,1725934,1.2683625104583645,1.5256699049603275,13.970012426376345
0.9036,0.9,0.1295,0.8640269966742545,0.8642862047732568,0.0003,1813744,1.2709473332980037,1.5242588731970452,13.816027879714966
0.9036,0.9,0.13,0.8632671221884519,0.8635261023251084,0.0003,1532582,1.2735261049791662,1.5228450543575995,13.64722776412964
0.9036,0.9,0.1305,0.8625052742588466,0.8627640258411242,0.0003,1618942,1.2761013568083888,1.5214291416908796,13.83271026611328
0.9036,0.9,0.131,0.8617414510095958,0.8619999734448986,0.0003,1773428,1.278672040604394,1.5200116858588644,14.105467081069946
0.9036,0.9,0.1315,0.8609756505635041,0.8612339432586731,0.0003,1868316,1.2812375350177734,1.5185915670178165,14.140017032623293
0.9036,0.9,0.132,0.8602078710420195,0.860465933403332,0.0003,1852674,1.2837992636825106,1.5171687406475527,14.32467269897461
0.9036,0.9,0.1325,0.859438110564834,0.8596959419980034,0.0003,1707118,1.2863561905582603,1.515743734285322,14.410339832305908
0.9036,0.9,0.133,0.8586663672498589,0.8589239671600338,0.0003,1710250,1.2889085709614674,1.5143167462725482,14.710855960845947
0.9036,0.9,0.1335,0.8578926392128998,0.8581500070046637,0.0003,1505328,1.2914580400446698,1.5128871385482991,13.945342540740969
0.9036,0.9,0.134,0.8571169245674869,0.8573740596448571,0.0003,1768298,1.294003206188204,1.5114556234673762,14.832330226898192
0.9036,0.9,0.1345,0.8563392214246459,0.8565961231910733,0.0003,1786552,1.2965440943845887,1.5100210657251247,14.843765020370483
0.9036,0.9,0.135,0.8555595278926275,0.8558161957509952,0.0003,1495836,1.2990816055591423,1.5085849090404717,14.408777475357056
0.9036,0.9,0.1355,0.8547778420767318,0.8550342754293548,0.0003,1607058,1.3016151044595707,1.5071458834833222,14.69946265220642
0.9036,0.9,0.136,0.8539941620789965,0.8542503603276201,0.0003,1674428,1.3041455143189222,1.505704173002003,14.79133653640747
0.9036,0.9,0.1365,0.8532084859979527,0.8534644485437521,0.0003,1936964,1.306671255445259,1.5042604232498584,14.652804851531982
0.9036,0.9,0.137,0.852420811928469,0.8526765381720475,0.0003,1868048,1.309194921513695,1.5028140685813136,14.552931785583496
0.9036,0.9,0.1375,0.8516311379613009,0.8518866273026893,0.0003,1477812,1.3117154150481336,1.5013654640622212,13.922792673110962
0.9036,0.9,0.138,0.8508394621829853,0.8510947140216402,0.0003,1643862,1.314233421538331,1.4999142221685655,13.916886806488035
0.9036,0.9,0.1385,0.8500457826754806,0.8503007964102832,0.0003,1678570,1.3167475442224237,1.4984604459793536,14.024214267730711
0.9036,0.9,0.139,0.8492500975159102,0.8495048725451649,0.0003,1663916,1.319257928982572,1.4970039477898398,15.380762338638306
0.9036,0.9,0.1395,0.8484524047762168,0.8487069404976496,0.0003,1875638,1.3217669843882756,1.4955448012340802,13.995194673538208
0.9036,0.9,0.14,0.8476527025230136,0.8479069983337705,0.0003,1683064,1.3242727038329027,1.4940837031978211,13.708340883255005
0.9036,0.9,0.1405,0.8468509888170629,0.847105044113708,0.0003,1962082,1.3267755136744106,1.4926199205235653,14.393787145614624
0.9036,0.9,0.141,0.8460472617131917,0.8463010758917056,0.0003,1638076,1.3292770203762496,1.4911534271535187,13.47861123085022
0.9036,0.9,0.1415,0.8452415192599042,0.8454950917156822,0.0003,1564792,1.3317745317691998,1.48968370860343,13.377711534500122
0.9036,0.9,0.142,0.8444337594989371,0.8446870896267867,0.0003,1874832,1.3342706528368928,1.4882119856961773,13.768864870071411
0.9036,0.9,0.1425,0.843623980465127,0.8438770676592665,0.0003,1614618,1.336764638590468,1.4867378656681094,13.814697265625
0.9036,0.9,0.143,0.8428121801860142,0.84306502384007,0.0003,1614322,1.3392554692265255,1.4852605631763818,13.90592074394226
0.9036,0.9,0.1435,0.8419983566814823,0.8422509561884867,0.0003,1595630,1.3417455159598883,1.4837805552829004,13.605390548706056
0.9036,0.9,0.144,0.8411825079635086,0.8414348627158976,0.0003,1706312,1.3442338499195268,1.482298318435379,13.741063356399536
0.9036,0.9,0.1445,0.8403646320357003,0.8406167414253111,0.0003,1778772,1.3467193445681165,1.4808132490183603,13.59880781173706
0.9036,0.9,0.145,0.8395447268930477,0.8397965903111156,0.0003,1700512,1.3492042926193784,1.47932570851352,14.160417079925535
0.9036,0.9,0.1455,0.8387227905215898,0.8389744073587463,0.0003,1388722,1.351686030801079,1.4778346134138531,13.06972336769104
0.9036,0.9,0.146,0.8378988208980421,0.8381501905443115,0.0003,1537996,1.3541682939288586,1.4763416020044935,13.790258646011353
0.9036,0.9,0.1465,0.8370728159893224,0.8373239378341192,0.0003,1647554,1.3566484528972844,1.4748457540296644,14.41925811767578
0.9036,0.9,0.147,0.8362447737524409,0.8364956471845666,0.0003,1834218,1.3591272763948683,1.4733467233958035,13.85053825378418
0.9036,0.9,0.1475,0.8354146921339327,0.8356653165415728,0.0003,1992556,1.3616035977876122,1.471844982063937,14.974092721939089
0.9036,0.9,0.148,0.8345825690695375,0.8348329438402584,0.0003,1671662,1.3640797475852329,1.470340365502511,13.606372356414797
0.9036,0.9,0.1485,0.833748402483938,0.8339985270046831,0.0003,1529976,1.366555208798614,1.468833299316861,13.80268669128418
0.9036,0.9,0.149,0.8329121902902216,0.8331620639473086,0.0003,1528468,1.3690302612008545,1.4673230645099598,13.641464471817017
0.9036,0.9,0.1495,0.8320739303896655,0.8323235525687823,0.0003,1704292,1.3715036411235584,1.465810336366113,13.98169493675232
0.9036,0.9,0.15,0.8312336206712172,0.8314829907574185,0.0003,1706976,1.3739769198521632,1.464294707075276,14.162811040878296
0.9036,0.9,0.1505,0.8303912590112303,0.8306403763889337,0.0003,1751012,1.376448955895604,1.4627761046806411,14.030116081237791
0.9036,0.9,0.151,0.8295468432730349,0.8297957073260167,0.0003,1737492,1.3789211986604406,1.4612543307933767,13.980388164520264
0.9036,0.9,0.1515,0.8287003713064947,0.8289489814178865,0.0003,1795850,1.3813927120776517,1.4597297324908949,14.123122453689575
0.9036,0.9,0.152,0.8278518409477537,0.828100196500038,0.0003,1710472,1.383863097146383,1.4582024247742122,13.953595399856567
0.9036,0.9,0.1525,0.8270012500186582,0.8272493503936638,0.0003,1810722,1.3863339752243706,1.4566719575146176,14.11916708946228
0.9036,0.9,0.153,0.8261485963265826,0.8263964409054805,0.0003,1949438,1.3888053856032152,1.4551392335105455,13.934923648834229
0.9036,0.9,0.1535,0.8252938776638006,0.8255414658270996,0.0003,1803374,1.391275631872511,1.4536030017031265,13.646785259246826
0.9036,0.9,0.154,0.8244370918072569,0.824684422934799,0.0003,1851348,1.3937462087476584,1.452063673529982,13.77138638496399
0.9036,0.9,0.1545,0.8235782365180843,0.8238253099890397,0.0003,1633714,1.3962181209096278,1.4505214622035485,13.75664234161377
0.9036,0.9,0.155,0.822717309541229,0.8229641247340913,0.0003,1763246,1.3986884901607546,1.448976170572357,13.916021347045898
0.9036,0.9,0.1555,0.8218543086050487,0.8221008648976302,0.0003,1506798,1.4011608785338685,1.4474283418929852,13.52895212173462
0.9036,0.9,0.156,0.8209892314208094,0.8212355281902356,0.0003,1871146,1.4036330625639,1.445877243741052,13.920341730117798
0.9036,0.9,0.1565,0.8201220756824187,0.8203681123051234,0.0003,1444572,1.4061052006200474,1.4443230967100864,13.317580938339232
0.9036,0.9,0.157,0.8192528390658932,0.8194986149176129,0.0003,1959252,1.4085787103479543,1.4427659797493004,14.191706895828249
0.9036,0.9,0.1575,0.818381519228982,0.8186270336847506,0.0003,1591686,1.411052267000195,1.4412058590877728,13.443711042404177
0.9036,0.9,0.158,0.8175081138108775,0.8177533662450207,0.0003,1727426,1.413527796990126,1.439642122744474,13.434803009033203
0.9036,0.9,0.1585,0.8166326204314283,0.8168776102175577,0.0003,1958614,1.4160035912937414,1.4380756962201435,13.758436441421509
0.9036,0.9,0.159,0.8157550366910991,0.8159997632021063,0.0003,1454122,1.4184798437842527,1.43650640460801,13.11758518218994
0.9036,0.9,0.1595,0.8148753601703957,0.8151198227784469,0.0003,1650230,1.420956961927609,1.4349336113886988,13.618619918823242
0.9036,0.9,0.16,0.8139935884294278,0.8142377865059566,0.0003,1792218,1.423437662987264,1.4333575699046606,13.509323835372925
0.9036,0.9,0.1605,0.8131097190074423,0.8133536519231446,0.0003,1736674,1.4259172094787491,1.4317785534723255,13.506734371185305
0.9036,0.9,0.161,0.8122237494224274,0.8124674165472541,0.0003,1539866,1.428398686816532,1.430196615170766,13.054147243499756
0.9036,0.9,0.1615,0.81133567717072,0.8115790778738712,0.0003,1448332,1.430882850110446,1.4286115827184604,12.81827163696289
0.9036,0.9,0.162,0.8104454997265139,0.8106886333764318,0.0003,1740014,1.4333664396751735,1.4270229955633558,13.130353927612305
0.9036,0.9,0.1625,0.8095532145414787,0.8097960805058411,0.0003,1554842,1.435854154179111,1.4254315062276186,12.81717848777771
0.9036,0.9,0.163,0.8086588190441157,0.808901416689829,0.0003,1699306,1.4383410229259233,1.4238367718232154,12.709766864776611
0.9036,0.9,0.1635,0.8077623106397864,0.8080046393329784,0.0003,1518770,1.4408328988051582,1.4222387887147503,12.788763523101808
0.9036,0.9,0.164,0.8068636867095886,0.8071057458156015,0.0003,1546510,1.4433248607358875,1.4206373973490185,13.050368785858154
0.9036,0.9,0.1645,0.8059629446104766,0.8062047334938597,0.0003,1891784,1.4458190142969276,1.419033078828623,13.049930572509766
0.9036,0.9,0.165,0.8050600816745666,0.8053015996990689,0.0003,1776558,1.4483155999073645,1.4174254292734372,12.966034889221191
0.9036,0.9,0.1655,0.8041550952086931,0.8043963417372557,0.0003,1698780,1.4508148399430216,1.415814662698323,12.85127091407776
0.9036,0.9,0.166,0.8032479824941263,0.8034889568888746,0.0003,1613492,1.453315001747126,1.4142002740004254,13.67095422744751
0.9036,0.9,0.1665,0.8023387407857339,0.8025794424079695,0.0003,1567846,1.455817870954591,1.412582759283029,12.988674879074097
0.9036,0.9,0.167,0.8014273673119453,0.8016677955221388,0.0003,1665180,1.458324582789534,1.410961716687848,12.18139386177063
0.9036,0.9,0.1675,0.8005138592740371,0.8007540134318193,0.0003,1393980,1.4608327045807663,1.4093378074756673,11.827072858810425
0.9036,0.9,0.168,0.7995982138457431,0.7998380933098969,0.0003,1731794,1.463343433795979,1.4077102514159716,11.998753547668455
0.9036,0.9,0.1685,0.7986804281727885,0.7989200323012403,0.0003,1924074,1.4658574322933993,1.4060792107183115,12.339463233947754
0.9036,0.9,0.169,0.7977604993724602,0.7979998275222719,0.0003,1789704,1.4683752416680278,1.4044452785320751,12.30331039428711
0.9036,0.9,0.1695,0.7968384245330336,0.7970774760603935,0.0003,1675480,1.470894563482235,1.4028080514322083,12.060280561447144
0.9036,0.9,0.17,0.7959142007133432,0.7961529749735572,0.0003,1535598,1.4734166554629349,1.401167179825337,11.556538820266724
0.9036,0.9,0.1705,0.7949878249424998,0.7952263212899825,0.0003,1521956,1.4759433289666437,1.3995228139193332,11.982061862945557
0.9036,0.9,0.171,0.794059294219004,0.7942975120072697,0.0003,1965504,1.4784733582163148,1.397875553452108,12.349377155303957
0.9036,0.9,0.1715,0.7931286055106493,0.7933665440923026,0.0003,1581428,1.481006842919538,1.3962244942711897,11.90274214744568
0.9036,0.9,0.172,0.7921957557538581,0.7924334144805842,0.0003,1717014,1.4835432553257573,1.3945700125587388,11.882596731185911
0.9036,0.9,0.1725,0.7912607418532611,0.7914981200758171,0.0003,1766634,1.4860828597594653,1.3929123033602504,12.210478067398071
0.9036,0.9,0.173,0.7903235606811245,0.7905606577493288,0.0003,1528026,1.4886253326165635,1.3912510941778031,11.726361274719238
0.9036,0.9,0.1735,0.7893842090770267,0.7896210243397498,0.0003,1800874,1.491173194117037,1.3895864058923095,12.110990524291992
0.9036,0.9,0.174,0.7884426838471341,0.7886792166522882,0.0003,1749916,1.4937239022631894,1.387917831958838,12.263828754425049
0.9036,0.9,0.1745,0.7874989817639552,0.7877352314584843,0.0003,1466486,1.4962789086835735,1.3862465265205433,12.19063115119934
0.9036,0.9,0.175,0.7865530995656107,0.7867890654954803,0.0003,1860682,1.4988375799236802,1.3845715064338449,12.080437183380129
0.9036,0.9,0.1755,0.7856050339555711,0.7858407154657577,0.0003,1667424,1.5014007621628176,1.3828927898954575,12.339861631393433
0.9036,0.9,0.176,0.7846547816019275,0.784890178036408,0.0003,1715596,1.503969040314327,1.381210554961437,12.122484922409058
0.9036,0.9,0.1765,0.7837023391370299,0.783937449838771,0.0003,1590008,1.5065410452304524,1.3795249946104022,12.128517627716064
0.9036,0.9,0.177,0.7827477031569703,0.7829825274679173,0.0003,1796934,1.5091168926697602,1.377835941335571,12.419440746307371
0.9036,0.9,0.1775,0.7817908702209726,0.7820254074820389,0.0003,1528530,1.5116970255774198,1.3761431224975729,11.979279279708862
0.9036,0.9,0.178,0.7808318368509995,0.7810660864020548,0.0003,1484774,1.5142816430008308,1.3744469911251636,12.037862300872805
0.9036,0.9,0.1785,0.7798705995311656,0.7801045607110249,0.0003,1683220,1.5168712898423122,1.3727470898288867,12.00836968421936
0.9036,0.9,0.179,0.7789071547072605,0.7791408268536726,0.0003,1573802,1.5194672864697216,1.3710437248155374,12.005511045455933
0.9036,0.9,0.1795,0.7779414987861808,0.7781748812358166,0.0003,1614140,1.5220655585245524,1.369336825721465,12.197494268417358
0.9036,0.9,0.18,0.776973628135416,0.7772067202238566,0.0003,1776064,1.5246713105966627,1.3676265709253537,12.443665027618408
0.9036,0.9,0.1805,0.7760035390825258,0.7762363401442506,0.0003,1792624,1.5272804229689247,1.3659125062112318,12.640358209609984
0.9036,0.9,0.181,0.7750312279146486,0.775263737283023,0.0003,1857792,1.5298955440492972,1.3641945613519475,12.517274618148804
0.9036,0.9,0.1815,0.7740566908778624,0.7742889078851257,0.0003,1543768,1.5325146906652232,1.362473168995773,12.315454721450806
0.9036,0.9,0.182,0.7730799241767724,0.7733118481540254,0.0003,1802830,1.5351402851605944,1.3607479319168485,12.706082820892334
0.9036,0.9,0.1825,0.7721009239738397,0.7723325542510318,0.0003,1595804,1.537770785811572,1.359019155676209,12.603670358657835
0.9036,0.9,0.183,0.7711196863889742,0.7713510222948908,0.0003,2012240,1.5404082259205565,1.3572869132416852,13.180347204208374
0.9036,0.9,0.1835,0.7701362074988177,0.7703672483610673,0.0003,1964516,1.5430493697871046,1.3555510640466866,13.142328023910522
0.9036,0.9,0.184,0.7691504833363605,0.7693812284813614,0.0003,1853250,1.5456974083277957,1.3538113203255202,12.613410472869871
0.9036,0.9,0.1845,0.7681625098902313,0.7683929586431983,0.0003,1472610,1.5483520396361985,1.3520678414381535,12.25118374824524
0.9036,0.9,0.185,0.7671722831042352,0.7674024347891665,0.0003,1395390,1.55101052199905,1.3503207404985638,12.35631251335144
0.9036,0.9,0.1855,0.7661797988767779,0.7664096528164409,0.0003,1682856,1.553676532793245,1.3485696280217094,12.836168050765991
0.9036,0.9,0.186,0.7651850530602148,0.7654146085761329,0.0003,2226740,1.5563491441360138,1.3468152552161556,13.210686683654783
0.9036,0.9,0.1865,0.7641880414603641,0.7644172978728022,0.0003,1435066,1.5590263140859943,1.3450568589277665,12.493671417236328
0.9036,0.9,0.187,0.7631887598358725,0.7634177164638233,0.0003,1644868,1.5617113308115265,1.3432950494399267,12.668743133544922
0.9036,0.9,0.1875,0.7621872038977445,0.7624158600589138,0.0003,1597980,1.564402495475502,1.3415289976745457,12.849138021469116
0.9036,0.9,0.188,0.7611833693085093,0.7614117243193018,0.0003,2193922,1.5670996570592028,1.3397592731695565,13.65827465057373
0.9036,0.9,0.1885,0.7601772516818694,0.760405304857374,0.0003,1943792,1.5698042799232397,1.337985840761078,13.561471700668337
0.9036,0.9,0.189,0.7591688465820111,0.7593965972359857,0.0003,1723904,1.5725151746528807,1.3362084613651726,13.08764147758484
0.9036,0.9,0.1895,0.758158149522963,0.7583855969678198,0.0003,2034976,1.5752327855583874,1.3344275082890198,13.197603940963743
0.9036,0.9,0.19,0.7571451559680543,0.7573722995148447,0.0003,1849044,1.5779575575419602,1.3326421303105838,13.34338903427124
0.9036,0.9,0.1905,0.7561298613292976,0.7563567002876964,0.0003,1872442,1.580689313033326,1.330853481992994,13.229891300201416
0.9036,0.9,0.191,0.7551122609666604,0.7553387946449504,0.0003,2095942,1.583428433786064,1.3290609276593903,13.181695222854614
0.9036,0.9,0.1915,0.7540923501875815,0.7543185778926377,0.0003,1768930,1.5861737886108929,1.32726427634537,13.43742299079895
0.9036,0.9,0.192,0.7530701242462677,0.7532960452835415,0.0003,1792600,1.5889274976310233,1.3254637691594933,13.17918086051941
0.9036,0.9,0.1925,0.7520455783430985,0.7522711920166014,0.0003,2289574,1.5916884970176817,1.3236594794235028,13.702905178070068
0.9036,0.9,0.193,0.7510187076239538,0.751244013236241,0.0003,1730424,1.5944579549447484,1.3218516811340904,13.116984128952026
0.9036,0.9,0.1935,0.7499895071794876,0.7502145040316415,0.0003,1911296,1.597234560815465,1.3200397075804295,13.586154699325562
0.9036,0.9,0.194,0.7489579720446675,0.7491826594362809,0.0003,1909628,1.6000177526278228,1.318223602378062,13.43982481956482
0.9036,0.9,0.1945,0.7479240971979808,0.7481484744271402,0.0003,1800736,1.6028102988334798,1.3164033001999706,13.088233947753906
0.9036,0.9,0.195,0.7468878775607235,0.7471119439239917,0.0003,1826736,1.6056109668579817,1.3145793174571554,13.2610981464386
0.9036,0.9,0.1955,0.7458493079965091,0.746073062788908,0.0003,1932368,1.6084192149561845,1.312751510698,13.571651220321655
0.9036,0.9,0.196,0.7448083833103777,0.7450318258253708,0.0003,2027074,1.611234761704923,1.3109195762224353,13.350350856781006
0.9036,0.9,0.1965,0.7437650982482569,0.7439882277777313,0.0003,1740292,1.614060828821901,1.3090837506854287,12.805691957473757
0.9036,0.9,0.197,0.7427194474962449,0.7429422633304937,0.0003,1844628,1.6168931303052954,1.3072438881521855,13.209522485733032
0.9036,0.9,0.1975,0.741671425679829,0.741893927107533,0.0003,1532414,1.6197352953121351,1.30539990983606,12.656998872756958
0.9036,0.9,0.198,0.7406210273632688,0.7408432136714778,0.0003,1940724,1.6225864153778362,1.3035519296762077,13.30907130241394
0.9036,0.9,0.1985,0.7395682470488452,0.7397901175229598,0.0003,1948264,1.625444652172331,1.3016996449227012,13.355188369750977
0.9036,0.9,0.199,0.7385130791762582,0.7387346331000111,0.0003,2072058,1.628313509698769,1.2998442653187854,13.352919816970823
0.9036,0.9,0.1995,0.7374555181215813,0.7376767547770178,0.0003,1753028,1.6311909731175858,1.297983977750844,13.25328016281128
0.9036,0.9,0.2,0.7363955581968179,0.7366164768642769,0.0003,1432982,1.634077661324183,1.2961195513672237,12.630281925201416
0.9036,0.9,0.2005,0.7353331936491244,0.7355537936072192,0.0003,1617082,1.63697266219214,1.2942511577324043,12.83405351638794
0.9036,0.9,0.201,0.734268418659909,0.734488699185507,0.0003,1822004,1.6398783002415875,1.2923786805059054,12.720180749893188
0.9036,0.9,0.2015,0.7332012273442683,0.7334211877124716,0.0003,1715260,1.6427924177730806,1.2905021977297948,12.518099308013916
0.9036,0.9,0.202,0.7321316137499759,0.7323512532341009,0.0003,2011640,1.645715927245071,1.288621704879157,12.99353814125061
0.9036,0.9,0.2025,0.7310595718569244,0.7312788897284814,0.0003,1871484,1.6486501166264926,1.286736957798542,12.94066834449768
0.9036,0.9,0.203,0.7299850955762174,0.7302040911048903,0.0003,1733110,1.6515930631496871,1.2848478360381292,12.6832275390625
0.9036,0.9,0.2035,0.728908178749462,0.7291268512030868,0.0003,2242932,1.6545476487428863,1.282954584043455,13.207491397857666
0.9036,0.9,0.204,0.7278288151477968,0.7280471637923411,0.0003,1870446,1.6575112790770896,1.2810572829099476,12.63401460647583
0.9036,0.9,0.2045,0.7267469984712635,0.7269650225708048,0.0003,2192434,1.6604846770832102,1.2791557622036465,12.7589910030365
0.9036,0.9,0.205,0.7256627223479438,0.7258804211646481,0.0003,1496252,1.663468837477331,1.2772497593422694,12.313360214233398
0.9036,0.9,0.2055,0.7245759803329725,0.7247933531270724,0.0003,2121362,1.666463968360774,1.275339595491228,12.773783683776855
0.9036,0.9,0.206,0.7234867659078783,0.7237038119376507,0.0003,2216216,1.6694689825224578,1.2734253184508102,12.945293664932253
0.9036,0.9,0.2065,0.7223950724796342,0.7226117910013781,0.0003,2163582,1.6724838964398494,1.271506486354617,12.918297290802002
0.9036,0.9,0.207,0.7213008933798305,0.7215172836478444,0.0003,2226006,1.6755114085817129,1.269583974378286,12.906293869018556
0.9036,0.9,0.2075,0.7202042218637893,0.7204202831303484,0.0003,1580464,1.6785481257962285,1.267656447486437,12.626147508621216
0.9036,0.9,0.208,0.7191050511096265,0.7193207826249594,0.0003,2114880,1.6815969284675092,1.265724900294218,12.765658378601074
0.9036,0.9,0.2085,0.7180033742174242,0.7182187752296895,0.0003,2150886,1.6846576874641168,1.2637891307774118,13.012853622436523
0.9036,0.9,0.209,0.7168991842082028,0.7171142539634652,0.0003,1959962,1.6877274910736446,1.2618484602923024,12.342499256134031
0.9036,0.9,0.2095,0.715792474023401,0.716007211765608,0.0003,2503064,1.6908103247676576,1.259904220756506,12.914610385894775
0.9036,0.9,0.21,0.714683236523205,0.7148976414941619,0.0003,2118168,1.6939045515888598,1.257955306565096,12.54749035835266
0.9036,0.9,0.2105,0.713571464486297,0.7137855359256429,0.0003,1931612,1.6970105794730297,1.2560020903979985,12.36994743347168
0.9036,0.9,0.211,0.712457150608538,0.7126708877537206,0.0003,1805854,1.7001289084182187,1.2540447306172562,11.97569990158081
0.9036,0.9,0.2115,0.7113402875020989,0.7115536895883495,0.0003,2361280,1.7032588356731442,1.252082784762503,13.15985655784607
0.9036,0.9,0.212,0.7102208676946125,0.7104339339549208,0.0003,2111164,1.7064001812980214,1.2501157653334471,12.611931562423706
0.9036,0.9,0.2125,0.7090988836277489,0.7093116132928372,0.0003,1997272,1.709555636962914,1.24814474394889,12.426881313323976
0.9036,0.9,0.213,0.707974327656703,0.7081867199549999,0.0003,1793842,1.7127220394914844,1.2461692210852289,12.283991575241089
0.9036,0.9,0.2135,0.7068471920488767,0.7070592462064913,0.0003,2440086,1.7159011693735426,1.2441891149784006,13.234355926513672
0.9036,0.9,0.214,0.7057174689829958,0.7059291842236907,0.0003,1837616,1.7190928120516635,1.2422048406092965,12.338542699813845
0.9036,0.9,0.2145,0.7045851505478684,0.7047965260930328,0.0003,1952370,1.7222976065622524,1.240215759591038,12.547229290008543
0.9036,0.9,0.215,0.7034502287415229,0.7036612638101453,0.0003,1765276,1.725515309103323,1.238222158033941,12.044188737869264
0.9036,0.9,0.2155,0.7023126954700423,0.7025233892786833,0.0003,2231936,1.72874575522961,1.2362240784902534,12.85347819328308
0.9036,0.9,0.216,0.701172542546387,0.7013828943091508,0.0003,2542624,1.7319890991148612,1.2342218299671135,13.77433180809021
0.9036,0.9,0.2165,0.7000297616894782,0.700239770617985,0.0003,2214550,1.7352468906814853,1.2322145214927451,13.34001922607422
0.9036,0.9,0.217,0.6988843445228129,0.6990940098261698,0.0003,2649964,1.738517651536681,1.230202235302437,14.155022859573364
0.9036,0.9,0.2175,0.697736282573595,0.6979456034583671,0.0003,1714134,1.741801618823187,1.22818595448416,12.894454956054688
0.9036,0.9,0.218,0.6965855672712613,0.6967945429414427,0.0003,2555270,1.7450999167912895,1.2261653298430766,13.512502431869509
0.9036,0.9,0.2185,0.6954321899468552,0.6956408196038392,0.0003,2185188,1.748413886325272,1.2241394171219238,13.36117148399353
0.9036,0.9,0.219,0.6942761418309572,0.6944844246735065,0.0003,2101966,1.7517396850542435,1.2221085644506264,13.335694074630736
0.9036,0.9,0.2195,0.6931174140533302,0.6933253492775462,0.0003,2143882,1.7550813954887956,1.2200735789794388,13.233798503875732
0.9036,0.9,0.22,0.6919559976412116,0.692163584440504,0.0003,2439538,1.7584365657842478,1.2180340694562488,13.841020584106444
0.9036,0.9,0.2205,0.6907918835182097,0.6909991210832652,0.0003,2266024,1.7618062000410604,1.2159895006157653,13.58375883102417
0.9036,0.9,0.221,0.6896250625030138,0.6898319500217647,0.0003,2021474,1.7651914961098472,1.2139397182461404,13.256497383117676
0.9036,0.9,0.2215,0.688455525308196,0.6886620619657884,0.0003,2102016,1.7685922225304165,1.211886133412479,13.450589418411257
0.9036,0.9,0.222,0.6872832625386672,0.6874894475174288,0.0003,2405478,1.772006743556265,1.209827174469371,13.766507863998411
0.9036,0.9,0.2225,0.6861082646905963,0.6863140971700035,0.0003,2726002,1.775437243074023,1.207763531873896,14.19026231765747
0.9036,0.9,0.223,0.6849305221499845,0.6851360013066294,0.0003,2377910,1.778883013333856,1.2056950734416043,13.845511198043823
0.9036,0.9,0.2235,0.6837500251912783,0.6839551501988356,0.0003,2515356,1.782344470831208,1.2036218498961957,13.969088554382324
0.9036,0.9,0.224,0.6825667639759812,0.6827715340051739,0.0003,2102312,1.785820716214976,1.2015435441174542,13.270244121551514
0.9036,0.9,0.2245,0.6813807285513006,0.6815851427698659,0.0003,2075282,1.7893148240156245,1.1994607764517615,13.397457361221312
0.9036,0.9,0.225,0.6801919088486238,0.6803959664212783,0.0003,2449156,1.7928240382054748,1.1973728957401324,13.988830089569092
0.9036,0.9,0.2255,0.6790002946821527,0.6792039947705574,0.0003,2183704,1.7963500089162008,1.1952800653642808,13.19693660736084
0.9036,0.9,0.226,0.6778058757473745,0.6780092175100987,0.0003,2114644,1.7998908270085383,1.1931821637013644,13.20423984527588
0.9036,0.9,0.2265,0.6766086416196322,0.676811624212118,0.0003,2240344,1.803450961554072,1.1910794531935935,13.315055131912231
0.9036,0.9,0.227,0.6754085817524607,0.6756112043269864,0.0003,2099048,1.807026141192352,1.1889716057356212,13.469703674316406
0.9036,0.9,0.2275,0.6742056854761734,0.6744079471818163,0.0003,1823254,1.8106191873395687,1.186858768007304,12.926120519638062
0.9036,0.9,0.228,0.672999941996297,0.6732018419788959,0.0003,2603926,1.8142289246849967,1.184741110582432,13.621442794799805
0.9036,0.9,0.2285,0.671791340391809,0.6719928777939265,0.0003,2379660,1.817856484245688,1.182618738256357,13.633283138275146
0.9036,0.9,0.229,0.6705798696137316,0.6707810435746158,0.0003,2137068,1.8215010805860408,1.1804906981579075,13.033395767211914
0.9036,0.9,0.2295,0.6693655184832928,0.6695663281388378,0.0003,2507664,1.8251643821415384,1.178357576653513,12.971138954162598
0.9036,0.9,0.23,0.6681482756903497,0.6683487201730568,0.0003,2188706,1.828845452191234,1.176219461614571,12.105982065200806
0.9036,0.9,0.2305,0.6669281297916778,0.6671282082306152,0.0003,2292040,1.832543811446084,1.1740762872845076,12.759376049041748
0.9036,0.9,0.231,0.6657050692092721,0.6659047807300349,0.0003,2595850,1.8362630329682497,1.1719283540330168,12.791617631912231
0.9036,0.9,0.2315,0.6644790822283518,0.6646784259530203,0.0003,2049020,1.839998908656321,1.1697751041614444,12.011934041976929
0.9036,0.9,0.232,0.6632501569959492,0.663449132043048,0.0003,2756930,1.8437532111975967,1.167616058536899,12.733965873718262
0.9036,0.9,0.2325,0.6620182815187206,0.6622168870031762,0.0003,2582698,1.847528602894435,1.1654524700599551,12.51404619216919
0.9036,0.9,0.233,0.6607834436613754,0.6609816786944738,0.0003,1810596,1.8513206258116333,1.1632830261297942,11.852988243103027
0.9036,0.9,0.2335,0.6595456311445789,0.6597434948339223,0.0003,2342432,1.8551338447656944,1.1611086727953808,12.570643186569214
0.9036,0.9,0.234,0.6583048315431271,0.65850232299259,0.0003,2165562,1.8589651641831373,1.1589288865100995,11.918647050857544
0.9036,0.9,0.2345,0.657061032284076,0.6572581505937611,0.0003,1899600,1.8628179672969825,1.156743908395501,11.731262445449827
0.9036,0.9,0.235,0.6558142206445637,0.656010964910757,0.0003,2754326,1.8666914143600093,1.15455384642797,12.333112716674805
0.9036,0.9,0.2355,0.6545643837499265,0.6547607530650515,0.0003,2063292,1.870582864769068,1.1523580737598738,11.86829662322998
0.9036,0.9,0.236,0.6533115085716271,0.6535075020241986,0.0003,2431880,1.8744964985861805,1.15015702767971,12.185020446777344
0.9036,0.9,0.2365,0.6520555819250979,0.6522511985996754,0.0003,2508564,1.8784301763209656,1.1479503518611638,12.10159683227539
0.9036,0.9,0.237,0.6507965904677508,0.6509918294448912,0.0003,2796592,1.882386481226776,1.145738672378213,12.698501110076904
0.9036,0.9,0.2375,0.6495345206965973,0.6497293810528063,0.0003,3327920,1.8863617075836496,1.1435215057514083,13.166916370391846
0.9036,0.9,0.238,0.6482693589463023,0.6484638397539862,0.0003,3007358,1.890359780018792,1.1412983969484032,13.649640560150146
0.9036,0.9,0.2385,0.6470010913866346,0.6471951917140506,0.0003,2463478,1.8943788266599395,1.1390701277055677,12.429733753204346
0.9036,0.9,0.239,0.6457297040205069,0.645923422931713,0.0003,2499662,1.8984217378794488,1.1368361989532192,12.262778997421265
0.9036,0.9,0.2395,0.6444551826813882,0.6446485192361926,0.0003,2285494,1.9024852920117128,1.134596730669596,12.02737045288086
0.9036,0.9,0.24,0.6431775130310597,0.6433704662849691,0.0003,2375420,1.9065717603174537,1.1323517223070896,12.141975164413452
0.9036,0.9,0.2405,0.6418966805572023,0.6420892495613694,0.0003,2970988,1.9106804155413248,1.1301009845304035,12.924331426620483
0.9036,0.9,0.241,0.6406126705708576,0.6408048543720288,0.0003,2371632,1.914812619317431,1.1278449742385228,12.324635982513428
0.9036,0.9,0.2415,0.6393254682040584,0.6395172658445196,0.0003,2903424,1.9189675239427089,1.1255823933472529,13.004970788955688
0.9036,0.9,0.242,0.6380350584072076,0.6382264689247298,0.0003,2715746,1.9231466802923376,1.1233152812378433,12.659022092819214
0.9036,0.9,0.2425,0.6367414259463848,0.6369324483741687,0.0003,2232572,1.9273481906185164,1.1210417741772858,12.125006914138794
0.9036,0.9,0.243,0.6354445554008376,0.6356351887674578,0.0003,3136826,1.931574404099156,1.118762180775993,12.83668828010559
0.9036,0.9,0.2435,0.6341444311603174,0.6343346744896654,0.0003,2529686,1.9358259146069965,1.1164773160340535,12.837996244430542
0.9036,0.9,0.244,0.6328410374221444,0.633030889733371,0.0003,3178130,1.940100827123112,1.1141864483281163,13.017799139022827
0.9036,0.9,0.2445,0.6315343581886547,0.6317238184961113,0.0003,3000198,1.9444023111323967,1.1118900308534796,13.102153778076172
0.9036,0.9,0.245,0.6302243772641172,0.6304134445772964,0.0003,2597266,1.9487267656444447,1.109587584839097,12.86342430114746
0.9036,0.9,0.2455,0.6289110782519798,0.6290997515754554,0.0003,2292940,1.95307887678824,1.1072793264864969,12.619740962982178
0.9036,0.9,0.246,0.6275944445518646,0.6277827228852302,0.0003,2546796,1.9574555914602128,1.104965059586488,12.617317199707031
0.9036,0.9,0.2465,0.6262744593565451,0.6264623416943521,0.0003,3352432,1.9618587929215128,1.1026446201011268,13.16925573348999
0.9036,0.9,0.247,0.6249511056488319,0.6251385909805266,0.0003,3744320,1.966286522437448,1.1003179592407848,13.795350074768066
0.9036,0.9,0.2475,0.6236243661986423,0.6238114535085019,0.0003,3206080,1.9707432840054744,1.0979858373918614,13.932217359542848
0.9036,0.9,0.248,0.6222942235593883,0.6224809118264562,0.0003,3311408,1.975226708601545,1.0956475623503414,13.77530574798584
0.9036,0.9,0.2485,0.6209606600651196,0.6211469482631391,0.0003,2173052,1.9797360390002383,1.093303081390384,12.477482795715332
0.9036,0.9,0.249,0.6196236578269952,0.6198095449243434,0.0003,2977830,1.984273724932249,1.0909525753027636,13.345865249633787
0.9036,0.9,0.2495,0.618283198729953,0.618468683689572,0.0003,2893842,1.98884004785656,1.0885958194320458,13.425908088684082
0.9036,0.9,0.25,0.6169392644292024,0.6171243462085312,0.0003,2688076,1.9934333882658808,1.086232803524546,12.955005884170532
0.9036,0.9,0.2505,0.6155918363467725,0.6157765138976765,0.0003,3197184,1.998057977078143,1.083863998562659,13.706399202346802
0.9036,0.9,0.251,0.6142408956678534,0.6144251679365538,0.0003,3168776,2.002708504654118,1.0814884436358183,14.181103229522703
0.9036,0.9,0.2515,0.6128864233370718,0.6130702892640729,0.0003,3565696,2.0073900990173383,1.0791068393242211,14.753826379776
0.9036,0.9,0.252,0.6115284000548782,0.6117118585748946,0.0003,3141264,2.012101408984427,1.0767187579037132,14.209810733795166
0.9036,0.9,0.2525,0.6101668062736189,0.6103498563155009,0.0003,3079744,2.016841241246299,1.074324062356344,14.078630924224854
0.9036,0.9,0.253,0.6088016221936275,0.6089842626802856,0.0003,3190510,2.021612116093637,1.0719231352158896,14.351200819015505
0.9036,0.9,0.2535,0.6074328277593755,0.6076150576077033,0.0003,3342644,2.026414898101282,1.0695163655883388,14.531294107437134
0.9036,0.9,0.254,0.6060604026551749,0.6062422207759715,0.0003,2546206,2.031248355386201,1.067102402536462,13.856576919555664
0.9036,0.9,0.2545,0.604684326301226,0.6048657315991164,0.0003,2267362,2.0361113120384084,1.0646822533672586,13.397843599319458
0.9036,0.9,0.255,0.603304577849322,0.6034855692226768,0.0003,3019566,2.0410087135978614,1.0622553590883554,14.356733560562134
0.9036,0.9,0.2555,0.6019211361784402,0.6021017125192938,0.0003,2856860,2.0459370194976056,1.0598220464663346,14.336015224456789
0.9036,0.9,0.256,0.6005339798904499,0.600714140084417,0.0003,3293044,2.050899498897727,1.0573820798071143,14.75150179862976
0.9036,0.9,0.2565,0.5991430873054885,0.5993228302316801,0.0003,3352006,2.055893010581294,1.0549355835158924,14.705440044403076
0.9036,0.9,0.257,0.5977484364574714,0.5979277609884087,0.0003,3354842,2.060922265956533,1.0524822881330322,15.086273193359377
0.9036,0.9,0.2575,0.5963500050891071,0.5965289100906338,0.0003,3660936,2.065986758327175,1.050022368746409,15.01287293434143
0.9036,0.9,0.258,0.5949477706477708,0.5951262549789651,0.0003,2634918,2.0710814010605594,1.0475551823965643,14.39507269859314
0.9036,0.9,0.2585,0.5935417102794689,0.5937197727925527,0.0003,3591220,2.07621307823895,1.0450815979354504,15.426353931427002
0.9036,0.9,0.259,0.5921318008248494,0.5923094403650968,0.0003,2431928,2.081380091463911,1.042601251282841,14.2130606174469
0.9036,0.9,0.2595,0.5907180188136629,0.590895234219307,0.0003,3138068,2.086580964295351,1.0401132877870145,14.932531356811523
0.9036,0.9,0.26,0.5893003404593826,0.5894771305615204,0.0003,3124546,2.091819287599258,1.0376188314244754,14.527427911758425
0.9036,0.9,0.2605,0.5878787416540996,0.5880551052765958,0.0003,3237584,2.0970929384765347,1.0351174873342257,15.051990509033203
0.9036,0.9,0.261,0.5864531979629373,0.5866291339223261,0.0003,3964930,2.102406939748936,1.032609246095298,15.87305498123169
0.9036,0.9,0.2615,0.5850236846183233,0.5851991917237088,0.0003,3185418,2.107756141422439,1.0300936468988655,14.92672038078308
0.9036,0.9,0.262,0.5835901765145017,0.5837652535674561,0.0003,3606938,2.1131441851695807,1.0275712344727397,15.142780303955078
0.9036,0.9,0.2625,0.5821526482015112,0.5823272939959717,0.0003,3891440,2.1185699676720184,1.0250414390225455,15.57689929008484
0.9036,0.9,0.263,0.5807110738792356,0.5808852872013993,0.0003,3916774,2.124035241533714,1.0225039912846243,15.642218589782717
0.9036,0.9,0.2635,0.5792654273913259,0.5794392070195433,0.0003,3780600,2.1295398937681944,1.019960007670092,15.39334201812744
0.9036,0.9,0.264,0.5778156822187833,0.5779890269234489,0.0003,4117808,2.135084919199572,1.0174082019203874,15.782530069351196
0.9036,0.9,0.2645,0.576361811473718,0.5765347200171601,0.0003,3224628,2.140671604435935,1.014849282707753,14.858396768569946
0.9036,0.9,0.265,0.5749037878927082,0.575076259029076,0.0003,2941124,2.1462973132421275,1.0122831048028114,14.23276972770691
0.9036,0.9,0.2655,0.573441583830079,0.573613616305228,0.0003,2899718,2.1519659739934194,1.0097093299564155,14.382061004638672
0.9036,0.9,0.266,0.5719751712510757,0.572146763802451,0.0003,3016514,2.1576774831920167,1.0071278556478784,14.67477011680603
0.9036,0.9,0.2665,0.5705045217247428,0.5706756730812601,0.0003,3260416,2.163430298576044,1.0045387555616343,14.744516134262083
0.9036,0.9,0.267,0.5690296064168469,0.5692003152987719,0.0003,3641524,2.169226948733285,1.0019423604310589,15.42628264427185
0.9036,0.9,0.2675,0.5675503960824007,0.5677206612012253,0.0003,4092696,2.175067862038934,0.9993380925232168,15.905223846435549
0.9036,0.9,0.268,0.5660668610581845,0.5662366811165019,0.0003,3182460,2.180953331395169,0.9967263297395402,15.030538320541382
0.9036,0.9,0.2685,0.5645789712549399,0.5647483449463164,0.0003,3242384,2.1868867024974743,0.9941069891123524,14.329835891723633
0.9036,0.9,0.269,0.5630866961496804,0.5632556221585253,0.0003,4228394,2.192862021744234,0.9914794055347104,15.479021787643433
0.9036,0.9,0.2695,0.5615900047771597,0.5617584817785928,0.0003,3658306,2.1988844818381006,0.9888437644931304,15.481028079986572
0.9036,0.9,0.27,0.5600888657219729,0.5602568923816895,0.0003,4238484,2.204955417743567,0.986200741081506,15.957439184188845
0.9036,0.9,0.2705,0.5585832471098631,0.558750822083996,0.0003,3849594,2.211074149704736,0.9835492247706206,15.52587628364563
0.9036,0.9,0.271,0.5570731165990594,0.5572402385340391,0.0003,3308552,2.217239486376908,0.9808899321031386,15.035832643508911
0.9036,0.9,0.2715,0.5555584413712635,0.5557251089036749,0.0003,3721736,2.223455836025023,0.9782227228571544,15.173568725585938
0.9036,0.9,0.272,0.5540391881225802,0.554205399879017,0.0003,3490988,2.2297212080517044,0.9755469960480158,14.6974139213562
0.9036,0.9,0.2725,0.5525153230540715,0.5526810776509877,0.0003,4761734,2.236037230247036,0.9728632065729672,15.988166332244871
0.9036,0.9,0.273,0.5509868118621625,0.5511521079057211,0.0003,4041546,2.2424046046176924,0.9701710867112242,15.493058443069458
0.9036,0.9,0.2735,0.5494536197287582,0.5496184558146768,0.0003,3273578,2.2488246414915216,0.9674706025989932,14.434802770614624
0.9036,0.9,0.274,0.547915711311126,0.5480800860245194,0.0003,3956752,2.2552969668363647,0.9647618133035794,15.27873468399048
0.9036,0.9,0.2745,0.546373050731492,0.5465369626467115,0.0003,3373758,2.261823452899939,0.9620447383900926,14.282501220703123
0.9036,0.9,0.275,0.5448256015664187,0.5449890492468886,0.0003,5165796,2.2684026065472915,0.9593187742453366,16.18263053894043
0.9036,0.9,0.2755,0.5432733268358744,0.5434363088339251,0.0003,4368672,2.2750380270053343,0.9565843209660738,15.406134128570557
0.9036,0.9,0.276,0.5417161889920021,0.5418787038486997,0.0003,2852966,2.28173125295888,0.9538413855120224,13.778671741485596
0.9036,0.9,0.2765,0.5401541499076243,0.5403161961525966,0.0003,3950122,2.28847729933332,0.9510895285536706,14.954108476638794
0.9036,0.9,0.277,0.538587170864457,0.5387487470157163,0.0003,4531720,2.295284406508201,0.94832904699789,15.286890506744385
0.9036,0.9,0.2775,0.5370152125409327,0.5371763171046949,0.0003,3394646,2.3021484007815265,0.9455592690719647,14.583974838256836
0.9036,0.9,0.278,0.5354382349997272,0.5355988664702271,0.0003,4393716,2.309073515227108,0.9427808151045766,15.04420518875122
0.9036,0.9,0.2785,0.5338561976751421,0.5340163545344446,0.0003,4472954,2.316057422919405,0.9399934928123804,15.187944889068604
0.9036,0.9,0.279,0.5322690593597268,0.5324287400775347,0.0003,5318952,2.323103147508653,0.9371969507872484,15.974602699279783
0.9036,0.9,0.2795,0.5306767781909937,0.530835981224451,0.0003,4785260,2.330209278733385,0.9343910634010568,15.99065399169922
0.9036,0.9,0.28,0.5290793116374742,0.5292380354309655,0.0003,3688394,2.337380783538483,0.9315763891139426,14.7304368019104
0.9036,0.9,0.2805,0.5274766164844237,0.5276348594693689,0.0003,5031014,2.344615169898372,0.9287522648887334,16.11993145942688
0.9036,0.9,0.281,0.5258686488193415,0.5260264094139873,0.0003,5288326,2.3519157887212683,0.9259183851901592,16.19294261932373
0.9036,0.9,0.2815,0.5242553640167453,0.5244126406259504,0.0003,4946096,2.359281176252438,0.9230755500873932,15.642398118972778
0.9036,0.9,0.282,0.5226367167228582,0.522793507737875,0.0003,5789450,2.366715541954331,0.9202229081291956,16.35240149497986
0.9036,0.9,0.2825,0.5210126608395544,0.5211689646378063,0.0003,4360310,2.3742161370058765,0.9173607243451832,14.896012783050535
0.9036,0.9,0.283,0.5193831495082023,0.5195389644530547,0.0003,5819358,2.381789124375259,0.9144885553033152,16.45441699028015
0.9036,0.9,0.2835,0.517748135092617,0.5179034595331448,0.0003,6201564,2.389429266146107,0.9116067837234634,16.960529327392578
0.9036,0.9,0.284,0.5161075691618535,0.516262401432602,0.0003,4842846,2.397143324006884,0.9087154805577672,15.5125253200531
0.9036,0.9,0.2845,0.5144614024725064,0.5146157408932481,0.0003,5776402,2.4049297964881693,0.905813862389366,16.22978162765503
0.9036,0.9,0.285,0.5128095849501708,0.5129634278256558,0.0003,4173070,2.412789893860153,0.902902105396154,15.02158784866333
0.9036,0.9,0.2855,0.5111520656706685,0.5113054112903697,0.0003,5064512,2.420724346298152,0.899980183392814,15.474130392074583
0.9036,0.9,0.286,0.5094887928406665,0.5096416394785187,0.0003,4466154,2.428735731362127,0.8970481624139283,14.946285247802734
0.9036,0.9,0.2865,0.5078197137776407,0.507972059691774,0.0003,5247110,2.4368275989151167,0.8941058348406876,15.468474864959717
0.9036,0.9,0.287,0.5061447748892155,0.5062966183216823,0.0003,4905764,2.444996494223737,0.8911533368872327,15.507296323776243
0.9036,0.9,0.2875,0.5044639216519886,0.5046152608284842,0.0003,4627036,2.453244925493135,0.8881898216549278,14.814636468887327
0.9036,0.9,0.288,0.5027770985896807,0.5029279317192575,0.0003,4834754,2.461576545515156,0.8852160297189906,15.080495119094849
0.9036,0.9,0.2885,0.5010842492505193,0.5012345745252944,0.0003,5065132,2.469992243486574,0.8822315016408542,15.396820545196531
0.9036,0.9,0.289,0.4993853161841076,0.4995351317789628,0.0003,5688584,2.4784902144902627,0.8792359405177798,15.691921472549438
0.9036,0.9,0.2895,0.4976802409174328,0.497829544989708,0.0003,6000830,2.487076740198238,0.8762300009784943,15.813368082046509
0.9036,0.9,0.29,0.4959689639300687,0.4961177546192477,0.0003,6100632,2.495748989126831,0.8732126904776137,15.748629570007324
0.9036,0.9,0.2905,0.4942514246288379,0.4943997000562266,0.0003,6505058,2.5045103315504886,0.8701842404066953,16.284255027770996
0.9036,0.9,0.291,0.492527561321495,0.4926753195898914,0.0003,5719696,2.513365722916096,0.8671447310696537,15.168515920639038
0.9036,0.9,0.2915,0.4907973111895889,0.4909445503829458,0.0003,7517880,2.522310731262748,0.8640935082388418,17.138644695281982
0.9036,0.9,0.292,0.4890606102603941,0.4892073284434722,0.0003,5962738,2.5313492445380774,0.8610309089780087,15.471771717071531
0.9036,0.9,0.2925,0.4873173933782328,0.4874635885962463,0.0003,7687600,2.54048507499236,0.8579570505595684,17.09820032119751
0.9036,0.9,0.293,0.4855675941743549,0.4857132644526072,0.0003,7583928,2.5497184882633195,0.8548716026586632,17.069681882858276
0.9036,0.9,0.2935,0.483811145036407,0.4839562883799179,0.0003,6046028,2.559051975199784,0.8517738808902908,15.742689609527588
0.9036,0.9,0.294,0.4820479770763653,0.4821925914694882,0.0003,5552688,2.5684842623297643,0.8486647234057741,14.821733236312866
0.9036,0.9,0.2945,0.4802780200978589,0.4804221035038883,0.0003,5608972,2.578022761799244,0.8455430572935705,15.042738676071169
0.9036,0.9,0.295,0.4785012025619445,0.4786447529227131,0.0003,6281012,2.5876650961513343,0.8424096937334279,15.854121208190918
0.9036,0.9,0.2955,0.4767174515522091,0.4768604667876748,0.0003,6481464,2.597414211308382,0.839263689635081,16.17401909828186
0.9036,0.9,0.296,0.4749266927382318,0.4750691707460532,0.0003,4628010,2.6072722803010886,0.8361053763699637,13.96006727218628
0.9036,0.9,0.2965,0.473128850338135,0.4732707889932365,0.0003,6669626,2.617240372230144,0.8329344412836458,16.35177779197693
0.9036,0.9,0.297,0.471323847079654,0.4714652442337779,0.0003,6444816,2.6273244092638284,0.8297507708971956,15.975040435791016
0.9036,0.9,0.2975,0.4695116041598816,0.4696524576411295,0.0003,5604632,2.637521717800323,0.8265542909823478,15.002827882766724
0.9036,0.9,0.298,0.4676920412036467,0.4678323488160077,0.0003,7695164,2.647838479663828,0.8233447397183025,17.192713022232056
0.9036,0.9,0.2985,0.4658650762205221,0.4660048357433883,0.0003,6524670,2.658275695845305,0.8201227500363109,15.758024215698242
0.9036,0.9,0.299,0.4640306255598664,0.4641698347475343,0.0003,6972342,2.6688352573997087,0.8168869281851148,16.010159015655518
0.9036,0.9,0.2995,0.4621886038648301,0.4623272604459895,0.0003,6266914,2.679518939163436,0.813637825375456,15.30953335762024
0.9036,0.9,0.3,0.4603389240243676,0.4604770257015749,0.0003,5645854,2.6903310761135706,0.8103747719453288,14.838361740112305
0.9036,0.9,0.3005,0.4584814971234691,0.4586190415726061,0.0003,7439504,2.701273091532278,0.807098244178107,16.779147386550903
0.9036,0.9,0.301,0.456616232391788,0.4567532172615055,0.0003,6424236,2.7123473530087723,0.8038083207413494,15.887050151824951
0.9036,0.9,0.3015,0.4547430371500367,0.4551977801871867,0.001,11067052,2.7235577076161555,0.8005039072775799,20.59903049468994
0.9036,0.9,0.302,0.4528618167547033,0.4529976752997297,0.0003,7795466,2.7349067915312584,0.7971853531590132,17.2996084690094
0.9036,0.9,0.3025,0.4509724745405382,0.4511077662829003,0.0003,6762474,2.7463993363687083,0.7938523962432672,16.771583318710327
0.9036,0.9,0.303,0.4490749117607269,0.4492096342342551,0.0003,6339466,2.7580347347764844,0.7905049087794904,16.372809648513794
0.9036,0.9,0.3035,0.4471690275250201,0.4476161965525451,0.001,10848054,2.7698173546939864,0.7871424854051903,20.56828117370605
0.9036,0.9,0.304,0.4452547187353605,0.4453882951509811,0.0003,7775328,2.7817523257422048,0.7837656998550404,17.87504005432129
0.9036,0.9,0.3045,0.4433318800187907,0.4437752118988095,0.001,10955370,2.793839811548714,0.7803731959723142,20.621731519699097
0.9036,0.9,0.305,0.4414004036582084,0.4418418040618665,0.001,10784116,2.806083810011045,0.7769658676122324,20.670602083206177
0.9036,0.9,0.3055,0.4394601795196572,0.4398996396991769,0.001,10322264,2.818490594764893,0.7735427534678215,20.175313711166385
0.9036,0.9,0.306,0.4375110949776531,0.4379486060726307,0.001,11266332,2.831061566673421,0.7701045975500161,20.463722944259644
0.9036,0.9,0.3065,0.4355530348363738,0.4356837007468248,0.0003,7993112,2.843804452874126,0.7666501238496413,18.30013632774353
0.9036,0.9,0.307,0.4335858812487006,0.4337159570130752,0.0003,5936996,2.8567151726437103,0.7631795475480839,16.681039810180664
0.9036,0.9,0.3075,0.4316095136310843,0.4320411231447154,0.001,10915712,2.869801945820724,0.7596926817945994,21.4505672454834
0.9036,0.9,0.308,0.4296238085754577,0.4300534323840331,0.001,10924662,2.883069939550638,0.7561895471871541,22.18720650672913
0.9036,0.9,0.3085,0.4276286397571242,0.4280562683968813,0.001,11397994,2.8965248722577632,0.7526696475415131,21.828197717666622
0.9036,0.9,0.309,0.4256238778388378,0.4260495017166766,0.001,11282294,2.9101676893721824,0.7491326646609581,20.96210646629333
0.9036,0.9,0.3095,0.4236093903708113,0.4240329997611821,0.001,13493978,2.924002061406416,0.7455783746161545,23.543816328048703
0.9036,0.9,0.31,0.4215850416863885,0.4220066267280748,0.001,11198590,2.938036458325023,0.7420071061546671,22.663323640823364
0.9036,0.9,0.3105,0.419550692793152,0.4199702434859451,0.001,11043156,2.9522720077137388,0.738417821214877,22.540902853012085
0.9036,0.9,0.311,0.4175062012592679,0.4179237074605271,0.001,12129132,2.966716933760488,0.7348108304426131,23.01273465156555
0.9036,0.9,0.3115,0.4154514210947886,0.415576056521117,0.0003,6532846,2.981375108665852,0.7311855259421817,18.663514852523804
0.9036,0.9,0.312,0.413386202627566,0.4137995888301936,0.001,11815354,2.996253348787828,0.7275418637987449,24.539589166641235
0.9036,0.9,0.3125,0.4113103923736299,0.4117217027660035,0.001,13377666,3.011352614011137,0.7238796175901876,24.58192229270935
0.9036,0.9,0.313,0.4092238329015564,0.4096330567344579,0.001,11748654,3.0266837599635013,0.720198391094163,23.59231805801392
0.9036,0.9,0.3135,0.407126362690598,0.4075334890532886,0.001,12030266,3.042252490302158,0.7164978358494332,23.23668384552002
0.9036,0.9,0.314,0.4050178159822151,0.4054228337981972,0.001,12694526,3.0580592233861643,0.7127778795068912,24.519062995910645
0.9036,0.9,0.3145,0.402898022624497,0.4033009206471215,0.001,13529824,3.0741165056032296,0.7090378430979521,25.50579714775085
0.9036,0.9,0.315,0.4007668079092537,0.4011675747171629,0.001,12086136,3.090429604888826,0.705277868814558,23.53355813026428
0.9036,0.9,0.3155,0.3986239924012087,0.3990226163936098,0.001,12050984,3.107002328655848,0.7014973844658272,24.449463605880737
0.9036,0.9,0.316,0.3964693917588602,0.396865861150619,0.001,10701928,3.1238477478548035,0.6976961201910797,23.009597539901733
0.9036,0.9,0.3165,0.3943028165465988,0.3946971193631454,0.001,13256774,3.140964826984143,0.6938738133330828,25.20457363128662
0.9036,0.9,0.317,0.3921240720372049,0.3925161961092421,0.001,12752174,3.158370237023252,0.6900300486093821,24.84629726409912
0.9036,0.9,0.3175,0.3899329580047386,0.3903228909627433,0.001,11832126,3.1760672499307714,0.6861645107977766,23.9453558921814
0.9036,0.9,0.318,0.3877292685066255,0.3881169977751321,0.001,13117080,3.194063655611534,0.6822767624238169,24.12768578529358
0.9036,0.9,0.3185,0.3855127916546274,0.385898304446282,0.001,12123406,3.212370483717472,0.6783668067012293,23.5230565071106
0.9036,0.9,0.319,0.3832833093737617,0.3836665926831354,0.001,13875120,3.230996154982456,0.6744336969349246,25.34108281135559
0.9036,0.9,0.3195,0.3810405971486361,0.3814216377457847,0.001,12110678,3.2499472557487965,0.6704771162044304,23.191612005233765
0.9036,0.9,0.32,0.3787844237561143,0.3791632081798703,0.001,12804576,3.269238653379924,0.6664972237593156,23.85899972915649
0.9036,0.9,0.3205,0.3765145509836747,0.3768910655346584,0.001,12572532,3.288876270346962,0.6624929729833324,24.16420269012451
0.9036,0.9,0.321,0.3742307333321868,0.374604964065519,0.001,14109032,3.308873364284369,0.6584639514231807,26.46843409538269
0.9036,0.9,0.3215,0.3719327177023964,0.3723046504200988,0.001,13642006,3.329241985673268,0.6544105396823694,25.3588125705719
0.9036,0.9,0.322,0.3696202430637986,0.3699898633068623,0.001,12509746,3.349985569642658,0.6503310309347325,24.32486891746521
0.9036,0.9,0.3225,0.3672930401046219,0.3676603331447265,0.001,12656234,3.37113028494949,0.646226041465728,23.506410837173465
0.9036,0.9,0.323,0.3649508308618238,0.3653157816926856,0.001,13968886,3.392677163756423,0.6420946513559458,25.89516234397888
0.9036,0.9,0.3235,0.3625933283294647,0.3629559216577941,0.001,15607702,3.4146405763202976,0.63793618891885,26.56325840950012
0.9036,0.9,0.324,0.3602202360440489,0.3605804562800929,0.001,15455892,3.4370423761273234,0.6337505161428079,26.31760168075561
0.9036,0.9,0.3245,0.357831247644992,0.3581890788926369,0.001,14042228,3.459888406555356,0.6295366139200526,26.1681866645813
0.9036,0.9,0.325,0.3554260464085007,0.3557814724549092,0.001,13520746,3.483198227253298,0.6252944921765883,24.036370515823364
0.9036,0.9,0.3255,0.3530043047529344,0.3533573090576873,0.001,14846244,3.506988754143383,0.6210230089671861,26.118724822998047
0.9036,0.9,0.326,0.3505656837131604,0.3509162493968735,0.001,13673790,3.531271943134999,0.6167220069621797,25.143441438674927
0.9036,0.9,0.3265,0.3481098323819436,0.3484579422143255,0.001,14956978,3.5560713053296986,0.6123908519830341,26.10913610458374
0.9036,0.9,0.327,0.3456363873154754,0.3459820237027908,0.001,12804440,3.5813977049010943,0.6080285152172901,24.42199301719665
0.9036,0.9,0.3275,0.3431449719002763,0.3434881168721765,0.001,13129794,3.6072776820928345,0.6036347078243628,24.16810846328736
0.9036,0.9,0.328,0.3406351956784242,0.3409758308741026,0.001,13694468,3.633727744108361,0.5992087150219854,24.240440130233765
0.9036,0.9,0.3285,0.3381066536276791,0.3384447602813067,0.001,13191986,3.6607720441187457,0.59474970343801,23.77969074249268
0.9036,0.9,0.329,0.335558925392645,0.3358944843180376,0.001,15433626,3.688430436619972,0.5902569039521209,26.41380500793457
0.9036,0.9,0.3295,0.3329915744630804,0.3333245660375434,0.001,14087014,3.7167287035804097,0.5857297246649138,24.59001898765564
0.9036,0.9,0.33,0.330404147294555,0.3307345514418495,0.001,16852406,3.745690461227678,0.5811672633666476,26.51557683944702
0.9036,0.9,0.3305,0.3277961723667046,0.3287795608838047,0.003,20803656,3.77534368609168,0.5765687237219288,29.546156883239743
0.9036,0.9,0.331,0.3251671591733898,0.3254923263325632,0.001,14642246,3.805714798552525,0.5719334129201076,24.479496002197266
0.9036,0.9,0.3315,0.3225165971386897,0.3228391137358283,0.001,13817556,3.836831639421598,0.5672599250679589,24.76960802078247
0.9036,0.9,0.332,0.3198439544521022,0.3201637984065542,0.001,14987454,3.868731782996298,0.5625479908444077,24.072261333465576
0.9036,0.9,0.3325,0.3171486768151845,0.31810012284563,0.003,21586394,3.901441013917677,0.5577962569777356,30.18613338470459
0.9036,0.9,0.333,0.3144301860916018,0.3153734766498766,0.003,19327922,3.934997740719516,0.5530034988952791,27.19591474533081
0.9036,0.9,0.3335,0.3116878788509677,0.3126229424875206,0.003,22146112,3.969443233541876,0.5481690373004442,29.91901206970215
0.9036,0.9,0.334,0.3089211247965181,0.3098478881709076,0.003,20869388,4.00481047847147,0.5432919520118472,28.397407293319706
0.9036,0.9,0.3345,0.3061292650644446,0.307047652859638,0.003,21908900,4.041146906361631,0.5383703709581396,29.3494291305542
0.9036,0.9,0.335,0.3033116103828593,0.3042215452140078,0.003,21725720,4.078493678034717,0.5334038542788799,29.96115756034851
0.9036,0.9,0.3355,0.3004674390745153,0.3013688413917388,0.003,20545454,4.116900803739281,0.5283907861039666,28.29625034332276
0.9036,0.9,0.336,0.2975959948884355,0.2984887828731008,0.003,23636406,4.156419524434535,0.523329827323178,31.80855369567871
0.9036,0.9,0.3365,0.2946964846408015,0.2955805740947239,0.003,23761426,4.197104540395994,0.5182194856683531,33.25420570373535
0.9036,0.9,0.337,0.291768075644905,0.2926433798718396,0.003,23631144,4.239014469682714,0.5130585197504527,32.09568238258362
0.9036,0.9,0.3375,0.2888098929065055,0.289676322585225,0.003,21287758,4.282210620204348,0.5078453455543558,31.4235942363739
0.9036,0.9,0.338,0.2858210160578364,0.2866784791060099,0.003,22436560,4.32676555540184,0.5025784591316984,32.20318675041199
0.9036,0.9,0.3385,0.2828004759997443,0.2836488774277435,0.003,20583052,4.372745148581805,0.4972558862456512,29.29629421234131
0.9036,0.9,0.339,0.279747251217651,0.2805864929713039,0.003,22429786,4.4202288890085,0.4918760204873519,31.198257207870483
0.9036,0.9,0.3395,0.2766602637312639,0.2774902445224577,0.003,20847874,4.4693051053390525,0.4864368167532291,31.500720739364624
0.9036,0.9,0.34,0.2735383746328695,0.2738119130075023,0.001,16414716,4.520058383297861,0.4809365550794235,26.154311418533325
0.9036,0.9,0.3405,0.2703803791618565,0.271191520299342,0.003,21891274,4.572589539450951,0.4753727342019389,33.450642824172974
0.9036,0.9,0.341,0.2671850012550941,0.2679865562588594,0.003,24800520,4.627008273607776,0.4697434966648828,33.910866022109985
0.9036,0.9,0.3415,0.2639508875034638,0.2647427401659742,0.003,22753656,4.68342536730698,0.4640464865484063,32.966808795928955
0.9036,0.9,0.342,0.260676600433343,0.261458630234643,0.003,22299432,4.741972309997186,0.4582787650185786,34.498711824417114
0.9036,0.9,0.3425,0.2573606110185811,0.2581326928516368,0.003,23230930,4.802780761956145,0.4524381090492423,34.06312155723572
0.9036,0.9,0.343,0.2540012903125656,0.2547632941835033,0.003,22995314,4.865998513326419,0.4465213389711607,35.785624980926514
0.9036,0.9,0.3435,0.2505969000703317,0.2513486907705427,0.003,24721712,4.931799292747556,0.4405256465248804,38.959712266922
0.9036,0.9,0.344,0.2471455822078877,0.2478870189545113,0.003,23668972,5.000351346235649,0.4344473677833786,37.22184181213379
0.9036,0.9,0.3445,0.2436453469174357,0.244376282958188,0.003,21725126,5.07186515509804,0.4282837340783498,35.51447033882141
0.9036,0.9,0.345,0.240094059222559,0.2408143414002266,0.003,23757420,5.146553687730754,0.4220303631240295,37.96194124221802
0.9036,0.9,0.3455,0.2364894237163593,0.2371988919875083,0.003,24889464,5.224655292906552,0.4156834448520233,38.09264016151428
0.9036,0.9,0.346,0.2328289671721694,0.2335274540736859,0.003,23850494,5.306440712436742,0.4092386942380618,38.00661110877991
0.9036,0.9,0.3465,0.2291100186532589,0.2314011188397914,0.01,30810598,5.392213477729312,0.402691372548185,43.90501952171326
0.9036,0.9,0.347,0.2253296866672808,0.2260056757272827,0.003,24508864,5.4823066089421815,0.3960364520013727,38.98436188697815
0.9036,0.9,0.3475,0.2214848328103134,0.2236996811384166,0.01,31107500,5.57708686250552,0.3892684862549498,46.70117497444153
0.9036,0.9,0.348,0.2175720412179144,0.2197477616300936,0.01,31086932,5.676988449822632,0.3823810707049927,45.85526514053345
0.9036,0.9,0.3485,0.2135875829775716,0.2157234588073473,0.01,30098670,5.782484416101656,0.3753682257985759,44.51920485496521
0.9036,0.9,0.349,0.2095273744486465,0.211622648193133,0.01,30706094,5.894116656047841,0.3682224993436075,45.53947687149048
0.9036,0.9,0.3495,0.2053869281637982,0.2074407974454362,0.01,30533768,6.012502561119702,0.3609362307985174,44.81926107406616
0.9036,0.9,0.35,0.2011612946311262,0.2031729075774375,0.01,29554702,6.138351170736459,0.3535005838620136,45.15244460105896
0.9036,0.9,0.3505,0.1968449928879239,0.1988134428168031,0.01,30821888,6.272479865087057,0.3459057366487957,47.317331314086914
0.9036,0.9,0.351,0.1924319270275966,0.1943562462978726,0.01,31925722,6.415850353317358,0.338141334853048,47.10664772987366
0.9036,0.9,0.3515,0.1879152850744754,0.1897944379252201,0.01,30636224,6.569556344844411,0.3301952303666033,46.53229570388794
0.9036,0.9,0.352,0.1832874154170363,0.1887860378795474,0.03,36727384,6.73491451029717,0.3220541020722492,52.971575021743774
0.9036,0.9,0.3525,0.1785396743950024,0.1838958646268525,0.03,38509418,6.913477435876947,0.3137027586881627,57.950400590896606
0.9036,0.9,0.353,0.173662236356386,0.1788721034470775,0.03,38618760,7.107091151756962,0.305123940220076,53.89072799682617
0.9036,0.9,0.3535,0.1686438542308462,0.1737031698577716,0.03,38198930,7.317993969040756,0.2962978381330873,53.53968119621277
0.9036,0.9,0.354,0.1634715538870653,0.1683757005036772,0.03,42162024,7.548934694809519,0.2872019164535396,55.92620873451233
0.9036,0.9,0.3545,0.1581302384138438,0.1628741455662591,0.03,39628160,7.803292018227316,0.2778095858994472,53.54984641075134
0.9036,0.9,0.355,0.152602167584698,0.1571802326122389,0.03,40717558,8.085307281986307,0.2680895619195313,57.02472352981568
0.9036,0.9,0.3555,0.1468662607245345,0.1512722485462705,0.03,41440734,8.400385294835976,0.2580049033074638,55.85774803161621
0.9036,0.9,0.356,0.1408971437160405,0.1549868580876445,0.1,50754852,8.755536998020558,0.2475112102451625,54.6013171672821
0.9036,0.9,0.3565,0.134663815059207,0.1481301965651277,0.1,56052598,9.160039956986065,0.2365540207407265,57.83462810516357
0.9036,0.9,0.357,0.1281277264813899,0.1409404991295289,0.1,54275720,9.626491317240577,0.2250655053806019,63.092060565948486
0.9036,0.9,0.3575,0.1212399296121531,0.1333639225733685,0.1,49773444,10.172511479032242,0.2129599015450498,59.07937860488892
0.9036,0.9,0.358,0.1139366648381945,0.125330331322014,0.1,54337624,10.823620381619769,0.200125283629727,64.17011976242065
0.9036,0.9,0.3585,0.1061322065040695,,,55648976,11.618515426268289,0.1864112051899735,65.93615531921387
0.9036,0.9,0.359,0.0977065365575551,,,54654138,12.61932300030713,0.1716067927992716,64.22725892066956
0.9036,0.9,0.3595,0.0884823792184875,,,58459334,13.933614488572504,0.1554009707540493,65.18065571784973
0.9036,0.9,0.36,0.0781776146633884,,,50703390,15.768819108587206,0.1372983623300708,50.30588412284851
0.9036,0.9,0.3605,0.0662902181225215,,,53234344,18.59484934558424,0.116417455788128,53.10223984718323
0.9036,0.9,0.361,0.0517406406784568,,,69330646,23.82154998486083,0.0908628273520923,66.82170701026917
0.9036,0.9,0.3615,0.0309813455422764,,,58736202,39.77968940130194,0.0544052149232567,54.689191579818726
0.9036,0.9,0.362,-inf,0.1,0.1,48327224,,,45.92405915260315
0.9036,0.9,0.3625,-inf,0.1,0.1,45484350,,,41.68689298629761
0.9036,0.9,0.363,-inf,0.1,0.1,52799060,,,53.05636477470398
0.9036,0.9,0.3635,-inf,0.1,0.1,44028570,,,48.62795066833496
0.9036,0.9,0.364,-inf,0.03,0.03,41420922,,,46.13183116912842
0.9036,0.9,0.3645,-inf,0.0003,0.0003,5735566,,,13.033403396606444
0.9036,0.9,0.365,-inf,0.0003,0.0003,4982228,,,11.77424931526184
0.9036,0.9,0.3655,-inf,0.0003,0.0003,3066564,,,9.553626537322998
0.9036,0.9,0.366,-inf,0.0003,0.0003,3037732,,,9.320725202560425
0.9068,0.9,0.002,0.9947834272648742,0.995778210692139,0.001,11920022,1.4916778418751686,1.9320525461209144,23.669758558273315
0.9068,0.9,0.0025,0.9941284791456572,0.9951226076248028,0.001,12445422,1.29970659173751,1.9245099420927887,24.490476608276367
0.9068,0.9,0.003,0.9935218340897713,0.9938198906399982,0.0003,7830992,1.1522845079967532,1.9177843784736994,19.8381929397583
0.9068,0.9,0.0035,0.9929502912451432,0.9932481763325167,0.0003,6848196,1.0333828576138915,1.9116736457857464,18.322155952453613
0.9068,0.9,0.004,0.992405399093977,0.9927031207137051,0.0003,7394184,0.9341503935007838,1.9060444131631886,19.03531241416931
0.9068,0.9,0.0045,0.991881384363479,0.992178948778788,0.0003,6045510,0.849225182950357,1.9008070523456329,17.101086139678955
0.9068,0.9,0.005,0.9913741102404962,0.9916715224735683,0.0003,6453756,0.7751316778273662,1.8958952087321155,17.304468393325806
0.9068,0.9,0.0055,0.9908805014995371,0.9911777656499869,0.0003,6148824,0.7094999024783439,1.891257744036066,16.684031009674072
0.9068,0.9,0.006,0.9903982043544128,0.9906953238157191,0.0003,5466348,0.6506456363024821,1.886857736279272,15.998585939407349
0.9068,0.9,0.0065,0.9899253738899266,0.9902223515020936,0.0003,6577338,0.5973314915925283,1.8826642760452856,17.705109119415283
0.9068,0.9,0.007,0.989460535240368,0.9897573734009402,0.0003,5161120,0.5486253010865415,1.878652622021288,15.740967035293579
0.9068,0.9,0.0075,0.9890024895783085,0.989299190325182,0.0003,6094704,0.5038067407756988,1.8748025297743036,16.932069778442383
0.9068,0.9,0.008,0.9885502484802636,0.9888468135548076,0.0003,5620592,0.46230994844802115,1.8710976963689314,16.540069341659546
0.9068,0.9,0.0085,0.9881029868995854,0.9883994177956552,0.0003,6258900,0.4236810881671677,1.867523260210616,17.603092670440674
0.9068,0.9,0.009,0.987660008709359,0.9879563067119718,0.0003,6530320,0.38755204145185956,1.8640679962617352,17.737762689590454
0.9068,0.9,0.0095,0.987220720958461,0.9875168871747485,0.0003,5935438,0.3536206642204679,1.8607204801834551,17.05245614051819
0.9068,0.9,0.01,0.9867846143050875,0.9870806496893789,0.0003,6768800,0.3216349856882745,1.8574726169746236,18.195348978042603
0.9068,0.9,0.0105,0.9863512479175962,0.9866471532919715,0.0003,7313574,0.2913836761022435,1.8543161253179383,18.286577939987183
0.9068,0.9,0.011,0.9859202376637479,0.986216013735047,0.0003,7010348,0.2626875522866807,1.8512439968552783,17.656543254852295
0.9068,0.9,0.0115,0.9854912467588477,0.9857868941328753,0.0003,7655490,0.23539286099194148,1.8482502710407889,19.055421590805054
0.9068,0.9,0.012,0.98506397827898,0.9853594974724637,0.0003,7940318,0.20936811777799616,1.845329433900515,18.841846466064453
0.9068,0.9,0.0125,0.984638169107183,0.9856228072762901,0.001,12012740,0.18449861374209114,1.8424768572208563,22.664637565612793
0.9068,0.9,0.013,0.9842135849935133,0.9851977985785068,0.001,12124432,0.16068463413307274,1.839687647106261,21.827558517456055
0.9068,0.9,0.0135,0.9837900164902944,0.9847738065067846,0.001,12226486,0.137839019764841,1.8369582158061264,21.82771587371826
0.9068,0.9,0.014,0.983367275581749,0.9843506428573306,0.001,12921490,0.11588371507754237,1.8342848812345938,24.171075344085693
0.9068,0.9,0.0145,0.9829451928695598,0.9839281380624293,0.001,12592964,0.0947508961199732,1.8316645686922486,23.800326585769653
0.9068,0.9,0.015,0.9825236152072682,0.9835061388224753,0.001,12814060,0.07437950908022593,1.8290939412342921,24.895838022232056
0.9068,0.9,0.0155,0.9821024036997886,0.9830845061034883,0.001,12938558,0.05471487562413332,1.8265705972265027,24.618813037872314
0.9068,0.9,0.016,0.9816814320020811,0.9826631134340831,0.001,12993300,0.035707940943426976,1.8240920033613632,24.733476638793945
0.9068,0.9,0.0165,0.9812605848647472,0.9822418454496118,0.001,13266214,0.017316280362644747,1.8216554504587381,26.34882164001465
0.9068,0.9,0.017,0.9808397568857733,0.981820596642659,0.001,13353708,0.0004998266144469017,1.819259314682762,26.473650693893433
0.9068,0.9,0.0175,0.9804188514246832,0.9813992702761077,0.001,13511084,0.017782575535562138,1.8169017746829954,26.0303692817688
0.9068,0.9,0.018,0.9799977796821873,0.9809777774618693,0.001,13225318,0.03455775437380207,1.8145799822366764,26.113805532455444
0.9068,0.9,0.0185,0.9795764598716794,0.980556036331551,0.001,13053522,0.05085681571245516,1.8122933202262252,25.332528114318848
0.9068,0.9,0.019,0.9791548165154206,0.9801339713319359,0.001,13234388,0.06670750069829166,1.8100398308438541,25.460670709609985
0.9068,0.9,0.0195,0.978732779819504,0.9797115125993234,0.001,13321992,0.08213555663029805,1.8078180579586272,25.40674066543579
0.9068,0.9,0.02,0.978310285125113,0.9792885954102379,0.001,13220214,0.0971639078718407,1.8056266355006214,25.350112915039062
0.9068,0.9,0.0205,0.9778872724240413,0.9788651596964653,0.001,13143368,0.11181342552158201,1.803464130282673,24.988152027130127
0.9068,0.9,0.021,0.9774636859297106,0.9784411496156402,0.001,13036354,0.12610328819063701,1.8013294745184352,26.10815930366516
0.9068,0.9,0.0215,0.9770394736961573,0.9780165131698534,0.001,13874752,0.1400523759405663,1.799221677914637,26.41061496734619
0.9068,0.9,0.022,0.9766145872786848,0.9775912018659634,0.001,13909300,0.15367670573322728,1.7971393361590804,26.006149530410767
0.9068,0.9,0.0225,0.9761889814308371,0.9771651704122678,0.001,13767900,0.16699217356433713,1.795081696912748,26.49247694015503
0.9068,0.9,0.023,0.9757626138331208,0.9767383764469538,0.001,13390386,0.18001347680457014,1.793047739522233,25.266937732696533
0.9068,0.9,0.0235,0.9753354448495613,0.9763107802944107,0.001,13546100,0.19275363937446924,1.7910365665890375,25.32772421836853
0.9068,0.9,0.024,0.9749074373087194,0.9758823447460281,0.001,12903828,0.20522585762804216,1.789047237395734,24.698577880859375
0.9068,0.9,0.0245,0.9744785563062968,0.9754530348626029,0.001,12501384,0.21744114076656862,1.787079035034365,24.54277992248535
0.9068,0.9,0.025,0.9740487690268174,0.9750228177958441,0.001,12600380,0.22941121117347982,1.7851311382856685,24.860392093658447
0.9068,0.9,0.0255,0.9736180445822208,0.9745916626268029,0.001,13663110,0.24114589530673147,1.783203091413315,25.245028257369995
0.9068,0.9,0.026,0.9731863538654572,0.9741595402193225,0.001,13307290,0.2526549272674209,1.7812938465810408,25.2548930644989
0.9068,0.9,0.0265,0.9727536694174801,0.9737264230868975,0.001,12925020,0.2639476032883446,1.7794029133725067,24.625308513641357
0.9068,0.9,0.027,0.9723199653061679,0.973292285271474,0.001,13045214,0.2750319450754132,1.7775296676779782,23.67272663116455
0.9068,0.9,0.0275,0.9718852170159212,0.9728571022329371,0.001,12312168,0.2859165881878094,1.7756734417563396,24.405569314956665
0.9068,0.9,0.028,0.9714494013468256,0.9724208507481723,0.001,12079232,0.2966088113716811,1.7738338431607137,20.814115285873413
0.9068,0.9,0.0285,0.9710124963224144,0.9719835088187366,0.001,11794580,0.30711570726025766,1.772010201192146,20.685322761535645
0.9068,0.9,0.029,0.9705744811051608,0.9715450555862658,0.001,13249988,0.31744447533394543,1.7702019371019135,21.393674612045288
0.9068,0.9,0.0295,0.9701353359189385,0.9711054712548574,0.001,12694876,0.3276006559415631,1.7684089534399225,21.468308925628662
0.9068,0.9,0.03,0.9696950419777608,0.9706647370197384,0.001,12572566,0.3375914636400219,1.7666301664109678,20.70380473136902
0.9068,0.9,0.0305,0.9692535814202372,0.9702228350016573,0.001,12186718,0.3474219263342887,1.7648654981744543,20.723250150680542
0.9068,0.9,0.031,0.968810937249164,0.9697797481864131,0.001,12019346,0.3570971797839925,1.763114451657301,20.193020820617676
0.9068,0.9,0.0315,0.9683670932758093,0.969335460369085,0.001,11554682,0.3666234670792591,1.7613766927769787,20.155835390090942
0.9068,0.9,0.032,0.9679220340684312,0.9688899561024996,0.001,11298892,0.3760045109605919,1.7596517224216592,19.521937608718872
0.9068,0.9,0.0325,0.9674757449046931,0.9684432206495978,0.001,11663480,0.3852458395371114,1.7579392631801283,20.432355642318726
0.9068,0.9,0.033,0.9670282117275858,0.9679952399393132,0.001,11314656,0.394351550487707,1.7562387681857654,20.218103408813477
0.9068,0.9,0.0335,0.9665794211045701,0.9675460005256745,0.001,11237948,0.4033257149532104,1.754549941915294,19.940664768218994
0.9068,0.9,0.034,0.9661293601896848,0.9670954895498743,0.001,10894176,0.4121729321481064,1.7528723354619595,19.472460985183716
0.9068,0.9,0.0345,0.9656780166883501,0.9666436947050383,0.001,11491818,0.42089691125205514,1.751205951304656,19.547518730163574
0.9068,0.9,0.035,0.9652253788245614,0.9661906042033859,0.001,11192914,0.42950087709715773,1.7495506071654625,19.265950679779053
0.9068,0.9,0.0355,0.9647714353104829,0.9657362067457933,0.001,10966236,0.43798856513735707,1.747905236766656,19.09499716758728
0.9068,0.9,0.036,0.9643161753180085,0.9652804914933264,0.001,10939626,0.44636362012846903,1.7462702466890483,18.968162775039673
0.9068,0.9,0.0365,0.9638595884522997,0.9648234480407519,0.001,11097350,0.45462908254263457,1.7446450085604577,19.45275902748108
0.9068,0.9,0.037,0.9634016647270447,0.9643650663917717,0.001,10852458,0.4627877805099224,1.7430292756108752,19.204922437667847
0.9068,0.9,0.0375,0.9629423945413798,0.9639053369359211,0.001,10603446,0.4708429854933852,1.7414230476213794,19.004145622253418
0.9068,0.9,0.038,0.9624817686582766,0.9634442504269348,0.001,10389604,0.4787976264582757,1.739825647424443,19.37514901161194
0.9068,0.9,0.0385,0.9620197781843403,0.9623083841177955,0.0003,7862116,0.48665396360652624,1.7382372560672252,17.060688257217407
0.9068,0.9,0.039,0.9615564145508629,0.9618448814752282,0.0003,7697090,0.4944148597005986,1.7366574670686254,16.969978094100952
0.9068,0.9,0.0395,0.961091669496083,0.9613799969969319,0.0003,7540748,0.502083022344683,1.7350858961623612,16.533057928085327
0.9068,0.9,0.04,0.9606255350485279,0.9609137227090424,0.0003,7392770,0.5096608622045377,1.7335226814611384,16.327507734298706
0.9068,0.9,0.0405,0.9601580035113837,0.9604460509124371,0.0003,7235510,0.5171500189687087,1.7319673256231984,15.989635467529297
0.9068,0.9,0.041,0.9596890674477998,0.9599769741680341,0.0003,7100936,0.5245532053518498,1.7304193431321908,16.11802387237549
0.9068,0.9,0.0415,0.9592187196670717,0.9595064852829718,0.0003,6945558,0.5318728937137773,1.728878997097873,15.77480959892273
0.9068,0.9,0.042,0.958746953211659,0.9590345772976225,0.0003,6799960,0.5391105471760455,1.7273464511082994,15.723228216171265
0.9068,0.9,0.0425,0.9582737613449333,0.9585612434733367,0.0003,6698548,0.5462686519576889,1.7258204390146066,15.808679103851318
0.9068,0.9,0.043,0.957799137539637,0.9580864772808988,0.0003,6592146,0.5533487159346084,1.7243014733517685,15.649822473526001
0.9068,0.9,0.0435,0.9573230754670485,0.9576102723896887,0.0003,6438736,0.5603521751892212,1.7227894850977128,15.59968113899231
0.9068,0.9,0.044,0.9568455689866661,0.957132622657362,0.0003,6332052,0.5672817669574377,1.7212840722991143,15.796846151351929
0.9068,0.9,0.0445,0.956366612136571,0.9566535221202119,0.0003,6293612,0.5741390104441629,1.719785078658056,15.582496643066406
0.9068,0.9,0.045,0.9558861991242602,0.9561729649839974,0.0003,6150798,0.5809253453059062,1.7182921358321717,15.738495111465454
0.9068,0.9,0.0455,0.9554043243179883,0.9556909456152837,0.0003,6048580,0.5876417593900524,1.7168052633494963,15.211728811264038
0.9068,0.9,0.046,0.9549209822385982,0.9552074585332698,0.0003,5906400,0.5942907701021999,1.715324488054973,15.389613628387451
0.9068,0.9,0.0465,0.9544361675517734,0.9547224984020389,0.0003,5787180,0.6008738733484839,1.7138494993360838,15.081711769104004
0.9068,0.9,0.047,0.9539498750607118,0.95423606002323,0.0003,5635072,0.607391405922247,1.7123800144745347,15.002037286758423
0.9068,0.9,0.0475,0.9534620996991798,0.9537481383290896,0.0003,5559964,0.6138458352415982,1.710916264354587,14.987304449081421
0.9068,0.9,0.048,0.9529728365249133,0.9532587283758707,0.0003,5509362,0.6202382125516834,1.709457738159658,15.058519840240479
0.9068,0.9,0.0485,0.9524820807133874,0.9527678253376013,0.0003,5510076,0.6265699163055176,1.708004521820276,15.023411512374878
0.9068,0.9,0.049,0.951989827551883,0.9522754245001486,0.0003,5329616,0.6328419824112672,1.7065564666872606,14.735257387161255
0.9068,0.9,0.0495,0.951496072433861,0.9517815212555911,0.0003,5346782,0.6390556982072481,1.7051130673906598,14.706955432891846
0.9068,0.9,0.05,0.9510008108536088,0.9512861110968648,0.0003,5172544,0.6452117507112128,1.7036750344123157,14.586657524108887
0.9068,0.9,0.0505,0.9505040384011749,0.9507891896126952,0.0003,5107826,0.6513124308305881,1.702241230281851,14.642151117324829
0.9068,0.9,0.051,0.9500057507574995,0.9502907524827267,0.0003,4950974,0.6573585462703443,1.700812248196214,14.507135391235352
0.9068,0.9,0.0515,0.9495059436898624,0.9497907954729693,0.0003,4920966,0.6633502344883426,1.6993875395327869,14.342242002487183
0.9068,0.9,0.052,0.9490046130474777,0.949289314431392,0.0003,4930604,0.6692894010048416,1.6979675009921684,14.468835830688477
0.9068,0.9,0.0525,0.9485017547573317,0.9487863052837588,0.0003,4712390,0.6751771940132836,1.6965514709919365,13.85171127319336
0.9068,0.9,0.053,0.9479973648202225,0.9482817640296685,0.0003,4775396,0.6810138111664931,1.6951397710427476,13.70179009437561
0.9068,0.9,0.0535,0.9474914393069558,0.9477756867387478,0.0003,4618940,0.6868010307192627,1.693732407423086,13.586684942245483
0.9068,0.9,0.054,0.9469839743547683,0.9472680695470748,0.0003,4623196,0.6925390739791456,1.6923283882721718,13.642840147018433
0.9068,0.9,0.0545,0.9464749661638455,0.9467589086536946,0.0003,4560576,0.6982292604613436,1.6909286056445432,13.453212976455688
0.9068,0.9,0.055,0.945964410994072,0.9462482003173702,0.0003,4463606,0.7038730354589735,1.6895325934485577,13.40473461151123
0.9068,0.9,0.0555,0.9454523051618848,0.9457359408534334,0.0003,4584316,0.7094698733837188,1.6881401122553608,13.327463626861572
0.9068,0.9,0.056,0.9449386450372632,0.9452221266307743,0.0003,4353552,0.7150218409390386,1.686750956551781,12.98315715789795
0.9068,0.9,0.0565,0.9444234270409106,0.9447067540690229,0.0003,4251100,0.7205286899981812,1.6853657833838196,12.89565896987915
0.9068,0.9,0.057,0.9439066476414291,0.9441898196357215,0.0003,4253222,0.7259922750314882,1.6839831581732194,12.873013734817505
0.9068,0.9,0.0575,0.9433883033529392,0.943671319843945,0.0003,4120862,0.7314129985661211,1.6826049282809281,13.055511713027954
0.9068,0.9,0.058,0.942868390732184,0.9431512512494036,0.0003,4253140,0.7367907185081332,1.6812295907453831,12.861556053161621
0.9068,0.9,0.0585,0.9423469063765387,0.9426296104484516,0.0003,4138480,0.7421275017590394,1.6798570378977595,12.884020328521729
0.9068,0.9,0.059,0.9418238469214951,0.9421063940755715,0.0003,4060988,0.7474237336842536,1.6784875700226427,12.820628643035889
0.9068,0.9,0.0595,0.9412992090385525,0.941581598801264,0.0003,3944414,0.7526791173528363,1.6771210519671882,12.945200204849243
0.9068,0.9,0.06,0.9407729894331419,0.9410552213299719,0.0003,3981552,0.7578959157290428,1.6757580032099286,12.917021989822388
0.9068,0.9,0.0605,0.9402451848425433,0.940527258397996,0.0003,3888474,0.7630736481743065,1.6743971077340531,13.136245489120483
0.9068,0.9,0.061,0.9397157920340538,0.9399977067716639,0.0003,3871968,0.7682130225768902,1.6730392432573375,13.640153408050537
0.9068,0.9,0.0615,0.9391848078030988,0.9394665632454396,0.0003,3784058,0.7733143128899773,1.6716835967362456,13.923501253128052
0.9068,0.9,0.062,0.9386522289715522,0.9389338246402437,0.0003,3822174,0.7783798184247614,1.6703310879546656,13.14440631866455
0.9068,0.9,0.0625,0.9381180523859216,0.9383994878016374,0.0003,3752536,0.7834079434252053,1.6689809136208065,13.031593799591064
0.9068,0.9,0.063,0.9375822749158678,0.9378635495983425,0.0003,3624990,0.7884011624883873,1.6676332040019997,13.39198923110962
0.9068,0.9,0.0635,0.9370448934525979,0.9373260069206336,0.0003,3561534,0.7933585764473491,1.6662879629199234,13.546631574630737
0.9068,0.9,0.064,0.9365059049074054,0.9367868566788775,0.0003,3651254,0.7982818101199026,1.6649450469548623,13.766359806060791
0.9068,0.9,0.0645,0.9359653062102714,0.9362460958021345,0.0003,3559588,0.803170978734773,1.6636041818975311,13.377487421035767
0.9068,0.9,0.065,0.935423094308493,0.9357037212367856,0.0003,3658920,0.8080259498131364,1.6622653772255138,13.413204908370972
0.9068,0.9,0.0655,0.9348792661654051,0.9351597299452546,0.0003,3543638,0.8128482827696242,1.6609292218734992,13.444101572036743
0.9068,0.9,0.066,0.9343338187591519,0.9346141189047796,0.0003,3437006,0.8176382637224724,1.6595945390088556,13.189897060394287
0.9068,0.9,0.0665,0.9337867490814855,0.9340668851062099,0.0003,3561168,0.8223954349255301,1.6582621462046636,13.764025449752808
0.9068,0.9,0.067,0.9332380541366578,0.9335180255528988,0.0003,3542204,0.8271219451768055,1.656931681917481,14.02363109588623
0.9068,0.9,0.0675,0.932687730940349,0.932967537259631,0.0003,3439234,0.8318167042095062,1.655602971772098,13.975448608398438
0.9068,0.9,0.068,0.9321357765186181,0.9324154172515736,0.0003,3266068,0.836480835485452,1.6542761294160366,13.563130378723145
0.9068,0.9,0.0685,0.9315821879069431,0.9318616625633152,0.0003,3371340,0.8411150057449277,1.6529511059486386,13.638945579528809
0.9068,0.9,0.069,0.9310269621492896,0.9313062702379343,0.0003,3137018,0.8457187924949335,1.651628022749534,13.464434385299683
0.9068,0.9,0.0695,0.930470096297209,0.9307492373260982,0.0003,3448986,0.8502937199386754,1.6503060541192403,14.165942907333374
0.9068,0.9,0.07,0.9299115874089797,0.9301905608852024,0.0003,3235266,0.8548400333214361,1.648985778751424,13.685174226760864
0.9068,0.9,0.0705,0.9293514325489116,0.9296302379786763,0.0003,3009778,0.8593565193858534,1.6476674995110596,13.69199013710022
0.9068,0.9,0.071,0.9287896287863795,0.9290682656750153,0.0003,3284742,0.8638460888830134,1.6463506320861498,13.584023714065552
0.9068,0.9,0.0715,0.9282261731953143,0.9285046410472728,0.0003,3236322,0.8683075337182709,1.6450347409656103,13.827161073684692
0.9068,0.9,0.072,0.9276610628533833,0.9279393611722393,0.0003,2992610,0.8727416647699907,1.6437204098672034,13.375644445419312
0.9068,0.9,0.0725,0.9270942948414221,0.9273724231298746,0.0003,3185196,0.8771490889526746,1.642407699301437,13.75581693649292
0.9068,0.9,0.073,0.9265258662427888,0.9268038240026616,0.0003,3174912,0.8815288380075897,1.641095932231001,14.040897369384766
0.9068,0.9,0.0735,0.9259557741427777,0.9262335608750205,0.0003,3126130,0.8858826215409709,1.63978581579738,13.956650972366333
0.9068,0.9,0.074,0.925384015628148,0.9256616308328364,0.0003,2971596,0.8902113252704205,1.6384762126714516,13.675374031066895
0.9068,0.9,0.0745,0.9248105877865442,0.9250880309628802,0.0003,3015830,0.8945146760381554,1.637168642019214,13.7855703830719
0.9068,0.9,0.075,0.924235487706091,0.9245127583524028,0.0003,2975568,0.8987914541530715,1.635861637541526,13.775965213775635
0.9068,0.9,0.0755,0.9236587124748821,0.9239358100886245,0.0003,2922526,0.9030442583095557,1.6345553887284094,13.674930572509766
0.9068,0.9,0.076,0.9230802591806644,0.9233571832584185,0.0003,2883134,0.9072724448095512,1.6332506805191995,15.328434467315674
0.9068,0.9,0.0765,0.9225001249103801,0.9227768749478532,0.0003,2931362,0.9114762793042117,1.631946577099447,13.962404727935791
0.9068,0.9,0.077,0.9219183067498954,0.9221948822419204,0.0003,3076432,0.9156559826221127,1.6306437054118121,13.933278560638428
0.9068,0.9,0.0775,0.9213348017836085,0.9216112022241435,0.0003,2892152,0.9198119143363109,1.6293414897298915,13.604068040847778
0.9068,0.9,0.078,0.9207496070942182,0.9210258319763464,0.0003,2793936,0.9239447485544912,1.6280400015764545,19.490349054336548
0.9068,0.9,0.0785,0.9201627197624579,0.9204387685783866,0.0003,2787376,0.9280548872879723,1.6267394062785054,16.73319673538208
0.9068,0.9,0.079,0.9195741368668351,0.9198500091078952,0.0003,2828802,0.9321419873210357,1.6254396242668383,15.269130229949951
0.9068,0.9,0.0795,0.9189838554834352,0.9192595506400802,0.0003,2695196,0.9362066394523735,1.6241409343644564,13.911041736602783
0.9068,0.9,0.08,0.9183918726857498,0.9186673902475555,0.0003,2667360,0.9402495166139239,1.6228420033216353,14.03934121131897
0.9068,0.9,0.0805,0.9177981855445249,0.9180735250001882,0.0003,2723190,0.9442702114272326,1.621544238817161,14.199384212493896
0.9068,0.9,0.081,0.9172027911275901,0.9174779519649283,0.0003,2476392,0.9482689591553113,1.620247294324822,15.471952199935913
0.9068,0.9,0.0815,0.916605686499791,0.9168806682057409,0.0003,2672826,0.9522469970053298,1.618950696173942,14.317323446273804
0.9068,0.9,0.082,0.9160068687229035,0.9162816707835203,0.0003,2724410,0.9562039311742196,1.6176541319536442,14.312469005584717
0.9068,0.9,0.0825,0.9154063348554872,0.9156809567559437,0.0003,2831976,0.9601391799617921,1.616358724732113,14.685729026794434
0.9068,0.9,0.083,0.9148040819530114,0.9150785231775973,0.0003,2431022,0.9640546236847044,1.6150629257446039,16.432695627212524
0.9068,0.9,0.0835,0.9142001070676096,0.9144743670997298,0.0003,2467114,0.9679501272414567,1.6137682397196873,15.156225204467773
0.9068,0.9,0.084,0.9135944072482534,0.9138684855704278,0.0003,2558478,0.9718247543296578,1.6124732789398017,14.439357280731201
0.9068,0.9,0.0845,0.9129869795406867,0.9132608756345489,0.0003,2841192,0.9756797834741281,1.6111789194226507,14.711763143539429
0.9068,0.9,0.085,0.9123778209874801,0.9126515343337763,0.0003,2720304,0.9795151978926017,1.609885121803186,15.842785596847534
0.9068,0.9,0.0855,0.9117669286280522,0.9120404587066406,0.0003,2619016,0.9833313271044204,1.6085913513619694,16.09953212738037
0.9068,0.9,0.086,0.9111542994987835,0.9114276457886331,0.0003,2476858,0.9871284349183195,1.6072973427010615,16.04561996459961
0.9068,0.9,0.0865,0.9105399306330683,0.9108130926122582,0.0003,2544232,0.9909066438277829,1.6060039613574781,16.652183294296265
0.9068,0.9,0.087,0.9099238190613969,0.9101967962071152,0.0003,2352960,0.9946659607741303,1.6047106101082167,16.68799328804016
0.9068,0.9,0.0875,0.9093059618115056,0.909578753600049,0.0003,2630436,0.9984073208897231,1.6034174346266143,18.862264394760132
0.9068,0.9,0.088,0.908686355908481,0.9089589618152535,0.0003,2603864,1.002129732966968,1.6021242254352348,17.08949613571167
0.9068,0.9,0.0885,0.9080649983749128,0.9083374178744252,0.0003,2563278,1.0058349186899123,1.6008308156686253,17.29322099685669
0.9068,0.9,0.089,0.9074418862309984,0.9077141187968677,0.0003,2259060,1.009521672168714,1.5995372599437863,16.697457551956177
0.9068,0.9,0.0895,0.9068170164948157,0.9070890615997641,0.0003,2285804,1.0131907094190589,1.5982443054879532,17.24936318397522
0.9068,0.9,0.09,0.9061903861823226,0.9064622432981773,0.0003,2326870,1.016843626563806,1.596950531461863,16.995417833328247
0.9068,0.9,0.0905,0.9055619923077625,0.9058336609054548,0.0003,2602720,1.0204776127904442,1.595657088036243,17.37040686607361
0.9068,0.9,0.091,0.9049318318836168,0.9052033114331819,0.0003,2255484,1.024095537210074,1.5943632978040145,17.190096855163574
0.9068,0.9,0.0915,0.9042999019210058,0.9045711918915821,0.0003,2551618,1.027697148854455,1.593069799651161,16.0914568901062
0.9068,0.9,0.092,0.9036661994298048,0.9039372992896336,0.0003,2482316,1.031281142396488,1.5917753713545553,16.006113052368164
0.9068,0.9,0.0925,0.9030307214188532,0.9033016306352788,0.0003,2538412,1.034849184643973,1.590481017551922,16.3559308052063
0.9068,0.9,0.093,0.902393464896224,0.9026641829356928,0.0003,2277624,1.0384013552454274,1.5891859997322133,16.157284259796143
0.9068,0.9,0.0935,0.9017544268694512,0.902024953197512,0.0003,2268074,1.04193773925574,1.587891242604416,16.452744007110596
0.9068,0.9,0.094,0.9011136043457003,0.901383938427004,0.0003,2299124,1.045457226917926,1.5865956325322619,16.186332941055298
0.9068,0.9,0.0945,0.9004709943320893,0.9007411356303889,0.0003,2232378,1.0489615877374774,1.5852999204989235,16.79675531387329
0.9068,0.9,0.095,0.8998265938358712,0.9000965418140219,0.0003,2320934,1.05245099833796,1.5840040161557438,16.378378868103027
0.9068,0.9,0.0955,0.8991803998647807,0.8994501539847402,0.0003,2312080,1.0559245898029472,1.5827067072218364,17.13078022003174
0.9068,0.9,0.096,0.8985324094271063,0.8988019691499344,0.0003,2323020,1.0593835816058543,1.5814095122595127,17.32369303703308
0.9068,0.9,0.0965,0.897882619532108,0.8981519843179676,0.0003,2090140,1.0628273270606203,1.5801121848474948,16.76004433631897
0.9068,0.9,0.097,0.8972310271902167,0.8975001964983738,0.0003,2300676,1.0662564375252068,1.5788133859236908,17.240261554718018
0.9068,0.9,0.0975,0.8965776294132636,0.8968466027020875,0.0003,1949730,1.0696712388524063,1.5775146427157178,17.377925872802734
0.9068,0.9,0.098,0.8959224232147545,0.8961911999417188,0.0003,2357784,1.0730712756432816,1.5762150694637038,18.258842706680298
0.9068,0.9,0.0985,0.8952654056101339,0.8955339852318169,0.0003,2356052,1.076456613396064,1.574914949361875,18.184468269348145
0.9068,0.9,0.099,0.8946065736170211,0.8948749555891062,0.0003,2341482,1.0798285314114249,1.5736139911671538,17.985775470733643
0.9068,0.9,0.0995,0.893945924255469,0.8942141080327457,0.0003,2297638,1.0831864398037239,1.5723122494295536,19.087872982025146
0.9068,0.9,0.1,0.8932834545482322,0.8935514395845967,0.0003,2200064,1.0865306409544735,1.5710101166549715,18.3649480342865
0.9068,0.9,0.1005,0.8926191615209808,0.8928869472694371,0.0003,2218952,1.0898613399856412,1.5697068841885826,18.536030054092407
0.9068,0.9,0.101,0.8919530422025668,0.8922206281152275,0.0003,2241262,1.0931792563342402,1.568403039883508,18.698402881622314
0.9068,0.9,0.1015,0.8912850936252595,0.8915524791533471,0.0003,2251056,1.096483493238789,1.5670979945070331,18.459983825683594
0.9068,0.9,0.102,0.8906153128249955,0.890882497418843,0.0003,2017250,1.099773970539852,1.5657924739374491,17.78332257270813
0.9068,0.9,0.1025,0.8899436968415967,0.8902106799506492,0.0003,2174410,1.1030523730131665,1.5644858059213398,18.11891269683838
0.9068,0.9,0.103,0.8892702427189896,0.8895370237918052,0.0003,2203426,1.1063175447116003,1.5631781616180134,17.980836629867554
0.9068,0.9,0.1035,0.8885949475054797,0.8888615259897313,0.0003,2035708,1.1095709259810618,1.5618697730010123,17.804320335388184
0.9068,0.9,0.104,0.8879178082538899,0.888184183596366,0.0003,1971350,1.112810866514623,1.560560234512842,17.06365466117859
0.9068,0.9,0.1045,0.8872388220218373,0.8875049936684438,0.0003,2047402,1.116039384845421,1.5592494813363234,17.386592149734497
0.9068,0.9,0.105,0.8865579858719567,0.8868239532677182,0.0003,2099196,1.1192555251692484,1.5579381425489902,17.989852905273438
0.9068,0.9,0.1055,0.8858752968719548,0.8861410594610163,0.0003,2107138,1.1224597273413517,1.5566258588314543,17.82113790512085
0.9068,0.9,0.106,0.8851907520950445,0.885456309320673,0.0003,1973684,1.125651777353986,1.5553114557564973,16.387056589126587
0.9068,0.9,0.1065,0.8845043486199006,0.8847696999244865,0.0003,2102582,1.1288323626367047,1.5539969706155594,16.306078672409058
0.9068,0.9,0.107,0.8838160835309422,0.8840812283560014,0.0003,2077734,1.132001418009465,1.5526808447588774,17.174797296524048
0.9068,0.9,0.1075,0.8831259539185139,0.8833908917046894,0.0003,1894574,1.135158985352226,1.5513634743605964,16.82183814048767
0.9068,0.9,0.108,0.8824339568790095,0.8826986870660731,0.0003,2189598,1.138305262721025,1.5500448502363287,16.798444032669067
0.9068,0.9,0.1085,0.8817400895150469,0.8820046115419014,0.0003,1996708,1.1414409673784842,1.5487252788428314,16.65016269683838
0.9068,0.9,0.109,0.8810443489356158,0.8813086622402965,0.0003,1842366,1.1445653555699276,1.547403938298051,16.67053246498108
0.9068,0.9,0.1095,0.880346732256167,0.8806108362758438,0.0003,2094652,1.1476794930407401,1.5460814727094756,16.746171712875366
0.9068,0.9,0.11,0.8796472365987872,0.8799111307697668,0.0003,1957462,1.150782306985973,1.544758247783194,16.703062534332275
0.9068,0.9,0.1105,0.8789458590923854,0.8792095428501131,0.0003,1866922,1.1538746254594936,1.543432524026156,16.81230115890503
0.9068,0.9,0.111,0.8782425968725883,0.8785060696516501,0.0003,2005356,1.1569572953808154,1.5421060819599004,16.20560073852539
0.9068,0.9,0.1115,0.8775374470820366,0.8778007083161612,0.0003,2007222,1.1600286988974327,1.5407782930426337,15.691840171813965
0.9068,0.9,0.112,0.8768304068704251,0.8770934559924862,0.0003,1921820,1.1630911699007869,1.5394487346096941,15.493567943572998
0.9068,0.9,0.1125,0.8761214733945261,0.8763843098365444,0.0003,2027570,1.1661433091737317,1.5381182243459584,15.369457244873047
0.9068,0.9,0.113,0.8754106438183383,0.8756732670114838,0.0003,1926800,1.169185548480658,1.5367854100861245,15.016125679016113
0.9068,0.9,0.1135,0.8746979153130826,0.8749603246876765,0.0003,1961124,1.1722177096179736,1.5354515460312483,14.457934856414795
0.9068,0.9,0.114,0.8739832850572572,0.8742454800427744,0.0003,1924362,1.1752407814565293,1.5341158540457087,13.683737516403198
0.9068,0.9,0.1145,0.8732667502367536,0.8735287302618246,0.0003,1844450,1.1782547046324026,1.5327793920550774,13.75803828239441
0.9068,0.9,0.115,0.8725483080448002,0.8728100725372137,0.0003,1883300,1.1812595586410577,1.5314404740959275,13.813971042633057
0.9068,0.9,0.1155,0.8718279556819536,0.8720895040686582,0.0003,1950308,1.1842544335634992,1.530100339687917,13.780779123306274
0.9068,0.9,0.116,0.8711056903562663,0.8713670220633731,0.0003,1976782,1.1872407902765965,1.5287583260406379,14.13812518119812
0.9068,0.9,0.1165,0.87038150928314,0.8706426237359248,0.0003,2078158,1.1902185542002046,1.5274144083364616,15.194232702255249
0.9068,0.9,0.117,0.8696554096853044,0.8699163063082099,0.0003,1861252,1.1931875391022058,1.5260689195115442,14.777109146118164
0.9068,0.9,0.1175,0.8689273887929214,0.8691880670095593,0.0003,2001306,1.1961477075851992,1.5247217272663236,14.741248369216919
0.9068,0.9,0.118,0.8681974438434282,0.8684579030765812,0.0003,1910846,1.199099167168632,1.5233729921232038,14.549006223678589
0.9068,0.9,0.1185,0.8674655720816374,0.8677258117532619,0.0003,1899594,1.2020423819654604,1.5220220255611823,14.624433040618896
0.9068,0.9,0.119,0.8667317707594805,0.8669917902907083,0.0003,1695202,1.2049779398436948,1.5206690866416723,14.641377687454224
0.9068,0.9,0.1195,0.8659960371361272,0.866255835947268,0.0003,1802322,1.2079053283550192,1.5193146331444474,15.141053915023804
0.9068,0.9,0.12,0.8652583684778434,0.8655179459883867,0.0003,1967872,1.2108246603180968,1.5179583710344464,15.223355531692505
0.9068,0.9,0.1205,0.8645187620578951,0.8647781176865125,0.0003,1740722,1.2137363272038197,1.516600243858074,15.001371622085571
0.9068,0.9,0.121,0.8637772151564653,0.8640363483210123,0.0003,1954612,1.2166401052397366,1.515240390202607,15.107898235321045
0.9068,0.9,0.1215,0.8630337250606067,0.8632926351781248,0.0003,2053622,1.2195363318646952,1.513878132831463,15.076762676239014
0.9068,0.9,0.122,0.8622882890640233,0.8625469755507426,0.0003,1985976,1.2224261985263003,1.5125142601314672,14.78347396850586
0.9068,0.9,0.1225,0.861540904467049,0.8617993667383891,0.0003,1708632,1.2253081259649055,1.5111478139753247,14.028578758239746
0.9068,0.9,0.123,0.8607915685764992,0.8610498060470722,0.0003,1681204,1.2281823750537,1.509779903209091,13.377384185791016
0.9068,0.9,0.1235,0.8600402787054104,0.8602982907890221,0.0003,1812212,1.231049415441619,1.508409581871926,13.362241268157959
0.9068,0.9,0.124,0.8592870321730768,0.8595448182827287,0.0003,1719494,1.233910520358944,1.5070379059869015,12.94881558418274
0.9068,0.9,0.1245,0.8585318263047919,0.8587893858526833,0.0003,1888446,1.236763973602854,1.5056635003299685,13.121010065078735
0.9068,0.9,0.125,0.8577746584316616,0.858031990829191,0.0003,1669598,1.2396114700236367,1.5042869393514828,12.70683240890503
0.9068,0.9,0.1255,0.8570155258904385,0.8572726305482056,0.0003,1675996,1.2424523419802411,1.5029085473370873,11.848710536956787
0.9068,0.9,0.126,0.8562544260233964,0.8565113023512034,0.0003,1746854,1.2452865829791948,1.501527534669599,11.717509984970093
0.9068,0.9,0.1265,0.8554913561780673,0.8557480035849206,0.0003,1629064,1.2481145869452703,1.5001447513746917,11.673860549926758
0.9068,0.9,0.127,0.8547263137070429,0.854982731601155,0.0003,1687256,1.2509372857434502,1.4987599914517822,11.46040415763855
0.9068,0.9,0.1275,0.8539592959678315,0.8542154837566218,0.0003,1755682,1.2537525467654602,1.4973722195676469,11.534766912460327
0.9068,0.9,0.128,0.8531903003225217,0.8534462574126185,0.0003,1859894,1.2565623175877902,1.4959828025818291,11.996088743209839
0.9068,0.9,0.1285,0.8524193241376502,0.8526750499348915,0.0003,1853240,1.2593675149969452,1.4945908793490699,12.000181198120117
0.9068,0.9,0.129,0.8516463647839249,0.85190185869336,0.0003,1616668,1.2621656524445948,1.4931967064893283,11.709432363510132
0.9068,0.9,0.1295,0.8508714196359757,0.8511266810618664,0.0003,1870118,1.2649584641814107,1.4918005203288687,11.530414581298828
0.9068,0.9,0.13,0.8500944860721138,0.8503495144179354,0.0003,1889290,1.267746182041612,1.4904014083622266,11.240748405456543
0.9068,0.9,0.1305,0.8493155614740758,0.8495703561425181,0.0003,1726160,1.2705286201834658,1.4890002148674224,10.739949226379395
0.9068,0.9,0.131,0.8485346432267472,0.8487892036197152,0.0003,1642472,1.273305515663372,1.4875968194511167,10.622567892074585
0.9068,0.9,0.1315,0.8477517287178323,0.8480060542364477,0.0003,1742900,1.2760775839210572,1.486191379673435,10.695005655288696
0.9068,0.9,0.132,0.8469668153377529,0.8472209053823542,0.0003,1563970,1.2788462976649333,1.4847825673453723,10.328143119812012
0.9068,0.9,0.1325,0.8461799004790936,0.8464337544492373,0.0003,1608248,1.281607944853683,1.4833722055784009,10.227799415588379
0.9068,0.9,0.133,0.8453909815364848,0.8456445988309458,0.0003,1623866,1.2843656858051864,1.4819585198726688,10.492687225341797
0.9068,0.9,0.1335,0.844600055906263,0.8448534359230349,0.0003,1540962,1.287118925557145,1.4805431268156197,10.153555870056152
0.9068,0.9,0.134,0.8438071209861356,0.8440602631224314,0.0003,1776046,1.2898671734990244,1.4791244761511841,10.27616810798645
0.9068,0.9,0.1345,0.8430121741749175,0.84326507782717,0.0003,1679392,1.2926123751790481,1.4777041239897788,10.212374687194824
0.9068,0.9,0.135,0.8422152128721305,0.8424678774359922,0.0003,1676246,1.2953513691706686,1.4762806688139976,10.41023325920105
0.9068,0.9,0.1355,0.8414162344777079,0.8416686593480511,0.0003,1723146,1.2980881234922095,1.474854856665247,10.344053030014038
0.9068,0.9,0.136,0.8406152363916729,0.8408674209625904,0.0003,1884964,1.3008193935922614,1.4734263947944346,10.486030101776123
0.9068,0.9,0.1365,0.8398122160137856,0.8400641596785897,0.0003,1843620,1.3035479670373453,1.4719951827458224,10.849435091018677
0.9068,0.9,0.137,0.8390071707431854,0.8392588728944084,0.0003,1755046,1.306271539299821,1.4705616327521462,10.346591472625732
0.9068,0.9,0.1375,0.8382000979780567,0.8384515580074501,0.0003,1855600,1.308992291830234,1.469125487349268,10.380638122558594
0.9068,0.9,0.138,0.837390995115266,0.8376422124138005,0.0003,1717722,1.3117100858325943,1.467686297164743,10.205260038375854
0.9068,0.9,0.1385,0.836579859549935,0.8368308335078,0.0003,1935870,1.3144232436716048,1.4662448783423991,10.346419095993042
0.9068,0.9,0.139,0.8357666886751633,0.8360174186817658,0.0003,1742462,1.3171338746873924,1.4647999963991096,9.992526769638062
0.9068,0.9,0.1395,0.8349514798816959,0.8352019653256604,0.0003,1794058,1.3198414649792214,1.4633532247386698,10.231959104537964
0.9068,0.9,0.14,0.8341342305572744,0.8343844708264416,0.0003,1866240,1.3225446608444444,1.461903601683142,10.218372821807861
0.9068,0.9,0.1405,0.8333149380866024,0.8335649325680283,0.0003,1754944,1.3252459490057822,1.4604509429785388,10.103949785232544
0.9068,0.9,0.141,0.832493599850708,0.8327433479306632,0.0003,1631666,1.3279443858349156,1.4589957820331227,10.262638092041016
0.9068,0.9,0.1415,0.831670213226653,0.831919714290621,0.0003,1776974,1.330640912699558,1.4575377451423077,10.43852710723877
0.9068,0.9,0.142,0.8308447755871355,0.8310940290198117,0.0003,1764418,1.3333334856236947,1.4560768680428493,10.32695722579956
0.9068,0.9,0.1425,0.8300172843000188,0.8302662894853088,0.0003,1552146,1.336023333424067,1.4546131102617714,10.323058366775513
0.9068,0.9,0.143,0.8291877367280013,0.8294364930490197,0.0003,1714338,1.3387120532546437,1.4531464515523205,10.631410598754883
0.9068,0.9,0.1435,0.8283561302281334,0.8286046370672018,0.0003,1483612,1.3413966702741364,1.4516773444943525,9.908276796340942
0.9068,0.9,0.144,0.827522462151561,0.8277707188902065,0.0003,1552296,1.3440811178417222,1.4502047907319497,10.013510704040527
0.9068,0.9,0.1445,0.8266867298427824,0.8269347358617352,0.0003,1675862,1.3467617909986087,1.448729512465883,10.438442468643188
0.9068,0.9,0.145,0.8258489306395638,0.8260966853187556,0.0003,1614190,1.3494414380003963,1.4472516687061587,10.07809829711914
0.9068,0.9,0.1455,0.8250090618723395,0.8252565645909011,0.0003,1822676,1.3521194035127366,1.445770646474155,10.35046911239624
0.9068,0.9,0.146,0.8241671208638001,0.8244143710000592,0.0003,1890602,1.3547947659818702,1.4442864603117849,10.1940016746521
0.9068,0.9,0.1465,0.8233231049284729,0.8235701018599515,0.0003,1770712,1.3574689982760386,1.44279948803365,10.174026489257812
0.9068,0.9,0.147,0.8224770113722714,0.822723754475683,0.0003,1730754,1.36014227881998,1.4413095799952464,10.23747706413269
0.9068,0.9,0.1475,0.8216288374921118,0.8218753261433595,0.0003,1742636,1.3628127145240305,1.439816858186298,10.236519813537598
0.9068,0.9,0.148,0.820778580575317,0.8210248141494896,0.0003,1821668,1.3654832817984015,1.4383212173507771,10.251335859298706
0.9068,0.9,0.1485,0.8199262378993392,0.820172215770709,0.0003,1606860,1.3681522263371066,1.4368221329899895,10.112722873687744
0.9068,0.9,0.149,0.8190718067312136,0.8193175282732329,0.0003,1541070,1.3708198025343203,1.435320214407194,10.367772102355957
0.9068,0.9,0.1495,0.8182152843270705,0.8184607489123685,0.0003,1467244,1.3734851204696912,1.4338154653532864,10.184327840805054
0.9068,0.9,0.15,0.8173566679319126,0.8176018749322922,0.0003,1605048,1.3761522497278666,1.4323072181165555,10.034480810165405
0.9068,0.9,0.1505,0.8164959547786914,0.816740903565125,0.0003,1637284,1.378816001927759,1.4307960337170247,9.965272188186646
0.9068,0.9,0.151,0.8156331420883429,0.8158778320309694,0.0003,1385692,1.3814814175170742,1.4292819712350264,9.873121500015259
0.9068,0.9,0.1515,0.814768227068975,0.8150126575370956,0.0003,1522100,1.3841453073393741,1.427764704059311,10.028207778930664
0.9068,0.9,0.152,0.8139012069155976,0.8141453772776723,0.0003,1458238,1.3868083275788858,1.426244185620665,10.001370191574097
0.9068,0.9,0.1525,0.8130320788095081,0.813275988433151,0.0003,1535512,1.3894708421862632,1.42472057573588,10.067304134368896
0.9068,0.9,0.153,0.8121608399179074,0.8124044881698828,0.0003,1773226,1.3921347782150653,1.4231939265138027,10.237948894500732
0.9068,0.9,0.1535,0.811287487393478,0.811530873639696,0.0003,1746184,1.3947969669719313,1.4216636135587348,10.164520502090454
0.9068,0.9,0.154,0.810412018373625,0.810655141979137,0.0003,1852812,1.3974590652370091,1.4201302341137987,10.4013831615448
0.9068,0.9,0.1545,0.809534429980344,0.8097772903093381,0.0003,1801160,1.400122312243737,1.4185940667752557,10.116095066070557
0.9068,0.9,0.155,0.8086547193195193,0.8088973157353151,0.0003,1660716,1.4027844373302403,1.4170542213181194,9.894699811935425
0.9068,0.9,0.1555,0.8077728834805159,0.80801521534556,0.0003,1730658,1.4054471599590392,1.4155114108669928,9.941831827163696
0.9068,0.9,0.156,0.80688891953566,0.8071309862115207,0.0003,1412946,1.4081118509136874,1.4139656830681975,9.824455261230469
0.9068,0.9,0.1565,0.8060028245397252,0.8062446253870871,0.0003,1541556,1.410775459971087,1.4124162082717073,10.323344469070435
0.9068,0.9,0.157,0.8051145955294643,0.8053561299081231,0.0003,1500256,1.413439460714264,1.41086391998335,9.917387008666992
0.9068,0.9,0.1575,0.8042242295231478,0.8044654967920046,0.0003,1604450,1.4161043661793722,1.4093075816804543,10.254563808441162
0.9068,0.9,0.158,0.8033317235200368,0.8035727230370928,0.0003,1665282,1.4187708883004357,1.4077485726179757,10.228762149810791
0.9068,0.9,0.1585,0.8024370744997723,0.8026778056221222,0.0003,1794290,1.4214384324467308,1.4061863207215486,10.443254232406616
0.9068,0.9,0.159,0.8015402794220534,0.80178074150588,0.0003,1808662,1.4241070537511895,1.4046202241758663,10.710355043411255
0.9068,0.9,0.1595,0.8006413352259937,0.8008815276265614,0.0003,1775670,1.426775148070622,1.4030511316131928,10.624046564102173
0.9068,0.9,0.16,0.7997402388297307,0.7999801609013796,0.0003,1886184,1.4294466488114868,1.4014786699784254,10.340188026428223
0.9068,0.9,0.1605,0.7988369871297264,0.7990766382258653,0.0003,1687040,1.4321180330056065,1.3999028390454211,10.088465213775635
0.9068,0.9,0.161,0.7979315770004528,0.798170956473553,0.0003,1918340,1.434792601983559,1.398323580048183,10.273308277130127
0.9068,0.9,0.1615,0.7970240052938135,0.7972631124954016,0.0003,1521564,1.437466768914919,1.3967409641837498,9.889026403427124
0.9068,0.9,0.162,0.7961142688385379,0.7963531031191894,0.0003,1758090,1.44014207365674,1.395154370843725,10.225331544876099
0.9068,0.9,0.1625,0.7952023644397328,0.7954409251490647,0.0003,1811692,1.4428207137454718,1.3935650029237656,10.278958559036255
0.9068,0.9,0.163,0.7942882888783405,0.7945265753650039,0.0003,1722978,1.4455012147650959,1.3919722050539693,10.413761854171753
0.9068,0.9,0.1635,0.7933720389107,0.7936100505223731,0.0003,2029290,1.4481839882152643,1.3903756339663673,10.338210582733154
0.9068,0.9,0.164,0.7924536112678422,0.7926913473512225,0.0003,1478896,1.4508670352805382,1.3887755762840228,10.002681970596313
0.9068,0.9,0.1645,0.7915330026551026,0.7917704625558991,0.0003,1768616,1.4535544873308774,1.3871719570048904,10.10199522972107
0.9068,0.9,0.165,0.7906102097515643,0.7908473928144897,0.0003,1778384,1.4562432431099164,1.385565393891923,10.216151714324951
0.9068,0.9,0.1655,0.7896852292094599,0.7899221347782227,0.0003,1769766,1.45893338440605,1.383955015373853,10.166847467422485
0.9068,0.9,0.166,0.7887580576536519,0.7889946850709479,0.0003,1721812,1.4616271083624204,1.3823413470544554,10.085872173309326
0.9068,0.9,0.1665,0.7878286916812959,0.7880650402888002,0.0003,1894160,1.4643238870823057,1.3807235957488622,10.321517944335938
0.9068,0.9,0.167,0.7868971278608413,0.7871331969991996,0.0003,1906778,1.4670226663663495,1.3791026176338887,10.522689580917358
0.9068,0.9,0.1675,0.78596336273196,0.7861991517407796,0.0003,1868784,1.4697233707449173,1.377477768879049,10.3757164478302
0.9068,0.9,0.168,0.7850273928047006,0.7852629010225419,0.0003,1726772,1.4724289809370295,1.3758498390310738,10.013835191726685
0.9068,0.9,0.1685,0.7840892145591288,0.7843244413234965,0.0003,1757666,1.4751351986130437,1.3742178418698379,10.384159326553345
0.9068,0.9,0.169,0.7831488244446048,0.7833837690919381,0.0003,1853746,1.4778469615099505,1.3725828683851955,10.131169319152832
0.9068,0.9,0.1695,0.7822062188793666,0.7824408807450304,0.0003,1879716,1.480560134733086,1.3709436800223453,10.605142593383789
0.9068,0.9,0.17,0.7812613942498429,0.7814957726681178,0.0003,1636190,1.4832779723403833,1.369301137099447,10.154686450958252
0.9068,0.9,0.1705,0.7803143469102385,0.7805484412143116,0.0003,1846692,1.4859979600167073,1.367654903822192,10.684213876724243
0.9068,0.9,0.171,0.7793650731818305,0.779598882703785,0.0003,1993066,1.4887218388476078,1.3660050222017903,10.218855142593384
0.9068,0.9,0.1715,0.7784135693525058,0.7786470934233115,0.0003,1713838,1.4914499887530752,1.3643518263223509,10.045506000518799
0.9068,0.9,0.172,0.7774598316761512,0.777693069625654,0.0003,1882928,1.4941812486600423,1.3626945004797886,10.397151231765747
0.9068,0.9,0.1725,0.7765038563720531,0.7767368075289647,0.0003,1644856,1.4969176443627825,1.3610335632329988,10.268159866333008
0.9068,0.9,0.173,0.775545639624352,0.7757783033162392,0.0003,1651032,1.49965610966425,1.3593690456279552,10.122235298156738
0.9068,0.9,0.1735,0.7745851775814874,0.7748175531347617,0.0003,1664422,1.5023994952460709,1.3577006808175403,10.112796783447266
0.9068,0.9,0.174,0.7736224663555618,0.7738545530954684,0.0003,2109198,1.505147537883328,1.3560288901611341,10.328676223754883
0.9068,0.9,0.1745,0.7726575020218236,0.7728892992724301,0.0003,1661354,1.5078996964017617,1.354352983484281,10.098659753799438
0.9068,0.9,0.175,0.7716902806179688,0.7719217877021542,0.0003,2156580,1.5106564760104995,1.3526735470615217,10.29586124420166
0.9068,0.9,0.1755,0.7707207981437094,0.7709520143831525,0.0003,2057424,1.5134168831881472,1.3509902112959224,10.361860990524292
0.9068,0.9,0.176,0.7697490505600055,0.7699799752751735,0.0003,1720366,1.5161825594294185,1.3493031496741503,9.973523616790771
0.9068,0.9,0.1765,0.7687750337886196,0.7690056662987561,0.0003,2043810,1.5189516597842205,1.3476122764273888,10.399245977401733
0.9068,0.9,0.177,0.7677987437113807,0.768029083334494,0.0003,1762442,1.521727366147867,1.3459174878530111,10.145113706588745
0.9068,0.9,0.1775,0.7668201761697142,0.7670502222225651,0.0003,1877982,1.5245070927930633,1.3442189995991398,9.944249153137207
0.9068,0.9,0.178,0.7658393269639394,0.7660690787620286,0.0003,2015908,1.5272915040727661,1.342516810079198,10.259044885635376
0.9068,0.9,0.1785,0.7648561918526181,0.7650856487101738,0.0003,2201024,1.530081512702367,1.340810671995183,10.41121768951416
0.9068,0.9,0.179,0.7638707665520742,0.7640999277820398,0.0003,1769364,1.5328773185641096,1.339100861046869,10.114253997802734
0.9068,0.9,0.1795,0.7628830467356832,0.7631119116497038,0.0003,1682958,1.5356773748483281,1.3373870288446694,9.865958452224731
0.9068,0.9,0.18,0.7618930280332199,0.7621215959416299,0.0003,1983926,1.538482916852203,1.3356694300007594,10.046972751617432
0.9068,0.9,0.1805,0.7609007060303117,0.7611289762421207,0.0003,1690268,1.5412947730127364,1.3339479715993408,9.650404453277588
0.9068,0.9,0.181,0.759906076267733,0.7601340480906132,0.0003,1540796,1.5441125041359087,1.3322226510279238,9.51957082748413
0.9068,0.9,0.1815,0.7589091342408727,0.7591368069811449,0.0003,2001282,1.5469350306846401,1.3304926725757273,9.858644247055054
0.9068,0.9,0.182,0.7579098753989207,0.7581372483615404,0.0003,1559428,1.5497640995300677,1.3287594232476843,9.496597290039062
0.9068,0.9,0.1825,0.7569082951443412,0.7571353676328845,0.0003,1653666,1.552599078028527,1.3270220556542192,9.60071086883545
0.9068,0.9,0.183,0.7559043888322273,0.7561311601488769,0.0003,1958240,1.555440031699451,1.32528148539292,9.863503694534302
0.9068,0.9,0.1835,0.754898151769668,0.7551246212151989,0.0003,1766716,1.5582875370193314,1.3235357939353025,9.90001368522644
0.9068,0.9,0.184,0.7538895792148472,0.7541157460886116,0.0003,2161714,1.5611406809875668,1.321786413270024,10.034163236618042
0.9068,0.9,0.1845,0.7528786663767928,0.7531045299767058,0.0003,1672200,1.5640011770702182,1.3200335776236038,9.768020868301392
0.9068,0.9,0.185,0.7518654084142753,0.7520909680367995,0.0003,1561504,1.5668668303714863,1.3182763867274176,9.67490005493164
0.9068,0.9,0.1855,0.7508498004354675,0.751075055375598,0.0003,2112256,1.5697401340596973,1.316515268926311,10.04326605796814
0.9068,0.9,0.186,0.7498318374970763,0.7500567870483253,0.0003,1858146,1.5726201848678687,1.3147499431132317,9.885520935058594
0.9068,0.9,0.1865,0.7488115146037,0.7490361580580811,0.0003,1766562,1.5755081963463988,1.3129806554166128,9.791989088058472
0.9068,0.9,0.187,0.7477888267071584,0.7480131633551705,0.0003,1910088,1.5784020905906373,1.311207514649705,10.052979707717896
0.9068,0.9,0.1875,0.7467637687057461,0.7469877978363578,0.0003,1658446,1.5813029681982407,1.3094299715386968,9.711872816085815
0.9068,0.9,0.188,0.7457363354435714,0.7459600563442045,0.0003,2029682,1.5842106837779513,1.3076487106852699,10.018567085266113
0.9068,0.9,0.1885,0.7447065217098616,0.7449299336663746,0.0003,1869944,1.5871265696337258,1.3058628917731026,9.847147464752197
0.9068,0.9,0.189,0.7436743222381095,0.7438974245347809,0.0003,1771676,1.590050147968923,1.3040737986004614,9.769273281097412
0.9068,0.9,0.1895,0.7426397317056754,0.7428625236251871,0.0003,1804054,1.592981120099408,1.3022797793740617,9.753480434417725
0.9068,0.9,0.19,0.7416027447325493,0.741825225555969,0.0003,1872168,1.5959193476776907,1.3004814866242314,9.905290603637695
0.9068,0.9,0.1905,0.7405633558810949,0.7407855248878592,0.0003,1728354,1.5988659902518623,1.2986796495721595,9.800233840942383
0.9068,0.9,0.191,0.7395215596549712,0.7397434161228678,0.0003,1670472,1.60182012043089,1.2968729272207338,9.803973197937012
0.9068,0.9,0.1915,0.7384773504987888,0.7386988937039385,0.0003,1616590,1.6047819153843823,1.2950626624552495,9.732423067092896
0.9068,0.9,0.192,0.7374307227967631,0.7376519520136021,0.0003,1861066,1.6077529905033523,1.2932481501336264,9.83117151260376
0.9068,0.9,0.1925,0.7363816708724414,0.7366025853737032,0.0003,2071464,1.6107309862583525,1.2914295455025306,10.160905361175537
0.9068,0.9,0.193,0.7353301889877186,0.7355507880444149,0.0003,2036254,1.6137193260922627,1.2896063699999314,10.055231809616089
0.9068,0.9,0.1935,0.734276271342157,0.7344965542235596,0.0003,1842756,1.6167142859463475,1.2877791610334985,9.925258874893188
0.9068,0.9,0.194,0.7332199120720522,0.7334398780456738,0.0003,1737356,1.6197186930726453,1.2859478907810573,9.872241735458374
0.9068,0.9,0.1945,0.7321611052497957,0.7323807535813707,0.0003,2207932,1.622731796691083,1.2841119725544006,10.290791749954224
0.9068,0.9,0.195,0.7310998448829776,0.7313191748364425,0.0003,2105452,1.6257543206070952,1.282272090108501,10.135375022888184
0.9068,0.9,0.1955,0.7300361249135809,0.7302551357510549,0.0003,2083170,1.628785195316332,1.2804278718125934,10.024983644485474
0.9068,0.9,0.196,0.7289699392172425,0.7291886301990077,0.0003,1918090,1.6318261616890868,1.278579026431934,9.981060266494751
0.9068,0.9,0.1965,0.7279012816022655,0.7281196519867462,0.0003,2105140,1.6348757426784326,1.2767259459784879,10.27830982208252
0.9068,0.9,0.197,0.7268301458089504,0.7270481948526931,0.0003,2476584,1.6379350083803246,1.2748693628902248,10.205030679702759
0.9068,0.9,0.1975,0.725756525508732,0.7259742524663846,0.0003,1860934,1.6410029421581163,1.273007118615028,9.811189889907837
0.9068,0.9,0.198,0.7246804143030678,0.7248978184273588,0.0003,2099558,1.6440819347834865,1.2711417321741199,10.017499923706055
0.9068,0.9,0.1985,0.7236018057229865,0.7238188862647034,0.0003,2204998,1.6471700150212754,1.2692712434559583,10.06985855102539
0.9068,0.9,0.199,0.7225206932277932,0.7227374494357616,0.0003,1848300,1.6502682472555024,1.2673960925805399,10.018754720687866
0.9068,0.9,0.1995,0.7214370702046398,0.7216535013257012,0.0003,1717626,1.6533744852324275,1.265517323809732,9.76875615119934
0.9068,0.9,0.2,0.7203509299671659,0.720567035246156,0.0003,1760508,1.6564935094507391,1.2636336869610565,9.841811418533325
0.9068,0.9,0.2005,0.7192622657548318,0.7194780444345582,0.0003,2381450,1.659622836193734,1.261745804817483,10.288742780685425
0.9068,0.9,0.201,0.7181710707320601,0.7183865220532797,0.0003,1928364,1.6627617301387128,1.259853542550624,10.033433437347412
0.9068,0.9,0.2015,0.7170773379871024,0.7172924611884985,0.0003,1977458,1.6659115124834214,1.2579561556770418,10.074854612350464
0.9068,0.9,0.202,0.7159810605315174,0.7161958548496768,0.0003,2013186,1.6690708682305182,1.2560553400649104,10.049944162368774
0.9068,0.9,0.2025,0.7148822312985047,0.7150966959678943,0.0003,2257616,1.6722419357438556,1.254149306927534,10.174630165100098
0.9068,0.9,0.203,0.7137808431426292,0.713994977395572,0.0003,1750080,1.6754248969299457,1.2522392399028515,10.27264952659607
0.9068,0.9,0.2035,0.7126768888385487,0.7128906919052003,0.0003,1668070,1.6786181705342058,1.2503243348912594,9.580718517303467
0.9068,0.9,0.204,0.7115703610800166,0.7117838321883405,0.0003,1823624,1.681822551501413,1.2484051185395282,10.002737522125244
0.9068,0.9,0.2045,0.710461252479016,0.7106743908547597,0.0003,1953408,1.6850377169058257,1.2464805928324756,10.025432586669922
0.9068,0.9,0.205,0.709349555564574,0.7095623604312433,0.0003,2051118,1.6882670392067989,1.244552794552986,10.142585515975952
0.9068,0.9,0.2055,0.7082352627819958,0.7084477333608303,0.0003,1640940,1.6915055712655485,1.2426190546277107,10.03306531906128
0.9068,0.9,0.206,0.7071183664914545,0.7073305020014019,0.0003,1868722,1.6947569615582632,1.2406816251093957,9.972428321838379
0.9068,0.9,0.2065,0.7059988589672077,0.7062106586248978,0.0003,1741604,1.6980183616860594,1.2387394996748413,9.780593156814575
0.9068,0.9,0.207,0.7048767323967774,0.7050881954164964,0.0003,2526040,1.7012942620031153,1.2367922455703997,10.491164207458496
0.9068,0.9,0.2075,0.7037519788790872,0.7039631044727509,0.0003,2408462,1.7045832760494426,1.2348411222774156,10.50046157836914
0.9068,0.9,0.208,0.7026245904243588,0.7028353778014861,0.0003,2385388,1.7078818790428507,1.2328843344322526,10.524173498153687
0.9068,0.9,0.2085,0.7014945589521382,0.7017050073198238,0.0003,2315510,1.711195218027004,1.23092363925446,10.538851976394653
0.9068,0.9,0.209,0.7003618762907561,0.7005719848536432,0.0003,2460752,1.714520553001371,1.2289577362137045,10.707574844360352
0.9068,0.9,0.2095,0.6992265341759606,0.6994363021362133,0.0003,2135878,1.7178578636485402,1.2269872852535244,10.44886827468872
0.9068,0.9,0.21,0.6980885242497926,0.6982979508070676,0.0003,1800236,1.7212098497745243,1.2250123358171465,10.125048160552979
0.9068,0.9,0.2105,0.6969478380594109,0.6971569224108286,0.0003,2331544,1.7245742004597602,1.2230326089675676,10.623154640197754
0.9068,0.9,0.211,0.6958044670558952,0.6960132083960119,0.0003,2093822,1.727951751958391,1.2210482957763917,10.167153358459473
0.9068,0.9,0.2115,0.6946584025932503,0.6948668001140282,0.0003,2462232,1.7313423594943456,1.2190584434711516,10.744017601013184
0.9068,0.9,0.212,0.6935096359267741,0.693717688817552,0.0003,2274978,1.7347482414087576,1.2170642186989653,10.542695999145508
0.9068,0.9,0.2125,0.692358158212244,0.6925658656597077,0.0003,1824060,1.7381660130300656,1.2150652777397823,10.321479082107544
0.9068,0.9,0.213,0.6912039605044161,0.6914113216925675,0.0003,1955638,1.7415987942822395,1.2130612040742594,10.34432578086853
0.9068,0.9,0.2135,0.6900470337559139,0.6902540478660407,0.0003,2434716,1.7450459204135063,1.211052650214263,10.652882099151611
0.9068,0.9,0.214,0.6888873688157598,0.6890940350264045,0.0003,2281836,1.7485072385103486,1.2090392487429074,10.53411316871643
0.9068,0.9,0.2145,0.6877249564282597,0.6879312739151882,0.0003,2453960,1.751983079300734,1.2070207692747532,10.439234256744385
0.9068,0.9,0.215,0.6865597872315382,0.6867657551677077,0.0003,2030452,1.7554733749193492,1.2049969230740094,10.095431327819824
0.9068,0.9,0.2155,0.6853918517563435,0.6855974693118704,0.0003,2356664,1.7589789486926513,1.2029687491947783,10.43070387840271
0.9068,0.9,0.216,0.6842211404244668,0.6844264067665942,0.0003,2223200,1.762499467934459,1.2009356508349525,10.467926025390625
0.9068,0.9,0.2165,0.683047643547508,0.6832525578405723,0.0003,1982550,1.7660337253989145,1.1988976603024455,10.232034921646118
0.9068,0.9,0.217,0.68187135132564,0.6820759127310377,0.0003,2486752,1.7695846507646085,1.1968538748695692,10.671281099319458
0.9068,0.9,0.2175,0.6806922538456949,0.6808964615218486,0.0003,1853052,1.7731507836197185,1.1948058752319712,10.088932275772095
0.9068,0.9,0.218,0.6795103410801832,0.6797141941825072,0.0003,2131208,1.7767325991357223,1.1927524521545891,10.465856552124023
0.9068,0.9,0.2185,0.678325602885626,0.6785291005664917,0.0003,2143998,1.780331392926391,1.1906941039985657,10.639676570892334
0.9068,0.9,0.219,0.6771380290010969,0.6773411704097971,0.0003,2239700,1.783945341890386,1.1886307009546326,10.604193449020386
0.9068,0.9,0.2195,0.675947609046678,0.6761503933293921,0.0003,1964084,1.787574475297855,1.1865622475466524,10.337721109390259
0.9068,0.9,0.22,0.674754332521945,0.6749567588217016,0.0003,1990842,1.791221072777746,1.1844886869967972,10.34053659439087
0.9068,0.9,0.2205,0.6735581888044158,0.6737602562610571,0.0003,1845956,1.794885312790506,1.1824098879659315,10.115159273147583
0.9068,0.9,0.221,0.6723591671479325,0.6725608748980769,0.0003,2447580,1.7985653984020211,1.180325992136175,10.999207496643066
0.9068,0.9,0.2215,0.6711572566810803,0.6713586038580845,0.0003,1923190,1.802261570791614,1.178237198711398,10.168761253356934
0.9068,0.9,0.222,0.6699524464055074,0.670153432139429,0.0003,1927770,1.8059762758852993,1.176142971203982,10.440018892288208
0.9068,0.9,0.2225,0.6687447251942977,0.668945348611856,0.0003,2228834,1.80970821780563,1.1740435090099215,10.588539838790894
0.9068,0.9,0.223,0.6675340817902445,0.6677343420147815,0.0003,2568520,1.813458205523795,1.1719388562840505,10.887197971343994
0.9068,0.9,0.2235,0.6663205048042171,0.6665204009556583,0.0003,2260990,1.8172240101902122,1.1698287719478135,10.694531440734863
0.9068,0.9,0.224,0.6651039827132451,0.6653035139080591,0.0003,2517976,1.8210100947952517,1.167713650221182,10.652644872665405
0.9068,0.9,0.2245,0.6638845038589174,0.664083669210075,0.0003,2473188,1.824813317761069,1.1655929970425036,10.960144281387329
0.9068,0.9,0.225,0.6626620564454763,0.6628608550624099,0.0003,2127242,1.8286344378200448,1.1634671517426918,10.663346290588379
0.9068,0.9,0.2255,0.6614366285379798,0.6616350595265412,0.0003,2372414,1.8324745821130155,1.1613357701855718,10.856162309646606
0.9068,0.9,0.226,0.6602082080605332,0.6604062705229513,0.0003,2532766,1.8363349795561716,1.1591995470725474,10.834715366363525
0.9068,0.9,0.2265,0.6589767827942429,0.6591744758290812,0.0003,2844990,1.840213086121358,1.157057334318976,10.961089849472046
0.9068,0.9,0.227,0.6577423403754008,0.6579396630775134,0.0003,2499784,1.8441091733521935,1.154909957468739,10.56972360610962
0.9068,0.9,0.2275,0.6565048682934823,0.6567018197539704,0.0003,1674478,1.8480267136325825,1.1527570662757736,10.112065553665161
0.9068,0.9,0.228,0.6552643538891498,0.6554609331953165,0.0003,2455608,1.851964424912487,1.1505990711700338,10.60657525062561
0.9068,0.9,0.2285,0.654020784352129,0.6542169905874345,0.0003,2400758,1.8559208852458562,1.1484356208306854,10.526731252670288
0.9068,0.9,0.229,0.6527741467194631,0.652969978963479,0.0003,2931262,1.8598980632832307,1.1462661975027626,11.012838125228882
0.9068,0.9,0.2295,0.6515244278729297,0.6517198852012916,0.0003,2753958,1.8638947703961761,1.1440911367485422,10.976415157318115
0.9068,0.9,0.23,0.6502716145372771,0.6504666960216383,0.0003,2579440,1.8679138491559246,1.1419110140874718,11.044089078903198
0.9068,0.9,0.2305,0.6490156932779362,0.6492103979859195,0.0003,2733038,1.8719522138830933,1.1397250235083587,10.90813946723938
0.9068,0.9,0.231,0.6477566504987575,0.6479509774939072,0.0003,3009300,1.8760121978751012,1.1375333744327434,11.355201482772827
0.9068,0.9,0.2315,0.6464944724397856,0.6466884207815176,0.0003,2584626,1.880094052346085,1.1353359143266897,10.730599164962769
0.9068,0.9,0.232,0.6452291451750527,0.6454227139186052,0.0003,2596176,1.8841978227862601,1.133133426253277,10.655383348464966
0.9068,0.9,0.2325,0.643960654610071,0.644153842806454,0.0003,2016282,1.8883228784720314,1.1309248629070727,10.303637266159058
0.9068,0.9,0.233,0.6426889864796141,0.642881793175558,0.0003,2696348,1.8924687463726322,1.1287104582136567,10.847167015075684
0.9068,0.9,0.2335,0.641414126345185,0.6416065505830886,0.0003,2783028,1.8966391566006218,1.126490461675486,11.01039171218872
0.9068,0.9,0.234,0.6401360595926254,0.6403281004105031,0.0003,2868458,1.9008316552083884,1.1242646310205888,10.872996091842651
0.9068,0.9,0.2345,0.6388547714296012,0.63904642786103,0.0003,2352150,1.9050469206744756,1.1220330512456982,10.598029375076294
0.9068,0.9,0.235,0.6375702468830111,0.637761517957076,0.0003,2210034,1.9092845207739289,1.1197955181268928,10.560473442077637
0.9068,0.9,0.2355,0.6362824707963928,0.6364733555376316,0.0003,2746684,1.9135467979404375,1.117552442824845,11.27941370010376
0.9068,0.9,0.236,0.63499142782727,0.6351819252556182,0.0003,2530696,1.9178321629979642,1.1153032631786894,11.190703868865967
0.9068,0.9,0.2365,0.6336971024445024,0.6338872115752358,0.0003,2975400,1.9221412181665916,1.113048529178411,11.641029119491577
0.9068,0.9,0.237,0.6323994789254382,0.6325891987691159,0.0003,2810534,1.926474639681774,1.1107871074339042,11.377125024795532
0.9068,0.9,0.2375,0.6310985413532297,0.6312878709156357,0.0003,2666674,1.9308331701603683,1.1085206928595936,11.547919273376465
0.9068,0.9,0.238,0.6297942736139063,0.6299832118959904,0.0003,3223106,1.9352154372198827,1.1062474280860257,11.953986167907715
0.9068,0.9,0.2385,0.6284866593934227,0.6286752053912408,0.0003,3236678,1.9396242126084717,1.1039684633085074,12.09248685836792
0.9068,0.9,0.239,0.6271756821747806,0.627363834879433,0.0003,2979122,1.9440579419092674,1.1016835807032161,11.816870212554932
0.9068,0.9,0.2395,0.625861325234986,0.6260490836325565,0.0003,2097834,1.9485172352241051,1.0993922171017025,10.885361909866333
0.9068,0.9,0.24,0.6245435716419517,0.6247309347134443,0.0003,3400292,1.9530028796870775,1.0970949556950345,12.118192434310913
0.9068,0.9,0.2405,0.623222404251367,0.6234093709726424,0.0003,2700366,1.9575156356680534,1.094791741280829,12.077004194259644
0.9068,0.9,0.241,0.6218978057034236,0.6220843750451346,0.0003,2633104,1.9620531859392873,1.0924821505201625,11.637725830078125
0.9068,0.9,0.2415,0.6205697584197291,0.620755929347255,0.0003,3304350,1.9666205817588116,1.0901665284134545,12.462889909744263
0.9068,0.9,0.242,0.619238244599771,0.6194240160731509,0.0003,3172556,1.9712127141131872,1.0878445410327975,12.3013277053833
0.9068,0.9,0.2425,0.6179032462176457,0.618088617191511,0.0003,2840150,1.9758347989000875,1.085516317908964,12.03516435623169
0.9068,0.9,0.243,0.6165647450186189,0.6167497144421245,0.0003,3816262,1.9804834190275191,1.0831815390935995,13.098628282546997
0.9068,0.9,0.2435,0.6152227225154926,0.6154072893322472,0.0003,2189862,1.9851598634366652,1.080840521793213,11.551636934280396
0.9068,0.9,0.244,0.6138771599850344,0.61406132313303,0.0003,3305454,1.9898655591161087,1.0784934739126313,12.685030221939087
0.9068,0.9,0.2445,0.6125280384643915,0.6127117968759308,0.0003,2575380,1.9946003962397743,1.0761397598892515,11.907619714736938
0.9068,0.9,0.245,0.6111753387472532,0.6113586913488773,0.0003,3018626,1.9993639608852922,1.0737791774053627,12.554408311843872
0.9068,0.9,0.2455,0.6098190413800167,0.6100019870924307,0.0003,2031192,2.0041589244657585,1.07141281199185,11.540696620941162
0.9068,0.9,0.246,0.6084591266579529,0.6086416643959502,0.0003,3273922,2.0089821761377302,1.0690394862673507,12.815943002700806
0.9068,0.9,0.2465,0.6070955746211314,0.6072777032935177,0.0003,3069326,2.0138376971991563,1.0666599858417474,12.377119302749634
0.9068,0.9,0.247,0.6057283650505244,0.6059100835600395,0.0003,3151722,2.0187221384911345,1.064273414334921,12.825750827789307
0.9068,0.9,0.2475,0.6043574774635659,0.604538784706805,0.0003,2959318,2.0236395536325555,1.0618801798529265,12.178037643432617
0.9068,0.9,0.248,0.6029828911102839,0.603163785977617,0.0003,2009150,2.0285867040637293,1.0594806768144998,11.403347492218018
0.9068,0.9,0.2485,0.6016045849686062,0.6017850663440968,0.0003,3113202,2.0335669494203903,1.0570742952078263,12.323612689971924
0.9068,0.9,0.249,0.6002225377402316,0.6004026045015537,0.0003,2780308,2.038580296605278,1.0546611800646284,12.28696584701538
0.9068,0.9,0.2495,0.5988367278459507,0.5990163788643044,0.0003,2607326,2.043626091246071,1.052241385385303,12.173755645751953
0.9068,0.9,0.25,0.5974471334210997,0.597626367561126,0.0003,3153262,2.0487051703754786,1.0498148560854528,12.291192531585693
0.9068,0.9,0.2505,0.5960537323108329,0.5962325484305262,0.0003,3064024,2.0538187717334693,1.0473812175441544,11.99778413772583
0.9068,0.9,0.251,0.594656502065375,0.5948348990159946,0.0003,2910290,2.058964627198776,1.0449410427062655,12.179229497909546
0.9068,0.9,0.2515,0.5932554199350318,0.5934333965610123,0.0003,3453382,2.0641466115422893,1.0424937097277631,12.794326305389404
0.9068,0.9,0.252,0.5918504628652165,0.592028018004076,0.0003,3229784,2.069361853517844,1.0400390839028215,12.42016077041626
0.9068,0.9,0.2525,0.5904416074913044,0.5906187399735517,0.0003,2986412,2.074614364080529,1.0375777031790592,12.103586912155151
0.9068,0.9,0.253,0.589028830133396,0.589205538782436,0.0003,2713754,2.079901822759589,1.035109388397841,12.156877756118774
0.9068,0.9,0.2535,0.5876121067909852,0.5877883904230224,0.0003,3731942,2.0852267160876155,1.0326337913428545,12.937571287155151
0.9068,0.9,0.254,0.5861914131374633,0.5863672705614045,0.0003,3045096,2.0905866429898916,1.0301508943232691,11.993432521820068
0.9068,0.9,0.2545,0.5847667245145359,0.5849421545318902,0.0003,3477116,2.0959848370814793,1.0276610121138976,12.795397758483887
0.9068,0.9,0.255,0.583338015926438,0.5835130173312159,0.0003,3257616,2.101419491537363,1.0251640291966637,12.381718873977661
0.9068,0.9,0.2555,0.5819052620342842,0.5820798336128944,0.0003,3037532,2.1068945547203146,1.0226595933531393,12.203633546829224
0.9068,0.9,0.256,0.5804684371497552,0.5806425776809001,0.0003,2683142,2.1124077768480793,1.0201477817139986,11.759546279907227
0.9068,0.9,0.2565,0.5790275152292724,0.5792012234838412,0.0003,2642018,2.1179611509259906,1.0176286415991174,11.707031488418579
0.9068,0.9,0.257,0.5775824698676195,0.5777557446085798,0.0003,3519756,2.123552907801135,1.015102006189459,12.66318416595459
0.9068,0.9,0.2575,0.5761332742914884,0.5763061142737759,0.0003,2266988,2.1291870741045305,1.0125678814204786,11.211090087890625
0.9068,0.9,0.258,0.5746799013532375,0.5748523053236435,0.0003,3199744,2.1348588337426007,1.010026405321275,12.26255989074707
0.9068,0.9,0.2585,0.573222323523534,0.573394290220591,0.0003,2613278,2.14057388948239,1.0074776818194133,11.418569564819336
0.9068,0.9,0.259,0.5717605128853209,0.5719320410391865,0.0003,3511990,2.1463315471278137,1.0049207628513335,12.32262396812439
0.9068,0.9,0.2595,0.570294441126057,0.5704655294583948,0.0003,3333090,2.152131219259641,1.0023564304087018,11.994279384613037
0.9068,0.9,0.26,0.5688240795310424,0.5689947267549017,0.0003,3720394,2.157973254435114,0.9997842983583346,12.130940675735474
0.9068,0.9,0.2605,0.5673493989758813,0.5675196037955741,0.0003,4735446,2.163860746690316,0.9972040733618728,13.469005107879639
0.9068,0.9,0.261,0.5658703699188016,0.5660401310297772,0.0003,4098170,2.169791494806525,0.9946162477001783,12.709675073623657
0.9068,0.9,0.2615,0.5643869623932262,0.5645562784819441,0.0003,3807684,2.175768370127184,0.9920208883593419,12.391810417175293
0.9068,0.9,0.262,0.5628991459996663,0.5630680157434662,0.0003,3049742,2.1817897257423424,0.9894172963240346,11.665730476379395
0.9068,0.9,0.2625,0.5614068898976927,0.561575311964662,0.0003,3912792,2.187857337290497,0.9868059125623628,12.310331344604492
0.9068,0.9,0.263,0.5599101627976958,0.5600781358465351,0.0003,4057854,2.1939723506092674,0.9841863584125432,12.429698944091797
0.9068,0.9,0.2635,0.5584089329523324,0.5585764556322181,0.0003,3037590,2.2001348358271784,0.9815585868964559,11.643190622329712
0.9068,0.9,0.264,0.5569031681478038,0.5570702390982482,0.0003,4209874,2.2063440285588922,0.9789225994466687,12.540732622146606
0.9068,0.9,0.2645,0.5553928356950437,0.5555594535457522,0.0003,3849482,2.212603664856394,0.9762785720937002,12.463845491409302
0.9068,0.9,0.265,0.553877902420435,0.5540440657911611,0.0003,3540232,2.218915070541251,0.9736260979179904,11.89043402671814
0.9068,0.9,0.2655,0.5523583346567085,0.5525240421571055,0.0003,3908306,2.225272855121711,0.9709655403900768,12.325865745544434
0.9068,0.9,0.266,0.550834098232876,0.5509993484623459,0.0003,3997726,2.231684341790764,0.9682967989216058,12.401283025741577
0.9068,0.9,0.2665,0.5493051584648657,0.5494699500124052,0.0003,4380890,2.238147784955043,0.9656192267721039,12.630645513534546
0.9068,0.9,0.267,0.5477714801451755,0.547935811589219,0.0003,4531068,2.244661506834736,0.9629332366394809,12.893636226654053
0.9068,0.9,0.2675,0.5462330275325145,0.5463968974407742,0.0003,3460110,2.251229654439369,0.9602384732166185,11.952211380004883
0.9068,0.9,0.268,0.5446897643412499,0.5448531712705523,0.0003,3688016,2.257852585391651,0.9575351693556872,12.257459163665771
0.9068,0.9,0.2685,0.5431416537304926,0.5433045962266118,0.0003,2986706,2.2645306180829774,0.9548232603486423,11.635322332382202
0.9068,0.9,0.269,0.5415886582929131,0.5417511348904009,0.0003,4470218,2.2712626305501247,0.9521027376626291,12.870797872543335
0.9068,0.9,0.2695,0.5400307400431521,0.540192749265165,0.0003,5060368,2.2780536556316546,0.9493729415841947,13.42211651802063
0.9068,0.9,0.27,0.5384678604063148,0.5386294007644367,0.0003,4336008,2.284899832802288,0.9466345649360672,12.771408796310425
0.9068,0.9,0.2705,0.5368999802054977,0.5370610501995593,0.0003,4159366,2.291805342208941,0.943887155603037,12.612686157226562
0.9068,0.9,0.271,0.5353270596496885,0.5354876577675834,0.0003,3690296,2.2987712457698524,0.9411308048971577,12.08942723274231
0.9068,0.9,0.2715,0.5337490583208565,0.5339091830383528,0.0003,3675298,2.3057942958569813,0.9383650650614822,12.275381326675415
0.9068,0.9,0.272,0.532165935160941,0.5323255849414893,0.0003,4409736,2.3128817840916045,0.9355904535485953,12.86870265007019
0.9068,0.9,0.2725,0.5305776484582626,0.5307368217528,0.0003,3688678,2.3200296119046477,0.9328062503937676,12.444744348526001
0.9068,0.9,0.273,0.5289841558338985,0.5291428510806486,0.0003,5903162,2.327239881152798,0.9300128814815796,14.328425645828247
0.9068,0.9,0.2735,0.5273854142272857,0.5275436298515539,0.0003,5175836,2.3345151461053733,0.9272101279290746,13.753865718841553
0.9068,0.9,0.274,0.5257813798817675,0.525939114295732,0.0003,3252370,2.341854536135514,0.9243980542250956,11.884636402130127
0.9068,0.9,0.2745,0.524172008329463,0.5243292599319618,0.0003,4301374,2.3492612520395153,0.9215760035650405,12.671569108963013
0.9068,0.9,0.275,0.5225572543760805,0.5227140215523933,0.0003,4432016,2.3567321821760037,0.9187446985058777,13.119343042373657
0.9068,0.9,0.2755,0.5209370720846862,0.5210933532063116,0.0003,3509760,2.364272726934737,0.9159033916725693,12.026723623275757
0.9068,0.9,0.276,0.5193114147597161,0.519467208184144,0.0003,4246288,2.371882222601496,0.9130521843344789,12.715199708938599
0.9068,0.9,0.2765,0.5176802349300911,0.5178355390005701,0.0003,5007416,2.379564209539077,0.91019142521704,13.639416217803955
0.9068,0.9,0.277,0.5160434843318882,0.5161982973771877,0.0003,5122382,2.3873153063871935,0.9073202083820441,13.773368120193481
0.9068,0.9,0.2775,0.5144011138908275,0.5145554342249947,0.0003,4560450,2.3951384739012562,0.9044396529513242,13.197654962539673
0.9068,0.9,0.278,0.5127530737035372,0.5129068996256482,0.0003,3885202,2.4030369009903514,0.9015485574371584,12.501174211502075
0.9068,0.9,0.2785,0.5110993130192067,0.5112526428131124,0.0003,4330842,2.4110088481667984,0.8986469239481875,12.711610078811646
0.9068,0.9,0.279,0.5094397802200032,0.5095926121540693,0.0003,3919382,2.4190585253284427,0.8957353188107156,12.672044277191162
0.9068,0.9,0.2795,0.5077744228011107,0.507926755127951,0.0003,3783926,2.427185162535667,0.8928131057282517,12.405998945236206
0.9068,0.9,0.28,0.5061031873502843,0.5062550183064893,0.0003,5868318,2.4353932921212342,0.8898806352168904,14.35628604888916
0.9068,0.9,0.2805,0.5044260195266091,0.5045773473324671,0.0003,4469928,2.4436771307968206,0.8869372895705705,12.914425134658813
0.9068,0.9,0.281,0.502742864038737,0.5028936868979487,0.0003,4562552,2.4520460584340307,0.8839833640977922,13.188724756240845
0.9068,0.9,0.2815,0.5010536646223915,0.5012039807217782,0.0003,4764178,2.4604961857665226,0.8810185412482796,13.283557176589966
0.9068,0.9,0.282,0.49935836401723477,0.49950817152643995,0.0003,4102602,2.469032003608774,0.8780431656388896,12.805400848388672
0.9068,0.9,0.2825,0.4976569039430419,0.4978062010142248,0.0003,5061860,2.4776524043807093,0.8750560722134247,13.773255825042725
0.9068,0.9,0.283,0.4959492250749538,0.49609800984247626,0.0003,4221430,2.486360241298901,0.872058347060831,12.72647762298584
0.9068,0.9,0.2835,0.494235267018173,0.4943835375982784,0.0003,5783016,2.4951598739761023,0.8690493903134998,14.400165319442749
0.9068,0.9,0.284,0.49251496828177865,0.4926627227722632,0.0003,3684142,2.5040474748369883,0.8660292609360459,12.495664119720459
0.9068,0.9,0.2845,0.4907882662516497,0.49093550273152514,0.0003,6662350,2.513027238250082,0.8629974539230771,15.251264572143555
0.9068,0.9,0.285,0.4890550971626046,0.48920181369175336,0.0003,5168868,2.5221010428190733,0.8599539850503815,14.230913639068604
0.9068,0.9,0.2855,0.4873153960695518,0.4874615906883727,0.0003,5970536,2.5312712875101067,0.8568987878712977,14.907413005828857
0.9068,0.9,0.286,0.485569096817896,0.4857147675469414,0.0003,6995116,2.540537762012938,0.853832126455351,15.884393453598022
0.9068,0.9,0.2865,0.4838161320126199,0.4839612768522237,0.0003,4812568,2.5499053495136295,0.8507535911337095,13.85934066772461
0.9068,0.9,0.287,0.4820564329867546,0.48220104991665064,0.0003,4210736,2.5593725760255035,0.8476629017195352,13.7835853099823
0.9068,0.9,0.2875,0.4802899297684951,0.48043401674742564,0.0003,5959376,2.568942151940298,0.8445601456144254,14.984202146530151
0.9068,0.9,0.288,0.47851655104738194,0.47866010601269615,0.0003,5684244,2.5786175166741807,0.8414449554362969,14.585311889648438
0.9068,0.9,0.2885,0.47673622413926253,0.4768792450065043,0.0003,4958750,2.5883972412624985,0.8383174408373111,13.932400703430176
0.9068,0.9,0.289,0.4749488749500904,0.4750913596125754,0.0003,7007920,2.5982879333552535,0.8351775103213719,16.02159571647644
0.9068,0.9,0.2895,0.47315442793848295,0.4732963742668645,0.0003,5499208,2.608290550264679,0.8320248023542924,14.388820886611938
0.9068,0.9,0.29,0.4713528060769663,0.4718241588830432,0.001,10878170,2.6184053995397543,0.8288596055926339,19.267915964126587
0.9068,0.9,0.2905,0.4695439308119613,0.46968479399120483,0.0003,6736842,2.62863521797742,0.8256809891876747,15.680507183074951
0.9068,0.9,0.291,0.46772772202217927,0.46786804033878593,0.0003,6838608,2.6389831089344593,0.8224897084152639,15.778724431991577
0.9068,0.9,0.2915,0.46590409797575455,0.4660438692051473,0.0003,5790822,2.649449115072299,0.8192851493216555,14.714625358581543
0.9068,0.9,0.292,0.46407297528572133,0.46421219717830703,0.0003,7477438,2.6600401207182047,0.8160670289808729,16.542136192321777
0.9068,0.9,0.2925,0.46223426886395147,0.46269650313281535,0.001,10590492,2.670754174399775,0.8128357881590037,19.134138345718384
0.9068,0.9,0.293,0.4603878918734223,0.4605260082409843,0.0003,4334812,2.6815960210998537,0.8095904677058124,13.261995077133179
0.9068,0.9,0.2935,0.45853375567860766,0.45867131580531123,0.0003,7767046,2.692567053087766,0.8063317240756006,16.638031244277954
0.9068,0.9,0.294,0.4566717697944003,0.4568087713253386,0.0003,6250506,2.7036712504788216,0.8030585325261177,15.379039764404297
0.9068,0.9,0.2945,0.4548018418326079,0.45525664367444046,0.001,10607598,2.7149097560065845,0.7997714859438244,19.27924346923828
0.9068,0.9,0.295,0.452923877446998,0.4530597546102321,0.0003,7696348,2.726289138641187,0.7964703490249356,16.98079752922058
0.9068,0.9,0.2955,0.45103778027589597,0.4511730916099787,0.0003,7052466,2.737806852443864,0.7931543825181899,16.32931685447693
0.9068,0.9,0.296,0.4491434518827313,0.4492781949182961,0.0003,7045686,2.7494695559493123,0.7898240176601742,16.39289164543152
0.9068,0.9,0.2965,0.44724079169433345,0.44737496393184173,0.0003,7910452,2.761280375477488,0.7864788975474942,17.491146087646484
0.9068,0.9,0.297,0.4453296969367871,0.44546329584586813,0.0003,7476948,2.7732414037295054,0.7831185031778047,16.868144989013672
0.9068,0.9,0.2975,0.44341006256874965,0.44354308558752026,0.0003,7398006,2.785357016713256,0.7797430273318147,16.857959747314453
0.9068,0.9,0.298,0.44148178121236836,0.4419232629935807,0.001,10586004,2.797627565936943,0.7763525060831787,19.941774368286133
0.9068,0.9,0.2985,0.4395447430810358,0.4396766065039601,0.0003,6220240,2.810060614973499,0.7729462725150632,15.938920259475708
0.9068,0.9,0.299,0.43759883590471815,0.4377301155554896,0.0003,6894834,2.8226587701469352,0.7695241383619602,16.77734684944153
0.9068,0.9,0.2995,0.43564394485196356,0.43577463803541916,0.0003,7930864,2.835422446637832,0.7660863348495698,17.609354257583618
0.9068,0.9,0.3,0.43367995244886176,0.43411363240131057,0.001,10392762,2.8483593119769526,0.7626320214429827,19.882585763931274
0.9068,0.9,0.3005,0.43170673849450747,0.43213844523300193,0.001,11153204,2.8614703447657455,0.7591613755370115,20.29320740699768
0.9068,0.9,0.301,0.4297241799732761,0.42985309722726806,0.0003,7155890,2.874763402485329,0.7556743186785841,16.7411367893219
0.9068,0.9,0.3015,0.4277321509630392,0.42815988311400216,0.001,11428226,2.888240919987711,0.7521706421899724,20.038816452026367
0.9068,0.9,0.302,0.42573052253974336,0.42615625306228305,0.001,10599798,2.9019066181131166,0.7486495347823846,20.048420667648315
0.9068,0.9,0.3025,0.42371916267801774,0.4241428818406957,0.001,11558926,2.915761907177163,0.7451116890286889,21.143696784973145
0.9068,0.9,0.303,0.42169793614697304,0.42211963408312,0.001,10724742,2.9298180059247025,0.7415557623067143,20.163004875183105
0.9068,0.9,0.3035,0.4196667044021207,0.4200863711065228,0.001,10979924,2.9440762675096095,0.7379825655263814,20.867605209350586
0.9068,0.9,0.304,0.41762532547215103,0.41804295079762316,0.001,11543956,2.958540342117603,0.7343911167560292,21.42594575881958
0.9068,0.9,0.3045,0.41557365384077033,0.41598922749461104,0.001,11375260,2.973218974300723,0.7307817595745243,21.027667999267578
0.9068,0.9,0.305,0.4135115403233525,0.4136355937854495,0.0003,6680602,2.9881149781202345,0.7271534741034041,16.909756422042847
0.9068,0.9,0.3055,0.4114388319376575,0.41185027076959513,0.001,11303760,3.003235973542209,0.7235067389923254,19.991297483444214
0.9068,0.9,0.306,0.4093553717691623,0.40976472714093143,0.001,10676050,3.01858369256864,0.7198406627959314,20.55360436439514
0.9068,0.9,0.3065,0.4072609988297105,0.40766825982854016,0.001,11813978,3.0341661939954307,0.7161553659601568,21.231931924819946
0.9068,0.9,0.307,0.40515554790996183,0.40556070345787176,0.001,11339052,3.0499930444998697,0.7124508042015675,21.315327882766724
0.9068,0.9,0.3075,0.40303884942425006,0.4034418882736743,0.001,12733248,3.0660681365073437,0.7087263210321044,22.440428972244263
0.9068,0.9,0.308,0.4009107292489616,0.4013116399782105,0.001,11754888,3.082393893235076,0.7049810643793507,22.140459775924683
0.9068,0.9,0.3085,0.398771008552266,0.3991697795608182,0.001,11292662,3.0989828782119297,0.701215826355232,20.845683813095093
0.9068,0.9,0.309,0.39661950361603987,0.39701612311965584,0.001,11346550,3.1158396474825665,0.6974295499231811,21.301652908325195
0.9068,0.9,0.3095,0.3944560256489373,0.3948504816745862,0.001,11229158,3.1329747322699997,0.6936222102955529,21.58730125427246
0.9068,0.9,0.31,0.39228038059001225,0.3926726609706022,0.001,11788322,3.1503895568007025,0.6897930058800574,21.80582332611084
0.9068,0.9,0.3105,0.3900923689026798,0.3904824612715824,0.001,11700606,3.168099797420727,0.6859425320354802,21.715227365493774
0.9068,0.9,0.311,0.38789178535793095,0.3882796771432888,0.001,13360436,3.186107137786665,0.6820694022403777,24.8318190574646
0.9068,0.9,0.3115,0.38567841880659787,0.3860640972254044,0.001,11634742,3.204422439742378,0.6781739171281336,22.01343822479248
0.9068,0.9,0.312,0.3834520519396964,0.3838355039916361,0.001,12609310,3.2230564420699364,0.6742552777649915,21.6044819355011
0.9068,0.9,0.3125,0.3812124610360704,0.38159367349710643,0.001,11679116,3.2420170796764065,0.6703134270113352,20.913605451583862
0.9068,0.9,0.313,0.3789594156966782,0.37933837511237484,0.001,11950660,3.2613126960649437,0.6663477457855139,22.26354956626892
0.9068,0.9,0.3135,0.37669267856445005,0.37706937124301443,0.001,14217424,3.2809556506423467,0.6623576386204999,24.643832683563232
0.9068,0.9,0.314,0.37441200502905136,0.3747864170340804,0.001,12442404,3.30095896766132,0.6583435244265181,22.96321392059326
0.9068,0.9,0.3145,0.372117142914826,0.3724892600577408,0.001,12853934,3.321327877374762,0.6543041397471298,22.535956621170044
0.9068,0.9,0.315,0.3698078321520148,0.37017763998416675,0.001,13657156,3.342080243928376,0.6502391952821781,24.973948001861572
0.9068,0.9,0.3155,0.36748380442872214,0.36785128823315083,0.001,13124184,3.3632196055277976,0.6461481856955421,23.759586095809937
0.9068,0.9,0.316,0.3651447828230898,0.3655099276059129,0.001,12418694,3.3847676619595743,0.6420307491125699,23.70804715156555
0.9068,0.9,0.3165,0.3627904814142549,0.3631532718956691,0.001,10746104,3.406731136246229,0.6378864748247812,20.814927577972412
0.9068,0.9,0.317,0.3604206048702027,0.3607810254750729,0.001,12462010,3.429125819152357,0.6337144722833077,24.043957233428955
0.9068,0.9,0.3175,0.3580348480110741,0.35839288285908516,0.001,12556740,3.4519681626284924,0.629514699205147,23.847766637802124
0.9068,0.9,0.318,0.35563289534604664,0.35598852824139265,0.001,13537876,3.4752714201950945,0.6252864296157361,24.983991861343384
0.9068,0.9,0.3185,0.35321442058185887,0.3535676350024407,0.001,12865730,3.4990548828000563,0.6210291992760913,25.123801469802856
0.9068,0.9,0.319,0.35077908610088293,0.3511298651869838,0.001,13353030,3.5233284995812286,0.6167417905968815,24.152016639709473
0.9068,0.9,0.3195,0.3483265424059278,0.3486748689483337,0.001,14878784,3.548111658266079,0.6124243234885915,25.814215183258057
0.9068,0.9,0.32,0.3458564275300817,0.34620228395761177,0.001,13674694,3.573427021515734,0.6080759282633444,23.558250427246094
0.9068,0.9,0.3205,0.3433683664079005,0.3437117347743084,0.001,16025202,3.5992903751385756,0.6036956565690004,24.680066108703613
0.9068,0.9,0.321,0.3408619702054181,0.34120283217562347,0.001,12495804,3.6257253321934706,0.5992836407996435,21.357977867126465
0.9068,0.9,0.3215,0.3383368356052492,0.3386751724408544,0.001,12766066,3.6527481605603622,0.5948382879332287,21.76731586456299
0.9068,0.9,0.322,0.33579254404348696,0.3361283365875304,0.001,12747588,3.680383355809535,0.5903588892793888,22.101768255233765
0.9068,0.9,0.3225,0.33322866089394404,0.33356188955483795,0.001,15308662,3.7086565337749167,0.585845432463627,23.023218870162964
0.9068,0.9,0.323,0.33064473459528865,0.3309753793298839,0.001,15415896,3.737591121964699,0.5812966466056293,23.90236258506775
0.9068,0.9,0.3235,0.32804029571653226,0.32836833601224874,0.001,15446762,3.7672095849513805,0.5767115939485816,23.050514459609985
0.9068,0.9,0.324,0.3254148559548967,0.3257402708108516,0.001,17874408,3.7975497294592193,0.5720898412879362,25.426990032196045
0.9068,0.9,0.3245,0.3227679070602118,0.3237362107813924,0.003,20252320,3.8286312033357555,0.5674302035887416,27.54892873764038
0.9068,0.9,0.325,0.32009891967936405,0.32105921643840213,0.003,21495622,3.8604858718925983,0.5627316737646956,31.311469554901123
0.9068,0.9,0.3255,0.31740734211310156,0.3177247494552146,0.001,14791804,3.8931546162237076,0.5579933333379021,22.38424777984619
0.9068,0.9,0.326,0.3146925989769376,0.31563667677386836,0.003,19882162,3.9266634439125183,0.5532143413704618,29.56487250328064
0.9068,0.9,0.3265,0.31195408975737904,0.3122660438471364,0.001,16050862,3.961057291859962,0.548393702672043,26.758878707885742
0.9068,0.9,0.327,0.30919118725265715,0.3095003784399098,0.001,13139926,3.996369981526053,0.543529996449198,24.147643327713013
0.9068,0.9,0.3275,0.3064032358869566,0.30670963912284355,0.001,15118738,4.032643300115594,0.5386222705506531,26.234631061553955
0.9068,0.9,0.328,0.30358954988519943,0.3038931394350846,0.001,17422690,4.069924076079231,0.5336692905044021,30.153868436813354
0.9068,0.9,0.3285,0.30074941129404403,0.3016516595279261,0.003,19601646,4.108263585568707,0.528669841150411,32.781288623809814
0.9068,0.9,0.329,0.2978820678328141,0.2981799499006469,0.001,16105762,4.1477064035371365,0.5236226321118279,30.43846607208252
0.9068,0.9,0.3295,0.2949867305564842,0.29587169074815367,0.003,20529226,4.18830976631918,0.5185261159029265,37.53427267074585
0.9068,0.9,0.33,0.29206257130984264,0.29293875902377214,0.003,21370870,4.230131788573153,0.5133789213839642,38.8063485622406
0.9068,0.9,0.3305,0.28910871994988796,0.2893978286698378,0.001,15268228,4.273230284104542,0.5081796046496464,31.745689630508423
0.9068,0.9,0.331,0.2861242613098302,0.2869826340937597,0.003,20428240,4.31768158188817,0.5029267005088016,38.3981146812439
0.9068,0.9,0.3315,0.28310823187512907,0.2833913401070042,0.001,15076478,4.363549704443698,0.4976180659235068,33.20148754119873
0.9068,0.9,0.332,0.2800596161368571,0.2808997949852676,0.003,20521806,4.410912767386997,0.4922522380526235,38.41918635368347
0.9068,0.9,0.3325,0.27697734258393836,0.27780827461169016,0.003,23888444,4.45986064861771,0.4868275041507166,40.73367929458618
0.9068,0.9,0.333,0.27386027928900825,0.27468186012687523,0.003,22293338,4.510475759921176,0.4813413248445249,39.1589994430542
0.9068,0.9,0.3335,0.27070722903668,0.27151935072379,0.003,21044166,4.562858275153069,0.4757921909504452,38.01429295539856
0.9068,0.9,0.334,0.2675169239347524,0.26831947470655665,0.003,22171662,4.6171163855291475,0.4701776809668899,39.32834243774414
0.9068,0.9,0.3345,0.2642880194397207,0.2650808834980398,0.003,22948996,4.673361767038202,0.464495329962313,38.13038730621338
0.9068,0.9,0.335,0.2610190877168409,0.2618021449799914,0.003,24202346,4.731715346202405,0.45874265145637616,38.888519525527954
0.9068,0.9,0.3355,0.25770861024175457,0.2584817360724798,0.003,23186966,4.79232187920498,0.4529172238687132,37.633734703063965
0.9068,0.9,0.336,0.25435496953533554,0.25511803444394154,0.003,23270300,4.855323300262041,0.44701548490516146,35.060718297958374
0.9068,0.9,0.3365,0.25095643990367744,0.25170930922338847,0.003,22042386,4.920880602040346,0.4410354732340549,34.15473008155823
0.9068,0.9,0.337,0.2475111770336396,0.2482537105647405,0.003,22451584,4.98918112455376,0.43497341776223375,34.35208249092102
0.9068,0.9,0.3375,0.24401720626579582,0.24474925788459317,0.003,23443236,5.060409751038577,0.42882558185303804,33.946953535079956
0.9068,0.9,0.338,0.2404724093328417,0.24287713342617012,0.01,29648246,5.1347942115089245,0.42258864803709134,38.664772748947144
0.9068,0.9,0.3385,0.23687450931172907,0.23758513283966423,0.003,23807294,5.212558491164661,0.41625859685059613,33.31266903877258
0.9068,0.9,0.339,0.23322105348526037,0.23392071664571612,0.003,23909630,5.29398661445219,0.40983091432984015,32.877336740493774
0.9068,0.9,0.3395,0.22950939374750395,0.23019792192874644,0.003,24370590,5.379360740798651,0.4033010491355172,32.59955048561096
0.9068,0.9,0.34,0.2257366641085537,0.22799403074963923,0.01,31357126,5.469014167929196,0.39666426348661765,38.41395282745361
0.9068,0.9,0.3405,0.2218997547553225,0.22411875230287573,0.01,29670906,5.563319776906832,0.38991471368265607,36.91915726661682
0.9068,0.9,0.341,0.21799528200203333,0.2186492678480394,0.003,24258292,5.662696559739618,0.38304657618677174,32.51601195335388
0.9068,0.9,0.3415,0.21401955330443348,0.21615974883747782,0.01,30257980,5.767608080200362,0.37605338490042883,38.665385484695435
0.9068,0.9,0.342,0.20996852630923685,0.21206821157232922,0.01,30043866,5.878594507483459,0.3689281849696589,36.79192018508911
0.9068,0.9,0.3425,0.20583776064678153,0.20789613825324935,0.01,29839786,5.996267862284485,0.36166297455616403,37.72582125663757
0.9068,0.9,0.343,0.20162236083010243,0.20363858443840346,0.01,30260410,6.121316386694811,0.3542492491230637,38.138675689697266
0.9068,0.9,0.3435,0.19731690816927058,0.1992900772509633,0.01,31659958,6.254561733563478,0.3466775824228317,38.396140336990356
0.9068,0.9,0.344,0.19291537900193362,0.19484453279195296,0.01,32314392,6.396921420606171,0.3389372643254349,39.31920599937439
0.9068,0.9,0.3445,0.18841104572083336,0.1902951561780417,0.01,33737186,6.549500644002125,0.3310166427323925,40.69744610786438
0.9068,0.9,0.345,0.18379635595648808,0.18563431951605297,0.01,31591880,6.713569403342052,0.32290229758873995,38.139288902282715
0.9068,0.9,0.3455,0.17906278371613124,0.18085341155329254,0.01,33349918,6.89066430955347,0.31457947503077277,39.41110348701477
0.9068,0.9,0.346,0.17420064408715608,0.17942666340977076,0.03,37836606,7.082584938534728,0.30603107972253574,44.57784914970398
0.9068,0.9,0.3465,0.16919885997387718,0.1742748257730935,0.03,37431370,7.291538183116475,0.29723756654145045,44.924792528152466
0.9068,0.9,0.347,0.16404466475741888,0.16896600470014145,0.03,41818892,7.520189860301827,0.28817669327515266,46.06727409362793
0.9068,0.9,0.3475,0.1587232179556558,0.16348491449432548,0.03,41005570,7.771855119509817,0.2788221801369761,46.19624471664429
0.9068,0.9,0.348,0.15321710058629393,0.15781361360388274,0.03,42197760,8.050656476318128,0.2691438054883983,46.11536240577698
0.9068,0.9,0.3485,0.14750564074052333,0.15193080996273903,0.03,42684832,8.361870353991476,0.2591050246551557,46.68401265144348
0.9068,0.9,0.349,0.14156399384098617,0.1557203932250848,0.1,45126924,8.712286358617508,0.2486622511988955,45.59913206100464
0.9068,0.9,0.3495,0.13536185882102425,0.14889804470312668,0.1,45768298,9.110891746230658,0.23776247203406914,44.10706543922424
0.9068,0.9,0.35,0.12886163686630184,0.14174780055293204,0.1,47186976,9.56986270967503,0.2263395334307506,46.96375298500061
0.9068,0.9,0.3505,0.12201570483895421,0.13421727532284963,0.1,50533692,10.10613836748111,0.21430983175070378,48.90485405921936
0.9068,0.9,0.351,0.11476221983812092,0.12623844182193303,0.1,58990406,10.744181737334445,0.20156484464233326,51.14852166175842
0.9068,0.9,0.3515,0.10701835371024693,0.11772018908127163,0.1,52864156,11.52086871067187,0.18795925194491034,48.27460193634033
0.9068,0.9,0.352,0.09866872326209677,,,52976276,12.494933862526786,0.17329025982473406,47.73640275001526
0.9068,0.9,0.3525,0.08954404381788056,,,53692434,13.767248532013731,0.1572608301871436,48.29388880729675
0.9068,0.9,0.353,0.07937749328086403,,,58239480,15.529448966569726,0.1394024314513404,50.41710066795349
0.9068,0.9,0.3535,0.06770133539953806,,,53733080,18.206460066216696,0.11889380152405407,44.43391513824463
0.9068,0.9,0.354,0.05353681715839508,,,53791390,23.02179577735359,0.09401634657004358,41.634902000427246
0.9068,0.9,0.3545,0.03389613898206551,,,57497752,36.358766414288084,0.05952365477349069,42.36281681060791
0.9068,0.9,0.355,-inf,0.1,0.1,50546994,,,35.33754253387451
0.9068,0.9,0.3555,-inf,0.1,0.1,54193316,,,40.056642055511475
0.9068,0.9,0.356,-inf,0.1,0.1,51636720,,,41.803789138793945
0.9068,0.9,0.3565,-inf,0.03,0.03,40694340,,,37.68920421600342
0.9068,0.9,0.357,-inf,0.03,0.03,38429134,,,35.97809410095215
0.9068,0.9,0.3575,-inf,0.0003,0.0003,4722292,,,8.89070987701416
0.9068,0.9,0.358,-inf,0.0003,0.0003,3922546,,,8.053369522094727
0.9068,0.9,0.3585,-inf,0.0003,0.0003,2907450,,,7.174599885940552
0.9068,0.9,0.359,-inf,0.0003,0.0003,2315554,,,6.42346453666687
0.9068,0.9,0.3595,-inf,0.0003,0.0003,1506926,,,5.733769416809082
0.9068,0.9,0.36,-inf,0.0003,0.0003,1237288,,,5.5039777755737305
0.9068,0.9,0.3605,-inf,0.0003,0.0003,1087774,,,5.386927843093872
0.9068,0.9,0.361,-inf,0.0003,0.0003,1034932,,,5.353564500808716
0.9068,0.9,0.3615,-inf,0.0003,0.0003,1066370,,,5.29223108291626
0.9068,0.9,0.362,-inf,0.0003,0.0003,792136,,,5.004266023635864
0.9068,0.9,0.3625,-inf,0.0003,0.0003,817950,,,5.078239440917969
0.9068,0.9,0.363,-inf,0.0003,0.0003,708702,,,4.955591201782227
0.9068,0.9,0.3635,-inf,0.0003,0.0003,546116,,,4.817954063415527
0.9068,0.9,0.364,-inf,0.0003,0.0003,431304,,,4.702970504760742
0.9068,0.9,0.3645,-inf,0.0003,0.0003,362860,,,4.660400867462158
0.9068,0.9,0.365,-inf,0.0003,0.0003,332144,,,4.688561916351318
0.9068,0.9,0.3655,-inf,0.0003,0.0003,320474,,,4.620908260345459
0.9068,0.9,0.366,-inf,0.0003,0.0003,271712,,,4.586007833480835
