shape,seed,method,cov,width
normal,40000,cohen,0.663932309628809,1.923927989966515
normal,40000,cohen_stable,0.8886072051659715,3.183927989966516
normal,40000,latentcp,0.9633521541751373,4.17933292898998
normal,40000,latentcp_tuned,0.9983482863668747,6.472111748057241
normal,40000,latentcp_multi,0.98165276625486,4.756986890199187
normal,40000,latentcp_pac,0.9950360741159769,5.618730961308062
normal,40001,cohen,0.7590424304009713,2.3451934189250063
normal,40001,cohen_stable,0.9589076228785529,4.085193418925006
normal,40001,latentcp,0.9890436500572232,5.088179952175252
normal,40001,latentcp_tuned,0.9735145663995121,4.619694876175876
normal,40001,latentcp_multi,0.9616047589138017,4.3121160190967185
normal,40001,latentcp_pac,0.9957487811434194,5.717786866104517
normal,40002,cohen,0.6956264706036654,2.0541993597918666
normal,40002,cohen_stable,0.7876390496816041,2.494199359791867
normal,40002,latentcp,0.9912899604277103,5.246460436119273
normal,40002,latentcp_tuned,0.9874142120596182,5.122231174283966
normal,40002,latentcp_multi,0.9874142120596182,5.122231174283966
normal,40002,latentcp_pac,0.9945350149264011,5.55653210896912
normal,40003,cohen,0.7617418364910309,2.3587033796719252
normal,40003,cohen_stable,0.8227759698270862,2.6987033796719255
normal,40003,latentcp,0.9633404352123488,4.179226226621346
normal,40003,latentcp_tuned,0.9296655879534473,3.644029505476322
normal,40003,latentcp_multi,0.9709489984903192,4.528293399089149
normal,40003,latentcp_pac,0.9822312697792532,4.740839148309503
normal,40004,cohen,0.5423063354361655,1.485299815118145
normal,40004,cohen_stable,0.9094778746146648,3.3852998151181466
normal,40004,latentcp,0.9840595311759592,4.820551476130695
normal,40004,latentcp_tuned,0.9898957897781779,5.295800296556036
normal,40004,latentcp_multi,0.9814739659781359,4.730792436734361
normal,40004,latentcp_pac,0.9960046090067007,5.757050809435074
normal,40005,cohen,0.8425268032650011,2.827242103943352
normal,40005,cohen_stable,0.9569908427317726,4.047242103943352
normal,40005,latentcp,0.9883919282518876,5.047681152399322
normal,40005,latentcp_tuned,0.9839765755669361,4.838209043192203
normal,40005,latentcp_multi,0.9839765755669361,4.838209043192203
normal,40005,latentcp_pac,0.9978860404034885,6.147473284229402
normal,40006,cohen,0.8427270501155335,2.828606045094825
normal,40006,cohen_stable,0.9348610087409746,3.6886060450948257
normal,40006,latentcp,0.9832105518739095,4.782575027146964
normal,40006,latentcp_tuned,0.9867802227774167,4.97829591283122
normal,40006,latentcp_multi,0.9868266619133795,5.117059335420608
normal,40006,latentcp_pac,0.9976601346478265,6.086631881453833
normal,40007,cohen,0.6678602414211918,1.9396258120294125
normal,40007,cohen_stable,0.8689088290728944,3.0196258120294135
normal,40007,latentcp,0.9787163599271014,4.605879643317965
normal,40007,latentcp_tuned,0.9985156044803999,6.687687516472924
normal,40007,latentcp_multi,0.9825139995752054,4.784626474024964
normal,40007,latentcp_pac,0.994629666176704,5.567878158114273
normal,40008,cohen,0.7284894358688829,2.199181086627722
normal,40008,cohen_stable,0.8471654287229815,2.8591810866277227
normal,40008,latentcp,0.9851681112974641,4.872918498558958
normal,40008,latentcp_tuned,0.9667909478949204,4.387037547994472
normal,40008,latentcp_multi,0.9875188642611318,4.997583659970976
normal,40008,latentcp_pac,0.994630947013819,5.568030435127608
normal,40009,cohen,0.7106113137996313,2.118927252400089
normal,40009,cohen_stable,0.7370575998406927,2.238927252400089
normal,40009,latentcp,0.983341823454215,4.788333597645072
normal,40009,latentcp_tuned,0.9755559119031874,4.624743277793096
normal,40009,latentcp_multi,0.9744586703915264,4.484867531096324
normal,40009,latentcp_pac,0.9935587157581959,5.4488573502454045
normal,40010,cohen,0.7047259366795746,2.0932435135970406
normal,40010,cohen_stable,0.9307249502948878,3.633243513597042
normal,40010,latentcp,0.9928980334670733,5.384049587772243
normal,40010,latentcp_tuned,0.9965732797841821,5.869639889438927
normal,40010,latentcp_multi,0.9962749888482715,5.910285701103647
normal,40010,latentcp_pac,0.9993287923688516,6.802155265993526
normal,40011,cohen,0.7000323947928737,2.073005722757288
normal,40011,cohen_stable,0.9307067305913679,3.6330057227572894
normal,40011,latentcp,0.9903784664278813,5.178284870383051
normal,40011,latentcp_tuned,0.983062811913268,4.797708493415447
normal,40011,latentcp_multi,0.8894304996729941,3.302898273992015
normal,40011,latentcp_pac,0.9980824193358908,6.205418087495951
normal,40012,cohen,0.7850480151552286,2.480126584661126
normal,40012,cohen_stable,0.8689727250950032,3.0201265846611265
normal,40012,latentcp,0.9882248120467003,5.037621977231164
normal,40012,latentcp_tuned,0.9098376587544268,3.5118845403368946
normal,40012,latentcp_multi,0.9937709651880153,5.529573873491302
normal,40012,latentcp_pac,0.9945445598857234,5.557667959988067
normal,40013,cohen,0.6679109185334537,1.9398291217915702
normal,40013,cohen_stable,0.7456781018789258,2.2798291217915705
normal,40013,latentcp,0.9937052352092166,5.464036616648594
normal,40013,latentcp_tuned,0.9908825223099538,5.354742300312228
normal,40013,latentcp_multi,0.993041592523006,5.439646257040415
normal,40013,latentcp_pac,0.999012506167826,6.5881315765826125
normal,40014,cohen,0.827396251424378,2.727770088389491
normal,40014,cohen_stable,0.9239178329355304,3.5477700883894916
normal,40014,latentcp,0.9919865616102299,5.303006953529718
normal,40014,latentcp_tuned,0.9930149287291118,5.6284250220637455
normal,40014,latentcp_multi,0.9846760282403918,4.878995522797256
normal,40014,latentcp_pac,0.9985635979256058,6.374469242178297
normal,40015,cohen,0.8423173983470047,2.8258171895345616
normal,40015,cohen_stable,0.8722184247914744,3.045817189534562
normal,40015,latentcp,0.9867327846663185,4.953030597129433
normal,40015,latentcp_tuned,0.9925185240367859,5.5355638716645155
normal,40015,latentcp_multi,0.9925185240367859,5.5355638716645155
normal,40015,latentcp_pac,0.9959301111752251,5.745386850012365
normal,40016,cohen,0.786160327744962,2.4861528498518304
normal,40016,cohen_stable,0.8108428030690142,2.6261528498518305
normal,40016,latentcp,0.9979513190812369,6.166166278649433
normal,40016,latentcp_tuned,0.9858538150881118,5.113028435986354
normal,40016,latentcp_multi,0.9918654853321918,5.51750578500579
normal,40016,latentcp_pac,0.9989769656469666,6.568228662498586
normal,40017,cohen,0.715152545565082,2.1389865637830128
normal,40017,cohen_stable,0.8499891879694723,2.8789865637830134
normal,40017,latentcp,0.9733371418743121,4.4328480097230925
normal,40017,latentcp_tuned,0.9433278515684919,3.8293133446497105
normal,40017,latentcp_multi,0.947723872374069,3.8995075213378687
normal,40017,latentcp_pac,0.990772244294525,5.206998621351992
normal,40018,cohen,0.864818545784138,2.987955352259165
normal,40018,cohen_stable,0.905865013207696,3.347955352259165
normal,40018,latentcp,0.9929939192049819,5.393110179950268
normal,40018,latentcp_tuned,0.9892473922041568,5.255781052189832
normal,40018,latentcp_multi,0.9892473922041568,5.255781052189832
normal,40018,latentcp_pac,0.9977844216614139,6.119402615768851
normal,40019,cohen,0.6860186748063364,2.0138062704991384
normal,40019,cohen_stable,0.9460082972867099,3.85380627049914
normal,40019,latentcp,0.994360362927644,5.536058868264766
normal,40019,latentcp_tuned,0.9978169568332862,6.180996802688287
normal,40019,latentcp_multi,0.9943691310654388,5.538405953178516
normal,40019,latentcp_pac,0.9996210857358367,7.10870044919529
normal,40020,cohen,0.6872064303714467,2.018755230648478
normal,40020,cohen_stable,0.8471042713568775,2.858755230648479
normal,40020,latentcp,0.979987157609487,4.652221270279965
normal,40020,latentcp_tuned,0.9423944435943057,3.932960823341445
normal,40020,latentcp_multi,0.9830614096776356,4.777285416780633
normal,40020,latentcp_pac,0.9931496624035272,5.4080675770330275
normal,40021,cohen,0.8118684877983957,2.6322534510287343
normal,40021,cohen_stable,0.9174585702118474,3.472253451028735
normal,40021,latentcp,0.9903195883336174,5.174088053182916
normal,40021,latentcp_tuned,0.9935693784306768,5.451279696993684
normal,40021,latentcp_multi,0.9756829441253725,4.662516831560872
normal,40021,latentcp_pac,0.9948763458941214,5.598311608735379
normal,40022,cohen,0.7788247315148573,2.4468179325481136
normal,40022,cohen_stable,0.9115084390826251,3.4068179325481145
normal,40022,latentcp,0.9944892673181875,5.551112981413157
normal,40022,latentcp_tuned,0.9902453570511126,5.194820142267397
normal,40022,latentcp_multi,0.9539361020004148,4.122069338475843
normal,40022,latentcp_pac,0.9966030415635283,5.85865584483056
normal,40023,cohen,0.7030851824251343,2.0861445615173597
normal,40023,cohen_stable,0.9569343040837213,4.046144561517361
normal,40023,latentcp,0.9858519301844453,4.906975193376391
normal,40023,latentcp_tuned,0.9797036045202919,4.784264978070309
normal,40023,latentcp_multi,0.9797036045202919,4.784264978070309
normal,40023,latentcp_pac,0.992170604872886,5.3186828693350385
normal,40024,cohen,0.7676574661814344,2.3886925978004405
normal,40024,cohen_stable,0.8427397508253855,2.828692597800441
normal,40024,latentcp,0.9883671102454452,5.046178361105826
normal,40024,latentcp_tuned,0.9826151114450578,4.758000705105556
normal,40024,latentcp_multi,0.9921098288278397,5.334676790965103
normal,40024,latentcp_pac,0.9987722956730287,6.464728591504787
normal,40025,cohen,0.7807922628119743,2.4572750628543725
normal,40025,cohen_stable,0.8686085625427167,3.017275062854373
normal,40025,latentcp,0.9944246270970618,5.543525647631396
normal,40025,latentcp_tuned,0.9944768269253238,5.781171887256033
normal,40025,latentcp_multi,0.9827861125843131,4.791884335919795
normal,40025,latentcp_pac,0.9962372702839569,5.794794913931571
normal,40026,cohen,0.7512021767708608,2.3065485612188907
normal,40026,cohen_stable,0.9627737703003902,4.166548561218889
normal,40026,latentcp,0.9937540105625876,5.4691602234606735
normal,40026,latentcp_tuned,0.997559695220016,6.202971421866696
normal,40026,latentcp_multi,0.9867696681470004,4.97206147525428
normal,40026,latentcp_pac,0.9982201588181305,6.249407808541534
normal,40027,cohen,0.7628926687350215,2.3644959022462553
normal,40027,cohen_stable,0.8535673259157239,2.9044959022462558
normal,40027,latentcp,0.9933336377665872,5.426134059145534
normal,40027,latentcp_tuned,0.996808360492809,5.955340157026843
normal,40027,latentcp_multi,0.9883764389707796,5.070296799827568
normal,40027,latentcp_pac,0.9960037397982616,5.756913587780888
normal,40028,cohen,0.6534048077966026,1.8824280448744917
normal,40028,cohen_stable,0.9489684084012475,3.9024280448744935
normal,40028,latentcp,0.9954744583999161,5.678019784222588
normal,40028,latentcp_tuned,0.9924909035554884,5.348793805238538
normal,40028,latentcp_multi,0.9945623878969803,5.608140248422501
normal,40028,latentcp_pac,0.99983382090072,7.531111434098963
normal,40029,cohen,0.7252199753096578,2.1842415244084625
normal,40029,cohen_stable,0.8204431570259443,2.684241524408463
normal,40029,latentcp,0.9932107356551424,5.414016080799281
normal,40029,latentcp_tuned,0.9905778376101184,5.2194028532010615
normal,40029,latentcp_multi,0.9703908647059598,4.504181450775595
normal,40029,latentcp_pac,0.9965591923711395,5.850678784816315
normal,40030,cohen,0.7784585450819699,2.4448790773755418
normal,40030,cohen_stable,0.9203017422815605,3.5048790773755427
normal,40030,latentcp,0.9951403414335419,5.632384384967083
normal,40030,latentcp_tuned,0.994065881425233,5.524667844601442
normal,40030,latentcp_multi,0.9894963576716248,5.1378652734643575
normal,40030,latentcp_pac,0.9997599955917391,7.345393129163453
normal,40031,cohen,0.7027548172442502,2.084718366668713
normal,40031,cohen_stable,0.944169860480415,3.8247183666687143
normal,40031,latentcp,0.983520675108341,4.796246312699009
normal,40031,latentcp_tuned,0.9861362717051312,4.922565601119818
normal,40031,latentcp_multi,0.9969127558147548,6.069928574940497
normal,40031,latentcp_pac,0.9955438747160491,5.687854046951857
normal,40032,cohen,0.6642091349946142,1.9250304263691707
normal,40032,cohen_stable,0.9454590387933728,3.8450304263691724
normal,40032,latentcp,0.9890149436824976,5.086348217163058
normal,40032,latentcp_tuned,0.9778424030173517,4.718988757065459
normal,40032,latentcp_multi,0.9337514867599452,3.79002267928044
normal,40032,latentcp_pac,0.993158575687442,5.40893242188793
normal,40033,cohen,0.7638784905529243,2.3694736916898
normal,40033,cohen_stable,0.9695921563291634,4.3294736916897945
normal,40033,latentcp,0.9966780843876509,5.872528039926507
normal,40033,latentcp_tuned,0.9954723196498365,5.708914650461447
normal,40033,latentcp_multi,0.997314922658207,6.005047318609457
normal,40033,latentcp_pac,0.9983501160578974,6.293881525596676
normal,40034,cohen,0.8424097884593045,2.8264456894267123
normal,40034,cohen_stable,0.9238082119607913,3.546445689426713
normal,40034,latentcp,0.9976069957715612,6.07310502293676
normal,40034,latentcp_tuned,0.9986467854651407,6.442963479769238
normal,40034,latentcp_multi,0.9954178421421493,5.6999379850290355
normal,40034,latentcp_pac,0.9995092104489316,6.971467144145048
normal,40035,cohen,0.7768150872762338,2.4362055856232416
normal,40035,cohen_stable,0.8899798978006448,3.1962055856232423
normal,40035,latentcp,0.9907477256384046,5.2051783962281775
normal,40035,latentcp_tuned,0.9597251615865546,4.11460229364903
normal,40035,latentcp_multi,0.9922667645436125,5.32795844066285
normal,40035,latentcp_pac,0.9976143579582475,6.074962605010139
normal,40036,cohen,0.6417609683416008,1.8374515229171178
normal,40036,cohen_stable,0.9263410079982333,3.5774515229171193
normal,40036,latentcp,0.9968733510519218,5.910017989976793
normal,40036,latentcp_tuned,0.9990745195939102,6.693236786410338
normal,40036,latentcp_multi,0.997276358474118,6.038284675825575
normal,40036,latentcp_pac,0.9993079907949253,6.785452032021217
normal,40037,cohen,0.7991603925763955,2.5583263112598904
normal,40037,cohen_stable,0.8810422311583943,3.118326311259891
normal,40037,latentcp,0.9861652026448021,4.9234600767766015
normal,40037,latentcp_tuned,0.9696302886658835,4.380397840685249
normal,40037,latentcp_multi,0.999211926572259,7.21566331075389
normal,40037,latentcp_pac,0.9938480003739191,5.479256376410442
normal,40038,cohen,0.8570511209807947,2.929795043836309
normal,40038,cohen_stable,0.9378042301311422,3.72979504383631
normal,40038,latentcp,0.995645564372341,5.702549078310254
normal,40038,latentcp_tuned,0.9624854000324337,4.26106521291556
normal,40038,latentcp_multi,0.9965232557610887,5.844343414983327
normal,40038,latentcp_pac,0.9997650148554558,7.35618413532851
normal,40039,cohen,0.8376843844855437,2.7946516352631927
normal,40039,cohen_stable,0.9045503643405897,3.334651635263193
normal,40039,latentcp,0.9816941425352281,4.718758012508614
normal,40039,latentcp_tuned,0.9991077585124943,6.921170651923093
normal,40039,latentcp_multi,0.9589783086835103,4.109511807476043
normal,40039,latentcp_pac,0.9949841533252368,5.612029234278296
normal,40040,cohen,0.856592504740346,2.9264377672235176
normal,40040,cohen_stable,0.9744654863596658,4.466437767223509
normal,40040,latentcp,0.9977997616277156,6.123563437844694
normal,40040,latentcp_tuned,0.9981238567742788,6.4047407867388335
normal,40040,latentcp_multi,0.9978932213522472,6.199253619562902
normal,40040,latentcp_pac,0.999120191517269,6.652766625243887
normal,40041,cohen,0.7656573073757655,2.3784929420526986
normal,40041,cohen_stable,0.7105124538426997,2.1184929420526983
normal,40041,latentcp,0.9968777596816625,5.910882100120661
normal,40041,latentcp_tuned,0.983510872168556,4.825715030088278
normal,40041,latentcp_multi,0.9925627832428435,5.385329260031046
normal,40041,latentcp_pac,0.9997794242273269,7.388410094620799
normal,40042,cohen,0.835714527878753,2.7816040286870467
normal,40042,cohen_stable,0.858655332455482,2.941604028687047
normal,40042,latentcp,0.9845144922073836,4.841645115337482
normal,40042,latentcp_tuned,0.9057182395879914,3.498561071349104
normal,40042,latentcp_multi,0.979736796294073,4.671423768214296
normal,40042,latentcp_pac,0.9977331195150393,6.105676636777699
normal,40043,cohen,0.6820029264072249,1.9971646181284535
normal,40043,cohen_stable,0.8965985281576787,3.2571646181284546
normal,40043,latentcp,0.9839699069183524,4.816460368871525
normal,40043,latentcp_tuned,0.9864989477800893,4.941574272873088
normal,40043,latentcp_multi,0.9905793182310763,5.193890532255104
normal,40043,latentcp_pac,0.9967951218083984,5.894743205836118
normal,40044,cohen,0.8311209206518251,2.7516289467167345
normal,40044,cohen_stable,0.8216376434380521,2.6916289467167345
normal,40044,latentcp,0.9665310824810406,4.252866320650358
normal,40044,latentcp_tuned,0.9536665639934471,4.142876802123381
normal,40044,latentcp_multi,0.9677038058331225,4.306464587235593
normal,40044,latentcp_pac,0.9935968217906139,5.452775498289955
normal,40045,cohen,0.7856277168805565,2.4832644680389873
normal,40045,cohen_stable,0.9054031355495165,3.343264468038988
normal,40045,latentcp,0.9818925304097813,4.726827007376268
normal,40045,latentcp_tuned,0.9996921138224923,7.477987401284963
normal,40045,latentcp_multi,0.9996921138224923,7.477987401284963
normal,40045,latentcp_pac,0.9946952573140807,5.575842640624701
normal,40046,cohen,0.8070592127123657,2.6038572426697533
normal,40046,cohen_stable,0.9513822445562536,3.9438572426697545
normal,40046,latentcp,0.989456228180268,5.115139493367557
normal,40046,latentcp_tuned,0.9882428647516185,5.087053533880544
normal,40046,latentcp_multi,0.9814895813137693,4.711579348617279
normal,40046,latentcp_pac,0.9986697093806869,6.418735501895633
normal,40047,cohen,0.8275115238526158,2.7285026722430143
normal,40047,cohen_stable,0.9188847267583513,3.488502672243015
normal,40047,latentcp,0.9788238189616772,4.609657643865192
normal,40047,latentcp_tuned,0.9190559526957112,3.6018556335101475
normal,40047,latentcp_multi,0.9311757704868647,3.7545904303022217
normal,40047,latentcp_pac,0.9857361994591568,4.9011009143980635
normal,40048,cohen,0.6539359462583743,1.8845023706051025
normal,40048,cohen_stable,0.8204854347708321,2.684502370605103
normal,40048,latentcp,0.9906179736360322,5.19562127693693
normal,40048,latentcp_tuned,0.9962657190759903,6.017206764246201
normal,40048,latentcp_multi,0.9787435292846305,4.631651392408469
normal,40048,latentcp_pac,0.9994127549371082,6.874876074808372
normal,40049,cohen,0.7493559923923732,2.297573095901458
normal,40049,cohen_stable,0.816081598510713,2.6575730959014585
normal,40049,latentcp,0.9818402294163033,4.7246885648998225
normal,40049,latentcp_tuned,0.9896006104299556,5.146451952103712
normal,40049,latentcp_multi,0.9896006104299556,5.146451952103712
normal,40049,latentcp_pac,0.9973654323025306,6.014883131414203
normal,40050,cohen,0.7156431709668427,2.141166629745705
normal,40050,cohen_stable,0.8531040758460764,2.9011666297457057
normal,40050,latentcp,0.9930779491825846,5.401160133794102
normal,40050,latentcp_tuned,0.9984486744883083,6.331749266450186
normal,40050,latentcp_multi,0.9966088371200512,6.099286456356161
normal,40050,latentcp_pac,0.9996537937374195,7.15604114079208
normal,40051,cohen,0.7421417611243648,2.262935647323855
normal,40051,cohen_stable,0.9762696970057825,4.522935647323846
normal,40051,latentcp,0.9980584643912747,6.198065489671369
normal,40051,latentcp_tuned,0.9954651581470995,5.678247271513652
normal,40051,latentcp_multi,0.9984479127967555,6.331268907159332
normal,40051,latentcp_pac,0.9998643602116372,7.631973480839247
normal,40052,cohen,0.782143363014288,2.464495040697559
normal,40052,cohen_stable,0.9284935287695066,3.60449504069756
normal,40052,latentcp,0.9963422549627875,5.812524918286437
normal,40052,latentcp_tuned,0.9983485236666022,6.356748434511621
normal,40052,latentcp_multi,0.9883846873023996,5.225468455795214
normal,40052,latentcp_pac,0.9991552602255077,6.675406085604392
normal,40053,cohen,0.7795159927185487,2.4504842489964407
normal,40053,cohen_stable,0.937852526566127,3.730484248996442
normal,40053,latentcp,0.9886684496285238,5.064616433383136
normal,40053,latentcp_tuned,0.9904234432871583,5.209854921017072
normal,40053,latentcp_multi,0.9998424830361267,7.901747328406221
normal,40053,latentcp_pac,0.9978575762746333,6.139488065130088
normal,40054,cohen,0.6982348892251058,2.0653111482056965
normal,40054,cohen_stable,0.9113674566713923,3.4053111482056977
normal,40054,latentcp,0.992001740815048,5.304286571067219
normal,40054,latentcp_tuned,0.9999716012206291,8.576917994361072
normal,40054,latentcp_multi,0.9894282052503025,5.1318253782520875
normal,40054,latentcp_pac,0.999084329357105,6.630464189324923
normal,40055,cohen,0.7383531140982402,2.2450142214124535
normal,40055,cohen_stable,0.8536393465328662,2.905014221412454
normal,40055,latentcp,0.9937110688604995,5.464647481440531
normal,40055,latentcp_tuned,0.9980437687611975,6.244245589934785
normal,40055,latentcp_multi,0.9957453145184344,5.859680452520945
normal,40055,latentcp_pac,0.9971877281524046,5.975091533154242
normal,40056,cohen,0.7466600440347915,2.284548909985194
normal,40056,cohen_stable,0.9415455773504973,3.784548909985195
normal,40056,latentcp,0.9877464029986035,5.00951395760501
normal,40056,latentcp_tuned,0.9651800975906102,4.2450053572069875
normal,40056,latentcp_multi,0.9945208465601899,5.775283102973717
normal,40056,latentcp_pac,0.9951482859103513,5.633435768128558
normal,40057,cohen,0.769552461549539,2.3984136276541093
normal,40057,cohen_stable,0.8737868180447741,3.05841362765411
normal,40057,latentcp,0.9768264855583909,4.541123729384618
normal,40057,latentcp_tuned,0.9462522572798651,3.924053518639687
normal,40057,latentcp_multi,0.9468884345582432,3.934537447040963
normal,40057,latentcp_pac,0.9907518596935044,5.205484869415669
normal,40058,cohen,0.7511406795741871,2.306248836486757
normal,40058,cohen_stable,0.9467791273096706,3.866248836486758
normal,40058,latentcp,0.9903484096376916,5.176136576969661
normal,40058,latentcp_tuned,0.9798775689189835,4.67031809024349
normal,40058,latentcp_multi,0.9876344251015318,5.026941733124526
normal,40058,latentcp_pac,0.9968719716173036,5.909736050064744
normal,40059,cohen,0.809988552042122,2.621090493842098
normal,40059,cohen_stable,0.9051884649056838,3.3410904938420987
normal,40059,latentcp,0.995040721601223,5.619333989591077
normal,40059,latentcp_tuned,0.9990104674966995,6.811449631748602
normal,40059,latentcp_multi,0.9990104674966995,6.811449631748602
normal,40059,latentcp_pac,0.9989311655285273,6.543503155918498
normal,40060,cohen,0.6058828834909271,1.7043494721287025
normal,40060,cohen_stable,0.9466620576737765,3.8643494721287044
normal,40060,latentcp,0.9988625244267954,6.508224069364479
normal,40060,latentcp_tuned,0.9997932997278994,7.915534392642215
normal,40060,latentcp_multi,0.981767748939506,4.758637737522113
normal,40060,latentcp_pac,0.9998840077844355,7.708891020481204
normal,40061,cohen,0.7155097300711852,2.140573440935379
normal,40061,cohen_stable,0.9566463445513473,4.04057344093538
normal,40061,latentcp,0.9983779190232159,6.3038160771201275
normal,40061,latentcp_tuned,0.9995566380847258,7.555726757506165
normal,40061,latentcp_multi,0.9995566380847258,7.555726757506165
normal,40061,latentcp_pac,0.9997765681158515,7.381868599505394
normal,40062,cohen,0.7187072863103032,2.15483981810814
normal,40062,cohen_stable,0.8221549679007609,2.6948398181081403
normal,40062,latentcp,0.9916599080806138,5.275964733755509
normal,40062,latentcp_tuned,0.9814499336329803,4.841905143259922
normal,40062,latentcp_multi,0.964705092006625,4.3274022065010564
normal,40062,latentcp_pac,0.9964058348629876,5.823488967497801
normal,40063,cohen,0.7815234199772656,2.461178221246952
normal,40063,cohen_stable,0.950073026324447,3.9211782212469535
normal,40063,latentcp,0.9823751759034106,4.746825631497028
normal,40063,latentcp_tuned,0.9781366514102413,4.77062188279235
normal,40063,latentcp_multi,0.962986985657918,4.196276506926723
normal,40063,latentcp_pac,0.9883673349763729,5.046196255719417
normal,40064,cohen,0.6657604173661502,1.9312191485726524
normal,40064,cohen_stable,0.9834072460798027,4.791219148572638
normal,40064,latentcp,0.9954669234064081,5.676934576937898
normal,40064,latentcp_tuned,0.989847792945564,5.163696449183289
normal,40064,latentcp_multi,0.989847792945564,5.163696449183289
normal,40064,latentcp_pac,0.999934097519071,7.981227868530777
normal,40065,cohen,0.8478642002479726,2.8640560589696977
normal,40065,cohen_stable,0.9441274010290561,3.8240560589696986
normal,40065,latentcp,0.9951884209294694,5.638769716493419
normal,40065,latentcp_tuned,0.9958642508470187,5.792945917780633
normal,40065,latentcp_multi,0.9984787922888263,6.374090853391763
normal,40065,latentcp_pac,0.9994420542163476,6.902549001644681
normal,40066,cohen,0.7319223795613667,2.21500088799037
normal,40066,cohen_stable,0.8984740537546401,3.275000887990371
normal,40066,latentcp,0.9957453738550351,5.717278072771143
normal,40066,latentcp_tuned,0.9965104536390669,5.84306992632227
normal,40066,latentcp_multi,0.9962563470992944,5.941257729763877
normal,40066,latentcp_pac,0.9990706442678231,6.622166394812829
normal,40067,cohen,0.6021409259967883,1.6909020210753432
normal,40067,cohen_stable,0.8116416285342039,2.630902021075344
normal,40067,latentcp,0.9762470106076997,4.522202465258212
normal,40067,latentcp_tuned,0.9972964550113519,6.134090394320915
normal,40067,latentcp_multi,0.9558831962963087,4.026747429544735
normal,40067,latentcp_pac,0.9991232958679562,6.654736635531871
normal,40068,cohen,0.7465122351208366,2.2838376406185548
normal,40068,cohen_stable,0.6884231301759374,2.0238376406185545
normal,40068,latentcp,0.9818655148380592,4.725740435417635
normal,40068,latentcp_tuned,0.9900790505505462,5.182433984477366
normal,40068,latentcp_multi,0.9994929442084485,7.226597035687459
normal,40068,latentcp_pac,0.9959930561249315,5.755229854265487
normal,40069,cohen,0.786935047242963,2.490363481898701
normal,40069,cohen_stable,0.8893283993677636,3.1903634818987014
normal,40069,latentcp,0.9969142242449803,5.918122873809852
normal,40069,latentcp_tuned,0.9875310767885742,5.098481687898495
normal,40069,latentcp_multi,0.9875310767885742,5.098481687898495
normal,40069,latentcp_pac,0.9983101288315205,6.279863785374455
normal,40070,cohen,0.7324695393478855,2.2175351554026275
normal,40070,cohen_stable,0.908736020569247,3.3775351554026285
normal,40070,latentcp,0.9851708376793886,4.8731006628583575
normal,40070,latentcp_tuned,0.9967078420437019,5.91737541988991
normal,40070,latentcp_multi,0.9996565132687297,7.574766142258829
normal,40070,latentcp_pac,0.9987482779878823,6.453649552000918
normal,40071,cohen,0.7900954207032131,2.5076557265420205
normal,40071,cohen_stable,0.8749279936880967,3.067655726542021
normal,40071,latentcp,0.9882813115582362,5.041196375040841
normal,40071,latentcp_tuned,0.9994625207056468,6.966191286939432
normal,40071,latentcp_multi,0.977366871731394,4.5599474842335
normal,40071,latentcp_pac,0.9998087342800042,7.460563979972636
normal,40072,cohen,0.7752374626802205,2.42792241848119
normal,40072,cohen_stable,0.9058617767693911,3.3479224184811907
normal,40072,latentcp,0.9838030156143703,4.808893675012245
normal,40072,latentcp_tuned,0.9863601704459192,4.934369041094682
normal,40072,latentcp_multi,0.9573413099813773,4.071762493823115
normal,40072,latentcp_pac,0.995298185721993,5.653566508890183
normal,40073,cohen,0.7419050285526056,2.2618105091396736
normal,40073,cohen_stable,0.9439832423071914,3.821810509139675
normal,40073,latentcp,0.9976799613622416,6.0917510432047886
normal,40073,latentcp_tuned,0.9981292065533485,6.221693871121084
normal,40073,latentcp_multi,0.9938462865408161,5.532384979655293
normal,40073,latentcp_pac,0.998764730239203,6.4612171592683
normal,40074,cohen,0.7189019178636742,2.155711738863993
normal,40074,cohen_stable,0.964956541534961,4.21571173886399
normal,40074,latentcp,0.9938399071034288,5.47827225670613
normal,40074,latentcp_tuned,0.9516238631469824,4.1491020399113125
normal,40074,latentcp_multi,0.9516238631469824,4.1491020399113125
normal,40074,latentcp_pac,0.995797915691702,5.725158368066294
normal,40075,cohen,0.7681686254371669,2.391309202230516
normal,40075,cohen_stable,0.884894574603386,3.1513092022305167
normal,40075,latentcp,0.9782929351172177,4.590950590553582
normal,40075,latentcp_tuned,0.99938500562237,7.174927680858729
normal,40075,latentcp_multi,0.9344776620249795,3.710484148140784
normal,40075,latentcp_pac,0.9903762962677274,5.178136402502258
normal,40076,cohen,0.59975844206939,1.682379799482829
normal,40076,cohen_stable,0.7927595632384232,2.5223797994828296
normal,40076,latentcp,0.9650324376676273,4.217473179610887
normal,40076,latentcp_tuned,0.9914364062880681,5.387844973433839
normal,40076,latentcp_multi,0.9914364062880681,5.387844973433839
normal,40076,latentcp_pac,0.9825430765755098,4.753880903054372
normal,40077,cohen,0.7541822486475289,2.321135379829358
normal,40077,cohen_stable,0.7996544451849052,2.5611353798293583
normal,40077,latentcp,0.9914220127467733,5.2568611239844865
normal,40077,latentcp_tuned,0.9751324553109572,4.526989916631786
normal,40077,latentcp_multi,0.9966020188091205,5.884430832831821
normal,40077,latentcp_pac,0.9986152352176244,6.395615862843216
normal,40078,cohen,0.724645016942298,2.1816268722040397
normal,40078,cohen_stable,0.9032490781824831,3.3216268722040407
normal,40078,latentcp,0.9763823747541782,4.526587126202902
normal,40078,latentcp_tuned,0.9867214089163586,4.971342136612087
normal,40078,latentcp_multi,0.998395133218647,6.33465524402566
normal,40078,latentcp_pac,0.9993900427339774,6.854295345275779
normal,40079,cohen,0.7901370019655656,2.5078844930894246
normal,40079,cohen_stable,0.9255669498155157,3.5678844930894256
normal,40079,latentcp,0.995119164117444,5.6295922086424275
normal,40079,latentcp_tuned,0.9945088262576355,5.586844988804932
normal,40079,latentcp_multi,0.9959242240097269,5.807283414023468
normal,40079,latentcp_pac,0.9978103017392439,6.126438217226425
normal,40080,cohen,0.7305938316636014,2.208862236201923
normal,40080,cohen_stable,0.9703272267733378,4.348862236201917
normal,40080,latentcp,0.9937463224375102,5.468350367335386
normal,40080,latentcp_tuned,0.9999742553803491,8.722922123685803
normal,40080,latentcp_multi,0.9787352438485201,4.627844785463843
normal,40080,latentcp_pac,0.999381005017456,6.846303609393815
normal,40081,cohen,0.7455010594796547,2.278979502564431
normal,40081,cohen_stable,0.9721568829168665,4.3989795025644245
normal,40081,latentcp,0.9969105406411015,5.9173881345268455
normal,40081,latentcp_tuned,0.9923960668170847,5.37077999500633
normal,40081,latentcp_multi,0.987008769562473,4.998446492855286
normal,40081,latentcp_pac,0.998828635243148,6.491525269890809
normal,40082,cohen,0.8075835989260296,2.6069279885282657
normal,40082,cohen_stable,0.8620488241269317,2.966927988528266
normal,40082,latentcp,0.9738362189782108,4.447544458306902
normal,40082,latentcp_tuned,0.998191595648862,6.402751252210293
normal,40082,latentcp_multi,0.9700504195509831,4.357815139422322
normal,40082,latentcp_pac,0.988610875299975,5.061054452293573
normal,40083,cohen,0.7947351384903432,2.5333872436799254
normal,40083,cohen_stable,0.9583192459051777,4.073387243679925
normal,40083,latentcp,0.9830410286956865,4.775193174626387
normal,40083,latentcp_tuned,0.9927139336926328,5.393550736312648
normal,40083,latentcp_multi,0.9734685149204735,4.582279318552725
normal,40083,latentcp_pac,0.9969667346891956,5.928693005201099
normal,40084,cohen,0.8429410445682171,2.8300650808715786
normal,40084,cohen_stable,0.9855160926815283,4.890065080871561
normal,40084,latentcp,0.9986488430342815,6.409773225253813
normal,40084,latentcp_tuned,0.9994910915866289,7.1660583889992475
normal,40084,latentcp_multi,0.9994910915866289,7.1660583889992475
normal,40084,latentcp_pac,0.9993938351924831,6.85768175009641
normal,40085,cohen,0.7161863789190828,2.143583314769509
normal,40085,cohen_stable,0.9818131401468551,4.7235833147694954
normal,40085,latentcp,0.9993766157252894,6.842461405464898
normal,40085,latentcp_tuned,0.9984565185868373,6.3814578260118875
normal,40085,latentcp_multi,0.9984565185868373,6.3814578260118875
normal,40085,latentcp_pac,0.9999248140192895,7.918496956650502
normal,40086,cohen,0.7050430437180093,2.094618564883307
normal,40086,cohen_stable,0.8188782977142273,2.6746185648833074
normal,40086,latentcp,0.9678864341380445,4.2859883760922335
normal,40086,latentcp_tuned,0.9423300251541247,3.807406914205577
normal,40086,latentcp_multi,0.9747960678098184,4.5611966892418305
normal,40086,latentcp_pac,0.995435703010043,5.672552188057696
normal,40087,cohen,0.725441920292744,2.1852518296805203
normal,40087,cohen_stable,0.9514618017606473,3.945251829680522
normal,40087,latentcp,0.9961138775482642,5.7745211495592805
normal,40087,latentcp_tuned,0.9754085770927505,4.63442583527041
normal,40087,latentcp_multi,0.9914039722645177,5.422224102748801
normal,40087,latentcp_pac,0.9971200070963285,5.960529636212425
normal,40088,cohen,0.7396595807993289,2.251173782838345
normal,40088,cohen_stable,0.9208410278816663,3.511173782838346
normal,40088,latentcp,0.9900564604710421,5.155573147415603
normal,40088,latentcp_tuned,0.9506866931917323,4.03125933140158
normal,40088,latentcp_multi,0.9727287921544707,4.52780839017082
normal,40088,latentcp_pac,0.9939045163803043,5.485200549531966
normal,40089,cohen,0.7467216933523733,2.284845657275725
normal,40089,cohen_stable,0.7784522293100942,2.4448456572757253
normal,40089,latentcp,0.9591371331373092,4.089851084210219
normal,40089,latentcp_tuned,0.9621082117623256,4.1694560791557915
normal,40089,latentcp_multi,0.978354067360549,4.722684781871459
normal,40089,latentcp_pac,0.9878494331702145,5.015482528296691
normal,40090,cohen,0.7187661536442862,2.155103491905431
normal,40090,cohen_stable,0.9789759189913816,4.61510349190542
normal,40090,latentcp,0.9955025658491151,5.681974713976702
normal,40090,latentcp_tuned,0.9943962212501606,5.776518284476148
normal,40090,latentcp_multi,0.9901408444128774,5.191368458017083
normal,40090,latentcp_pac,0.9969943330423849,5.93431712368336
normal,40091,cohen,0.715166701045471,2.1390494272470537
normal,40091,cohen_stable,0.876323750705543,3.0790494272470545
normal,40091,latentcp,0.974848277038739,4.478131441083898
normal,40091,latentcp_tuned,0.9234129197836128,3.657394001487755
normal,40091,latentcp_multi,0.9234129197836128,3.657394001487755
normal,40091,latentcp_pac,0.9821275516729514,4.736501161670589
normal,40092,cohen,0.8684182452561224,3.0157872482122494
normal,40092,cohen_stable,0.9324344818523367,3.65578724821225
normal,40092,latentcp,0.9846728967389737,4.849112766141725
normal,40092,latentcp_tuned,0.9397932075455734,3.8442124033910785
normal,40092,latentcp_multi,0.9123576107437649,3.493916963096465
normal,40092,latentcp_pac,0.9918294677168765,5.289880667751507
normal,40093,cohen,0.7649727624480529,2.375016331617791
normal,40093,cohen_stable,0.8436655913760269,2.8350163316177914
normal,40093,latentcp,0.9905687191199855,5.192023740481892
normal,40093,latentcp_tuned,0.957893640728364,4.171567738151998
normal,40093,latentcp_multi,0.9782505806984312,4.71111646719383
normal,40093,latentcp_pac,0.9946879642561942,5.574952385005522
normal,40094,cohen,0.7808896342571878,2.457794323583454
normal,40094,cohen_stable,0.8923611697900358,3.2177943235834547
normal,40094,latentcp,0.9712904810283046,4.375146173402573
normal,40094,latentcp_tuned,0.8843153699575427,3.313364267839059
normal,40094,latentcp_multi,0.971909692033066,4.613601754116203
normal,40094,latentcp_pac,0.9966090151329261,5.859754193338275
normal,40095,cohen,0.7539080347106768,2.319788002951966
normal,40095,cohen_stable,0.9684363997702958,4.299788002951962
normal,40095,latentcp,0.9858797026494281,4.908412650687924
normal,40095,latentcp_tuned,0.990186747228437,5.20150514229121
normal,40095,latentcp_multi,0.990186747228437,5.20150514229121
normal,40095,latentcp_pac,0.9965231702489027,5.84419671369078
normal,40096,cohen,0.802462204265852,2.5771964793265605
normal,40096,cohen_stable,0.9641476683239663,4.197196479326558
normal,40096,latentcp,0.9917519183752331,5.283487772318282
normal,40096,latentcp_tuned,0.9820310191736213,4.761757971845774
normal,40096,latentcp_multi,0.9931643859530207,5.411126678120052
normal,40096,latentcp_pac,0.9980879368800839,6.207123672719725
normal,40097,cohen,0.7490731630085521,2.2962021668103576
normal,40097,cohen_stable,0.9086081734692071,3.3762021668103586
normal,40097,latentcp,0.968325957139736,4.297024704752646
normal,40097,latentcp_tuned,0.9716384687780727,4.38577397119515
normal,40097,latentcp_multi,0.9947972282893518,5.843241608464491
normal,40097,latentcp_pac,0.9962560884564609,5.797939341974235
normal,40098,cohen,0.7240689811681609,2.1790110542150467
normal,40098,cohen_stable,0.8228253537650576,2.699011054215047
normal,40098,latentcp,0.9961942056602625,5.787651374741599
normal,40098,latentcp_tuned,0.9985306724527812,6.416607247286727
normal,40098,latentcp_multi,0.994068309657454,5.528521864938385
normal,40098,latentcp_pac,0.9998529196655164,7.591895977887381
normal,40099,cohen,0.7699898069654503,2.400665203202954
normal,40099,cohen_stable,0.8165912898492091,2.6606652032029543
normal,40099,latentcp,0.9837456132302718,4.806305934727349
normal,40099,latentcp_tuned,0.9931223977258632,5.406245269825826
normal,40099,latentcp_multi,0.9633923587110234,4.191146651104373
normal,40099,latentcp_pac,0.9995378528150861,7.003576006768162
normal,40100,cohen,0.7601272833182737,2.3506099908941516
normal,40100,cohen_stable,0.7906319375724888,2.5106099908941517
normal,40100,latentcp,0.9942212121832857,5.520160180020801
normal,40100,latentcp_tuned,0.9952441012602267,5.647700500677351
normal,40100,latentcp_multi,0.9698398558651388,4.530870640666712
normal,40100,latentcp_pac,0.998779486089747,6.468084959229428
normal,40101,cohen,0.7657680779053933,2.37905619023224
normal,40101,cohen_stable,0.9341624505298209,3.679056190232241
normal,40101,latentcp,0.9943355955182699,5.53320216283917
normal,40101,latentcp_tuned,0.970368826200513,4.374732131679301
normal,40101,latentcp_multi,0.9895178103319385,5.147656781900048
normal,40101,latentcp_pac,0.998386918282984,6.30706173280615
normal,40102,cohen,0.8311000218419031,2.7514939815042143
normal,40102,cohen_stable,0.9274652352282742,3.591493981504215
normal,40102,latentcp,0.9974325920369457,6.030563138397489
normal,40102,latentcp_tuned,0.9957349749545908,5.911188966388107
normal,40102,latentcp_multi,0.9957349749545908,5.911188966388107
normal,40102,latentcp_pac,0.9990909481586142,6.634518736005943
normal,40103,cohen,0.662497329289317,1.918222630437652
normal,40103,cohen_stable,0.9264031097707706,3.5782226304376534
normal,40103,latentcp,0.9819929970068694,4.730948336271249
normal,40103,latentcp_tuned,0.9846927856632719,4.851166695757083
normal,40103,latentcp_multi,0.97193641724266,4.393783217397531
normal,40103,latentcp_pac,0.9980955046799843,6.20947012124777
normal,40104,cohen,0.7761140943056954,2.432519937829444
normal,40104,cohen_stable,0.9783389784937679,4.592519937829433
normal,40104,latentcp,0.9988989454640653,6.526689794672651
normal,40104,latentcp_tuned,0.9993073361682046,7.121441986634079
normal,40104,latentcp_multi,0.9995598239403026,7.093858427573762
normal,40104,latentcp_pac,0.9996641783417454,7.171949190719609
normal,40105,cohen,0.6773271369457279,1.9779602616224388
normal,40105,cohen_stable,0.9721206648601035,4.3979602616224325
normal,40105,latentcp,0.9941840198016932,5.516151297458777
normal,40105,latentcp_tuned,0.9952427032065849,5.6477136920092255
normal,40105,latentcp_multi,0.9907902294673595,5.268830184694154
normal,40105,latentcp_pac,0.9996684288700544,7.178597760025401
normal,40106,cohen,0.8258993301197943,2.718289846849642
normal,40106,cohen_stable,0.9475163061470739,3.878289846849643
normal,40106,latentcp,0.9970366691808936,5.943032732168865
normal,40106,latentcp_tuned,0.991907512786395,5.470452709056021
normal,40106,latentcp_multi,0.9941914014208597,5.700429473016432
normal,40106,latentcp_pac,0.9992745019717859,6.759515062618168
normal,40107,cohen,0.8039852683071051,2.5859787628049866
normal,40107,cohen_stable,0.9558842535393819,4.0259787628049875
normal,40107,latentcp,0.9859704036548751,4.913009601487484
normal,40107,latentcp_tuned,0.9688394162697339,4.331893324056114
normal,40107,latentcp_multi,0.9688394162697339,4.331893324056114
normal,40107,latentcp_pac,0.99080249560441,5.209248705646728
normal,40108,cohen,0.8149330715332499,2.6506285971748733
normal,40108,cohen_stable,0.8777297414556093,3.0906285971748737
normal,40108,latentcp,0.9893470780809587,5.107765462900539
normal,40108,latentcp_tuned,0.9917825573097545,5.312557566195987
normal,40108,latentcp_multi,0.9950621056819361,5.673755675863308
normal,40108,latentcp_pac,0.9985213488775413,6.357682258458123
normal,40109,cohen,0.7941006615565231,2.529843730246191
normal,40109,cohen_stable,0.870207807563768,3.0298437302461916
normal,40109,latentcp,0.9909153281383446,5.21772101973796
normal,40109,latentcp_tuned,0.9920813181163805,5.341507819321045
normal,40109,latentcp_multi,0.992751695799712,5.60880636644323
normal,40109,latentcp_pac,0.9966582555454028,5.868837683657348
normal,40110,cohen,0.8286059607796741,2.735476393332716
normal,40110,cohen_stable,0.878314658229592,3.0954763933327163
normal,40110,latentcp,0.9913026990795103,5.247458698866534
normal,40110,latentcp_tuned,0.9805886139402546,4.701771666290481
normal,40110,latentcp_multi,0.9943429954609464,5.746546766659909
normal,40110,latentcp_pac,0.9974576243419166,6.036503652763195
normal,40111,cohen,0.8474549739986932,2.861199033884203
normal,40111,cohen_stable,0.8813817271726918,3.1211990338842033
normal,40111,latentcp,0.9858099121523257,4.904830887267247
normal,40111,latentcp_tuned,0.9826660519569754,4.78152664929916
normal,40111,latentcp_multi,0.9863774122848963,5.091572924662479
normal,40111,latentcp_pac,0.9954562799035005,5.675437520491317
normal,40112,cohen,0.6836958266550757,2.0041632433609253
normal,40112,cohen_stable,0.8616814217258111,2.964163243360926
normal,40112,latentcp,0.9955563336211677,5.689638625581503
normal,40112,latentcp_tuned,0.9963637297585233,5.8180472147957145
normal,40112,latentcp_multi,0.9959124539467044,5.777111471612554
normal,40112,latentcp_pac,0.9983715440855956,6.301522402049561
normal,40113,cohen,0.6968455797676234,2.0593848175747045
normal,40113,cohen_stable,0.7736030561515554,2.419384817574705
normal,40113,latentcp,0.9793078286083688,4.627123401122174
normal,40113,latentcp_tuned,0.985730543954913,5.074100220507313
normal,40113,latentcp_multi,0.985730543954913,5.074100220507313
normal,40113,latentcp_pac,0.9855542608307183,4.891974370070007
normal,40114,cohen,0.7174847149396415,2.149372217663401
normal,40114,cohen_stable,0.9925200753161749,5.349372217663374
normal,40114,latentcp,0.9964503907998515,5.831278061826335
normal,40114,latentcp_tuned,0.99881660449482,6.702171106036151
normal,40114,latentcp_multi,0.9992000653399302,6.738080783486537
normal,40114,latentcp_pac,0.999728510666989,7.282174065524676
normal,40115,cohen,0.7923741364487602,2.520241180438421
normal,40115,cohen_stable,0.8584709033093845,2.9402411804384214
normal,40115,latentcp,0.9888701737949279,5.077192071732665
normal,40115,latentcp_tuned,0.9907193744840365,5.204566687611078
normal,40115,latentcp_multi,0.9907193744840365,5.204566687611078
normal,40115,latentcp_pac,0.9973773598626996,6.017641006929835
normal,40116,cohen,0.805800252801466,2.596509865719319
normal,40116,cohen_stable,0.958475555620951,4.076509865719319
normal,40116,latentcp,0.9887476406779274,5.069525040269045
normal,40116,latentcp_tuned,0.9472013640567396,3.9980151507984916
normal,40116,latentcp_multi,0.9472013640567396,3.9980151507984916
normal,40116,latentcp_pac,0.9921961671200306,5.320882625924073
normal,40117,cohen,0.8277542482466163,2.7300464419738635
normal,40117,cohen_stable,0.963831071689857,4.190046441973861
normal,40117,latentcp,0.9944530495389711,5.546851414385508
normal,40117,latentcp_tuned,0.9954410178420311,5.674718291602478
normal,40117,latentcp_multi,0.9932194854636839,5.416229095838768
normal,40117,latentcp_pac,0.9997778907483887,7.384888016151533
normal,40118,cohen,0.7697025546794283,2.399186006040693
normal,40118,cohen_stable,0.6967988987911049,2.059186006040693
normal,40118,latentcp,0.9869844462636375,4.966688011035903
normal,40118,latentcp_tuned,0.9826762172868299,4.922251649166543
normal,40118,latentcp_multi,0.9826762172868299,4.922251649166543
normal,40118,latentcp_pac,0.9982065059208819,6.244910376944503
normal,40119,cohen,0.7750335535517359,2.426854848903696
normal,40119,cohen_stable,0.9702518373727917,4.34685484890369
normal,40119,latentcp,0.9824248096921783,4.748897053157853
normal,40119,latentcp_tuned,0.9430368928287135,3.9243171436843376
normal,40119,latentcp_multi,0.935870587651153,3.816572819672925
normal,40119,latentcp_pac,0.9910337771471726,5.226678692512446
normal,40120,cohen,0.7878624689028981,2.4954186173987267
normal,40120,cohen_stable,0.9508985058404753,3.935418617398728
normal,40120,latentcp,0.9932299897398528,5.415901177053335
normal,40120,latentcp_tuned,0.9682700211898428,4.319234148803466
normal,40120,latentcp_multi,0.994429208734848,5.545764939660272
normal,40120,latentcp_pac,0.9979754244088571,6.173206682945386
normal,40121,cohen,0.8658822471664607,2.9961193036508607
normal,40121,cohen_stable,0.9160224696974504,3.456119303650861
normal,40121,latentcp,0.9836849236676776,4.8035801424135105
normal,40121,latentcp_tuned,0.9603324927679119,4.132709336576225
normal,40121,latentcp_multi,0.9968839650467585,6.0920699234434155
normal,40121,latentcp_pac,0.9966673314185431,5.870522705544669
normal,40122,cohen,0.7118948601073907,2.1245752090627343
normal,40122,cohen_stable,0.9415473284284706,3.784575209062736
normal,40122,latentcp,0.9934430227900141,5.437089640833985
normal,40122,latentcp_tuned,0.9945784379001604,5.563007647534607
normal,40122,latentcp_multi,0.9839882976558174,4.859448133618931
normal,40122,latentcp_pac,0.998565601813386,6.375276699597693
normal,40123,cohen,0.7433672651268348,2.268771685822411
normal,40123,cohen_stable,0.9493443963238801,3.9087716858224124
normal,40123,latentcp,0.9892468654251272,5.101241094509041
normal,40123,latentcp_tuned,0.9912325808783851,5.290667017612904
normal,40123,latentcp_multi,0.9871417487481874,4.976602762538269
normal,40123,latentcp_pac,0.9988165399433823,6.485673474332459
normal,40124,cohen,0.6757917747365934,1.9716938892968185
normal,40124,cohen_stable,0.9483268723714156,3.8916938892968203
normal,40124,latentcp,0.9906371454320217,5.19702571957882
normal,40124,latentcp_tuned,0.9857119952128441,5.03740866217039
normal,40124,latentcp_multi,0.9935095672205831,5.445099761546834
normal,40124,latentcp_pac,0.995418358663601,5.6701293000833735
normal,40125,cohen,0.7486277467258944,2.294045332221768
normal,40125,cohen_stable,0.7984057548111616,2.554045332221768
normal,40125,latentcp,0.9945000482583866,5.552386406107535
normal,40125,latentcp_tuned,0.9969081505513661,6.128671174694526
normal,40125,latentcp_multi,0.9935992097919784,5.480907923389145
normal,40125,latentcp_pac,0.9981674967716071,6.232231515573105
normal,40126,cohen,0.8245149540202785,2.7095764076994944
normal,40126,cohen_stable,0.8486525396419,2.8695764076994945
normal,40126,latentcp,0.9879325996821823,5.0203360007161875
normal,40126,latentcp_tuned,0.73308490295236,2.3530773877900675
normal,40126,latentcp_multi,0.9899213410718793,5.147966391133322
normal,40126,latentcp_pac,0.997435228552973,6.031186332035533
normal,40127,cohen,0.8616945262569271,2.9642617590740206
normal,40127,cohen_stable,0.881742840324695,3.1242617590740207
normal,40127,latentcp,0.9887839956598984,5.071792010644109
normal,40127,latentcp_tuned,0.9676907321469334,4.423093081295456
normal,40127,latentcp_multi,0.9818924049831425,4.731440675430685
normal,40127,latentcp_pac,0.9973986397266268,6.022589911195823
normal,40128,cohen,0.6750093205851586,1.968507842933847
normal,40128,cohen_stable,0.8822420513435265,3.128507842933848
normal,40128,latentcp,0.9865404408276965,4.942746593665339
normal,40128,latentcp_tuned,0.999961131748616,8.563450031713701
normal,40128,latentcp_multi,0.999961131748616,8.563450031713701
normal,40128,latentcp_pac,0.9968870514692886,5.912717397607166
normal,40129,cohen,0.757624045162488,2.3381373928187044
normal,40129,cohen_stable,0.8382076162334275,2.7981373928187048
normal,40129,latentcp,0.9734586065366576,4.436401786111879
normal,40129,latentcp_tuned,0.9524734536174295,3.9638927600526346
normal,40129,latentcp_multi,0.9891418232703015,5.114494422667145
normal,40129,latentcp_pac,0.9986807762518379,6.42352941188894
normal,40130,cohen,0.686517621679922,2.0158837033352555
normal,40130,cohen_stable,0.9160013500247772,3.4558837033352567
normal,40130,latentcp,0.9833591288247109,4.794898830066388
normal,40130,latentcp_tuned,0.9539847012233588,4.143370400401048
normal,40130,latentcp_multi,0.9827430122142544,4.9172743403011046
normal,40130,latentcp_pac,0.9939329233399395,5.48980622966026
normal,40131,cohen,0.7604292246888753,2.3521206272030084
normal,40131,cohen_stable,0.8280799665935055,2.7321206272030087
normal,40131,latentcp,0.9850905059522979,4.869140082847916
normal,40131,latentcp_tuned,0.989683985545795,5.160343568014829
normal,40131,latentcp_multi,0.9874362847773627,4.992565249127309
normal,40131,latentcp_pac,0.9993730328511742,6.8393437197812466
normal,40132,cohen,0.7691166972879757,2.3961732115452876
normal,40132,cohen_stable,0.8606154012768681,2.956173211545288
normal,40132,latentcp,0.981033434737912,4.692376670809276
normal,40132,latentcp_tuned,0.9672217993862247,4.410916839597243
normal,40132,latentcp_multi,0.9034987296612692,3.4388191426186223
normal,40132,latentcp_pac,0.9950711441858681,5.62329410153797
normal,40133,cohen,0.7979308971373849,2.5513575029712032
normal,40133,cohen_stable,0.9001700840292246,3.291357502971204
normal,40133,latentcp,0.992146836074487,5.3166369898422925
normal,40133,latentcp_tuned,0.9654225266528176,4.328613549481428
normal,40133,latentcp_multi,0.9654225266528176,4.328613549481428
normal,40133,latentcp_pac,0.994884680971114,5.599361236677498
normal,40134,cohen,0.809309171765279,2.6170763908068677
normal,40134,cohen_stable,0.9521319758846154,3.957076390806869
normal,40134,latentcp,0.9947997926453617,5.588726322650694
normal,40134,latentcp_tuned,0.991517480481112,5.42125253212091
normal,40134,latentcp_multi,0.9967716912646403,5.891544628689107
normal,40134,latentcp_pac,0.9989584072006542,6.558088627695094
normal,40135,cohen,0.7394052657445673,2.249973097843478
normal,40135,cohen_stable,0.7941238502506394,2.5299730978434782
normal,40135,latentcp,0.9847654763867194,4.853510871881494
normal,40135,latentcp_tuned,0.9940446898267354,5.52678844974414
normal,40135,latentcp_multi,0.9982876214630927,6.473584789061231
normal,40135,latentcp_pac,0.9980454989250626,6.194120613167577
normal,40136,cohen,0.8147158451745078,2.6493187398304565
normal,40136,cohen_stable,0.9288719985448906,3.6093187398304574
normal,40136,latentcp,0.9895658539004404,5.1221996700569035
normal,40136,latentcp_tuned,0.9956622137595755,5.766627682073502
normal,40136,latentcp_multi,0.98442600433448,4.890720003907805
normal,40136,latentcp_pac,0.9991766774109002,6.68966511968931
normal,40137,cohen,0.814216320917569,2.6463109522812314
normal,40137,cohen_stable,0.8697598292224078,3.0263109522812317
normal,40137,latentcp,0.9951295963019152,5.630965165149891
normal,40137,latentcp_tuned,0.9950215114287799,5.618177164174429
normal,40137,latentcp_multi,0.9960115750280407,5.7595173124961
normal,40137,latentcp_pac,0.9996364528878977,7.130445760401018
normal,40138,cohen,0.7175449913755207,2.1496414102939236
normal,40138,cohen_stable,0.920710019169394,3.509641410293925
normal,40138,latentcp,0.984430885521688,4.837725518656536
normal,40138,latentcp_tuned,0.982264444924102,4.760751729283256
normal,40138,latentcp_multi,0.9901343777774436,5.298376786484034
normal,40138,latentcp_pac,0.9954701710461265,5.677392008496343
normal,40139,cohen,0.833216408145844,2.765225797583227
normal,40139,cohen_stable,0.9598898644446501,4.105225797583226
normal,40139,latentcp,0.9953013399628023,5.6539963650910705
normal,40139,latentcp_tuned,0.9976185113247349,6.275140159018233
normal,40139,latentcp_multi,0.9948711253135342,5.622903073218577
normal,40139,latentcp_pac,0.9997937764884303,7.422536276534476
normal,40140,cohen,0.8415323861798014,2.8204882296229488
normal,40140,cohen_stable,0.9249639813682604,3.5604882296229494
normal,40140,latentcp,0.9699739102788922,4.339522986527487
normal,40140,latentcp_tuned,0.9636781612560774,4.1876675961800185
normal,40140,latentcp_multi,0.9754157099658098,4.521578832225356
normal,40140,latentcp_pac,0.9888583482190446,5.07645160251717
normal,40141,cohen,0.6688622250325897,1.943649362661502
normal,40141,cohen_stable,0.9373721936602735,3.7236493626615035
normal,40141,latentcp,0.9758991293438837,4.51103586707744
normal,40141,latentcp_tuned,0.9551212735456005,4.028624038118792
normal,40141,latentcp_multi,0.9412672740948165,3.7966399426130493
normal,40141,latentcp_pac,0.9957167633250076,5.713024220623005
normal,40142,cohen,0.8421442200028757,2.824639864761567
normal,40142,cohen_stable,0.9737383079590471,4.444639864761559
normal,40142,latentcp,0.9938634688272703,5.480790849403611
normal,40142,latentcp_tuned,0.995219602473286,5.798479755949651
normal,40142,latentcp_multi,0.9524281083692581,4.066026007877561
normal,40142,latentcp_pac,0.9993233603246114,6.797747298009274
normal,40143,cohen,0.7863132075125265,2.486982884777219
normal,40143,cohen_stable,0.893362219032904,3.2269828847772195
normal,40143,latentcp,0.9688409455550115,4.310071062537491
normal,40143,latentcp_tuned,0.908282794078982,3.4434661546941454
normal,40143,latentcp_multi,0.908282794078982,3.4434661546941454
normal,40143,latentcp_pac,0.9795554750402481,4.636176516609449
normal,40144,cohen,0.7911092508235928,2.5132428700877605
normal,40144,cohen_stable,0.815366058410911,2.6532428700877606
normal,40144,latentcp,0.989371775341226,5.109381086677685
normal,40144,latentcp_tuned,0.9911593615049956,5.237578973986025
normal,40144,latentcp_multi,0.9231033118048346,3.5541002782398206
normal,40144,latentcp_pac,0.9946954289908481,5.575863598076162
normal,40145,cohen,0.694960532858981,2.0513726293243844
normal,40145,cohen_stable,0.8279625584044263,2.731372629324385
normal,40145,latentcp,0.9917506926619073,5.283383715605221
normal,40145,latentcp_tuned,0.9970418041264473,5.972306177974354
normal,40145,latentcp_multi,0.9960781589259171,5.775258105879811
normal,40145,latentcp_pac,0.9988361092244694,6.49516910160453
normal,40146,cohen,0.7620611778161646,2.3603087466335344
normal,40146,cohen_stable,0.9566326226729525,4.040308746633535
normal,40146,latentcp,0.987065227528285,4.971120313742518
normal,40146,latentcp_tuned,0.9744298350711366,4.571992071673633
normal,40146,latentcp_multi,0.9744298350711366,4.571992071673633
normal,40146,latentcp_pac,0.9947960107278045,5.588255790678361
normal,40147,cohen,0.7276530187477737,2.195347476504083
normal,40147,cohen_stable,0.9574064423354927,4.055347476504084
normal,40147,latentcp,0.9910341360327259,5.226708739681864
normal,40147,latentcp_tuned,0.9925841434042944,5.356470621029198
normal,40147,latentcp_multi,0.9803530412654917,4.688717860015244
normal,40147,latentcp_pac,0.999679073285897,7.195589499247187
normal,40148,cohen,0.7620763461791802,2.360385037642453
normal,40148,cohen_stable,0.869005692920769,3.0203850376424537
normal,40148,latentcp,0.9971378286346997,5.964331200247152
normal,40148,latentcp_tuned,0.9738435359474186,4.591961311819084
normal,40148,latentcp_multi,0.9978154650753905,6.1295476433415965
normal,40148,latentcp_pac,0.9997662286232596,7.358826097645286
normal,40149,cohen,0.7997936695723133,2.5619278905222105
normal,40149,cohen_stable,0.8532100998357166,2.901927890522211
normal,40149,latentcp,0.9920113840507642,5.305102408536433
normal,40149,latentcp_tuned,0.985044789004094,4.868115575944103
normal,40149,latentcp_multi,0.9980955691948655,6.420888395229535
normal,40149,latentcp_pac,0.9996259679754176,7.115518299765965
laplace,41000,cohen,0.7810594155979784,2.1481266061778608
laplace,41000,cohen_stable,0.7715706902893029,2.0881266061778607
laplace,41000,latentcp,0.9750526390761699,5.219852569512882
laplace,41000,latentcp_tuned,0.9962342738731862,8.003030391751826
laplace,41000,latentcp_multi,0.9962342738731862,8.003030391751826
laplace,41000,latentcp_pac,0.9907224565336258,6.618743685827561
laplace,41001,cohen,0.7963198270651766,2.2503026946676163
laplace,41001,cohen_stable,0.8206620950873509,2.4303026946676165
laplace,41001,latentcp,0.9916362381855751,6.7653812835231975
laplace,41001,latentcp_tuned,0.9763897649686918,5.438523110165506
laplace,41001,latentcp_multi,0.976378708142071,5.458304516038814
laplace,41001,latentcp_pac,0.9959858539734778,7.803532361535946
laplace,41002,cohen,0.7608410648371642,2.023212031687269
laplace,41002,cohen_stable,0.913608044253533,3.46321203168727
laplace,41002,latentcp,0.9826556448767513,5.733912171842889
laplace,41002,latentcp_tuned,0.9959543517738308,7.8609078615628505
laplace,41002,latentcp_multi,0.9840892786772736,5.856494505020579
laplace,41002,latentcp_pac,0.9907303574411687,6.619948476828113
laplace,41003,cohen,0.8213289664495971,2.4355712760592723
laplace,41003,cohen_stable,0.9119029072970679,3.435571276059273
laplace,41003,latentcp,0.9858275030935338,6.01953285356712
laplace,41003,latentcp_tuned,0.9803548675077838,5.6727916021663045
laplace,41003,latentcp_multi,0.9803548675077838,5.6727916021663045
laplace,41003,latentcp_pac,0.9904144403429482,6.572554118719398
laplace,41004,cohen,0.8315066045023822,2.5185145627219083
laplace,41004,cohen_stable,0.9001531476992148,3.258514562721909
laplace,41004,latentcp,0.9768651045598622,5.326512966348871
laplace,41004,latentcp_tuned,0.9444712277262248,4.186759557602773
laplace,41004,latentcp_multi,0.9744729924906156,5.2772250798755875
laplace,41004,latentcp_pac,0.9848564162895938,5.925807085411374
laplace,41005,cohen,0.7859232029243028,2.1798977247971125
laplace,41005,cohen_stable,0.9356553824319418,3.879897724797114
laplace,41005,latentcp,0.9795004036810462,5.497543238785014
laplace,41005,latentcp_tuned,0.9830960610518996,5.770996573076305
laplace,41005,latentcp_multi,0.9893303469215479,6.433636466117384
laplace,41005,latentcp_pac,0.9927301708682507,6.963619388092932
laplace,41006,cohen,0.8279566474384568,2.4890282924428018
laplace,41006,cohen_stable,0.9342354280961234,3.849028292442803
laplace,41006,latentcp,0.985748907428609,6.011711125719233
laplace,41006,latentcp_tuned,0.9859851212009243,6.047792117545696
laplace,41006,latentcp_multi,0.9886370802887345,6.33209390506598
laplace,41006,latentcp_pac,0.9902822264794524,6.553181035323733
laplace,41007,cohen,0.8057299881319617,2.317197794499371
laplace,41007,cohen_stable,0.8576737409046626,2.7571977944993713
laplace,41007,latentcp,0.9802487414539269,5.550135777069184
laplace,41007,latentcp_tuned,0.9856827329676813,6.024317048162496
laplace,41007,latentcp_multi,0.9856827329676813,6.024317048162496
laplace,41007,latentcp_pac,0.9979155568118057,8.730298845473945
laplace,41008,cohen,0.8281453576840803,2.490580360901946
laplace,41008,cohen_stable,0.9610715721724894,4.590580360901935
laplace,41008,latentcp,0.9831108653702779,5.77152545594046
laplace,41008,latentcp_tuned,0.9845704323082564,5.900053158771763
laplace,41008,latentcp_multi,0.9938578075976412,7.2143713752166905
laplace,41008,latentcp_pac,0.9982845791928239,9.005848945700423
laplace,41009,cohen,0.7702768082485059,2.080138740176441
laplace,41009,cohen_stable,0.9319221838291849,3.8001387401764424
laplace,41009,latentcp,0.9800315307701957,5.534731344838994
laplace,41009,latentcp_tuned,0.9962196294878312,8.040164961948067
laplace,41009,latentcp_multi,0.9962196294878312,8.040164961948067
laplace,41009,latentcp_pac,0.9955353779546737,7.653116952390104
laplace,41010,cohen,0.7825300178276813,2.157657784611737
laplace,41010,cohen_stable,0.9028788568773358,3.297657784611738
laplace,41010,latentcp,0.9763153742671123,5.293301340935202
laplace,41010,latentcp_tuned,0.978272383376346,5.415938588099792
laplace,41010,latentcp_multi,0.9839345937054629,5.848969205657872
laplace,41010,latentcp_pac,0.9849063687023399,5.930479685015747
laplace,41011,cohen,0.8487996418448933,2.671660768574092
laplace,41011,cohen_stable,0.9413796007717843,4.011660768574093
laplace,41011,latentcp,0.9836519526740033,5.817575124434083
laplace,41011,latentcp_tuned,0.985089771438041,5.948495935212141
laplace,41011,latentcp_multi,0.9958949601492348,7.858646388354625
laplace,41011,latentcp_pac,0.9970933569746513,8.26007700483727
laplace,41012,cohen,0.8540697142578642,2.721832568198675
laplace,41012,cohen_stable,0.9602721467309094,4.561832568198664
laplace,41012,latentcp,0.9891446529328938,6.396627030140608
laplace,41012,latentcp_tuned,0.9894017834022284,6.461547618297103
laplace,41012,latentcp_multi,0.9894017834022284,6.461547618297103
laplace,41012,latentcp_pac,0.997385821143709,8.410052629782708
laplace,41013,cohen,0.8327415548744512,2.5289180287928934
laplace,41013,cohen_stable,0.900884962183899,3.268918028792894
laplace,41013,latentcp,0.9844125267766228,5.88494948312408
laplace,41013,latentcp_tuned,0.9857656823402391,6.014122395868633
laplace,41013,latentcp_multi,0.9717177694545063,5.043149189855144
laplace,41013,latentcp_pac,0.9944834875360499,7.353923843929491
laplace,41014,cohen,0.8138238803516553,2.377380924881206
laplace,41014,cohen_stable,0.9028598416688722,3.2973809248812067
laplace,41014,latentcp,0.9707162304994059,4.993196735236262
laplace,41014,latentcp_tuned,0.9544719045979617,4.3696639925085385
laplace,41014,latentcp_multi,0.9666447341340466,4.809688235897237
laplace,41014,latentcp_pac,0.9931841784267686,7.054816613944238
laplace,41015,cohen,0.769183258564575,2.0734226420088784
laplace,41015,cohen_stable,0.8707437965503229,2.893422642008879
laplace,41015,latentcp,0.9799775750802837,5.5308512000527985
laplace,41015,latentcp_tuned,0.9690949335348281,5.0013617291716645
laplace,41015,latentcp_multi,0.9768422297235164,5.337965501146477
laplace,41015,latentcp_pac,0.9875745709360781,6.205583501775699
laplace,41016,cohen,0.8031923853324074,2.298844595957911
laplace,41016,cohen_stable,0.8474231757064954,2.6588445959579112
laplace,41016,latentcp,0.9724793827501184,5.081014579139275
laplace,41016,latentcp_tuned,0.9917932525689371,6.884634252555291
laplace,41016,latentcp_multi,0.9917932525689371,6.884634252555291
laplace,41016,latentcp_pac,0.9792670231326632,5.481533861296414
laplace,41017,cohen,0.8306877838641968,2.5116586107796395
laplace,41017,cohen_stable,0.9295479712743957,3.7516586107796406
laplace,41017,latentcp,0.9689621110698986,4.911135687323787
laplace,41017,latentcp_tuned,0.9890189382222767,6.5234805911703475
laplace,41017,latentcp_multi,0.9668319400252687,4.8176410897652175
laplace,41017,latentcp_pac,0.9861203006720585,6.049068348193466
laplace,41018,cohen,0.8431748916402775,2.620006063202101
laplace,41018,cohen_stable,0.9347439464722782,3.860006063202102
laplace,41018,latentcp,0.9739762062394665,5.160103271924163
laplace,41018,latentcp_tuned,0.972751872214089,5.095549347703075
laplace,41018,latentcp_multi,0.9826144399662465,5.738618056671142
laplace,41018,latentcp_pac,0.9944305490473643,7.340417232924124
laplace,41019,cohen,0.8049803693318884,2.311751349137681
laplace,41019,cohen_stable,0.9243908629146473,3.6517513491376823
laplace,41019,latentcp,0.9934418376510449,7.109314998479168
laplace,41019,latentcp_tuned,0.9911678052194715,6.7238083141255895
laplace,41019,latentcp_multi,0.990830876039952,6.744152481196274
laplace,41019,latentcp_pac,0.9968185553680121,8.132321809881532
laplace,41020,cohen,0.7837090988656972,2.165346244158382
laplace,41020,cohen_stable,0.8822560402547535,3.0253462441583827
laplace,41020,latentcp,0.9728636002811342,5.100897654815341
laplace,41020,latentcp_tuned,0.9901557146525684,6.626665874134287
laplace,41020,latentcp_multi,0.9658997737434899,4.791476272588161
laplace,41020,latentcp_pac,0.9915946004776109,6.758358293976267
laplace,41021,cohen,0.8125415496603476,2.36767359734175
laplace,41021,cohen_stable,0.8964983529123913,3.207673597341751
laplace,41021,latentcp,0.9516028019048396,4.282712193020381
laplace,41021,latentcp_tuned,0.9846822549581643,5.993937300349596
laplace,41021,latentcp_multi,0.927818397505224,3.732390205319496
laplace,41021,latentcp_pac,0.9732263064853744,5.119929460867517
laplace,41022,cohen,0.7494102020406457,1.957183815270525
laplace,41022,cohen_stable,0.8057280678007979,2.3171838152705253
laplace,41022,latentcp,0.9579728248609545,4.4822640359706645
laplace,41022,latentcp_tuned,0.957295101427102,4.460253564362472
laplace,41022,latentcp_multi,0.9975552967404249,8.576853586579468
laplace,41022,latentcp_pac,0.9918397729954336,6.800222284871266
laplace,41023,cohen,0.6385543779314826,1.4391654822449005
laplace,41023,cohen_stable,0.96185052321094,4.61916548224489
laplace,41023,latentcp,0.9773722061387825,5.357860880772036
laplace,41023,latentcp_tuned,0.9957371386836005,7.8437882248689075
laplace,41023,latentcp_multi,0.9607854136438649,4.599612173114042
laplace,41023,latentcp_pac,0.9888651010204457,6.360667585494227
laplace,41024,cohen,0.793573351154951,2.23136050037601
laplace,41024,cohen_stable,0.8844021245832576,3.0513605003760107
laplace,41024,latentcp,0.9759241032682803,5.270129355051991
laplace,41024,latentcp_tuned,0.980382871133291,5.560540959369862
laplace,41024,latentcp_multi,0.9807521168226201,5.589116104739704
laplace,41024,latentcp_pac,0.9818836208214705,5.672324115394474
laplace,41025,cohen,0.8082596738244068,2.3357339147963465
laplace,41025,cohen_stable,0.9179266096415186,3.5357339147963476
laplace,41025,latentcp,0.9633740807080814,4.676803060044405
laplace,41025,latentcp_tuned,0.9976198588318502,8.610533158426197
laplace,41025,latentcp_multi,0.9633905649425742,4.70034201499318
laplace,41025,latentcp_pac,0.9935324001456362,7.1289801466159854
laplace,41026,cohen,0.8081915793884673,2.335231761801996
laplace,41026,cohen_stable,0.9316855600272058,3.7952317618019973
laplace,41026,latentcp,0.9840118356083701,5.849055144599165
laplace,41026,latentcp_tuned,0.9818384581709518,5.696742191097868
laplace,41026,latentcp_multi,0.9853863928259357,5.97691038120763
laplace,41026,latentcp_pac,0.992884581801125,6.993980829594227
laplace,41027,cohen,0.8134533226826726,2.374568927020909
laplace,41027,cohen_stable,0.851229132796026,2.694568927020909
laplace,41027,latentcp,0.970940046357247,5.004045089621671
laplace,41027,latentcp_tuned,0.9649021064689337,4.79806417091288
laplace,41027,latentcp_multi,0.9733035472803039,5.124562307970304
laplace,41027,latentcp_pac,0.9839923070037219,5.847328819404547
laplace,41028,cohen,0.8042779403483156,2.3066667334446134
laplace,41028,cohen_stable,0.8566099404390797,2.7466667334446138
laplace,41028,latentcp,0.965023475783545,4.7419720888884935
laplace,41028,latentcp_tuned,0.974487940741486,5.202282267726393
laplace,41028,latentcp_multi,0.9679647237146054,4.866917302630796
laplace,41028,latentcp_pac,0.984540899018356,5.896644643887682
laplace,41029,cohen,0.8113906698433686,2.3590177378860964
laplace,41029,cohen_stable,0.9416837618036547,4.019017737886098
laplace,41029,latentcp,0.9882488047257185,6.284483232951399
laplace,41029,latentcp_tuned,0.9846067622213857,5.942089959774152
laplace,41029,latentcp_multi,0.9942792708872128,7.303602648908124
laplace,41029,latentcp_pac,0.9937204484142166,7.170708666082059
laplace,41030,cohen,0.8684053606331521,2.868066109919008
laplace,41030,cohen_stable,0.8889455461458422,3.108066109919008
laplace,41030,latentcp,0.957875364560723,4.4789876675004185
laplace,41030,latentcp_tuned,0.9384246622294404,3.9425459827789804
laplace,41030,latentcp_multi,0.959639965514908,4.556736943066112
laplace,41030,latentcp_pac,0.9852672317487464,5.964701860463462
laplace,41031,cohen,0.8060178691603546,2.319295015786936
laplace,41031,cohen_stable,0.8578846485452281,2.7592950157869365
laplace,41031,latentcp,0.9779411980121472,5.393872283700279
laplace,41031,latentcp_tuned,0.993591137924807,7.157158616491045
laplace,41031,latentcp_multi,0.9762316206335372,5.289166987265246
laplace,41031,latentcp_pac,0.9967161028677701,8.087497622652764
laplace,41032,cohen,0.7576673375396543,2.0045683286069806
laplace,41032,cohen_stable,0.9184377136993376,3.544568328606982
laplace,41032,latentcp,0.9769182769786853,5.329767117681857
laplace,41032,latentcp_tuned,0.9845869188453836,5.914085296546275
laplace,41032,latentcp_multi,0.998557111537998,9.341669917904415
laplace,41032,latentcp_pac,0.9948508600760515,7.451386019077366
laplace,41033,cohen,0.7005744907663889,1.7053854404018538
laplace,41033,cohen_stable,0.9340658077292443,3.8453854404018557
laplace,41033,latentcp,0.9733621354315755,5.127132587930683
laplace,41033,latentcp_tuned,0.9682085525130911,4.877772987696897
laplace,41033,latentcp_multi,0.9673294294835183,4.855332511498971
laplace,41033,latentcp_pac,0.9909947281236543,6.660868341090197
laplace,41034,cohen,0.7773829521720925,2.1245762281069274
laplace,41034,cohen_stable,0.9073674481007257,3.3645762281069285
laplace,41034,latentcp,0.9831085760729436,5.771333783301687
laplace,41034,latentcp_tuned,0.9918010688419316,6.882612704342116
laplace,41034,latentcp_multi,0.974046063589608,5.176965894669273
laplace,41034,latentcp_pac,0.991285886021129,6.7073480239001055
laplace,41035,cohen,0.7908957288673735,2.2131342650430135
laplace,41035,cohen_stable,0.8861682819125565,3.0731342650430142
laplace,41035,latentcp,0.9822798713488506,5.703599782604608
laplace,41035,latentcp_tuned,0.989637169681438,6.493083770097219
laplace,41035,latentcp_multi,0.9484147796418012,4.2901356089919815
laplace,41035,latentcp_pac,0.9945460588689746,7.370056301253506
laplace,41036,cohen,0.7630917100639736,2.0365837428612674
laplace,41036,cohen_stable,0.9336541708265216,3.836583742861269
laplace,41036,latentcp,0.9835061968532399,5.805022291001066
laplace,41036,latentcp_tuned,0.9795571659473534,5.590608588789778
laplace,41036,latentcp_multi,0.9849498067618311,5.93528246884683
laplace,41036,latentcp_pac,0.9910882419523793,6.675630715807765
laplace,41037,cohen,0.7330399692643894,1.8676900922814341
laplace,41037,cohen_stable,0.9496838073900775,4.227690092281431
laplace,41037,latentcp,0.9752012657223924,5.228294746964873
laplace,41037,latentcp_tuned,0.9744287956162581,5.185636026309669
laplace,41037,latentcp_multi,0.9808485127243928,5.679303657770044
laplace,41037,latentcp_pac,0.9888436948551765,6.357951269430421
laplace,41038,cohen,0.8385295628068046,2.5787239679004745
laplace,41038,cohen_stable,0.9663993631641552,4.798723967900459
laplace,41038,latentcp,0.9886998624450188,6.33983508641991
laplace,41038,latentcp_tuned,0.9997124302681201,11.617499113705435
laplace,41038,latentcp_multi,0.9911560581870165,6.6871195531101755
laplace,41038,latentcp_pac,0.9924971360530481,6.91899809470086
laplace,41039,cohen,0.7683207206783127,2.068147724447324
laplace,41039,cohen_stable,0.8965330469024089,3.208147724447325
laplace,41039,latentcp,0.9672935035594525,4.836895992060167
laplace,41039,latentcp_tuned,0.9487833184212805,4.363144570151278
laplace,41039,latentcp_multi,0.9111755402331548,3.6101388840976485
laplace,41039,latentcp_pac,0.9732993686516079,5.12380458659962
laplace,41040,cohen,0.8212104247963958,2.4346333085422756
laplace,41040,cohen_stable,0.9201533574945049,3.5746333085422766
laplace,41040,latentcp,0.9819813446098568,5.67997332395243
laplace,41040,latentcp_tuned,0.9894049674952267,6.5222574151016515
laplace,41040,latentcp_multi,0.9720173350031853,5.071110861604119
laplace,41040,latentcp_pac,0.9894531761643748,6.4374018802657575
laplace,41041,cohen,0.8186212158187389,2.4142997204441654
laplace,41041,cohen_stable,0.8573817800810679,2.7542997204441657
laplace,41041,latentcp,0.973958516039827,5.159142432516105
laplace,41041,latentcp_tuned,0.9729507386599882,5.116707201211135
laplace,41041,latentcp_multi,0.9761294227175138,5.282876105756825
laplace,41041,latentcp_pac,0.9947382796468434,7.420798925962693
laplace,41042,cohen,0.7592979584318509,2.0141165243018184
laplace,41042,cohen_stable,0.913050624225763,3.4541165243018197
laplace,41042,latentcp,0.9561551629716885,4.422397308984964
laplace,41042,latentcp_tuned,0.9477994508842047,4.270686932240916
laplace,41042,latentcp_multi,0.9314869987841303,3.80600490022513
laplace,41042,latentcp_pac,0.9634584585904545,4.680070033677027
laplace,41043,cohen,0.8392956684556607,2.5854497524501086
laplace,41043,cohen_stable,0.9609300877055067,4.5854497524500974
laplace,41043,latentcp,0.9881688819007912,6.274896818498012
laplace,41043,latentcp_tuned,0.989181620586394,6.402069702189081
laplace,41043,latentcp_multi,0.9543064874097973,4.3645810136336864
laplace,41043,latentcp_pac,0.999275883500022,10.225553564652666
laplace,41044,cohen,0.7724925980497859,2.093845716754509
laplace,41044,cohen_stable,0.9632974117005109,4.673845716754497
laplace,41044,latentcp,0.9862862133720381,6.066062250755887
laplace,41044,latentcp_tuned,0.987500401046954,6.198087029921409
laplace,41044,latentcp_multi,0.9806502600849294,5.580087115096945
laplace,41044,latentcp_pac,0.9960824633672,7.837984842268524
laplace,41045,cohen,0.8048862275464961,2.31106883084416
laplace,41045,cohen_stable,0.9396726491720377,3.9710688308441613
laplace,41045,latentcp,0.9893115907753446,6.418543133004544
laplace,41045,latentcp_tuned,0.9691819240477061,4.992588822260315
laplace,41045,latentcp_multi,0.9929439015883247,7.029902854909505
laplace,41045,latentcp_pac,0.9936816114079808,7.161989119172171
laplace,41046,cohen,0.8302167469459247,2.5077296451213535
laplace,41046,cohen_stable,0.8587297279840398,2.7677296451213538
laplace,41046,latentcp,0.9751516399050156,5.225467527925939
laplace,41046,latentcp_tuned,0.940790106099999,4.008260205337759
laplace,41046,latentcp_multi,0.9772586881291524,5.351388891088557
laplace,41046,latentcp_pac,0.9910819026653579,6.674625083519446
laplace,41047,cohen,0.859006495029337,2.7705029930776046
laplace,41047,cohen_stable,0.962155138455254,4.6305029930775925
laplace,41047,latentcp,0.9918343758500051,6.799287238295595
laplace,41047,latentcp_tuned,0.9906402281400386,6.607245145135221
laplace,41047,latentcp_multi,0.9925542224160835,6.930780415739527
laplace,41047,latentcp_pac,0.9954533466927384,7.62736830846891
laplace,41048,cohen,0.8394499957398704,2.586808499902441
laplace,41048,cohen_stable,0.8737594591400824,2.9268084999024415
laplace,41048,latentcp,0.9832660912849434,5.784583411214075
laplace,41048,latentcp_tuned,0.9610838167366583,4.591780737636511
laplace,41048,latentcp_multi,0.9715584231718322,5.063783020468279
laplace,41048,latentcp_pac,0.9992392491581796,10.155757028056279
laplace,41049,cohen,0.7588641193414931,2.0115698534692954
laplace,41049,cohen_stable,0.8687309855546812,2.871569853469296
laplace,41049,latentcp,0.9499349444258414,4.23477627345525
laplace,41049,latentcp_tuned,0.9193144974995445,3.5718841489860753
laplace,41049,latentcp_multi,0.9328633934491039,3.8203080728197563
laplace,41049,latentcp_pac,0.9872711702732963,6.1714664886275274
laplace,41050,cohen,0.8089631509197508,2.3409320720191653
laplace,41050,cohen_stable,0.8293987006179537,2.5009320720191655
laplace,41050,latentcp,0.9468539040665829,4.150356682298283
laplace,41050,latentcp_tuned,0.9514843434494143,4.279920099440347
laplace,41050,latentcp_multi,0.9614708698084939,4.635287869970203
laplace,41050,latentcp_pac,0.9917809168094625,6.790058785873538
laplace,41051,cohen,0.7623475241329325,2.0321483205712885
laplace,41051,cohen_stable,0.9052188447150493,3.3321483205712896
laplace,41051,latentcp,0.9757894700586813,5.262249188248289
laplace,41051,latentcp_tuned,0.994739918624805,7.525008433046408
laplace,41051,latentcp_multi,0.994739918624805,7.525008433046408
laplace,41051,latentcp_pac,0.9852950057219262,5.967371105428755
laplace,41052,cohen,0.8499692045142484,2.682642499250652
laplace,41052,cohen_stable,0.9123423030109317,3.4426424992506526
laplace,41052,latentcp,0.9793990129722487,5.490565795526274
laplace,41052,latentcp_tuned,0.9811675063395406,5.6183797544516665
laplace,41052,latentcp_multi,0.9811675063395406,5.6183797544516665
laplace,41052,latentcp_pac,0.9935470029174073,7.132176817295599
laplace,41053,cohen,0.7953060275472494,2.243281035782934
laplace,41053,cohen_stable,0.8602746954723359,2.7832810357829345
laplace,41053,latentcp,0.9709399174613843,5.004043382927935
laplace,41053,latentcp_tuned,0.9734596486280541,5.133129290471686
laplace,41053,latentcp_multi,0.9715102141481777,5.167863318699269
laplace,41053,latentcp_pac,0.9966587497594788,8.063011655703775
laplace,41054,cohen,0.599717273176652,1.2948315429204893
laplace,41054,cohen_stable,0.6425362245816479,1.4548315429204894
laplace,41054,latentcp,0.9716037857054526,5.0367554304518
laplace,41054,latentcp_tuned,0.9788378813499037,5.5726111054573195
laplace,41054,latentcp_multi,0.9586651656626066,4.524058686189905
laplace,41054,latentcp_pac,0.9890777210506146,6.387933535156196
laplace,41055,cohen,0.8136770831758289,2.376266277339109
laplace,41055,cohen_stable,0.8615517745499848,2.796266277339109
laplace,41055,latentcp,0.9600694286915818,4.554636498438911
laplace,41055,latentcp_tuned,0.9206265745861435,3.6832420539193804
laplace,41055,latentcp_multi,0.9574480648389372,4.478467471546117
laplace,41055,latentcp_pac,0.9831697726960412,5.77646669400385
laplace,41056,cohen,0.8359977668742997,2.556721675892923
laplace,41056,cohen_stable,0.9277858378608601,3.716721675892924
laplace,41056,latentcp,0.9766579054857807,5.313903457248628
laplace,41056,latentcp_tuned,0.9799015763316067,5.554078071675165
laplace,41056,latentcp_multi,0.9786257002522029,5.439201795798819
laplace,41056,latentcp_pac,0.9923599341443876,6.893370543135202
laplace,41057,cohen,0.724001282387434,1.820600641740183
laplace,41057,cohen_stable,0.8749846381631534,2.940600641740184
laplace,41057,latentcp,0.9478384293882485,4.176942435993637
laplace,41057,latentcp_tuned,0.9740262977592069,5.180526214314222
laplace,41057,latentcp_multi,0.9392157862548085,3.9610536411537143
laplace,41057,latentcp_pac,0.9821245789581189,5.691262391619019
laplace,41058,cohen,0.6798384708536704,1.6106897321119966
laplace,41058,cohen_stable,0.6887671406905551,1.6506897321119967
laplace,41058,latentcp,0.9808760882526896,5.595782573264893
laplace,41058,latentcp_tuned,0.9861190345765626,6.049521351813054
laplace,41058,latentcp_multi,0.9847401491331399,5.981485090832072
laplace,41058,latentcp_pac,0.9889298613385706,6.368916444154688
laplace,41059,cohen,0.8263484573201909,2.4758702116362943
laplace,41059,cohen_stable,0.8055475329224469,2.315870211636294
laplace,41059,latentcp,0.9575063424849329,4.466653958804359
laplace,41059,latentcp_tuned,0.9532686759645341,4.33298370921627
laplace,41059,latentcp_multi,0.9913927106944443,6.818751990417181
laplace,41059,latentcp_pac,0.9881276936232143,6.269981994707866
laplace,41060,cohen,0.7549575758419083,1.9888423658433045
laplace,41060,cohen_stable,0.8858222971453975,3.0688423658433055
laplace,41060,latentcp,0.9825054613968414,5.721719821305749
laplace,41060,latentcp_tuned,0.9525628033844807,4.429974004545812
laplace,41060,latentcp_multi,0.9734770001875158,5.148832336921031
laplace,41060,latentcp_pac,0.9941121033941821,7.261783644834869
laplace,41061,cohen,0.7931139788287798,2.2282168714070307
laplace,41061,cohen_stable,0.848430989583612,2.668216871407031
laplace,41061,latentcp,0.9640689107943095,4.70389025699876
laplace,41061,latentcp_tuned,0.9743729001647486,5.1943152922202795
laplace,41061,latentcp_multi,0.9690370305319663,4.941160500180314
laplace,41061,latentcp_pac,0.9904937784861623,6.584307946728796
laplace,41062,cohen,0.8313498190205362,2.5171992289219243
laplace,41062,cohen_stable,0.9572213357650634,4.457199228921916
laplace,41062,latentcp,0.9784039206263424,5.423871444393293
laplace,41062,latentcp_tuned,0.9803416992466658,5.557704850578003
laplace,41062,latentcp_multi,0.9202214475919799,3.8319174241123672
laplace,41062,latentcp_pac,0.9934025127844152,7.100860358426187
laplace,41063,cohen,0.8544488089528361,2.7255111632657965
laplace,41063,cohen_stable,0.9292410566416103,3.7455111632657974
laplace,41063,latentcp,0.9886641276370938,6.335369926148782
laplace,41063,latentcp_tuned,0.9907525029650829,6.733422780458559
laplace,41063,latentcp_multi,0.9938563609129643,7.212425505344342
laplace,41063,latentcp_pac,0.9965133546535566,8.00277323648814
laplace,41064,cohen,0.7808627705679871,2.146856977457651
laplace,41064,cohen_stable,0.777741684757663,2.126856977457651
laplace,41064,latentcp,0.96286502234591,4.6572825176117485
laplace,41064,latentcp_tuned,0.9543335565113835,4.37620653615256
laplace,41064,latentcp_multi,0.9594785714600933,4.5452175483378054
laplace,41064,latentcp_pac,0.9912944848030957,6.708744209088853
laplace,41065,cohen,0.8490037885964103,2.6735714927696006
laplace,41065,cohen_stable,0.944678417251344,4.0935714927696
laplace,41065,latentcp,0.9807369390629388,5.585531269797035
laplace,41065,latentcp_tuned,0.9849020599429579,5.9438121777778985
laplace,41065,latentcp_multi,0.980749642003905,5.685137796788804
laplace,41065,latentcp_pac,0.9897073900232248,6.471906777548662
laplace,41066,cohen,0.8238020490508844,2.4552829089745516
laplace,41066,cohen_stable,0.8404091847264041,2.5952829089745517
laplace,41066,latentcp,0.9788313745782125,5.452125806489044
laplace,41066,latentcp_tuned,0.9877969927909962,6.258689940665086
laplace,41066,latentcp_multi,0.9809482596788004,5.60185040592202
laplace,41066,latentcp_pac,0.9925593918618679,6.9307816370507735
laplace,41067,cohen,0.7824345224143123,2.1570369114949797
laplace,41067,cohen_stable,0.8163936205376732,2.39703691149498
laplace,41067,latentcp,0.9787024129672125,5.443538009012525
laplace,41067,latentcp_tuned,0.8687068665691111,3.086894511094764
laplace,41067,latentcp_multi,0.9758275669725366,5.281918923601632
laplace,41067,latentcp_pac,0.9837377158631763,5.825014146374046
laplace,41068,cohen,0.7389469448709802,1.8993335259877373
laplace,41068,cohen_stable,0.9479335804839222,4.179333525987736
laplace,41068,latentcp,0.9874530381908226,6.191818334249761
laplace,41068,latentcp_tuned,0.9935820561917688,7.221876196458921
laplace,41068,latentcp_multi,0.994530194876685,7.3781740054424985
laplace,41068,latentcp_pac,0.9962563175992273,7.902180691072458
laplace,41069,cohen,0.7850067910653362,2.1738567336666605
laplace,41069,cohen_stable,0.8447033246612969,2.633856733666661
laplace,41069,latentcp,0.9777382556653366,5.380920787534689
laplace,41069,latentcp_tuned,0.9876481832130781,6.214662917772081
laplace,41069,latentcp_multi,0.9874460144629075,6.26626912481317
laplace,41069,latentcp_pac,0.9923678869832296,6.894843418823176
laplace,41070,cohen,0.8094140773837715,2.3442741504543787
laplace,41070,cohen_stable,0.864266707563417,2.824274150454379
laplace,41070,latentcp,0.9756050470005043,5.251510965105734
laplace,41070,latentcp_tuned,0.962617621776528,4.718523365497687
laplace,41070,latentcp_multi,0.9428541079894162,4.11870024595368
laplace,41070,latentcp_pac,0.9786270759572661,5.438542654250959
laplace,41071,cohen,0.7443630965190713,1.9289833210139062
laplace,41071,cohen_stable,0.7717090283166836,2.0889833210139064
laplace,41071,latentcp,0.9620495743723776,4.626563895435103
laplace,41071,latentcp_tuned,0.9724736498328825,5.081432652306271
laplace,41071,latentcp_multi,0.9534291345784535,4.337771736356616
laplace,41071,latentcp_pac,0.9815326307294222,5.645186885933039
laplace,41072,cohen,0.7251197233880775,1.826343160956624
laplace,41072,cohen_stable,0.9312548386318396,3.786343160956626
laplace,41072,latentcp,0.9878882149755563,6.241739513894848
laplace,41072,latentcp_tuned,0.9863091128621795,6.0830579069008195
laplace,41072,latentcp_multi,0.9470786509687101,4.260929294877867
laplace,41072,latentcp_pac,0.9922082120206142,6.865561259651322
laplace,41073,cohen,0.8276130507833481,2.48620671020499
laplace,41073,cohen_stable,0.9230127422639713,3.626206710204991
laplace,41073,latentcp,0.9800189379656425,5.5337758100338785
laplace,41073,latentcp_tuned,0.9772587591591394,5.365807913409442
laplace,41073,latentcp_multi,0.9852815211934416,5.966908791282181
laplace,41073,latentcp_pac,0.9886037112600594,6.327852661112344
laplace,41074,cohen,0.7182202987775184,1.7912849210045345
laplace,41074,cohen_stable,0.9388227788415784,3.9512849210045364
laplace,41074,latentcp,0.96754818861686,4.847922701384574
laplace,41074,latentcp_tuned,0.9789503363976197,5.57103678219368
laplace,41074,latentcp_multi,0.9736027186843704,5.1641610592250355
laplace,41074,latentcp_pac,0.9933839070221522,7.096877588212471
laplace,41075,cohen,0.7367508965118119,1.8874865423963265
laplace,41075,cohen_stable,0.7959138304878106,2.247486542396327
laplace,41075,latentcp,0.9727273962145027,5.0938171461659065
laplace,41075,latentcp_tuned,0.9334669182708973,3.933669788321858
laplace,41075,latentcp_multi,0.953441772077058,4.436697628319263
laplace,41075,latentcp_pac,0.9776957698239002,5.3782243861857
laplace,41076,cohen,0.8259573127545154,2.472688322865248
laplace,41076,cohen_stable,0.9104658404146095,3.412688322865249
laplace,41076,latentcp,0.9801243734007835,5.541258001046798
laplace,41076,latentcp_tuned,0.9727479339308095,5.179313642347072
laplace,41076,latentcp_multi,0.9843961645353054,5.89593116639633
laplace,41076,latentcp_pac,0.9893311663852197,6.421135612252716
laplace,41077,cohen,0.8431570899949685,2.61984554107819
laplace,41077,cohen_stable,0.9573013094349208,4.459845541078182
laplace,41077,latentcp,0.987591122863288,6.207468633121921
laplace,41077,latentcp_tuned,0.9798388666924216,5.521837600933786
laplace,41077,latentcp_multi,0.9957976346243953,7.825384909218714
laplace,41077,latentcp_pac,0.9978256010614225,8.67054759738632
laplace,41078,cohen,0.8052234378716832,2.3135150958159314
laplace,41078,cohen_stable,0.8260590312903449,2.4735150958159315
laplace,41078,latentcp,0.990337822689565,6.561295104434294
laplace,41078,latentcp_tuned,0.9950414877060431,7.5055292001876275
laplace,41078,latentcp_multi,0.9712831478139052,5.162343912002451
laplace,41078,latentcp_pac,0.9966943505066708,8.07816083590008
laplace,41079,cohen,0.758419532416784,2.008964841069586
laplace,41079,cohen_stable,0.8757218445679333,2.948964841069587
laplace,41079,latentcp,0.9756865598385872,5.256244307769615
laplace,41079,latentcp_tuned,0.9727512398964392,5.1057244636941155
laplace,41079,latentcp_multi,0.9648014403041131,4.743710216863942
laplace,41079,latentcp_pac,0.9911064518518036,6.6785234110989995
laplace,41080,cohen,0.7547141294821189,1.9874380611121576
laplace,41080,cohen_stable,0.9088528844876553,3.387438061112159
laplace,41080,latentcp,0.9811437948233881,5.615719348552142
laplace,41080,latentcp_tuned,0.9684241726142827,4.8988072731035714
laplace,41080,latentcp_multi,0.9671053120024561,4.82944430541398
laplace,41080,latentcp_pac,0.9920415975597715,6.8356394342897095
laplace,41081,cohen,0.8393808014160056,2.5861991291913253
laplace,41081,cohen_stable,0.9048192877214982,3.326199129191326
laplace,41081,latentcp,0.9807447933639444,5.586106491282991
laplace,41081,latentcp_tuned,0.9644338300695174,4.718836134713307
laplace,41081,latentcp_multi,0.9722688827678002,5.079027684702258
laplace,41081,latentcp_pac,0.9922085261468346,6.865618274446693
laplace,41082,cohen,0.7975714432996346,2.2590198589580535
laplace,41082,cohen_stable,0.9318683014935025,3.799019858958055
laplace,41082,latentcp,0.9843040134680489,5.87513844407611
laplace,41082,latentcp_tuned,0.9576256556321057,4.49500484118289
laplace,41082,latentcp_multi,0.9822973232413555,5.729389292119601
laplace,41082,latentcp_pac,0.9983183621845998,9.033977951144951
laplace,41083,cohen,0.8226906745678377,2.4463907240039138
laplace,41083,cohen_stable,0.9459474665020806,4.126390724003913
laplace,41083,latentcp,0.9816457234303076,5.653874330684752
laplace,41083,latentcp_tuned,0.9831472917984082,5.775595944078648
laplace,41083,latentcp_multi,0.9972530457951218,8.470298709870162
laplace,41083,latentcp_pac,0.9927141633035115,6.960508831114474
laplace,41084,cohen,0.7455006799868742,1.935290611345768
laplace,41084,cohen_stable,0.8311220556785079,2.5152906113457685
laplace,41084,latentcp,0.9757064719664029,5.257404799014516
laplace,41084,latentcp_tuned,0.9649251263088143,4.755096788422812
laplace,41084,latentcp_multi,0.9497297461567518,4.24726673662679
laplace,41084,latentcp_pac,0.9915634833075957,6.753132483216312
laplace,41085,cohen,0.8033876439957703,2.3002483755987866
laplace,41085,cohen_stable,0.8676758946496914,2.860248375598787
laplace,41085,latentcp,0.9557066132415236,4.407990972078264
laplace,41085,latentcp_tuned,0.9567762023149996,4.454591193539656
laplace,41085,latentcp_multi,0.9129464119424314,3.5368157529381192
laplace,41085,latentcp_pac,0.97026870944406,4.97174592680051
laplace,41086,cohen,0.7296983916155471,1.8500980476446198
laplace,41086,cohen_stable,0.8528538115575548,2.7100980476446206
laplace,41086,latentcp,0.9823484311075998,5.709082037879998
laplace,41086,latentcp_tuned,0.9748266325888573,5.216682718540301
laplace,41086,latentcp_multi,0.9830206908988296,5.7645339593232485
laplace,41086,latentcp_pac,0.992505492459343,6.920574070097878
laplace,41087,cohen,0.7987853987424607,2.2675263696900783
laplace,41087,cohen_stable,0.9369002450949506,3.9075263696900797
laplace,41087,latentcp,0.9847483869926382,5.915754341317977
laplace,41087,latentcp_tuned,0.9936189432631856,7.148623093005582
laplace,41087,latentcp_multi,0.9915483582755147,6.855042314159393
laplace,41087,latentcp_pac,0.9950908641342572,7.518888927214194
laplace,41088,cohen,0.7551933446986063,1.9902037138766313
laplace,41088,cohen_stable,0.9243080752646173,3.650203713876633
laplace,41088,latentcp,0.9870433920344305,6.146383362754014
laplace,41088,latentcp_tuned,0.9609199094605644,4.598737326008565
laplace,41088,latentcp_multi,0.9882226377175902,6.282117323567129
laplace,41088,latentcp_pac,0.9908891078007558,6.6443778527578825
laplace,41089,cohen,0.7952139353033654,2.2426449212441506
laplace,41089,cohen_stable,0.9110939809944965,3.4226449212441517
laplace,41089,latentcp,0.9698867734711818,4.953694428151584
laplace,41089,latentcp_tuned,0.9477792248045638,4.189682745605526
laplace,41089,latentcp_multi,0.9725092589101696,5.083346772992961
laplace,41089,latentcp_pac,0.9870405272209428,6.14607070039167
laplace,41090,cohen,0.8132935231144973,2.37335800232898
laplace,41090,cohen_stable,0.9315949869555085,3.7933580023289815
laplace,41090,latentcp,0.9835510021355082,5.808869089700903
laplace,41090,latentcp_tuned,0.9884813035232939,6.395327760571801
laplace,41090,latentcp_multi,0.9872548428597465,6.196488580753168
laplace,41090,latentcp_pac,0.9907675134740954,6.6256285405764395
laplace,41091,cohen,0.8061124847695131,2.319984972743836
laplace,41091,cohen_stable,0.9248297842223463,3.659984972743837
laplace,41091,latentcp,0.9702018878634723,4.968570988326044
laplace,41091,latentcp_tuned,0.9887869460159616,6.403889296796833
laplace,41091,latentcp_multi,0.9887869460159616,6.403889296796833
laplace,41091,latentcp_pac,0.9833554395919621,5.792154632263399
laplace,41092,cohen,0.7890092957115782,2.2004331500975485
laplace,41092,cohen_stable,0.9193475764298311,3.5604331500975497
laplace,41092,latentcp,0.9810816316758346,5.611064786870833
laplace,41092,latentcp_tuned,0.9838239215849953,5.843298590303398
laplace,41092,latentcp_multi,0.9749924526307794,5.24081837539628
laplace,41092,latentcp_pac,0.9979311742737663,8.74093457894931
laplace,41093,cohen,0.8071766556410074,2.3277684039080935
laplace,41093,cohen_stable,0.9403808280846091,3.987768403908095
laplace,41093,latentcp,0.9727250329721513,5.093694561257766
laplace,41093,latentcp_tuned,0.991867987200905,6.8896819569670225
laplace,41093,latentcp_multi,0.9600493608113048,4.56672994594665
laplace,41093,latentcp_pac,0.9841471303033174,5.86107339373693
laplace,41094,cohen,0.808474884054295,2.3373221261214927
laplace,41094,cohen_stable,0.849403714832236,2.677322126121493
laplace,41094,latentcp,0.9792158407038017,5.478047756089009
laplace,41094,latentcp_tuned,0.981034139083607,5.608311138434458
laplace,41094,latentcp_multi,0.966544716443289,4.911392990682892
laplace,41094,latentcp_pac,0.9815280921421369,5.644839798666388
laplace,41095,cohen,0.7446046005142117,1.9303199811378855
laplace,41095,cohen_stable,0.9538630328097479,4.35031998113788
laplace,41095,latentcp,0.9778621806051834,5.388815310887261
laplace,41095,latentcp_tuned,0.9769367978784228,5.3891394447408585
laplace,41095,latentcp_multi,0.9608320545386728,4.640219609904799
laplace,41095,latentcp_pac,0.9898536679398352,6.492149607850917
laplace,41096,cohen,0.6772729902803738,1.5994026847923615
laplace,41096,cohen_stable,0.925854847674692,3.6794026847923633
laplace,41096,latentcp,0.9786791491200164,5.441992458469983
laplace,41096,latentcp_tuned,0.9879242522994535,6.335438023036771
laplace,41096,latentcp_multi,0.9823630543440353,5.710763661945729
laplace,41096,latentcp_pac,0.9983976137317372,9.10224808243326
laplace,41097,cohen,0.7424097147108839,1.9182180597589285
laplace,41097,cohen_stable,0.9133024315265048,3.45821805975893
laplace,41097,latentcp,0.9701653861342071,4.966839684381417
laplace,41097,latentcp_tuned,0.9827760693205628,5.744361003327759
laplace,41097,latentcp_multi,0.9909670342271607,6.720689446993442
laplace,41097,latentcp_pac,0.985512723594342,5.988465415274235
laplace,41098,cohen,0.8342319180982025,2.5415759150788237
laplace,41098,cohen_stable,0.9159201279678368,3.5015759150788246
laplace,41098,latentcp,0.9672551976043529,4.835216484999891
laplace,41098,latentcp_tuned,0.9418951757653302,4.135155934754905
laplace,41098,latentcp_multi,0.9418951757653302,4.135155934754905
laplace,41098,latentcp_pac,0.9844083268361831,5.884568592103861
laplace,41099,cohen,0.8156367446362611,2.3912191179976605
laplace,41099,cohen_stable,0.963229181162526,4.671219117997648
laplace,41099,latentcp,0.9873988796123223,6.1857270581286175
laplace,41099,latentcp_tuned,0.9913531919648787,6.7272778517833505
laplace,41099,latentcp_multi,0.9939990671971178,7.235404849770469
laplace,41099,latentcp_pac,0.9950103208891378,7.49587448282247
laplace,41100,cohen,0.8740174720540095,2.929701855305238
laplace,41100,cohen_stable,0.9263928567141719,3.6897018553052385
laplace,41100,latentcp,0.9729094236582588,5.103287729290982
laplace,41100,latentcp_tuned,0.9619846130683251,4.633914385043201
laplace,41100,latentcp_multi,0.9621259143943507,4.629970007505001
laplace,41100,latentcp_pac,0.9889969717899643,6.377515917311482
laplace,41101,cohen,0.777385317814282,2.1245912563407328
laplace,41101,cohen_stable,0.8753369080919442,2.9445912563407335
laplace,41101,latentcp,0.9839763855215855,5.84592297343627
laplace,41101,latentcp_tuned,0.9960680073285963,7.909254431578634
laplace,41101,latentcp_multi,0.9761011782798267,5.303429837810795
laplace,41101,latentcp_pac,0.9983702358964403,9.07828940009238
laplace,41102,cohen,0.783846912487423,2.1662476228554572
laplace,41102,cohen_stable,0.8042199283577409,2.3062476228554574
laplace,41102,latentcp,0.9726293317956959,5.088741117067682
laplace,41102,latentcp_tuned,0.9749233155059875,5.213181946772649
laplace,41102,latentcp_multi,0.9779472691954201,5.40537334836609
laplace,41102,latentcp_pac,0.987416565019847,6.187713271213607
laplace,41103,cohen,0.8562449048719862,2.7430710709763497
laplace,41103,cohen_stable,0.8521208487404586,2.7030710709763497
laplace,41103,latentcp,0.9689420409775773,4.910008329928237
laplace,41103,latentcp_tuned,0.9921827347570824,6.872686273800474
laplace,41103,latentcp_multi,0.9576403769835921,4.497272691482498
laplace,41103,latentcp_pac,0.9947071935307839,7.412468370778686
laplace,41104,cohen,0.7560604922214018,1.9952219960310118
laplace,41104,cohen_stable,0.8574747578502999,2.7552219960310125
laplace,41104,latentcp,0.9695739503291453,4.939167491447302
laplace,41104,latentcp_tuned,0.9713986712507472,5.027334178675233
laplace,41104,latentcp_multi,0.9930196408690906,7.163954746034036
laplace,41104,latentcp_pac,0.988493318545647,6.314221669972702
laplace,41105,cohen,0.8433236534782258,2.6213482006710316
laplace,41105,cohen_stable,0.9669326208645326,4.821348200671015
laplace,41105,latentcp,0.9902108906841812,6.542837558390018
laplace,41105,latentcp_tuned,0.9910415997773466,6.669028767643216
laplace,41105,latentcp_multi,0.9819907813492613,5.694658439023187
laplace,41105,latentcp_pac,0.996812490695587,8.12962851215217
laplace,41106,cohen,0.8678235663778588,2.8618274981462375
laplace,41106,cohen_stable,0.9171155745570898,3.521827498146238
laplace,41106,latentcp,0.9754408424985305,5.242025509721707
laplace,41106,latentcp_tuned,0.972150339011457,5.078620614191302
laplace,41106,latentcp_multi,0.9916739509840189,6.87157056697342
laplace,41106,latentcp_pac,0.9948498510674374,7.4511089218403095
laplace,41107,cohen,0.8446741650748417,2.633591215995556
laplace,41107,cohen_stable,0.9406257964206366,3.9935912159955573
laplace,41107,latentcp,0.9799505098124266,5.528940830674012
laplace,41107,latentcp_tuned,0.9674135050382106,4.9236652937225545
laplace,41107,latentcp_multi,0.9680372496841588,4.950989997548302
laplace,41107,latentcp_pac,0.9878366172066306,6.235727570761399
laplace,41108,cohen,0.7934456394546126,2.2304858275927937
laplace,41108,cohen_stable,0.9294895223765964,3.750485827592795
laplace,41108,latentcp,0.9832707296343018,5.784975470420011
laplace,41108,latentcp_tuned,0.9908247437038502,6.736988961470787
laplace,41108,latentcp_multi,0.9908247437038502,6.736988961470787
laplace,41108,latentcp_pac,0.9932984721850499,7.07873249087906
laplace,41109,cohen,0.7203572688539979,1.802050955582466
laplace,41109,cohen_stable,0.8221457333464901,2.4420509555824665
laplace,41109,latentcp,0.9703210452536153,4.974237560194054
laplace,41109,latentcp_tuned,0.947320546126016,4.175546231846407
laplace,41109,latentcp_multi,0.9612372312629188,4.624791326553379
laplace,41109,latentcp_pac,0.9948960251476044,7.4638453489783805
laplace,41110,cohen,0.7340658105037563,1.8731349266614559
laplace,41110,cohen_stable,0.9462046224258265,4.133134926661455
laplace,41110,latentcp,0.9858084250360969,6.017629750638605
laplace,41110,latentcp_tuned,0.9869730798614239,6.139329384983228
laplace,41110,latentcp_multi,0.9952468322556639,7.574930605778832
laplace,41110,latentcp_pac,0.9966798150723207,8.071955959634483
laplace,41111,cohen,0.8088994912065399,2.3404608884053295
laplace,41111,cohen_stable,0.789013434031175,2.2004608884053294
laplace,41111,latentcp,0.9741672328296869,5.1705225429113195
laplace,41111,latentcp_tuned,0.9762490725529487,5.3550370630527455
laplace,41111,latentcp_multi,0.9835955132928327,5.835005156981088
laplace,41111,latentcp_pac,0.9884319585458646,6.306698151838299
laplace,41112,cohen,0.8008241363757271,2.281928487533518
laplace,41112,cohen_stable,0.9227794908375673,3.6219284875335194
laplace,41112,latentcp,0.971741031269732,5.04357522120268
laplace,41112,latentcp_tuned,0.989448911328956,6.453274031087136
laplace,41112,latentcp_multi,0.989448911328956,6.453274031087136
laplace,41112,latentcp_pac,0.9951327708277272,7.5310131426196865
laplace,41113,cohen,0.8298573144357344,2.5047389082439175
laplace,41113,cohen_stable,0.8662167294982392,2.844738908243918
laplace,41113,latentcp,0.9714216648592227,5.027679644996168
laplace,41113,latentcp_tuned,0.9696065763778838,4.965061584197109
laplace,41113,latentcp_multi,0.9930997684065492,7.110969511258097
laplace,41113,latentcp_pac,0.9902322419586181,6.545925503999692
laplace,41114,cohen,0.8608314001124344,2.7889269124798513
laplace,41114,cohen_stable,0.9175306153879645,3.528926912479852
laplace,41114,latentcp,0.9843956197404425,5.88341710028835
laplace,41114,latentcp_tuned,0.9812371830575521,5.6236012666731385
laplace,41114,latentcp_multi,0.9857761469281462,6.0152935718956755
laplace,41114,latentcp_pac,0.9966266019028354,8.049469835070648
laplace,41115,cohen,0.7228119023967103,1.8145193691599246
laplace,41115,cohen_stable,0.8671387599077085,2.8545193691599255
laplace,41115,latentcp,0.9482282776402164,4.187364771217821
laplace,41115,latentcp_tuned,0.9359497038069612,3.8869747566468793
laplace,41115,latentcp_multi,0.9493503164714073,4.2302116145009725
laplace,41115,latentcp_pac,0.978804739432104,5.45034752307161
laplace,41116,cohen,0.8242366524104907,2.4587754650046625
laplace,41116,cohen_stable,0.9278906346345399,3.7187754650046636
laplace,41116,latentcp,0.9764142904703463,5.299220283886763
laplace,41116,latentcp_tuned,0.9686084207730263,4.979538423277751
laplace,41116,latentcp_multi,0.939463622445978,4.058056757493808
laplace,41116,latentcp_pac,0.9881920589671247,6.277669977377332
laplace,41117,cohen,0.7824180984912537,2.1569301571590294
laplace,41117,cohen_stable,0.9485774133623486,4.196930157159027
laplace,41117,latentcp,0.9868867980187919,6.129393603353257
laplace,41117,latentcp_tuned,0.9846845615212834,5.923426851605497
laplace,41117,latentcp_multi,0.9880570365475865,6.26235702733305
laplace,41117,latentcp_pac,0.9963891165067061,7.953258194130512
laplace,41118,cohen,0.8065689912401262,2.32331865239515
laplace,41118,cohen_stable,0.7953114721219485,2.24331865239515
laplace,41118,latentcp,0.962569716274417,4.646083770053119
laplace,41118,latentcp_tuned,0.9965575449095386,8.119707883720558
laplace,41118,latentcp_multi,0.9473081996737469,4.163179719353616
laplace,41118,latentcp_pac,0.9942679598648451,7.299723188124738
laplace,41119,cohen,0.8298519471459307,2.504694296427154
laplace,41119,cohen_stable,0.9466425380386707,4.1446942964271525
laplace,41119,latentcp,0.9930778975804584,7.032934586350506
laplace,41119,latentcp_tuned,0.9980970476453006,8.945456313851276
laplace,41119,latentcp_multi,0.990666081060207,6.623172700008426
laplace,41119,latentcp_pac,0.9946689610031142,7.402289534360614
laplace,41120,cohen,0.855858035787662,2.7392702969324394
laplace,41120,cohen_stable,0.8913690927621163,3.1392702969324398
laplace,41120,latentcp,0.9554218683834614,4.398928380709933
laplace,41120,latentcp_tuned,0.9590361664331069,4.519121365270486
laplace,41120,latentcp_multi,0.9606113181258579,4.597680893602832
laplace,41120,latentcp_pac,0.9944853594587083,7.354403811605527
laplace,41121,cohen,0.8395642192787909,2.5878150023225506
laplace,41121,cohen_stable,0.9022005458679809,3.287815002322551
laplace,41121,latentcp,0.9792379897780941,5.479554852269278
laplace,41121,latentcp_tuned,0.9729448272273726,5.1254762203666795
laplace,41121,latentcp_multi,0.9939087783682674,7.222692604675357
laplace,41121,latentcp_pac,0.9957619878401334,7.726783415547844
laplace,41122,cohen,0.867502176688103,2.8583929829295647
laplace,41122,cohen_stable,0.9448667044404964,4.098392982929564
laplace,41122,latentcp,0.9892277609774572,6.407494647221892
laplace,41122,latentcp_tuned,0.9937053141093168,7.261334977421377
laplace,41122,latentcp_multi,0.9937053141093168,7.261334977421377
laplace,41122,latentcp_pac,0.9926947845843472,6.956752326979685
laplace,41123,cohen,0.7587951190944546,2.0111652387503653
laplace,41123,cohen_stable,0.9599713488539019,4.551165238750356
laplace,41123,latentcp,0.9851375929102799,5.952312126573166
laplace,41123,latentcp_tuned,0.9950814590290344,7.52990491717784
laplace,41123,latentcp_multi,0.9811359295363817,5.615908306280792
laplace,41123,latentcp_pac,0.996597827845117,8.037458179555095
laplace,41124,cohen,0.8013042675476307,2.285341690945474
laplace,41124,cohen_stable,0.845959395882834,2.6453416909454743
laplace,41124,latentcp,0.9348055756112172,3.861401564718197
laplace,41124,latentcp_tuned,0.9914242882843107,6.821379368708273
laplace,41124,latentcp_multi,0.9599792038672789,4.564914271059815
laplace,41124,latentcp_pac,0.9965438230332809,8.015185788762032
laplace,41125,cohen,0.8637291251335024,2.818684108502535
laplace,41125,cohen_stable,0.9288986450815708,3.738684108502536
laplace,41125,latentcp,0.9896222848218695,6.460261258673106
laplace,41125,latentcp_tuned,0.9612764438473153,4.61022672429222
laplace,41125,latentcp_multi,0.9849573016037388,5.960695029032492
laplace,41125,latentcp_pac,0.995585337454916,7.669031079689881
laplace,41126,cohen,0.851371832553214,2.695926079694167
laplace,41126,cohen_stable,0.8831336048107463,3.035926079694167
laplace,41126,latentcp,0.9846737482711359,5.9088510585150615
laplace,41126,latentcp_tuned,0.9891218514252851,6.40863431877001
laplace,41126,latentcp_multi,0.9891218514252851,6.40863431877001
laplace,41126,latentcp_pac,0.9965537029094915,8.019234269135739
laplace,41127,cohen,0.8324254310449724,2.526247642534238
laplace,41127,cohen_stable,0.9196784954628154,3.566247642534239
laplace,41127,latentcp,0.9883597192987437,6.297894236384196
laplace,41127,latentcp_tuned,0.9933928469553575,7.1942275534299025
laplace,41127,latentcp_multi,0.9805036885918298,5.578049156296262
laplace,41127,latentcp_pac,0.9943774923051333,7.327008654694734
laplace,41128,cohen,0.8070441973307239,2.3267972557905434
laplace,41128,cohen_stable,0.9208371900917589,3.5867972557905445
laplace,41128,latentcp,0.9799278018347517,5.527340576126394
laplace,41128,latentcp_tuned,0.9921252310596788,6.9313386934801136
laplace,41128,latentcp_multi,0.9630493451832726,4.676324164031049
laplace,41128,latentcp_pac,0.9887693684443765,6.34856065773194
laplace,41129,cohen,0.800754254561219,2.2814323908931446
laplace,41129,cohen_stable,0.8169633967096457,2.4014323908931448
laplace,41129,latentcp,0.9886347340340704,6.331708006480647
laplace,41129,latentcp_tuned,0.9830215329703772,5.780279744234166
laplace,41129,latentcp_multi,0.9741521105289044,5.202017007617359
laplace,41129,latentcp_pac,0.9967740598193899,8.112679718714281
laplace,41130,cohen,0.7565340618821261,1.9979701345810095
laplace,41130,cohen_stable,0.908240622373564,3.3779701345810107
laplace,41130,latentcp,0.9739810277951506,5.160365316636301
laplace,41130,latentcp_tuned,0.97071597966077,5.016293701279544
laplace,41130,latentcp_multi,0.9950544931417321,7.518736612079466
laplace,41130,latentcp_pac,0.9965848084020318,8.032056591481652
laplace,41131,cohen,0.8713259962325253,2.8998069743736936
laplace,41131,cohen_stable,0.9433417143531531,4.059806974373694
laplace,41131,latentcp,0.980950933074095,5.601328207270344
laplace,41131,latentcp_tuned,0.9824571054432263,5.812559239955257
laplace,41131,latentcp_multi,0.9824571054432263,5.812559239955257
laplace,41131,latentcp_pac,0.9886747631111132,6.336697383912849
laplace,41132,cohen,0.7823449693511666,2.1564549207300963
laplace,41132,cohen_stable,0.8896023473629153,3.116454920730097
laplace,41132,latentcp,0.9749805835641431,5.21576551225599
laplace,41132,latentcp_tuned,0.9681318083851413,4.983994751091171
laplace,41132,latentcp_multi,0.980293384906925,5.569611064180466
laplace,41132,latentcp_pac,0.986734505814849,6.113064042160533
laplace,41133,cohen,0.7718870874661576,2.0900867896107993
laplace,41133,cohen_stable,0.9128025127668435,3.4500867896108005
laplace,41133,latentcp,0.9790517592454892,5.466981144088963
laplace,41133,latentcp_tuned,0.9958321195023185,7.874929853794529
laplace,41133,latentcp_multi,0.9703339191719431,4.9754364999298195
laplace,41133,latentcp_pac,0.9908450328917917,6.637555691271847
laplace,41134,cohen,0.8498284071698168,2.6813159439906595
laplace,41134,cohen_stable,0.9122600400934078,3.44131594399066
laplace,41134,latentcp,0.9602576536923598,4.561317319298966
laplace,41134,latentcp_tuned,0.9604911950602918,4.582198352153764
laplace,41134,latentcp_multi,0.9393430127104142,3.976273210832119
laplace,41134,latentcp_pac,0.9756510497131128,5.254180348110987
laplace,41135,cohen,0.834045841528837,2.5399893344784905
laplace,41135,cohen_stable,0.8867187194026049,3.079989334478491
laplace,41135,latentcp,0.9817970081762472,5.665578974932674
laplace,41135,latentcp_tuned,0.9860284429200848,6.049682690421037
laplace,41135,latentcp_multi,0.9824516136673419,5.7827436325995425
laplace,41135,latentcp_pac,0.9904133694148116,6.572396025846041
laplace,41136,cohen,0.7377601460756076,1.8929188018406005
laplace,41136,cohen_stable,0.7486533276118439,1.9529188018406005
laplace,41136,latentcp,0.9563448727375508,4.428518634967631
laplace,41136,latentcp_tuned,0.9581719029007595,4.581031324378219
laplace,41136,latentcp_multi,0.9190287089260765,3.6514350581263515
laplace,41136,latentcp_pac,0.9766148371058128,5.3112961709457025
laplace,41137,cohen,0.7996248591595441,2.273438761923274
laplace,41137,cohen_stable,0.9616957274100786,4.613438761923263
laplace,41137,latentcp,0.978281062697062,5.41583084072097
laplace,41137,latentcp_tuned,0.9722469651191661,5.0696680681752975
laplace,41137,latentcp_multi,0.994954746020701,7.542059065976879
laplace,41137,latentcp_pac,0.9976267206436855,8.546775036536543
laplace,41138,cohen,0.5605746074087263,1.1628898963227554
laplace,41138,cohen_stable,0.952959425385056,4.322889896322751
laplace,41138,latentcp,0.9817044241661296,5.658404248640411
laplace,41138,latentcp_tuned,0.9848364044881135,6.01103041658478
laplace,41138,latentcp_multi,0.9832848594321515,5.78690230329859
laplace,41138,latentcp_pac,0.9927738581816627,6.972143601943628
laplace,41139,cohen,0.6676172021847613,1.5577109399941915
laplace,41139,cohen_stable,0.9521144049409453,4.297710939994188
laplace,41139,latentcp,0.9733039244779832,5.124033327809995
laplace,41139,latentcp_tuned,0.9866945635472809,6.185718673761261
laplace,41139,latentcp_multi,0.9866945635472809,6.185718673761261
laplace,41139,latentcp_pac,0.9923227835901942,6.8865104588460415
laplace,41140,cohen,0.7638938797321537,2.0413803845158576
laplace,41140,cohen_stable,0.9664624183601289,4.801380384515842
laplace,41140,latentcp,0.9869783286001886,6.1392995025916415
laplace,41140,latentcp_tuned,0.987025383601562,6.241986924596579
laplace,41140,latentcp_multi,0.9901682720705893,6.5505503499195985
laplace,41140,latentcp_pac,0.9933931299310732,7.098850394159463
laplace,41141,cohen,0.814568867120754,2.383051276021844
laplace,41141,cohen_stable,0.8222714911220088,2.443051276021844
laplace,41141,latentcp,0.9854174329647585,5.979193831957091
laplace,41141,latentcp_tuned,0.9786774361821788,5.511667784418666
laplace,41141,latentcp_multi,0.992246006163447,6.975244017907299
laplace,41141,latentcp_pac,0.9898892707788164,6.497120721013182
laplace,41142,cohen,0.7559426026325378,1.9945387086702957
laplace,41142,cohen_stable,0.8998720479652267,3.254538708670297
laplace,41142,latentcp,0.9836052614677325,5.813541782324038
laplace,41142,latentcp_tuned,0.994982377141077,7.499682921059939
laplace,41142,latentcp_multi,0.9544657652446743,4.3695612739058065
laplace,41142,latentcp_pac,0.9965740520023406,8.02760942046634
laplace,41143,cohen,0.7286106280336706,1.8444183072255154
laplace,41143,cohen_stable,0.8977166167120953,3.2244183072255166
laplace,41143,latentcp,0.9753415361790467,5.23631710586878
laplace,41143,latentcp_tuned,0.9831430202469559,5.805127921744466
laplace,41143,latentcp_multi,0.9730795830522394,5.113004855032077
laplace,41143,latentcp_pac,0.9921543071358361,6.855811182531005
laplace,41144,cohen,0.8933495211447322,3.165290453514526
laplace,41144,cohen_stable,0.9411149499838394,4.005290453514527
laplace,41144,latentcp,0.982291993695931,5.704567580985383
laplace,41144,latentcp_tuned,0.986142411777102,6.1395174299175
laplace,41144,latentcp_multi,0.9773752751704251,5.3710109247406255
laplace,41144,latentcp_pac,0.9869834789155503,6.139858919074565
laplace,41145,cohen,0.8153136260206084,2.3887427093580462
laplace,41145,cohen_stable,0.8905574129464997,3.128742709358047
laplace,41145,latentcp,0.9767054376607738,5.316789154730734
laplace,41145,latentcp_tuned,0.9839522071599898,5.954684585475649
laplace,41145,latentcp_multi,0.9706438175129698,5.0056711196692145
laplace,41145,latentcp_pac,0.990005503864444,6.5134727632940415
laplace,41146,cohen,0.7961547377874687,2.249156893752275
laplace,41146,cohen_stable,0.9404393340930215,3.9891568937522766
laplace,41146,latentcp,0.9874401917536823,6.190371104903402
laplace,41146,latentcp_tuned,0.9946566726524811,7.468840772410139
laplace,41146,latentcp_multi,0.9938781852968518,7.216983896679287
laplace,41146,latentcp_pac,0.9958420742305949,7.7537637709847385
laplace,41147,cohen,0.8403766108555397,2.59499428516347
laplace,41147,cohen_stable,0.9080473350272307,3.3749942851634707
laplace,41147,latentcp,0.9772401789442884,5.34962842106822
laplace,41147,latentcp_tuned,0.9912568976677252,6.713150716501465
laplace,41147,latentcp_multi,0.9855284885170279,6.000505194986171
laplace,41147,latentcp_pac,0.9939057082590985,7.213058708813264
laplace,41148,cohen,0.8482989108174803,2.666985048062616
laplace,41148,cohen_stable,0.8807173650620965,3.0069850480626164
laplace,41148,latentcp,0.9450287638856223,4.102563137606604
laplace,41148,latentcp_tuned,0.8490679499183791,2.827374717104016
laplace,41148,latentcp_multi,0.9495494394814229,4.224615208820854
laplace,41148,latentcp_pac,0.9786098140398233,5.437400941695207
laplace,41149,cohen,0.6950678113617577,1.6796131659703692
laplace,41149,cohen_stable,0.9449142529161447,4.09961316597037
laplace,41149,latentcp,0.9744730463716645,5.18737294506906
laplace,41149,latentcp_tuned,0.9891438832616396,6.413295611287197
laplace,41149,latentcp_multi,0.9891438832616396,6.413295611287197
laplace,41149,latentcp_pac,0.9945757959001756,7.37778825254856
gamma2_skew,42000,cohen,0.5921533790688862,1.5678810989624483
gamma2_skew,42000,cohen_stable,0.714773887586776,1.9278810989624486
gamma2_skew,42000,latentcp,0.9758698215985688,5.1101024652463725
gamma2_skew,42000,latentcp_tuned,0.9741350471855231,5.004170326975386
gamma2_skew,42000,latentcp_multi,0.9776478950901842,5.238057187193562
gamma2_skew,42000,latentcp_pac,0.9851429998039405,5.912371426881609
gamma2_skew,42001,cohen,0.7870834072444379,2.1676022212075576
gamma2_skew,42001,cohen_stable,0.95078800515643,3.907602221207559
gamma2_skew,42001,latentcp,0.9854970729404124,5.951989806079033
gamma2_skew,42001,latentcp_tuned,0.9865818009540127,6.080173040756052
gamma2_skew,42001,latentcp_multi,0.9949978026460569,7.690674203509862
gamma2_skew,42001,latentcp_pac,0.9964207507196431,8.214171302050852
gamma2_skew,42002,cohen,0.8599218141854669,2.4655954860202436
gamma2_skew,42002,cohen_stable,0.8471805755737092,2.4055954860202435
gamma2_skew,42002,latentcp,0.9835994618112149,5.7497569669986905
gamma2_skew,42002,latentcp_tuned,0.9849291841107657,5.889540989237319
gamma2_skew,42002,latentcp_multi,0.9788431430843356,5.329386577486915
gamma2_skew,42002,latentcp_pac,0.998145522224463,9.257875389840319
gamma2_skew,42003,cohen,0.8903025017543239,2.641940380412086
gamma2_skew,42003,cohen_stable,0.9677008800096477,4.621940380412074
gamma2_skew,42003,latentcp,0.9831796870669366,5.708110536219906
gamma2_skew,42003,latentcp_tuned,0.9823664266344273,5.657630738495255
gamma2_skew,42003,latentcp_multi,0.9949063327672625,7.750364436655412
gamma2_skew,42003,latentcp_pac,0.9929320588019166,7.1221692895718105
gamma2_skew,42004,cohen,0.8340371940558167,2.3483456025825986
gamma2_skew,42004,cohen_stable,0.937932231972256,3.5083456025825996
gamma2_skew,42004,latentcp,0.9779286809027579,5.25848929510756
gamma2_skew,42004,latentcp_tuned,0.9760244220012685,5.130101735444549
gamma2_skew,42004,latentcp_multi,0.9709455338616704,4.8595063791156035
gamma2_skew,42004,latentcp_pac,0.9824747483597217,5.640390155040459
gamma2_skew,42005,cohen,0.7223084448434833,1.951508504819834
gamma2_skew,42005,cohen_stable,0.8989387889656041,2.7115085048198346
gamma2_skew,42005,latentcp,0.9758731736906636,5.110334130893478
gamma2_skew,42005,latentcp_tuned,0.9776699815000801,5.2397520791901355
gamma2_skew,42005,latentcp_multi,0.9641120344764506,4.467772207701976
gamma2_skew,42005,latentcp_pac,0.9930442840083376,7.148017238762336
gamma2_skew,42006,cohen,0.8058739815833619,2.236484768081962
gamma2_skew,42006,cohen_stable,0.8660381006515717,2.496484768081962
gamma2_skew,42006,latentcp,0.9767918486293931,5.174975254315503
gamma2_skew,42006,latentcp_tuned,0.9928948217967867,7.122358463491187
gamma2_skew,42006,latentcp_multi,0.9934861552936272,7.262623476514827
gamma2_skew,42006,latentcp_pac,0.9953063157641603,7.780744794336851
gamma2_skew,42007,cohen,0.8704863131208289,2.520028924926436
gamma2_skew,42007,cohen_stable,0.9100452688497841,2.860028924926436
gamma2_skew,42007,latentcp,0.9850621573135269,5.903454712610689
gamma2_skew,42007,latentcp_tuned,0.9833297467109489,5.731358888503642
gamma2_skew,42007,latentcp_multi,0.9929502696136028,7.135057082726678
gamma2_skew,42007,latentcp_pac,0.9949017612320432,7.648137204610855
gamma2_skew,42008,cohen,0.8539902153517615,2.4370144236930447
gamma2_skew,42008,cohen_stable,0.944361936800291,3.697014423693046
gamma2_skew,42008,latentcp,0.9661252709053695,4.54173150755605
gamma2_skew,42008,latentcp_tuned,0.9686101347658223,4.670471188399694
gamma2_skew,42008,latentcp_multi,0.9478349346898675,3.8175902343506696
gamma2_skew,42008,latentcp_pac,0.9789561276124885,5.337636446424964
gamma2_skew,42009,cohen,0.8407689924617476,2.377166141822218
gamma2_skew,42009,cohen_stable,0.9186561491820754,3.0371661418222184
gamma2_skew,42009,latentcp,0.97443384303683,5.01370095701586
gamma2_skew,42009,latentcp_tuned,0.9632412164365947,4.41626365268521
gamma2_skew,42009,latentcp_multi,0.9640013057169039,4.451557891805958
gamma2_skew,42009,latentcp_pac,0.9938316595745907,7.341764840189626
gamma2_skew,42010,cohen,0.7742505747012275,2.1225062793572063
gamma2_skew,42010,cohen_stable,0.8780219103815091,2.5625062793572067
gamma2_skew,42010,latentcp,0.9804822732667183,5.462406841688039
gamma2_skew,42010,latentcp_tuned,0.9851541543698842,5.9974309379806385
gamma2_skew,42010,latentcp_multi,0.9851541543698842,5.9974309379806385
gamma2_skew,42010,latentcp_pac,0.9878136882260918,6.2371271292016734
gamma2_skew,42011,cohen,0.8622779275801129,2.477309336150355
gamma2_skew,42011,cohen_stable,0.9475163667168074,3.7973093361503563
gamma2_skew,42011,latentcp,0.9712817699300446,4.819255046529119
gamma2_skew,42011,latentcp_tuned,0.9877905188848864,6.242047524606529
gamma2_skew,42011,latentcp_multi,0.9780644031806206,5.350761456298236
gamma2_skew,42011,latentcp_pac,0.9955899013419836,7.880573194233527
gamma2_skew,42012,cohen,0.7323257529688035,1.98331796830178
gamma2_skew,42012,cohen_stable,0.9122253408112424,2.903317968301781
gamma2_skew,42012,latentcp,0.978211458498402,5.279910091761471
gamma2_skew,42012,latentcp_tuned,0.9817335742738423,5.572690932525236
gamma2_skew,42012,latentcp_multi,0.9597615126963798,4.327209645372789
gamma2_skew,42012,latentcp_pac,0.9823489642946402,5.6285860464474675
gamma2_skew,42013,cohen,0.8897830399771306,2.638220480218473
gamma2_skew,42013,cohen_stable,0.9456792136762114,3.738220480218474
gamma2_skew,42013,latentcp,0.9799477387202928,5.417660892083105
gamma2_skew,42013,latentcp_tuned,0.9874182606379134,6.197478868831986
gamma2_skew,42013,latentcp_multi,0.9849065030891556,5.88711586592403
gamma2_skew,42013,latentcp_pac,0.9910305582402941,6.736387324202981
gamma2_skew,42014,cohen,0.806919716405692,2.240434079420403
gamma2_skew,42014,cohen_stable,0.913073557493703,2.920434079420404
gamma2_skew,42014,latentcp,0.9639924725269234,4.43869217476162
gamma2_skew,42014,latentcp_tuned,0.972947515456015,4.990676011970178
gamma2_skew,42014,latentcp_multi,0.9666737713485832,4.569843106184192
gamma2_skew,42014,latentcp_pac,0.9742405205243126,5.001123314922436
gamma2_skew,42015,cohen,0.6754356974723053,1.8080178510324223
gamma2_skew,42015,cohen_stable,0.9153913570895649,2.9680178510324233
gamma2_skew,42015,latentcp,0.9804612735920564,5.460626968230245
gamma2_skew,42015,latentcp_tuned,0.9602581793436109,4.272147741524466
gamma2_skew,42015,latentcp_multi,0.9957199649171239,8.0106664669503
gamma2_skew,42015,latentcp_pac,0.9949479135409268,7.662732634705921
gamma2_skew,42016,cohen,0.9164427431664166,2.9900079375960016
gamma2_skew,42016,cohen_stable,0.9434821363008081,3.670007937596002
gamma2_skew,42016,latentcp,0.9689816190291906,4.689976306023431
gamma2_skew,42016,latentcp_tuned,0.9722493076319821,4.886503441011825
gamma2_skew,42016,latentcp_multi,0.9712603731866025,4.818528917971461
gamma2_skew,42016,latentcp_pac,0.9901873358306795,6.590387204563271
gamma2_skew,42017,cohen,0.8236253601058979,2.3055269693731537
gamma2_skew,42017,cohen_stable,0.8599079028849507,2.465526969373154
gamma2_skew,42017,latentcp,0.9639946556114399,4.438808225431413
gamma2_skew,42017,latentcp_tuned,0.9624840170627618,4.392006956611189
gamma2_skew,42017,latentcp_multi,0.9591750836482632,4.22654401071183
gamma2_skew,42017,latentcp_pac,0.994136132584229,7.423267990313455
gamma2_skew,42018,cohen,0.8901021103471062,2.6405005514890396
gamma2_skew,42018,cohen_stable,0.9500026319142795,3.8805005514890407
gamma2_skew,42018,latentcp,0.97712316126004,5.198913740391262
gamma2_skew,42018,latentcp_tuned,0.9516856780683305,3.9732374482609187
gamma2_skew,42018,latentcp_multi,0.9935766170523708,7.403470470433993
gamma2_skew,42018,latentcp_pac,0.9875400453763284,6.200814184682834
gamma2_skew,42019,cohen,0.8724431675325389,2.5307196082871104
gamma2_skew,42019,cohen_stable,0.9288267900530156,3.270719608287111
gamma2_skew,42019,latentcp,0.9793395999953844,5.3681463780891665
gamma2_skew,42019,latentcp_tuned,0.9808201141358003,5.49195623111393
gamma2_skew,42019,latentcp_multi,0.9956076409231109,7.900109436218537
gamma2_skew,42019,latentcp_pac,0.9968253017352195,8.405330058722727
gamma2_skew,42020,cohen,0.7518811615130553,2.0468929412002574
gamma2_skew,42020,cohen_stable,0.9058233774052483,2.786892941200258
gamma2_skew,42020,latentcp,0.9605646846770362,4.284799751100485
gamma2_skew,42020,latentcp_tuned,0.9623475705197481,4.444465762613917
gamma2_skew,42020,latentcp_multi,0.9635081006139595,4.41679745107997
gamma2_skew,42020,latentcp_pac,0.9836429824430134,5.754134027480803
gamma2_skew,42021,cohen,0.7573473385307956,2.065058324889026
gamma2_skew,42021,cohen_stable,0.9378141752213224,3.5050583248890272
gamma2_skew,42021,latentcp,0.9852173874767675,5.920618114751797
gamma2_skew,42021,latentcp_tuned,0.9741766666431089,4.997608782336632
gamma2_skew,42021,latentcp_multi,0.990357287108886,6.697692753723577
gamma2_skew,42021,latentcp_pac,0.9934542487365058,7.246046053567288
gamma2_skew,42022,cohen,0.8526102801939098,2.4305351666399537
gamma2_skew,42022,cohen_stable,0.9135705138236883,2.930535166639954
gamma2_skew,42022,latentcp,0.9885518174401016,6.339198125458791
gamma2_skew,42022,latentcp_tuned,0.9741775251327295,5.015830378951074
gamma2_skew,42022,latentcp_multi,0.9893964357020628,6.464706157294341
gamma2_skew,42022,latentcp_pac,0.9983503820430009,9.44264638033431
gamma2_skew,42023,cohen,0.8568742196202042,2.4507568372234236
gamma2_skew,42023,cohen_stable,0.8965821071715597,2.690756837223424
gamma2_skew,42023,latentcp,0.9672429385059353,4.598245074015366
gamma2_skew,42023,latentcp_tuned,0.9695310049713606,4.7204356749782255
gamma2_skew,42023,latentcp_multi,0.9769763288698565,5.196228423689957
gamma2_skew,42023,latentcp_pac,0.9830470573156639,5.695159574374054
gamma2_skew,42024,cohen,0.8165421569147016,2.277439625260208
gamma2_skew,42024,cohen_stable,0.9643899407952176,4.4574396252602
gamma2_skew,42024,latentcp,0.9778739104933768,5.254371164872444
gamma2_skew,42024,latentcp_tuned,0.9807902697694834,5.497471307279592
gamma2_skew,42024,latentcp_multi,0.9752897006636991,5.128125528146995
gamma2_skew,42024,latentcp_pac,0.9881915873808417,6.2886063981050295
gamma2_skew,42025,cohen,0.7954663346510662,2.1978719928470887
gamma2_skew,42025,cohen_stable,0.8409309724466618,2.377871992847089
gamma2_skew,42025,latentcp,0.9915207719187175,6.827568385865763
gamma2_skew,42025,latentcp_tuned,0.9795068324625651,5.403652500040514
gamma2_skew,42025,latentcp_multi,0.992535717833234,7.0345879337529995
gamma2_skew,42025,latentcp_pac,0.9948042085868559,7.617708873402681
gamma2_skew,42026,cohen,0.8257795605878033,2.3142278626413244
gamma2_skew,42026,cohen_stable,0.9194432628020102,3.054227862641325
gamma2_skew,42026,latentcp,0.9657401394014296,4.522668853012547
gamma2_skew,42026,latentcp_tuned,0.963860220665301,4.433029730685723
gamma2_skew,42026,latentcp_multi,0.9857823622388432,5.994770432812553
gamma2_skew,42026,latentcp_pac,0.9896590844302539,6.505048732971866
gamma2_skew,42027,cohen,0.6420424968976419,1.7099285257295853
gamma2_skew,42027,cohen_stable,0.8607985158371771,2.469928525729586
gamma2_skew,42027,latentcp,0.971398133131551,4.826058272069487
gamma2_skew,42027,latentcp_tuned,0.9355528951049579,3.443596609611675
gamma2_skew,42027,latentcp_multi,0.997389669212983,8.725685182417028
gamma2_skew,42027,latentcp_pac,0.9981363188885195,9.250054883984141
gamma2_skew,42028,cohen,0.8893413920526104,2.635089182662121
gamma2_skew,42028,cohen_stable,0.9617179918337128,4.335089182662116
gamma2_skew,42028,latentcp,0.9814661420454168,5.547968502777194
gamma2_skew,42028,latentcp_tuned,0.9881981993170967,6.299785720563498
gamma2_skew,42028,latentcp_multi,0.9790952943695169,5.349223891252714
gamma2_skew,42028,latentcp_pac,0.9981424639414896,9.25527238496068
gamma2_skew,42029,cohen,0.7566325523509982,2.0626722354676534
gamma2_skew,42029,cohen_stable,0.8672253272851557,2.502672235467654
gamma2_skew,42029,latentcp,0.9697307326605635,4.731030471012093
gamma2_skew,42029,latentcp_tuned,0.9705637583148393,4.835278580618736
gamma2_skew,42029,latentcp_multi,0.9719091900938315,4.856751401115022
gamma2_skew,42029,latentcp_pac,0.9778876389231342,5.255402452866508
gamma2_skew,42030,cohen,0.8662164092905204,2.4974097999415443
gamma2_skew,42030,cohen_stable,0.9499123085885177,3.8774097999415456
gamma2_skew,42030,latentcp,0.9867265717149197,6.097282767658087
gamma2_skew,42030,latentcp_tuned,0.9895583422360684,6.511338817987778
gamma2_skew,42030,latentcp_multi,0.9847024471278111,5.928680269903786
gamma2_skew,42030,latentcp_pac,0.9932129807562385,7.187651112346129
gamma2_skew,42031,cohen,0.7521974503665295,2.0479390006070544
gamma2_skew,42031,cohen_stable,0.7758175559999289,2.1279390006070544
gamma2_skew,42031,latentcp,0.976791338952716,5.174938989616458
gamma2_skew,42031,latentcp_tuned,0.9894827809339714,6.487806454906542
gamma2_skew,42031,latentcp_multi,0.9623506680615094,4.384131617135074
gamma2_skew,42031,latentcp_pac,0.9970838259757691,8.540485532098554
gamma2_skew,42032,cohen,0.7609583704425508,2.077163480935693
gamma2_skew,42032,cohen_stable,0.944366756283018,3.6971634809356946
gamma2_skew,42032,latentcp,0.9787718328118152,5.3231675176825135
gamma2_skew,42032,latentcp_tuned,0.9911723352972972,6.770548817398743
gamma2_skew,42032,latentcp_multi,0.9886644935859888,6.409618268004239
gamma2_skew,42032,latentcp_pac,0.9935307583747714,7.265005253225726
gamma2_skew,42033,cohen,0.7181890609607596,1.938560350141168
gamma2_skew,42033,cohen_stable,0.9078850979333859,2.8185603501411687
gamma2_skew,42033,latentcp,0.9514766306388965,3.931712670038568
gamma2_skew,42033,latentcp_tuned,0.9919691760025575,6.975265627948522
gamma2_skew,42033,latentcp_multi,0.9919691760025575,6.975265627948522
gamma2_skew,42033,latentcp_pac,0.9606344079251973,4.287797991115411
gamma2_skew,42034,cohen,0.8099914422969992,2.2521138451326816
gamma2_skew,42034,cohen_stable,0.9448481317705355,3.712113845132683
gamma2_skew,42034,latentcp,0.9759041739467151,5.112483557944043
gamma2_skew,42034,latentcp_tuned,0.9708177277255698,4.792874087433811
gamma2_skew,42034,latentcp_multi,0.9983407251387675,9.512024805895889
gamma2_skew,42034,latentcp_pac,0.9887132729961258,6.362379727589843
gamma2_skew,42035,cohen,0.8187596363037141,2.286150175786731
gamma2_skew,42035,cohen_stable,0.962855729142113,4.3861501757867245
gamma2_skew,42035,latentcp,0.9830604681206941,5.69646513344706
gamma2_skew,42035,latentcp_tuned,0.9830155457238463,5.692850080619035
gamma2_skew,42035,latentcp_multi,0.9830155457238463,5.692850080619035
gamma2_skew,42035,latentcp_pac,0.9951947457489096,7.7430853829111355
gamma2_skew,42036,cohen,0.666195937616856,1.7805853771219087
gamma2_skew,42036,cohen_stable,0.8705891487179267,2.5205853771219093
gamma2_skew,42036,latentcp,0.9650391569098236,4.488506480414693
gamma2_skew,42036,latentcp_tuned,0.998991690331097,10.285484524166767
gamma2_skew,42036,latentcp_multi,0.9675685296477851,4.615555854796424
gamma2_skew,42036,latentcp_pac,0.9934968894560233,7.256585517413805
gamma2_skew,42037,cohen,0.7514041512721042,2.0453164752751185
gamma2_skew,42037,cohen_stable,0.940636374498738,3.58531647527512
gamma2_skew,42037,latentcp,0.9764725894121238,5.152234404179398
gamma2_skew,42037,latentcp_tuned,0.9679172537563169,4.655638604715865
gamma2_skew,42037,latentcp_multi,0.9685449646926022,4.6670490417585
gamma2_skew,42037,latentcp_pac,0.9943506482752512,7.483223215996454
gamma2_skew,42038,cohen,0.7839675377531004,2.156521619814273
gamma2_skew,42038,cohen_stable,0.7426193136014599,2.016521619814273
gamma2_skew,42038,latentcp,0.9576761647159047,4.164783764782447
gamma2_skew,42038,latentcp_tuned,0.9995687291604167,11.600359391222117
gamma2_skew,42038,latentcp_multi,0.9995687291604167,11.600359391222117
gamma2_skew,42038,latentcp_pac,0.9950779614080707,7.704574874461525
gamma2_skew,42039,cohen,0.8283901216335202,2.324878651132727
gamma2_skew,42039,cohen_stable,0.8332121248389928,2.344878651132727
gamma2_skew,42039,latentcp,0.9835627593941043,5.7460743187954595
gamma2_skew,42039,latentcp_tuned,0.98513742884308,5.912318149002936
gamma2_skew,42039,latentcp_multi,0.9909646834787695,6.73427095405103
gamma2_skew,42039,latentcp_pac,0.9935513406932996,7.27014310700455
gamma2_skew,42040,cohen,0.6963362714260906,1.8710273710080965
gamma2_skew,42040,cohen_stable,0.9421888509671503,3.631027371008098
gamma2_skew,42040,latentcp,0.9713293996379212,4.822043200459563
gamma2_skew,42040,latentcp_tuned,0.9898674436552969,6.614217442745433
gamma2_skew,42040,latentcp_multi,0.9898674436552969,6.614217442745433
gamma2_skew,42040,latentcp_pac,0.9866647454026287,6.0896691551453355
gamma2_skew,42041,cohen,0.8912492593081295,2.6488276838575295
gamma2_skew,42041,cohen_stable,0.9342622007640127,3.40882768385753
gamma2_skew,42041,latentcp,0.9871694186890294,6.152850603665091
gamma2_skew,42041,latentcp_tuned,0.9934123016015914,7.315410907965274
gamma2_skew,42041,latentcp_multi,0.9934123016015914,7.315410907965274
gamma2_skew,42041,latentcp_pac,0.9899373734369751,6.549460550052643
gamma2_skew,42042,cohen,0.8560922221886238,2.447002832455677
gamma2_skew,42042,cohen_stable,0.9124086042571069,2.9070028324556776
gamma2_skew,42042,latentcp,0.9908897095534687,6.711089918468607
gamma2_skew,42042,latentcp_tuned,0.9761583354773601,5.130703896081688
gamma2_skew,42042,latentcp_multi,0.9931979424061992,7.1846896364380415
gamma2_skew,42042,latentcp_pac,0.9994142997039908,11.065536492020989
gamma2_skew,42043,cohen,0.8763065748277098,2.552508980014561
gamma2_skew,42043,cohen_stable,0.9380814466477382,3.512508980014562
gamma2_skew,42043,latentcp,0.9872849919835509,6.167660353437067
gamma2_skew,42043,latentcp_tuned,0.9882409162183984,6.29610588212957
gamma2_skew,42043,latentcp_multi,0.9870795919493531,6.142088894249236
gamma2_skew,42043,latentcp_pac,0.9957463411175183,7.938378227242125
gamma2_skew,42044,cohen,0.8483503482508111,2.4108973032865815
gamma2_skew,42044,cohen_stable,0.9460784488349716,3.7508973032865827
gamma2_skew,42044,latentcp,0.9735953019691886,4.959800468170699
gamma2_skew,42044,latentcp_tuned,0.9687775837183117,4.735549991394608
gamma2_skew,42044,latentcp_multi,0.956607228742873,4.17924321685044
gamma2_skew,42044,latentcp_pac,0.9846872377121032,5.86270692360125
gamma2_skew,42045,cohen,0.8437153929958096,2.3901031174355265
gamma2_skew,42045,cohen_stable,0.9028007640086274,2.750103117435527
gamma2_skew,42045,latentcp,0.984537429163028,5.84669852834261
gamma2_skew,42045,latentcp_tuned,0.9901870508918249,6.6191500417505535
gamma2_skew,42045,latentcp_multi,0.9853099795370462,5.931672479826253
gamma2_skew,42045,latentcp_pac,0.9969402649422405,8.46404186561567
gamma2_skew,42046,cohen,0.7171568516506601,1.935327420161407
gamma2_skew,42046,cohen_stable,0.9455877073674096,3.7353274201614086
gamma2_skew,42046,latentcp,0.976000781636842,5.119168883719255
gamma2_skew,42046,latentcp_tuned,0.9883766386071161,6.372963473568396
gamma2_skew,42046,latentcp_multi,0.9777819063880143,5.247985956588554
gamma2_skew,42046,latentcp_pac,0.9913476918740932,6.794799356594487
gamma2_skew,42047,cohen,0.8244990969696967,2.3090466639953355
gamma2_skew,42047,cohen_stable,0.8342036404104087,2.3490466639953356
gamma2_skew,42047,latentcp,0.9500071098077993,3.8806639103268394
gamma2_skew,42047,latentcp_tuned,0.9484490571453249,3.8285244402432452
gamma2_skew,42047,latentcp_multi,0.9644471850813622,4.480471438362213
gamma2_skew,42047,latentcp_pac,0.9774236925273599,5.220889188944301
gamma2_skew,42048,cohen,0.6968464247175229,1.8725834422174032
gamma2_skew,42048,cohen_stable,0.8990556178018011,2.712583442217404
gamma2_skew,42048,latentcp,0.9901371836705222,6.582094637016504
gamma2_skew,42048,latentcp_tuned,0.9920814993653326,6.94995150833231
gamma2_skew,42048,latentcp_multi,0.9895964009192407,6.5711548707485
gamma2_skew,42048,latentcp_pac,0.9952066935396018,7.74707695735278
gamma2_skew,42049,cohen,0.7760808418757094,2.128853734153047
gamma2_skew,42049,cohen_stable,0.9350168894924182,3.4288537341530483
gamma2_skew,42049,latentcp,0.9842072930417196,5.811939740372081
gamma2_skew,42049,latentcp_tuned,0.9762468224081217,5.208740223607549
gamma2_skew,42049,latentcp_multi,0.9854209993670382,5.943975510860332
gamma2_skew,42049,latentcp_pac,0.9870796686712818,6.141439494008372
gamma2_skew,42050,cohen,0.8789960039786215,2.5682808157953985
gamma2_skew,42050,cohen_stable,0.8720002771547988,2.5282808157953984
gamma2_skew,42050,latentcp,0.9773298665854785,5.213993010140869
gamma2_skew,42050,latentcp_tuned,0.9935987337000873,7.343216397912664
gamma2_skew,42050,latentcp_multi,0.979014476629889,5.342771220780005
gamma2_skew,42050,latentcp_pac,0.9830997005530293,5.700287443652855
gamma2_skew,42051,cohen,0.8408265636282375,2.3774169464765933
gamma2_skew,42051,cohen_stable,0.9139075553538619,2.937416946476594
gamma2_skew,42051,latentcp,0.9859038016294464,5.998680065463507
gamma2_skew,42051,latentcp_tuned,0.9753106967772012,5.087700181745622
gamma2_skew,42051,latentcp_multi,0.9975481903963337,8.93198187485352
gamma2_skew,42051,latentcp_pac,0.9967326515859651,8.359516683753839
gamma2_skew,42052,cohen,0.8598378758274191,2.4651821808345713
gamma2_skew,42052,cohen_stable,0.9507183576456718,3.9051821808345726
gamma2_skew,42052,latentcp,0.997041839101749,8.517751656858234
gamma2_skew,42052,latentcp_tuned,0.9883072071741024,6.385222692103795
gamma2_skew,42052,latentcp_multi,0.998698909734078,9.816872356443833
gamma2_skew,42052,latentcp_pac,0.9989831282026183,10.203365015794311
gamma2_skew,42053,cohen,0.8248182634856563,2.3103355362804625
gamma2_skew,42053,cohen_stable,0.9237445827810191,3.1503355362804633
gamma2_skew,42053,latentcp,0.9933426648188799,7.218781274647604
gamma2_skew,42053,latentcp_tuned,0.9938557582097844,7.34862431697675
gamma2_skew,42053,latentcp_multi,0.9938557582097844,7.34862431697675
gamma2_skew,42053,latentcp_pac,0.9994578631706261,11.185918507592934
gamma2_skew,42054,cohen,0.849019266041444,2.4139461061996546
gamma2_skew,42054,cohen_stable,0.9281383922985659,3.2539461061996553
gamma2_skew,42054,latentcp,0.9846250833013759,5.856051817515666
gamma2_skew,42054,latentcp_tuned,0.9893281177380441,6.487397739743979
gamma2_skew,42054,latentcp_multi,0.9985545679494495,9.773686193637008
gamma2_skew,42054,latentcp_pac,0.9859558644333947,6.004754762182442
gamma2_skew,42055,cohen,0.7747043147935045,2.1240773923322496
gamma2_skew,42055,cohen_stable,0.9325456166767869,3.3640773923322507
gamma2_skew,42055,latentcp,0.9686570489735805,4.672478209981681
gamma2_skew,42055,latentcp_tuned,0.9699531428606643,4.743919403185218
gamma2_skew,42055,latentcp_multi,0.9709536621405717,4.800726571423582
gamma2_skew,42055,latentcp_pac,0.9918116335269587,6.88414010521552
gamma2_skew,42056,cohen,0.896661465112508,2.6914292828119093
gamma2_skew,42056,cohen_stable,0.9029210910063102,2.7514292828119093
gamma2_skew,42056,latentcp,0.9759323711914184,5.114426836973585
gamma2_skew,42056,latentcp_tuned,0.9348147178764572,3.4310666858577994
gamma2_skew,42056,latentcp_multi,0.9894405836393521,6.522993195267002
gamma2_skew,42056,latentcp_pac,0.9880454419406757,6.26850965754903
gamma2_skew,42057,cohen,0.9064252725104643,2.7953705178461505
gamma2_skew,42057,cohen_stable,0.9402933651418949,3.5753705178461512
gamma2_skew,42057,latentcp,0.9691149116096948,4.697207805909222
gamma2_skew,42057,latentcp_tuned,0.9636108772369635,4.432272657345701
gamma2_skew,42057,latentcp_multi,0.9756117656209743,5.169225659731005
gamma2_skew,42057,latentcp_pac,0.9835963352199643,5.749442900906275
gamma2_skew,42058,cohen,0.9091519421418675,2.842574166870529
gamma2_skew,42058,cohen_stable,0.9476771490679704,3.8025741668705297
gamma2_skew,42058,latentcp,0.9715618755621644,4.835677459411375
gamma2_skew,42058,latentcp_tuned,0.9812866885983322,5.553781561172168
gamma2_skew,42058,latentcp_multi,0.9836275623943547,5.762518261572612
gamma2_skew,42058,latentcp_pac,0.9888760923736084,6.386087209145313
gamma2_skew,42059,cohen,0.8364510445877256,2.358568112498896
gamma2_skew,42059,cohen_stable,0.9613427520049783,4.318568112498891
gamma2_skew,42059,latentcp,0.9709135620389543,4.797901749031083
gamma2_skew,42059,latentcp_tuned,0.9870628820619514,6.150046502961644
gamma2_skew,42059,latentcp_multi,0.970495575104104,4.774574359381715
gamma2_skew,42059,latentcp_pac,0.9907062511805167,6.678707085312759
gamma2_skew,42060,cohen,0.8680668274724327,2.5070991831176235
gamma2_skew,42060,cohen_stable,0.8602267392210211,2.4670991831176234
gamma2_skew,42060,latentcp,0.9644626257246335,4.460890075552294
gamma2_skew,42060,latentcp_tuned,0.9950392381044372,7.70266393922653
gamma2_skew,42060,latentcp_multi,0.9492347617354884,3.8549090502416536
gamma2_skew,42060,latentcp_pac,0.9964056781053781,8.207467064265778
gamma2_skew,42061,cohen,0.7875580439015358,2.169297933321433
gamma2_skew,42061,cohen_stable,0.8721852416170851,2.529297933321433
gamma2_skew,42061,latentcp,0.9666712267104697,4.569108612900832
gamma2_skew,42061,latentcp_tuned,0.9704668535313141,4.783275852455342
gamma2_skew,42061,latentcp_multi,0.9955980537768061,7.960605318398252
gamma2_skew,42061,latentcp_pac,0.9901317779109549,6.5812032672147
gamma2_skew,42062,cohen,0.7321060802233388,1.9826152742652536
gamma2_skew,42062,cohen_stable,0.9534492420652333,4.002615274265255
gamma2_skew,42062,latentcp,0.9729599338048467,4.920051960838276
gamma2_skew,42062,latentcp_tuned,0.9729983711471512,4.9890549858060105
gamma2_skew,42062,latentcp_multi,0.9591020613592915,4.23316958449924
gamma2_skew,42062,latentcp_pac,0.9802077773343715,5.439281906811582
gamma2_skew,42063,cohen,0.8161552153802261,2.2759270451966467
gamma2_skew,42063,cohen_stable,0.9128509540076404,2.9159270451966472
gamma2_skew,42063,latentcp,0.9645907611149606,4.466991394390016
gamma2_skew,42063,latentcp_tuned,0.9604629852223783,4.2892638870517565
gamma2_skew,42063,latentcp_multi,0.957759662743406,4.176999220444987
gamma2_skew,42063,latentcp_pac,0.9907885627923622,6.693158135982036
gamma2_skew,42064,cohen,0.8245746907446299,2.3093517760833238
gamma2_skew,42064,cohen_stable,0.9027322214375325,2.749351776083324
gamma2_skew,42064,latentcp,0.9913251911894138,6.790586521172065
gamma2_skew,42064,latentcp_tuned,0.9963183090986233,8.256007897486876
gamma2_skew,42064,latentcp_multi,0.9963183090986233,8.256007897486876
gamma2_skew,42064,latentcp_pac,0.9923347714182884,6.991027111418057
gamma2_skew,42065,cohen,0.7755686034506812,2.12707457670114
gamma2_skew,42065,cohen_stable,0.904277007435279,2.7670745767011407
gamma2_skew,42065,latentcp,0.9676546674863603,4.619534840930409
gamma2_skew,42065,latentcp_tuned,0.969215343752684,4.771871762906462
gamma2_skew,42065,latentcp_multi,0.969215343752684,4.771871762906462
gamma2_skew,42065,latentcp_pac,0.9761693120489715,5.130907097267486
gamma2_skew,42066,cohen,0.7855367932009032,2.162091145837893
gamma2_skew,42066,cohen_stable,0.9590799262136654,4.22209114583789
gamma2_skew,42066,latentcp,0.9830680595930618,5.697203841385184
gamma2_skew,42066,latentcp_tuned,0.9894444105849517,6.495254986421812
gamma2_skew,42066,latentcp_multi,0.9817450248130235,5.584415768907291
gamma2_skew,42066,latentcp_pac,0.9923403854341463,6.992212482534165
gamma2_skew,42067,cohen,0.8208492352836727,2.2944260967366104
gamma2_skew,42067,cohen_stable,0.8576342974722965,2.4544260967366105
gamma2_skew,42067,latentcp,0.9830803800076898,5.698404223498463
gamma2_skew,42067,latentcp_tuned,0.9960558114689516,8.165049602132557
gamma2_skew,42067,latentcp_multi,0.9714921137288967,4.846354639625256
gamma2_skew,42067,latentcp_pac,0.9931541892799632,7.1737300312151095
gamma2_skew,42068,cohen,0.7107804790153394,1.9154551342402493
gamma2_skew,42068,cohen_stable,0.9486707105635569,3.835455134240251
gamma2_skew,42068,latentcp,0.9713830891537393,4.825178231665589
gamma2_skew,42068,latentcp_tuned,0.985337330249501,6.011480553552958
gamma2_skew,42068,latentcp_multi,0.985337330249501,6.011480553552958
gamma2_skew,42068,latentcp_pac,0.9872935519572799,6.168762462201672
gamma2_skew,42069,cohen,0.6593053854081388,1.7602795964777194
gamma2_skew,42069,cohen_stable,0.9383590327056892,3.520279596477721
gamma2_skew,42069,latentcp,0.9641870738543781,4.447845770212013
gamma2_skew,42069,latentcp_tuned,0.9442931587125624,3.7037401588935417
gamma2_skew,42069,latentcp_multi,0.9662600797783683,4.557253016925107
gamma2_skew,42069,latentcp_pac,0.9870098915483508,6.132620840069365
gamma2_skew,42070,cohen,0.8565420229145239,2.449159532186862
gamma2_skew,42070,cohen_stable,0.8855326104085697,2.609159532186862
gamma2_skew,42070,latentcp,0.973200389279916,4.934987916929283
gamma2_skew,42070,latentcp_tuned,0.9576628099733554,4.1647893756490975
gamma2_skew,42070,latentcp_multi,0.9959590145239283,8.031872826428579
gamma2_skew,42070,latentcp_pac,0.9971155847084745,8.55789645412256
gamma2_skew,42071,cohen,0.8214751645531314,2.2969182688903107
gamma2_skew,42071,cohen_stable,0.9468891841339446,3.776918268890312
gamma2_skew,42071,latentcp,0.9782538866000833,5.2831483324801845
gamma2_skew,42071,latentcp_tuned,0.9843450031036695,5.826990010601969
gamma2_skew,42071,latentcp_multi,0.9795436506865011,5.385220143432405
gamma2_skew,42071,latentcp_pac,0.989363618587847,6.459155994827672
gamma2_skew,42072,cohen,0.8436387534832218,2.3897639391750407
gamma2_skew,42072,cohen_stable,0.9084910339489747,2.829763939175041
gamma2_skew,42072,latentcp,0.9876563233957247,6.2161483485295435
gamma2_skew,42072,latentcp_tuned,0.9839449513969586,5.8020461316855725
gamma2_skew,42072,latentcp_multi,0.9892788833216081,6.595480041762572
gamma2_skew,42072,latentcp_pac,0.9948554546531421,7.633622781515939
gamma2_skew,42073,cohen,0.8991959034527904,2.7138806030254137
gamma2_skew,42073,cohen_stable,0.9238990216417206,3.153880603025414
gamma2_skew,42073,latentcp,0.9823660156854868,5.630181433228885
gamma2_skew,42073,latentcp_tuned,0.9842925674367833,5.832635928895965
gamma2_skew,42073,latentcp_multi,0.97404699917115,5.0002084865899326
gamma2_skew,42073,latentcp_pac,0.9924716959669253,7.020183418198955
gamma2_skew,42074,cohen,0.8168083564919421,2.2784814755799805
gamma2_skew,42074,cohen_stable,0.845598026772699,2.3984814755799806
gamma2_skew,42074,latentcp,0.964900527390001,4.481821602837387
gamma2_skew,42074,latentcp_tuned,0.9958150782435192,8.026234489951639
gamma2_skew,42074,latentcp_multi,0.941073179059675,3.6067904982951493
gamma2_skew,42074,latentcp_pac,0.9750460092836744,5.054139069671334
gamma2_skew,42075,cohen,0.7260603668718691,1.9633675823552004
gamma2_skew,42075,cohen_stable,0.9483075743009863,3.823367582355202
gamma2_skew,42075,latentcp,0.979696999159888,5.3970730187401275
gamma2_skew,42075,latentcp_tuned,0.9812480334334824,5.5292736897671055
gamma2_skew,42075,latentcp_multi,0.9885681700165482,6.354069638460843
gamma2_skew,42075,latentcp_pac,0.9992061265189405,10.590910213246078
gamma2_skew,42076,cohen,0.8091019261693172,2.248719246288993
gamma2_skew,42076,cohen_stable,0.8720800508938366,2.5287192462889934
gamma2_skew,42076,latentcp,0.9859077656789184,5.999141259076109
gamma2_skew,42076,latentcp_tuned,0.9852754549942246,5.950450633138089
gamma2_skew,42076,latentcp_multi,0.9871930145421337,6.230512539253565
gamma2_skew,42076,latentcp_pac,0.9912601256505065,6.778464096655191
gamma2_skew,42077,cohen,0.8782291890835929,2.5637289689545426
gamma2_skew,42077,cohen_stable,0.9348245474239774,3.4237289689545434
gamma2_skew,42077,latentcp,0.9851178148116051,5.909588531842362
gamma2_skew,42077,latentcp_tuned,0.9862504004026768,6.04005641462986
gamma2_skew,42077,latentcp_multi,0.9997754806282206,12.61680740437926
gamma2_skew,42077,latentcp_pac,0.9998242629381621,12.930577669231374
gamma2_skew,42078,cohen,0.78722636663545,2.1681127448286963
gamma2_skew,42078,cohen_stable,0.8242675647171006,2.3081127448286964
gamma2_skew,42078,latentcp,0.9635078911063554,4.416142628451257
gamma2_skew,42078,latentcp_tuned,0.9476400406003638,3.82306461353047
gamma2_skew,42078,latentcp_multi,0.993549911518632,7.3898730023561505
gamma2_skew,42078,latentcp_pac,0.9849677116729219,5.893097214660296
gamma2_skew,42079,cohen,0.8489961746098876,2.4138406500581917
gamma2_skew,42079,cohen_stable,0.9147069360238154,2.953840650058192
gamma2_skew,42079,latentcp,0.9597838290317293,4.251542062670469
gamma2_skew,42079,latentcp_tuned,0.9626944235872468,4.379361778455728
gamma2_skew,42079,latentcp_multi,0.9186664307920782,3.0376891394133665
gamma2_skew,42079,latentcp_pac,0.9911534933934582,6.758786959678269
gamma2_skew,42080,cohen,0.8405538197675063,2.3762294385815848
gamma2_skew,42080,cohen_stable,0.9337831789451012,3.3962294385815857
gamma2_skew,42080,latentcp,0.9850282393883776,5.899727640305825
gamma2_skew,42080,latentcp_tuned,0.9914196798272485,6.80879713961117
gamma2_skew,42080,latentcp_multi,0.9879880000550133,6.341623490893035
gamma2_skew,42080,latentcp_pac,0.9943257083445186,7.476139038627569
gamma2_skew,42081,cohen,0.8212011691016213,2.2958265833443967
gamma2_skew,42081,cohen_stable,0.9330003749325466,3.3758265833443977
gamma2_skew,42081,latentcp,0.9880602899052838,6.270540455924016
gamma2_skew,42081,latentcp_tuned,0.9874837653984708,6.315249566569464
gamma2_skew,42081,latentcp_multi,0.988920230714612,6.393280828987568
gamma2_skew,42081,latentcp_pac,0.994192207148761,7.438729960374803
gamma2_skew,42082,cohen,0.8422175891650583,2.383500532232334
gamma2_skew,42082,cohen_stable,0.9309524694420985,3.3235005322323348
gamma2_skew,42082,latentcp,0.9799815443138574,5.420456052432238
gamma2_skew,42082,latentcp_tuned,0.9794643161260224,5.402814742085697
gamma2_skew,42082,latentcp_multi,0.9814304470948033,5.545431327670768
gamma2_skew,42082,latentcp_pac,0.9938664220724905,7.35086827252927
gamma2_skew,42083,cohen,0.7588445092194618,2.0700668555524406
gamma2_skew,42083,cohen_stable,0.8437072009638641,2.390066855552441
gamma2_skew,42083,latentcp,0.96359586638293,4.420181064983113
gamma2_skew,42083,latentcp_tuned,0.9407720838376926,3.598004464430691
gamma2_skew,42083,latentcp_multi,0.9993181094473648,10.891736264779194
gamma2_skew,42083,latentcp_pac,0.9709095526866635,4.797670688935908
gamma2_skew,42084,cohen,0.8126620137704418,2.2623677430648272
gamma2_skew,42084,cohen_stable,0.7966948955890181,2.202367743064827
gamma2_skew,42084,latentcp,0.9687584533242256,4.677930581214507
gamma2_skew,42084,latentcp_tuned,0.9902405776380645,6.610325838883175
gamma2_skew,42084,latentcp_multi,0.9739508600926938,5.00620415607166
gamma2_skew,42084,latentcp_pac,0.995404713925965,7.814695152500324
gamma2_skew,42085,cohen,0.8302499939621637,2.3325410548163465
gamma2_skew,42085,cohen_stable,0.8967922340288682,2.692541054816347
gamma2_skew,42085,latentcp,0.9706800589653369,4.7844977983573544
gamma2_skew,42085,latentcp_tuned,0.9553451925105506,4.074037455601756
gamma2_skew,42085,latentcp_multi,0.970653610807604,4.8078548237150684
gamma2_skew,42085,latentcp_pac,0.9867885572381906,6.10495086949692
gamma2_skew,42086,cohen,0.8103449233404597,2.253465657253583
gamma2_skew,42086,cohen_stable,0.8489140367636715,2.413465657253583
gamma2_skew,42086,latentcp,0.9750194927987651,5.052367703415365
gamma2_skew,42086,latentcp_tuned,0.9681539409095641,4.6678889242576185
gamma2_skew,42086,latentcp_multi,0.9836041560192673,5.7731334033007435
gamma2_skew,42086,latentcp_pac,0.9975001933072484,8.785172154234706
gamma2_skew,42087,cohen,0.8394414182035382,2.371403827378412
gamma2_skew,42087,cohen_stable,0.9531425363533252,3.9914038273784134
gamma2_skew,42087,latentcp,0.9864129021301723,6.059006913899762
gamma2_skew,42087,latentcp_tuned,0.9754518931415394,5.081978255013373
gamma2_skew,42087,latentcp_multi,0.9956032862511203,7.894523333029914
gamma2_skew,42087,latentcp_pac,0.9968223043663851,8.403827446553395
gamma2_skew,42088,cohen,0.7618664511989908,2.080221242908111
gamma2_skew,42088,cohen_stable,0.7498595887484008,2.040221242908111
gamma2_skew,42088,latentcp,0.969729201688879,4.730946756744066
gamma2_skew,42088,latentcp_tuned,0.975836596131325,5.17908458058349
gamma2_skew,42088,latentcp_multi,0.975836596131325,5.17908458058349
gamma2_skew,42088,latentcp_pac,0.9828157883348316,5.672814070004192
gamma2_skew,42089,cohen,0.7841640857962292,2.1572179879713063
gamma2_skew,42089,cohen_stable,0.8699651996404517,2.5172179879713066
gamma2_skew,42089,latentcp,0.9661038721999563,4.54066307802347
gamma2_skew,42089,latentcp_tuned,0.9685682286794944,4.66820708522912
gamma2_skew,42089,latentcp_multi,0.9758722947350273,5.118836420233554
gamma2_skew,42089,latentcp_pac,0.9868395181493669,6.111281436989019
gamma2_skew,42090,cohen,0.7407602556439852,2.010483660840478
gamma2_skew,42090,cohen_stable,0.9491188034147269,3.8504836608404798
gamma2_skew,42090,latentcp,0.979743578748052,5.400877346886595
gamma2_skew,42090,latentcp_tuned,0.9801008429513477,5.4308249488512415
gamma2_skew,42090,latentcp_multi,0.9834399264675705,5.74285636040345
gamma2_skew,42090,latentcp_pac,0.9954662978998791,7.836308761928487
gamma2_skew,42091,cohen,0.8284254015833845,2.3250234140575836
gamma2_skew,42091,cohen_stable,0.9596290416608078,4.24502341405758
gamma2_skew,42091,latentcp,0.9862285835102531,6.036915055412976
gamma2_skew,42091,latentcp_tuned,0.9792598920840322,5.362336448944708
gamma2_skew,42091,latentcp_multi,0.9811815766187789,5.533289981238535
gamma2_skew,42091,latentcp_pac,0.9926489122306394,7.058700190715391
gamma2_skew,42092,cohen,0.7659453067319723,2.094025721339584
gamma2_skew,42092,cohen_stable,0.9537594182748479,4.014025721339586
gamma2_skew,42092,latentcp,0.9806844808484598,5.479644041171906
gamma2_skew,42092,latentcp_tuned,0.974537241541479,5.020934598704512
gamma2_skew,42092,latentcp_multi,0.9877273428866247,6.244511672091334
gamma2_skew,42092,latentcp_pac,0.9957538045815107,7.941187955009821
gamma2_skew,42093,cohen,0.7341105701068691,1.9890361547852309
gamma2_skew,42093,cohen_stable,0.9372357069709237,3.489036154785232
gamma2_skew,42093,latentcp,0.9819761632954556,5.594075102854782
gamma2_skew,42093,latentcp_tuned,0.9800483147755986,5.444450173633842
gamma2_skew,42093,latentcp_multi,0.976532662088228,5.241725261132319
gamma2_skew,42093,latentcp_pac,0.9975244043046553,8.800610695277122
gamma2_skew,42094,cohen,0.8835206781602074,2.5961434584108365
gamma2_skew,42094,cohen_stable,0.903342032070538,2.7561434584108366
gamma2_skew,42094,latentcp,0.9839006621652949,5.7802847752761926
gamma2_skew,42094,latentcp_tuned,0.9851138918468018,5.9097368259033525
gamma2_skew,42094,latentcp_multi,0.9891452564751144,6.448565927255012
gamma2_skew,42094,latentcp_pac,0.9917560113928797,6.8731712532838785
gamma2_skew,42095,cohen,0.8636925563702219,2.484451156393127
gamma2_skew,42095,cohen_stable,0.9252186100596997,3.1844511563931275
gamma2_skew,42095,latentcp,0.9594921893600068,4.239280615617142
gamma2_skew,42095,latentcp_tuned,0.9402873781811305,3.5862854310432457
gamma2_skew,42095,latentcp_multi,0.9378743011307795,3.517857922484975
gamma2_skew,42095,latentcp_pac,0.9733617264531202,4.945081570063421
gamma2_skew,42096,cohen,0.8338809007841587,2.347687812455924
gamma2_skew,42096,cohen_stable,0.9209660877780951,3.0876878124559246
gamma2_skew,42096,latentcp,0.9840501512648323,5.795643047304467
gamma2_skew,42096,latentcp_tuned,0.9631734822085296,4.422207607652931
gamma2_skew,42096,latentcp_multi,0.9913794513953361,6.810878942624288
gamma2_skew,42096,latentcp_pac,0.9938169363668983,7.337924356470014
gamma2_skew,42097,cohen,0.8842379660339236,2.6007353156629787
gamma2_skew,42097,cohen_stable,0.9528488884494725,3.98073531566298
gamma2_skew,42097,latentcp,0.9792871608198631,5.363945704490614
gamma2_skew,42097,latentcp_tuned,0.9707348505529518,4.80368825327559
gamma2_skew,42097,latentcp_multi,0.9989704409338656,10.297823770797386
gamma2_skew,42097,latentcp_pac,0.999600061056317,11.658828324037426
gamma2_skew,42098,cohen,0.871282309283673,2.524351404150944
gamma2_skew,42098,cohen_stable,0.9571646090509648,4.144351404150942
gamma2_skew,42098,latentcp,0.9759113355849878,5.1129714473951715
gamma2_skew,42098,latentcp_tuned,0.9877195059144087,6.317741537451204
gamma2_skew,42098,latentcp_multi,0.9877195059144087,6.317741537451204
gamma2_skew,42098,latentcp_pac,0.990376884128463,6.622107336204981
gamma2_skew,42099,cohen,0.8162018429926255,2.276109201151739
gamma2_skew,42099,cohen_stable,0.9456124492644704,3.7361092011517405
gamma2_skew,42099,latentcp,0.9914407727418801,6.812341678129996
gamma2_skew,42099,latentcp_tuned,0.9868833741851113,6.138511775127734
gamma2_skew,42099,latentcp_multi,0.9868833741851113,6.138511775127734
gamma2_skew,42099,latentcp_pac,0.9961744779829828,8.107956739758535
gamma2_skew,42100,cohen,0.7723946865121387,2.116096870701926
gamma2_skew,42100,cohen_stable,0.9195290489015846,3.0560968707019267
gamma2_skew,42100,latentcp,0.9584057231531866,4.194335592508693
gamma2_skew,42100,latentcp_tuned,0.9650064357808347,4.494964988126438
gamma2_skew,42100,latentcp_multi,0.9650064357808347,4.494964988126438
gamma2_skew,42100,latentcp_pac,0.9883321426489068,6.308164737939569
gamma2_skew,42101,cohen,0.8774165512686649,2.558953770247706
gamma2_skew,42101,cohen_stable,0.9130005036508778,2.918953770247706
gamma2_skew,42101,latentcp,0.9758966039905866,5.111976022814002
gamma2_skew,42101,latentcp_tuned,0.9989840410145643,10.31526186507347
gamma2_skew,42101,latentcp_multi,0.9989840410145643,10.31526186507347
gamma2_skew,42101,latentcp_pac,0.9936517393973916,7.295437882295693
gamma2_skew,42102,cohen,0.659800661482008,1.7617349779768743
gamma2_skew,42102,cohen_stable,0.9080633457814059,2.8217349779768752
gamma2_skew,42102,latentcp,0.9702687104913708,4.76113084173585
gamma2_skew,42102,latentcp_tuned,0.9646336174472242,4.469733505540526
gamma2_skew,42102,latentcp_multi,0.98467350869296,5.960675269313734
gamma2_skew,42102,latentcp_pac,0.9898578886076532,6.536654417073722
gamma2_skew,42103,cohen,0.7321653359384023,1.9828047993333682
gamma2_skew,42103,cohen_stable,0.7913175434080176,2.1828047993333684
gamma2_skew,42103,latentcp,0.9714147235976716,4.827041678456906
gamma2_skew,42103,latentcp_tuned,0.9767555838415061,5.185871502527892
gamma2_skew,42103,latentcp_multi,0.9598661738618324,4.437740670084087
gamma2_skew,42103,latentcp_pac,0.983749395288106,5.764884893418107
gamma2_skew,42104,cohen,0.8838421758053093,2.598195142483022
gamma2_skew,42104,cohen_stable,0.9626806388352632,4.3781951424830154
gamma2_skew,42104,latentcp,0.9827125732863933,5.662935729939141
gamma2_skew,42104,latentcp_tuned,0.9808470208113216,5.504844903786984
gamma2_skew,42104,latentcp_multi,0.9839679059987514,5.787797968308892
gamma2_skew,42104,latentcp_pac,0.9925809249097572,7.043817156677453
gamma2_skew,42105,cohen,0.7270722320835732,1.9665769627008727
gamma2_skew,42105,cohen_stable,0.9172268045201926,3.0065769627008736
gamma2_skew,42105,latentcp,0.9891566627309699,6.427746643819833
gamma2_skew,42105,latentcp_tuned,0.990010438366444,6.561981837317136
gamma2_skew,42105,latentcp_multi,0.9935046404983914,7.270092336119839
gamma2_skew,42105,latentcp_pac,0.996397163921884,8.203692201326222
gamma2_skew,42106,cohen,0.8944489477725545,2.673267346776475
gamma2_skew,42106,cohen_stable,0.9184752708342488,3.0332673467764755
gamma2_skew,42106,latentcp,0.9743037055777779,5.005223571463263
gamma2_skew,42106,latentcp_tuned,0.9916920079138076,6.924266363384107
gamma2_skew,42106,latentcp_multi,0.9555810551388434,4.102763672367455
gamma2_skew,42106,latentcp_pac,0.9868076787801735,6.107323421249941
gamma2_skew,42107,cohen,0.8434973528347527,2.3891385343915785
gamma2_skew,42107,cohen_stable,0.9466480177171788,3.7691385343915798
gamma2_skew,42107,latentcp,0.9914416889047094,6.812515265645792
gamma2_skew,42107,latentcp_tuned,0.9892587384399735,6.524301103285926
gamma2_skew,42107,latentcp_multi,0.9835772130947277,5.827356236028796
gamma2_skew,42107,latentcp_pac,0.9955112157453496,7.852255884661367
gamma2_skew,42108,cohen,0.7911391891556789,2.182160935675751
gamma2_skew,42108,cohen_stable,0.8708797391422995,2.5221609356757515
gamma2_skew,42108,latentcp,0.9598989165490319,4.256404077453231
gamma2_skew,42108,latentcp_tuned,0.9250224464741955,3.1901642474446823
gamma2_skew,42108,latentcp_multi,0.9452890795660384,3.733673221184106
gamma2_skew,42108,latentcp_pac,0.9918545874286668,6.892660765135586
gamma2_skew,42109,cohen,0.7676901783185271,2.099966878485569
gamma2_skew,42109,cohen_stable,0.8628062738408935,2.4799668784855693
gamma2_skew,42109,latentcp,0.9760854518135358,5.125056298570786
gamma2_skew,42109,latentcp_tuned,0.9779365681264648,5.2596366101907455
gamma2_skew,42109,latentcp_multi,0.9780780220340594,5.2909945054125815
gamma2_skew,42109,latentcp_pac,0.9980858250708043,9.207814311633964
gamma2_skew,42110,cohen,0.9074015996355749,2.8103789781748625
gamma2_skew,42110,cohen_stable,0.9434943131374198,3.6703789781748632
gamma2_skew,42110,latentcp,0.9659272214590284,4.531900780356206
gamma2_skew,42110,latentcp_tuned,0.9479666472069004,3.8219769130197765
gamma2_skew,42110,latentcp_multi,0.9684301439257869,4.660898854652349
gamma2_skew,42110,latentcp_pac,0.979965769612215,5.419151083343618
gamma2_skew,42111,cohen,0.7704960568098869,2.1095672468141475
gamma2_skew,42111,cohen_stable,0.8093243856643862,2.2495672468141477
gamma2_skew,42111,latentcp,0.9891790249257525,6.4311121692092215
gamma2_skew,42111,latentcp_tuned,0.9942094093297998,7.44993882098933
gamma2_skew,42111,latentcp_multi,0.9948310906157911,7.632492093793384
gamma2_skew,42111,latentcp_pac,0.9962486223808095,8.139209541339747
gamma2_skew,42112,cohen,0.6459198380294124,1.7211762619720066
gamma2_skew,42112,cohen_stable,0.9188417979076174,3.0411762619720077
gamma2_skew,42112,latentcp,0.9668436572134858,4.5778803185048345
gamma2_skew,42112,latentcp_tuned,0.9688438198569659,4.70805158282313
gamma2_skew,42112,latentcp_multi,0.9640525468844785,4.442054608765856
gamma2_skew,42112,latentcp_pac,0.99538899595499,7.809224330095436
gamma2_skew,42113,cohen,0.906089012301275,2.7905719481781053
gamma2_skew,42113,cohen_stable,0.9654935429146568,4.510571948178096
gamma2_skew,42113,latentcp,0.980330105915675,5.4495486082611055
gamma2_skew,42113,latentcp_tuned,0.9817866814692097,5.586159175124925
gamma2_skew,42113,latentcp_multi,0.9827162697151101,5.684522935274949
gamma2_skew,42113,latentcp_pac,0.9940796938509296,7.407851377736896
gamma2_skew,42114,cohen,0.8037623753602824,2.2285504692893614
gamma2_skew,42114,cohen_stable,0.8963203325627769,2.688550469289362
gamma2_skew,42114,latentcp,0.9670675664564208,4.58925510313701
gamma2_skew,42114,latentcp_tuned,0.9435976950266457,3.736536505410316
gamma2_skew,42114,latentcp_multi,0.944229867390374,3.7545025861052883
gamma2_skew,42114,latentcp_pac,0.9749087901885922,5.04499159043763
gamma2_skew,42115,cohen,0.8462752880731795,2.40151784231495
gamma2_skew,42115,cohen_stable,0.9432028237790291,3.661517842314951
gamma2_skew,42115,latentcp,0.9841705439820679,5.808201085201098
gamma2_skew,42115,latentcp_tuned,0.9801631767683496,5.461340725120307
gamma2_skew,42115,latentcp_multi,0.9787836630252688,5.837223203678167
gamma2_skew,42115,latentcp_pac,0.9908453386135816,6.703211474733508
gamma2_skew,42116,cohen,0.8218221578946964,2.298302503823174
gamma2_skew,42116,cohen_stable,0.8316382886300678,2.338302503823174
gamma2_skew,42116,latentcp,0.9676804823883088,4.620884723847181
gamma2_skew,42116,latentcp_tuned,0.9599649722981614,4.268406788039266
gamma2_skew,42116,latentcp_multi,0.9912505732456091,6.821297573923667
gamma2_skew,42116,latentcp_pac,0.9825717120331927,5.649546147295388
gamma2_skew,42117,cohen,0.8929366432805187,2.66147612789925
gamma2_skew,42117,cohen_stable,0.9267878649122495,3.2214761278992503
gamma2_skew,42117,latentcp,0.9718993019528936,4.855668136473989
gamma2_skew,42117,latentcp_tuned,0.9643059027485326,4.463014196606863
gamma2_skew,42117,latentcp_multi,0.9795372212217267,5.448967480989007
gamma2_skew,42117,latentcp_pac,0.9784442662593495,5.297748892278576
gamma2_skew,42118,cohen,0.7609405072620876,2.0771033863001622
gamma2_skew,42118,cohen_stable,0.8661573769002378,2.4971033863001626
gamma2_skew,42118,latentcp,0.9789219836786994,5.334946376112563
gamma2_skew,42118,latentcp_tuned,0.979352472991229,5.384365146578461
gamma2_skew,42118,latentcp_multi,0.9804455690367864,5.459684172991042
gamma2_skew,42118,latentcp_pac,0.9977963005187397,8.984997404557678
gamma2_skew,42119,cohen,0.8956853494578139,2.6832712628571445
gamma2_skew,42119,cohen_stable,0.9571374008289247,4.143271262857143
gamma2_skew,42119,latentcp,0.9727165094889393,4.905131148432946
gamma2_skew,42119,latentcp_tuned,0.9937495968946117,7.42686627856837
gamma2_skew,42119,latentcp_multi,0.9937495968946117,7.42686627856837
gamma2_skew,42119,latentcp_pac,0.9819889667916695,5.595260241221655
gamma2_skew,42120,cohen,0.7586642751420187,2.0694631405028687
gamma2_skew,42120,cohen_stable,0.9073453234138278,2.8094631405028694
gamma2_skew,42120,latentcp,0.9767213723527961,5.169930998901982
gamma2_skew,42120,latentcp_tuned,0.9731295667770153,4.956684593327188
gamma2_skew,42120,latentcp_multi,0.9854118647471577,5.955444089363058
gamma2_skew,42120,latentcp_pac,0.9919771488152594,6.917216965675427
gamma2_skew,42121,cohen,0.8384819167102657,2.367263953439454
gamma2_skew,42121,cohen_stable,0.8475495918335171,2.407263953439454
gamma2_skew,42121,latentcp,0.9769810766863742,5.188615093055127
gamma2_skew,42121,latentcp_tuned,0.9804217465134394,5.553987409238974
gamma2_skew,42121,latentcp_multi,0.9785365622002475,5.305506744112981
gamma2_skew,42121,latentcp_pac,0.9914011523423232,6.8048521248460725
gamma2_skew,42122,cohen,0.814644170494824,2.270040778030145
gamma2_skew,42122,cohen_stable,0.8525044606986141,2.430040778030145
gamma2_skew,42122,latentcp,0.9672654029488852,4.599415160211582
gamma2_skew,42122,latentcp_tuned,0.9614991412212606,4.326108772974809
gamma2_skew,42122,latentcp_multi,0.7676627519434099,2.2269530249175142
gamma2_skew,42122,latentcp_pac,0.9894659592670876,6.474909331701701
gamma2_skew,42123,cohen,0.7849630464019842,2.1600522591505698
gamma2_skew,42123,cohen_stable,0.884131782933271,2.60005225915057
gamma2_skew,42123,latentcp,0.9745848004068858,5.023584015076446
gamma2_skew,42123,latentcp_tuned,0.9791810595492185,5.364384423887574
gamma2_skew,42123,latentcp_multi,0.9559094424341676,4.0956769926345125
gamma2_skew,42123,latentcp_pac,0.9956348178694515,7.896961122196016
gamma2_skew,42124,cohen,0.8328394943833614,2.3433172783672926
gamma2_skew,42124,cohen_stable,0.8230752215079018,2.3033172783672926
gamma2_skew,42124,latentcp,0.9649924241852145,4.486251361942954
gamma2_skew,42124,latentcp_tuned,0.9728577838767947,4.977600317351877
gamma2_skew,42124,latentcp_multi,0.9727274037523209,4.915334525450743
gamma2_skew,42124,latentcp_pac,0.9838229242754013,5.772352904080423
gamma2_skew,42125,cohen,0.8739575837923809,2.539147644370237
gamma2_skew,42125,cohen_stable,0.9390281328100885,3.539147644370238
gamma2_skew,42125,latentcp,0.9807125710731157,5.482053255715323
gamma2_skew,42125,latentcp_tuned,0.982165805829473,5.612229249403614
gamma2_skew,42125,latentcp_multi,0.9831620705402265,5.718845792508632
gamma2_skew,42125,latentcp_pac,0.9906231382385547,6.664241794581082
gamma2_skew,42126,cohen,0.8502543803184249,2.4196089488180306
gamma2_skew,42126,cohen_stable,0.9555041848301536,4.079608948818031
gamma2_skew,42126,latentcp,0.9812066782994587,5.5249836232856255
gamma2_skew,42126,latentcp_tuned,0.9631442812586394,4.457347723493474
gamma2_skew,42126,latentcp_multi,0.9631442812586394,4.457347723493474
gamma2_skew,42126,latentcp_pac,0.9841742520816215,5.808499754469835
gamma2_skew,42127,cohen,0.777902269999722,2.1351972950926847
gamma2_skew,42127,cohen_stable,0.8618563924459439,2.475197295092685
gamma2_skew,42127,latentcp,0.9689561309291633,4.688631056023276
gamma2_skew,42127,latentcp_tuned,0.9859137989802388,6.082206168197425
gamma2_skew,42127,latentcp_multi,0.9651115126436506,4.495144793537964
gamma2_skew,42127,latentcp_pac,0.9879897007857427,6.26090803474243
gamma2_skew,42128,cohen,0.7394792106285648,2.006333849988346
gamma2_skew,42128,cohen_stable,0.8786689500815085,2.5663338499883466
gamma2_skew,42128,latentcp,0.9675490097441439,4.614059723496599
gamma2_skew,42128,latentcp_tuned,0.9781929444133263,5.2917270737501525
gamma2_skew,42128,latentcp_multi,0.980424886066271,5.547830632739086
gamma2_skew,42128,latentcp_pac,0.9876830742255841,6.219695884255695
gamma2_skew,42129,cohen,0.7683612621721271,2.1022577305547654
gamma2_skew,42129,cohen_stable,0.9702887532798355,4.762257730554751
gamma2_skew,42129,latentcp,0.978519570087066,5.30356096880579
gamma2_skew,42129,latentcp_tuned,0.9786359989023834,5.313289739938993
gamma2_skew,42129,latentcp_multi,0.980068476624235,5.428382666835153
gamma2_skew,42129,latentcp_pac,0.9934033884607778,7.233562633495909
gamma2_skew,42130,cohen,0.8766449650358021,2.5544644839945625
gamma2_skew,42130,cohen_stable,0.9297906361417209,3.294464483994563
gamma2_skew,42130,latentcp,0.968907506399146,4.685991994879178
gamma2_skew,42130,latentcp_tuned,0.9711180668058946,4.810282247308546
gamma2_skew,42130,latentcp_multi,0.9845555512319777,5.9335757155572555
gamma2_skew,42130,latentcp_pac,0.9870037282866788,6.131844513891075
gamma2_skew,42131,cohen,0.7894709541574381,2.176153571617237
gamma2_skew,42131,cohen_stable,0.8538076133032735,2.436153571617237
gamma2_skew,42131,latentcp,0.9838246389417667,5.772527431564558
gamma2_skew,42131,latentcp_tuned,0.976997754576938,5.267084579814374
gamma2_skew,42131,latentcp_multi,0.9865198099914473,6.072623886125933
gamma2_skew,42131,latentcp_pac,0.9902140516978932,6.594821546398716
gamma2_skew,42132,cohen,0.9222574962814312,3.1165427948963527
gamma2_skew,42132,cohen_stable,0.9672098024837269,4.596542794896341
gamma2_skew,42132,latentcp,0.9850285886382377,5.899765975778268
gamma2_skew,42132,latentcp_tuned,0.9861221726768267,6.024789845835053
gamma2_skew,42132,latentcp_multi,0.9831978440719296,5.710383487064355
gamma2_skew,42132,latentcp_pac,0.9951859526596986,7.7401539672173945
gamma2_skew,42133,cohen,0.8393612202123213,2.371057014852237
gamma2_skew,42133,cohen_stable,0.8827166528030124,2.5910570148522374
gamma2_skew,42133,latentcp,0.9782292101364319,5.281266468001609
gamma2_skew,42133,latentcp_tuned,0.9760643462422306,5.152379254243618
gamma2_skew,42133,latentcp_multi,0.955838917611164,4.119604306237611
gamma2_skew,42133,latentcp_pac,0.9949189148227486,7.653546735390097
gamma2_skew,42134,cohen,0.7716110043882334,2.1133983685205746
gamma2_skew,42134,cohen_stable,0.815507107449313,2.2733983685205748
gamma2_skew,42134,latentcp,0.971098471195287,4.8085943482547995
gamma2_skew,42134,latentcp_tuned,0.9761961756707239,5.145500248696333
gamma2_skew,42134,latentcp_multi,0.9734333712768699,5.035431275063604
gamma2_skew,42134,latentcp_pac,0.9881195317107511,6.27866773975312
gamma2_skew,42135,cohen,0.8250294457497461,2.3111892813434296
gamma2_skew,42135,cohen_stable,0.9202186319903078,3.0711892813434303
gamma2_skew,42135,latentcp,0.9688931986046477,4.685308696223515
gamma2_skew,42135,latentcp_tuned,0.9691041965187058,4.716074609307246
gamma2_skew,42135,latentcp_multi,0.9606670970921404,4.28980939615599
gamma2_skew,42135,latentcp_pac,0.9889046144562766,6.390276187393296
gamma2_skew,42136,cohen,0.6538318473483313,1.744236841926543
gamma2_skew,42136,cohen_stable,0.7972043875053825,2.2042368419265435
gamma2_skew,42136,latentcp,0.9741106128381337,4.992724021491191
gamma2_skew,42136,latentcp_tuned,0.968874529950087,4.750777655416326
gamma2_skew,42136,latentcp_multi,0.9760656170602098,5.1242374021150985
gamma2_skew,42136,latentcp_pac,0.9867632292425088,6.101813364519658
gamma2_skew,42137,cohen,0.8622814578621234,2.477327054863151
gamma2_skew,42137,cohen_stable,0.9065590444394716,2.7973270548631515
gamma2_skew,42137,latentcp,0.9564494356522586,4.116176264626612
gamma2_skew,42137,latentcp_tuned,0.9750189517667855,5.112679906320277
gamma2_skew,42137,latentcp_multi,0.9404018525908566,3.587565280344744
gamma2_skew,42137,latentcp_pac,0.9674135437580005,4.607035132446348
gamma2_skew,42138,cohen,0.8253914936117904,2.3126546803381887
gamma2_skew,42138,cohen_stable,0.9047319441160697,2.772654680338189
gamma2_skew,42138,latentcp,0.9782461342221105,5.282555357574373
gamma2_skew,42138,latentcp_tuned,0.992134496231472,6.94977838717925
gamma2_skew,42138,latentcp_multi,0.9580313181913641,4.19669762324158
gamma2_skew,42138,latentcp_pac,0.9946854182723133,7.581404547479611
gamma2_skew,42139,cohen,0.7486197991685906,2.036141644210969
gamma2_skew,42139,cohen_stable,0.9014835522969864,2.73614164421097
gamma2_skew,42139,latentcp,0.9792258715395422,5.359036571960278
gamma2_skew,42139,latentcp_tuned,0.9990089397455432,10.33000850270926
gamma2_skew,42139,latentcp_multi,0.9813826811559467,5.552887332298128
gamma2_skew,42139,latentcp_pac,0.998157614573646,9.268209219858303
gamma2_skew,42140,cohen,0.9148347701512682,2.9564804819809836
gamma2_skew,42140,cohen_stable,0.9345515755566559,3.416480481980984
gamma2_skew,42140,latentcp,0.9785034274004476,5.302311983939016
gamma2_skew,42140,latentcp_tuned,0.9780276729154294,5.266633967579873
gamma2_skew,42140,latentcp_multi,0.9780276729154294,5.266633967579873
gamma2_skew,42140,latentcp_pac,0.9960150456440989,8.042723747462114
gamma2_skew,42141,cohen,0.7422483041656684,2.0153151307130406
gamma2_skew,42141,cohen_stable,0.8108278455489881,2.255315130713041
gamma2_skew,42141,latentcp,0.9760444953718107,5.12220586811825
gamma2_skew,42141,latentcp_tuned,0.9719543842211437,4.908742910714253
gamma2_skew,42141,latentcp_multi,0.9624922588478346,4.4186729871788435
gamma2_skew,42141,latentcp_pac,0.9845054683506405,5.843299855676972
gamma2_skew,42142,cohen,0.8150121454600394,2.2714712407559743
gamma2_skew,42142,cohen_stable,0.8201051009446366,2.2914712407559743
gamma2_skew,42142,latentcp,0.9681794597800619,4.647059422255576
gamma2_skew,42142,latentcp_tuned,0.9524880466181692,3.978331085983959
gamma2_skew,42142,latentcp_multi,0.9783705239531125,5.302087555618206
gamma2_skew,42142,latentcp_pac,0.9845475327974594,5.8477712945990605
gamma2_skew,42143,cohen,0.8765206706254696,2.5537452737896222
gamma2_skew,42143,cohen_stable,0.9127430035476164,2.9137452737896226
gamma2_skew,42143,latentcp,0.970116147734828,4.752538746640798
gamma2_skew,42143,latentcp_tuned,0.973172243883677,4.9561597582826336
gamma2_skew,42143,latentcp_multi,0.9485329419789376,3.8410949072464313
gamma2_skew,42143,latentcp_pac,0.9791996368421045,5.356943433287774
gamma2_skew,42144,cohen,0.6467183394797951,1.7234968959477879
gamma2_skew,42144,cohen_stable,0.6938632025116938,1.863496895947788
gamma2_skew,42144,latentcp,0.9714134021530054,4.826953102053503
gamma2_skew,42144,latentcp_tuned,0.9947480576330622,7.668608208936014
gamma2_skew,42144,latentcp_multi,0.9757754933271114,5.1242111549029055
gamma2_skew,42144,latentcp_pac,0.9917086040110816,6.863879402482218
gamma2_skew,42145,cohen,0.816539589714298,2.2774295827720192
gamma2_skew,42145,cohen_stable,0.913908173090431,2.93742958277202
gamma2_skew,42145,latentcp,0.9780915466570275,5.270793890593394
gamma2_skew,42145,latentcp_tuned,0.9785425520315796,5.313772498998782
gamma2_skew,42145,latentcp_multi,0.9954869436077785,7.902693267041134
gamma2_skew,42145,latentcp_pac,0.9936454412378435,7.293839583027413
gamma2_skew,42146,cohen,0.727661050825541,1.9684467505789573
gamma2_skew,42146,cohen_stable,0.9379358611439294,3.5084467505789587
gamma2_skew,42146,latentcp,0.9805925861044084,5.471788678694487
gamma2_skew,42146,latentcp_tuned,0.9868878907026984,6.143601403375323
gamma2_skew,42146,latentcp_multi,0.9877924782521397,6.260633670513839
gamma2_skew,42146,latentcp_pac,0.9912518601439618,6.776930463271638
gamma2_skew,42147,cohen,0.8784473307448114,2.5650192570413477
gamma2_skew,42147,cohen_stable,0.9226330624789166,3.125019257041348
gamma2_skew,42147,latentcp,0.9831515182767805,5.705350112961789
gamma2_skew,42147,latentcp_tuned,0.9942837936797325,7.4787255420072265
gamma2_skew,42147,latentcp_multi,0.9808609018621469,5.5247684502574215
gamma2_skew,42147,latentcp_pac,0.9960115956362793,8.041340692312446
gamma2_skew,42148,cohen,0.8130099614429831,2.263710757962498
gamma2_skew,42148,cohen_stable,0.9419429823429835,3.6237107579624994
gamma2_skew,42148,latentcp,0.9737849949127154,4.9718505962501105
gamma2_skew,42148,latentcp_tuned,0.9768754025896836,5.192243897001471
gamma2_skew,42148,latentcp_multi,0.9768754025896836,5.192243897001471
gamma2_skew,42148,latentcp_pac,0.9909214053734349,6.716749190047545
gamma2_skew,42149,cohen,0.8763394067977207,2.552698360302513
gamma2_skew,42149,cohen_stable,0.9116951677999703,2.8926983603025134
gamma2_skew,42149,latentcp,0.9695435721268021,4.720681235763201
gamma2_skew,42149,latentcp_tuned,0.9716329135474493,4.840423990793889
gamma2_skew,42149,latentcp_multi,0.9475419723711705,3.808054930763036
gamma2_skew,42149,latentcp_pac,0.9815687853579794,5.557147678905022
trunc_laplace,43000,cohen,0.6831834428275796,1.9456949586896886
trunc_laplace,43000,cohen_stable,0.9593806970507519,4.325694958689684
trunc_laplace,43000,latentcp,1.0,5.358041548625686
trunc_laplace,43000,latentcp_tuned,1.0,6.080542078838
trunc_laplace,43000,latentcp_multi,1.0,8.593399244458034
trunc_laplace,43000,latentcp_pac,1.0,8.224050326969463
trunc_laplace,43001,cohen,0.8006453045572801,2.6360885576262976
trunc_laplace,43001,cohen_stable,0.8628534536202972,3.136088557626298
trunc_laplace,43001,latentcp,0.9688512132894666,4.494654942162502
trunc_laplace,43001,latentcp_tuned,0.9072005069703682,3.6415993849140187
trunc_laplace,43001,latentcp_multi,0.9072005069703682,3.6415993849140187
trunc_laplace,43001,latentcp_pac,0.9771722715054191,4.656485888175047
trunc_laplace,43002,cohen,0.6448524726415625,1.7652627925617903
trunc_laplace,43002,cohen_stable,0.9457014828351296,4.10526279256179
trunc_laplace,43002,latentcp,0.9974053093384139,5.118520314846701
trunc_laplace,43002,latentcp_tuned,0.9340431997199345,3.9973832451783813
trunc_laplace,43002,latentcp_multi,0.8550663241074566,3.1570538635505336
trunc_laplace,43002,latentcp_pac,1.0,5.308599613699746
trunc_laplace,43003,cohen,0.7612955877656222,2.3761333899256343
trunc_laplace,43003,cohen_stable,0.9221139084448207,3.7761333899256355
trunc_laplace,43003,latentcp,0.9821324850560174,4.759879996944116
trunc_laplace,43003,latentcp_tuned,1.0,6.771040713397748
trunc_laplace,43003,latentcp_multi,0.9766267685830908,4.654646069074075
trunc_laplace,43003,latentcp_pac,1.0,5.308041964058026
trunc_laplace,43004,cohen,0.6917028468799762,1.9882130011889187
trunc_laplace,43004,cohen_stable,0.8264844393208977,2.8282130011889195
trunc_laplace,43004,latentcp,0.9821968238485274,4.761261484139761
trunc_laplace,43004,latentcp_tuned,0.9992804299856719,5.430132107127701
trunc_laplace,43004,latentcp_multi,0.9999251389299082,6.882755261210496
trunc_laplace,43004,latentcp_pac,1.0,5.973610181229637
trunc_laplace,43005,cohen,0.8248065271902123,2.815135303468427
trunc_laplace,43005,cohen_stable,0.853848985549092,3.055135303468427
trunc_laplace,43005,latentcp,0.9805459234396562,4.726198478456153
trunc_laplace,43005,latentcp_tuned,0.9992729670334507,6.1040872508474235
trunc_laplace,43005,latentcp_multi,0.9510104659647249,4.197624057694455
trunc_laplace,43005,latentcp_pac,1.0,5.442395676782043
trunc_laplace,43006,cohen,0.7511099679328614,2.314216833849452
trunc_laplace,43006,cohen_stable,0.9551161130871781,4.254216833849449
trunc_laplace,43006,latentcp,1.0,5.32733594317756
trunc_laplace,43006,latentcp_tuned,0.999847640671549,6.734589788017731
trunc_laplace,43006,latentcp_multi,0.993154644946742,5.03070144448791
trunc_laplace,43006,latentcp_pac,1.0,6.557158846378902
trunc_laplace,43007,cohen,0.7746859404835269,2.4606970057171593
trunc_laplace,43007,cohen_stable,0.9467113127817719,4.120697005717158
trunc_laplace,43007,latentcp,0.9959696320952081,5.081802469187947
trunc_laplace,43007,latentcp_tuned,0.9892967721535733,4.997868574778288
trunc_laplace,43007,latentcp_multi,0.9950666922840941,5.060442401621106
trunc_laplace,43007,latentcp_pac,1.0,7.22622954076267
trunc_laplace,43008,cohen,0.8161477807524435,2.749031069659176
trunc_laplace,43008,cohen_stable,0.9405928126994088,4.029031069659177
trunc_laplace,43008,latentcp,1.0,6.5671695379661434
trunc_laplace,43008,latentcp_tuned,1.0,9.066878450416283
trunc_laplace,43008,latentcp_multi,1.0,7.031649666171965
trunc_laplace,43008,latentcp_pac,1.0,9.61562791391753
trunc_laplace,43009,cohen,0.8091515868063466,2.697235509894761
trunc_laplace,43009,cohen_stable,0.9477844106201894,4.13723550989476
trunc_laplace,43009,latentcp,0.9962760071328165,5.0895824927758255
trunc_laplace,43009,latentcp_tuned,0.9987878757380053,5.330422999531522
trunc_laplace,43009,latentcp_multi,0.9990909434904668,6.223618801708136
trunc_laplace,43009,latentcp_pac,1.0,6.203829347878666
trunc_laplace,43010,cohen,0.7156443415097429,2.1130074565762373
trunc_laplace,43010,cohen_stable,0.8646877994565338,3.1530074565762383
trunc_laplace,43010,latentcp,0.9674514875949127,4.468988489532899
trunc_laplace,43010,latentcp_tuned,0.9220743427624181,3.8078344002914823
trunc_laplace,43010,latentcp_multi,0.9980818406761783,5.261449805424034
trunc_laplace,43010,latentcp_pac,1.0,5.88388178936227
trunc_laplace,43011,cohen,0.7450698643543809,2.2784227880881582
trunc_laplace,43011,cohen_stable,0.7981368512709537,2.6184227880881585
trunc_laplace,43011,latentcp,0.9935242166812741,5.020834148667992
trunc_laplace,43011,latentcp_tuned,0.9993990711361542,5.368715878395626
trunc_laplace,43011,latentcp_multi,0.9443444303661319,4.085169461445943
trunc_laplace,43011,latentcp_pac,1.0,7.113932860224886
trunc_laplace,43012,cohen,0.7624500069729057,2.3832787247173552
trunc_laplace,43012,cohen_stable,0.8992445195737175,3.5032787247173562
trunc_laplace,43012,latentcp,0.9880815857908422,4.891734945923197
trunc_laplace,43012,latentcp_tuned,0.952136725606739,4.206292829832611
trunc_laplace,43012,latentcp_multi,0.997368367055565,5.392524579601423
trunc_laplace,43012,latentcp_pac,1.0,5.690611526491692
trunc_laplace,43013,cohen,0.7121715802657995,2.094394357855024
trunc_laplace,43013,cohen_stable,0.9423151292476215,4.054394357855025
trunc_laplace,43013,latentcp,1.0,5.408408686701429
trunc_laplace,43013,latentcp_tuned,0.9889875892871137,5.0468305832237546
trunc_laplace,43013,latentcp_multi,0.9889875892871137,5.0468305832237546
trunc_laplace,43013,latentcp_pac,1.0,6.08371504146546
trunc_laplace,43014,cohen,0.7394322385873906,2.2456061821897233
trunc_laplace,43014,cohen_stable,0.9259230970588779,3.8256061821897247
trunc_laplace,43014,latentcp,1.0,5.82726795745066
trunc_laplace,43014,latentcp_tuned,0.9884974893402493,4.91765135449269
trunc_laplace,43014,latentcp_multi,1.0,5.822936842052701
trunc_laplace,43014,latentcp_pac,1.0,7.083038227618357
trunc_laplace,43015,cohen,0.7233876639732841,2.155171958175902
trunc_laplace,43015,cohen_stable,0.9563828673768522,4.275171958175898
trunc_laplace,43015,latentcp,1.0,5.467666091317037
trunc_laplace,43015,latentcp_tuned,0.9645736781853173,4.476262794138942
trunc_laplace,43015,latentcp_multi,0.9472036229777546,4.1885815189010005
trunc_laplace,43015,latentcp_pac,1.0,5.7554101391453845
trunc_laplace,43016,cohen,0.7031856990358214,2.0470545924129473
trunc_laplace,43016,cohen_stable,0.9594602857872827,4.327054592412942
trunc_laplace,43016,latentcp,1.0,5.251423491391981
trunc_laplace,43016,latentcp_tuned,1.0,6.05001141391547
trunc_laplace,43016,latentcp_multi,0.9999521136047576,5.895562354042039
trunc_laplace,43016,latentcp_pac,1.0,6.53593988201922
trunc_laplace,43017,cohen,0.7622762313146922,2.382201427801132
trunc_laplace,43017,cohen_stable,0.9225864260083294,3.7822014278011333
trunc_laplace,43017,latentcp,1.0,5.667390537945122
trunc_laplace,43017,latentcp_tuned,1.0,5.845056924976025
trunc_laplace,43017,latentcp_multi,0.9440543555022709,4.092663276207821
trunc_laplace,43017,latentcp_pac,1.0,6.428304272254052
trunc_laplace,43018,cohen,0.7475632211301944,2.293117688429906
trunc_laplace,43018,cohen_stable,0.8668472005730252,3.173117688429907
trunc_laplace,43018,latentcp,0.9756948474126542,4.626737502656414
trunc_laplace,43018,latentcp_tuned,0.9613755116554387,4.4214541646202505
trunc_laplace,43018,latentcp_multi,0.9870487745595461,4.877399299583991
trunc_laplace,43018,latentcp_pac,1.0,5.395451446699984
trunc_laplace,43019,cohen,0.6459808820989643,1.7703389176462672
trunc_laplace,43019,cohen_stable,0.8343009379220887,2.890338917646268
trunc_laplace,43019,latentcp,0.9825560972337283,4.768974023370245
trunc_laplace,43019,latentcp_tuned,0.9814403203390684,4.7796012277214635
trunc_laplace,43019,latentcp_multi,0.9329564303208899,3.9408529880699477
trunc_laplace,43019,latentcp_pac,1.0,7.505923609113725
trunc_laplace,43020,cohen,0.7055707737927555,2.0595062364068184
trunc_laplace,43020,cohen_stable,0.9529871309994995,4.219506236406816
trunc_laplace,43020,latentcp,1.0,5.939915589837778
trunc_laplace,43020,latentcp_tuned,1.0,6.350808179274959
trunc_laplace,43020,latentcp_multi,1.0,8.262568833899744
trunc_laplace,43020,latentcp_pac,1.0,7.0293207126757675
trunc_laplace,43021,cohen,0.728415642670992,2.183055681839199
trunc_laplace,43021,cohen_stable,0.8333976331978423,2.8830556818391995
trunc_laplace,43021,latentcp,0.9911259940019119,4.962871741778623
trunc_laplace,43021,latentcp_tuned,0.9941904212339941,5.038162541696894
trunc_laplace,43021,latentcp_multi,0.9813680180221087,4.7441697933596725
trunc_laplace,43021,latentcp_pac,1.0,8.40662166769121
trunc_laplace,43022,cohen,0.709930656660557,2.0824787962733096
trunc_laplace,43022,cohen_stable,0.9591922081010016,4.3224787962733044
trunc_laplace,43022,latentcp,1.0,5.308466144154132
trunc_laplace,43022,latentcp_tuned,0.9998688876692542,6.989683992784881
trunc_laplace,43022,latentcp_multi,0.9998688876692542,6.989683992784881
trunc_laplace,43022,latentcp_pac,1.0,5.907353266397462
trunc_laplace,43023,cohen,0.711345039442735,2.0899908062235553
trunc_laplace,43023,cohen_stable,0.808157868805631,2.689990806223556
trunc_laplace,43023,latentcp,0.9563014514616095,4.273911733442897
trunc_laplace,43023,latentcp_tuned,0.8725042350008693,3.3654672244756343
trunc_laplace,43023,latentcp_multi,0.9418980022606059,4.061693585316078
trunc_laplace,43023,latentcp_pac,0.9796803170069284,4.708094200743888
trunc_laplace,43024,cohen,0.775199118797961,2.464013254825344
trunc_laplace,43024,cohen_stable,0.8100778613119759,2.704013254825344
trunc_laplace,43024,latentcp,1.0,5.263196819395866
trunc_laplace,43024,latentcp_tuned,0.9773502850847932,4.71373039172282
trunc_laplace,43024,latentcp_multi,0.895523001327126,3.5108061446625967
trunc_laplace,43024,latentcp_pac,1.0,5.510657051140101
trunc_laplace,43025,cohen,0.7718779713699022,2.4426522690633474
trunc_laplace,43025,cohen_stable,0.8501276428382161,3.022652269063348
trunc_laplace,43025,latentcp,0.9648324654739111,4.421135620903107
trunc_laplace,43025,latentcp_tuned,0.950250379879478,4.1763206909201775
trunc_laplace,43025,latentcp_multi,0.9866183706101512,5.008467564827811
trunc_laplace,43025,latentcp_pac,1.0,5.996879583405277
trunc_laplace,43026,cohen,0.7948843451723322,2.595756720120646
trunc_laplace,43026,cohen_stable,0.95520967247425,4.255756720120642
trunc_laplace,43026,latentcp,1.0,5.20385268927358
trunc_laplace,43026,latentcp_tuned,0.9727974081146982,4.578058364235475
trunc_laplace,43026,latentcp_multi,0.9786057053158989,4.694104164585482
trunc_laplace,43026,latentcp_pac,1.0,5.886376119855897
trunc_laplace,43027,cohen,0.7540215686956755,2.3317128024911034
trunc_laplace,43027,cohen_stable,0.947427099593356,4.131712802491102
trunc_laplace,43027,latentcp,0.9906333497416109,4.951177017950367
trunc_laplace,43027,latentcp_tuned,0.9996940651093303,6.617671688545279
trunc_laplace,43027,latentcp_multi,0.9735272624452933,4.584425996299354
trunc_laplace,43027,latentcp_pac,1.0,7.668857424750734
trunc_laplace,43028,cohen,0.8103130655062212,2.7057381141574317
trunc_laplace,43028,cohen_stable,0.9361941622712022,3.965738114157433
trunc_laplace,43028,latentcp,1.0,5.47199538090925
trunc_laplace,43028,latentcp_tuned,0.9990303504520492,5.401692921157779
trunc_laplace,43028,latentcp_multi,1.0,7.448449460586682
trunc_laplace,43028,latentcp_pac,1.0,6.89736258427807
trunc_laplace,43029,cohen,0.8105796027284979,2.707694630098701
trunc_laplace,43029,cohen_stable,0.9904861361564468,4.947694630098682
trunc_laplace,43029,latentcp,1.0,5.448548222003648
trunc_laplace,43029,latentcp_tuned,0.9993361197080989,5.952680181326202
trunc_laplace,43029,latentcp_multi,0.9998436136754275,5.577431823709196
trunc_laplace,43029,latentcp_pac,1.0,6.150972907022323
trunc_laplace,43030,cohen,0.7509346786616649,2.3131685885674718
trunc_laplace,43030,cohen_stable,0.929493686861373,3.873168588567473
trunc_laplace,43030,latentcp,0.9977977413152451,5.1286814138768335
trunc_laplace,43030,latentcp_tuned,0.9332952603949879,4.006289586154883
trunc_laplace,43030,latentcp_multi,0.9332952603949879,4.006289586154883
trunc_laplace,43030,latentcp_pac,1.0,5.609233508642279
trunc_laplace,43031,cohen,0.8424744912878355,2.957530225561215
trunc_laplace,43031,cohen_stable,0.9528647685953069,4.2175302255612115
trunc_laplace,43031,latentcp,1.0,5.299103999017967
trunc_laplace,43031,latentcp_tuned,1.0,5.622583193680964
trunc_laplace,43031,latentcp_multi,1.0,6.274787240921663
trunc_laplace,43031,latentcp_pac,1.0,6.827211126891676
trunc_laplace,43032,cohen,0.7773524847885169,2.4779915548640967
trunc_laplace,43032,cohen_stable,0.8797606854789775,3.2979915548640975
trunc_laplace,43032,latentcp,0.9935370744728633,5.021149708681166
trunc_laplace,43032,latentcp_tuned,0.990530931583459,5.107042625552249
trunc_laplace,43032,latentcp_multi,0.9125944706026212,3.712505568070075
trunc_laplace,43032,latentcp_pac,1.0,5.717834480191016
trunc_laplace,43033,cohen,0.8154273506055394,2.743632360148387
trunc_laplace,43033,cohen_stable,0.8700808608424926,3.2036323601483874
trunc_laplace,43033,latentcp,0.9909602370476907,4.958927203228613
trunc_laplace,43033,latentcp_tuned,0.9988729923764579,5.915932243968296
trunc_laplace,43033,latentcp_multi,0.9748374188331017,4.610152258406787
trunc_laplace,43033,latentcp_pac,1.0,5.794474910703151
trunc_laplace,43034,cohen,0.8461896040103438,2.9888666617181197
trunc_laplace,43034,cohen_stable,0.9737806179724746,4.588866661718108
trunc_laplace,43034,latentcp,1.0,5.54884545295869
trunc_laplace,43034,latentcp_tuned,0.9999254520907127,5.5980981187866
trunc_laplace,43034,latentcp_multi,1.0,5.675830061714434
trunc_laplace,43034,latentcp_pac,1.0,6.313811089009797
trunc_laplace,43035,cohen,0.6974426294320952,2.0173996730439256
trunc_laplace,43035,cohen_stable,0.9612219860498774,4.35739967304392
trunc_laplace,43035,latentcp,1.0,5.963389192139205
trunc_laplace,43035,latentcp_tuned,1.0,6.090239740508016
trunc_laplace,43035,latentcp_multi,1.0,7.531885901007665
trunc_laplace,43035,latentcp_pac,1.0,6.8012092100290396
trunc_laplace,43036,cohen,0.8140325638566865,2.7332232092829827
trunc_laplace,43036,cohen_stable,0.8832545232814382,3.333223209282983
trunc_laplace,43036,latentcp,0.9972861757626335,5.115446334045114
trunc_laplace,43036,latentcp_tuned,0.9860414857845402,4.856548595657173
trunc_laplace,43036,latentcp_multi,0.9727159246282239,4.578983713283763
trunc_laplace,43036,latentcp_pac,1.0,5.39331830611601
trunc_laplace,43037,cohen,0.7279489918782125,2.180450632872802
trunc_laplace,43037,cohen_stable,0.8878383747177367,3.3804506328728032
trunc_laplace,43037,latentcp,0.9737255188429632,4.58778827878099
trunc_laplace,43037,latentcp_tuned,0.9999793093976108,5.798602668184144
trunc_laplace,43037,latentcp_multi,0.9998428129461511,5.532260616381812
trunc_laplace,43037,latentcp_pac,1.0,6.300434972293644
trunc_laplace,43038,cohen,0.6853093801354888,1.9562169849210873
trunc_laplace,43038,cohen_stable,0.9173670586795046,3.716216984921089
trunc_laplace,43038,latentcp,1.0,5.389911224132731
trunc_laplace,43038,latentcp_tuned,1.0,5.8011810429290955
trunc_laplace,43038,latentcp_multi,1.0,5.857497736843959
trunc_laplace,43038,latentcp_pac,1.0,6.316265681192527
trunc_laplace,43039,cohen,0.8139007633029678,2.732242511076946
trunc_laplace,43039,cohen_stable,0.8831581359091762,3.3322425110769465
trunc_laplace,43039,latentcp,0.9722367265721037,4.558859254703823
trunc_laplace,43039,latentcp_tuned,0.9544138991877157,4.251102207476866
trunc_laplace,43039,latentcp_multi,0.8890737716921919,3.452173189777927
trunc_laplace,43039,latentcp_pac,0.9953529411958473,5.06624328821587
trunc_laplace,43040,cohen,0.7661382590977492,2.406287428724209
trunc_laplace,43040,cohen_stable,0.802083006743137,2.646287428724209
trunc_laplace,43040,latentcp,0.9980849827132139,5.136151482793121
trunc_laplace,43040,latentcp_tuned,0.9778307535704387,4.735629625344377
trunc_laplace,43040,latentcp_multi,0.9778307535704387,4.735629625344377
trunc_laplace,43040,latentcp_pac,1.0,6.082117706556139
trunc_laplace,43041,cohen,0.6346933083128063,1.7201571644832976
trunc_laplace,43041,cohen_stable,0.8544186975353196,3.0601571644832988
trunc_laplace,43041,latentcp,0.9728232727709739,4.570205677337617
trunc_laplace,43041,latentcp_tuned,0.964637014016308,4.418194687759419
trunc_laplace,43041,latentcp_multi,0.9443988883403598,4.086065960146005
trunc_laplace,43041,latentcp_pac,1.0,6.861128116790768
trunc_laplace,43042,cohen,0.8593467194346376,3.1041542424788844
trunc_laplace,43042,cohen_stable,0.9288237495583496,3.864154242478885
trunc_laplace,43042,latentcp,0.9841945601019373,4.804559958527547
trunc_laplace,43042,latentcp_tuned,0.9737986038012513,4.647307965709973
trunc_laplace,43042,latentcp_multi,0.9473951607382449,4.184283288047737
trunc_laplace,43042,latentcp_pac,1.0,5.522847557985909
trunc_laplace,43043,cohen,0.8106674729775447,2.7083400792940675
trunc_laplace,43043,cohen_stable,0.9215048463920938,3.7683400792940684
trunc_laplace,43043,latentcp,1.0,5.575983898221308
trunc_laplace,43043,latentcp_tuned,0.969355124679353,4.578051549027813
trunc_laplace,43043,latentcp_multi,0.9855543927786921,4.962094529882373
trunc_laplace,43043,latentcp_pac,1.0,5.902770802518264
trunc_laplace,43044,cohen,0.763911247664002,2.3923614971871614
trunc_laplace,43044,cohen_stable,0.8295528554616367,2.852361497187162
trunc_laplace,43044,latentcp,1.0,5.495906179902155
trunc_laplace,43044,latentcp_tuned,0.9867015591671244,5.0050176893130205
trunc_laplace,43044,latentcp_multi,0.9049413034808511,3.6389455268992204
trunc_laplace,43044,latentcp_pac,1.0,6.341748945508146
trunc_laplace,43045,cohen,0.7351221367478602,2.220890542445822
trunc_laplace,43045,cohen_stable,0.8177232625948259,2.7608905424458223
trunc_laplace,43045,latentcp,1.0,5.517882801504786
trunc_laplace,43045,latentcp_tuned,0.9981157652087189,5.771499039371061
trunc_laplace,43045,latentcp_multi,0.9981157652087189,5.771499039371061
trunc_laplace,43045,latentcp_pac,1.0,5.874903917165305
trunc_laplace,43046,cohen,0.6882404795493176,1.9708193852737268
trunc_laplace,43046,cohen_stable,0.9169321084791995,3.7108193852737283
trunc_laplace,43046,latentcp,0.9563426848183959,4.274504058310462
trunc_laplace,43046,latentcp_tuned,0.984093862592232,4.809619981494086
trunc_laplace,43046,latentcp_multi,0.9455662747896373,4.10399749712049
trunc_laplace,43046,latentcp_pac,1.0,5.306716621805166
trunc_laplace,43047,cohen,0.719783165744067,2.135429079872845
trunc_laplace,43047,cohen_stable,0.7860378246157871,2.5354290798728454
trunc_laplace,43047,latentcp,0.9690932452438377,4.4991743620018765
trunc_laplace,43047,latentcp_tuned,0.9752656760317884,4.625254993375997
trunc_laplace,43047,latentcp_multi,0.9752656760317884,4.625254993375997
trunc_laplace,43047,latentcp_pac,1.0,5.759470251906424
trunc_laplace,43048,cohen,0.7081388876709245,2.0730044907310448
trunc_laplace,43048,cohen_stable,0.7337351744412075,2.213004490731045
trunc_laplace,43048,latentcp,0.9944758377371581,5.04433044953397
trunc_laplace,43048,latentcp_tuned,0.9834466392481763,4.941055897392633
trunc_laplace,43048,latentcp_multi,0.9129020651586307,3.7548388041421763
trunc_laplace,43048,latentcp_pac,1.0,6.044180689365765
trunc_laplace,43049,cohen,0.7685399554583732,2.4214199235058618
trunc_laplace,43049,cohen_stable,0.85456171837179,3.0614199235058623
trunc_laplace,43049,latentcp,0.9684545645943892,4.487272182954426
trunc_laplace,43049,latentcp_tuned,0.9485763605658721,4.149896252136595
trunc_laplace,43049,latentcp_multi,0.9745656336086184,4.604683695231902
trunc_laplace,43049,latentcp_pac,1.0,6.342818350126171
trunc_laplace,43050,cohen,0.6689266667966001,1.8765867929055289
trunc_laplace,43050,cohen_stable,0.7343659202896524,2.216586792905529
trunc_laplace,43050,latentcp,1.0,5.20782893929123
trunc_laplace,43050,latentcp_tuned,0.9556023397767806,4.315482933697346
trunc_laplace,43050,latentcp_multi,0.9952286628338846,5.09126748059851
trunc_laplace,43050,latentcp_pac,1.0,6.257621933624571
trunc_laplace,43051,cohen,0.6954602555243166,2.007269043214644
trunc_laplace,43051,cohen_stable,0.7431645557285274,2.267269043214644
trunc_laplace,43051,latentcp,0.9492390083316377,4.159884722297771
trunc_laplace,43051,latentcp_tuned,0.9495486703761759,4.165244700018363
trunc_laplace,43051,latentcp_multi,0.9846916511898133,4.860906249143686
trunc_laplace,43051,latentcp_pac,0.996316316891725,5.090604419628902
trunc_laplace,43052,cohen,0.7323782263732996,2.205320356921603
trunc_laplace,43052,cohen_stable,0.913216628256073,3.665320356921604
trunc_laplace,43052,latentcp,1.0,5.212096831348541
trunc_laplace,43052,latentcp_tuned,0.9416410755398753,4.086753800469319
trunc_laplace,43052,latentcp_multi,0.9599280026352566,4.377247865532427
trunc_laplace,43052,latentcp_pac,1.0,5.588819638436827
trunc_laplace,43053,cohen,0.727505325836828,2.1779771725615054
trunc_laplace,43053,cohen_stable,0.8376977322590526,2.917977172561506
trunc_laplace,43053,latentcp,0.9956055161729519,5.072600502624361
trunc_laplace,43053,latentcp_tuned,0.9616648822685773,4.433748918421725
trunc_laplace,43053,latentcp_multi,0.9832601699171769,4.895511018224335
trunc_laplace,43053,latentcp_pac,1.0,5.802410497836953
trunc_laplace,43054,cohen,0.8110122061437108,2.710874410361104
trunc_laplace,43054,cohen_stable,0.8644574254166193,3.1508744103611046
trunc_laplace,43054,latentcp,1.0,5.522128427647485
trunc_laplace,43054,latentcp_tuned,0.9975866571866194,5.219302569924478
trunc_laplace,43054,latentcp_multi,0.9975866571866194,5.219302569924478
trunc_laplace,43054,latentcp_pac,1.0,7.447828366260472
trunc_laplace,43055,cohen,0.7825737619082651,2.51231401109947
trunc_laplace,43055,cohen_stable,0.9718967889526491,4.55231401109946
trunc_laplace,43055,latentcp,1.0,5.806249241223266
trunc_laplace,43055,latentcp_tuned,1.0,5.931278277819003
trunc_laplace,43055,latentcp_multi,1.0,6.35208473436404
trunc_laplace,43055,latentcp_pac,1.0,7.1855652323438735
trunc_laplace,43056,cohen,0.7127344021601503,2.0973986955342827
trunc_laplace,43056,cohen_stable,0.9268166554175883,3.8373986955342843
trunc_laplace,43056,latentcp,0.9728276243251524,4.5702886542181105
trunc_laplace,43056,latentcp_tuned,0.963324326278039,4.4516544589672415
trunc_laplace,43056,latentcp_multi,0.963324326278039,4.4516544589672415
trunc_laplace,43056,latentcp_pac,1.0,5.222792760282049
trunc_laplace,43057,cohen,0.771389781886062,2.4395322924115628
trunc_laplace,43057,cohen_stable,0.9811773507250219,4.739532292411549
trunc_laplace,43057,latentcp,1.0,6.129342961611331
trunc_laplace,43057,latentcp_tuned,0.9833795962845231,4.876811692758655
trunc_laplace,43057,latentcp_multi,1.0,6.328388455548514
trunc_laplace,43057,latentcp_pac,1.0,6.8398361190748975
trunc_laplace,43058,cohen,0.7319190864261509,2.202727293364446
trunc_laplace,43058,cohen_stable,0.90275549990732,3.542727293364447
trunc_laplace,43058,latentcp,1.0,6.01510313200825
trunc_laplace,43058,latentcp_tuned,0.9901962259858077,5.104716984786381
trunc_laplace,43058,latentcp_multi,0.98272869744813,4.86552052137984
trunc_laplace,43058,latentcp_pac,1.0,6.160174304021149
trunc_laplace,43059,cohen,0.6968539541973078,2.014385743823879
trunc_laplace,43059,cohen_stable,0.9353897384117378,3.9543857438238805
trunc_laplace,43059,latentcp,0.9799909383600574,4.714554777551625
trunc_laplace,43059,latentcp_tuned,0.9801839173427987,4.727873468179293
trunc_laplace,43059,latentcp_multi,0.9684943119279957,4.4885250160943
trunc_laplace,43059,latentcp_pac,1.0,5.490773417965356
trunc_laplace,43060,cohen,0.700497544278921,2.0331169201688986
trunc_laplace,43060,cohen_stable,0.7856931971386221,2.533116920168899
trunc_laplace,43060,latentcp,1.0,5.5476779798465135
trunc_laplace,43060,latentcp_tuned,0.9924067893118529,5.210831370263955
trunc_laplace,43060,latentcp_multi,0.9924067893118529,5.210831370263955
trunc_laplace,43060,latentcp_pac,1.0,6.3956330475113825
trunc_laplace,43061,cohen,0.7859428233998347,2.534791423434561
trunc_laplace,43061,cohen_stable,0.8627121492643202,3.1347914234345615
trunc_laplace,43061,latentcp,0.9937452040434749,5.026264761406848
trunc_laplace,43061,latentcp_tuned,0.9735970022530873,4.64108058172033
trunc_laplace,43061,latentcp_multi,0.9994370398469585,5.437930702719673
trunc_laplace,43061,latentcp_pac,1.0,6.164317199379005
trunc_laplace,43062,cohen,0.7637619880121123,2.3914317544071637
trunc_laplace,43062,cohen_stable,0.9263652070810418,3.831431754407165
trunc_laplace,43062,latentcp,0.9864131686219214,4.853847230485176
trunc_laplace,43062,latentcp_tuned,1.0,7.956537979050055
trunc_laplace,43062,latentcp_multi,0.9993337818600039,5.48873625131415
trunc_laplace,43062,latentcp_pac,1.0,5.728549076966902
trunc_laplace,43063,cohen,0.7764689447164019,2.4722438342189816
trunc_laplace,43063,cohen_stable,0.8001013383814537,2.632243834218982
trunc_laplace,43063,latentcp,0.9594313599206391,4.326561640006524
trunc_laplace,43063,latentcp_tuned,0.9342891640981937,3.9484554515911165
trunc_laplace,43063,latentcp_multi,0.9423146762228112,4.063813450205352
trunc_laplace,43063,latentcp_pac,1.0,5.584340366603782
trunc_laplace,43064,cohen,0.8005257558092835,2.635242932365307
trunc_laplace,43064,cohen_stable,0.9188904830184972,3.735242932365308
trunc_laplace,43064,latentcp,0.989947714574121,4.935018639057586
trunc_laplace,43064,latentcp_tuned,0.9951402860252171,5.061449770486781
trunc_laplace,43064,latentcp_multi,0.9951402860252171,5.061449770486781
trunc_laplace,43064,latentcp_pac,1.0,6.805613853277365
trunc_laplace,43065,cohen,0.7982408481669485,2.619151960828628
trunc_laplace,43065,cohen_stable,0.8857851159186421,3.3591519608286284
trunc_laplace,43065,latentcp,0.9948053808008197,5.052534413680833
trunc_laplace,43065,latentcp_tuned,0.9998187888112495,5.678140987581341
trunc_laplace,43065,latentcp_multi,0.9606796052475393,4.357627457434784
trunc_laplace,43065,latentcp_pac,1.0,6.206178170010717
trunc_laplace,43066,cohen,0.720424110130518,2.1389248906542626
trunc_laplace,43066,cohen_stable,0.9385186341667962,3.9989248906542643
trunc_laplace,43066,latentcp,1.0,5.741852904912504
trunc_laplace,43066,latentcp_tuned,1.0,7.155022809553915
trunc_laplace,43066,latentcp_multi,0.9994788024104254,5.4622818687404635
trunc_laplace,43066,latentcp_pac,1.0,6.070419648559975
trunc_laplace,43067,cohen,0.7637732541620652,2.391501915860456
trunc_laplace,43067,cohen_stable,0.8869784676871979,3.3715019158604567
trunc_laplace,43067,latentcp,0.995411955441001,5.067726665391258
trunc_laplace,43067,latentcp_tuned,1.0,5.968280668298367
trunc_laplace,43067,latentcp_multi,0.945030943007795,4.095545630588366
trunc_laplace,43067,latentcp_pac,1.0,7.318412478193793
trunc_laplace,43068,cohen,0.7868700031019418,2.541023817448663
trunc_laplace,43068,cohen_stable,0.9145089584750834,3.681023817448664
trunc_laplace,43068,latentcp,1.0,5.4594732400581165
trunc_laplace,43068,latentcp_tuned,0.9983492707993126,6.00375514530871
trunc_laplace,43068,latentcp_multi,0.9983492707993126,6.00375514530871
trunc_laplace,43068,latentcp_pac,1.0,5.9857808796127845
trunc_laplace,43069,cohen,0.7931669324752972,2.583895634085707
trunc_laplace,43069,cohen_stable,0.8881683460498817,3.383895634085708
trunc_laplace,43069,latentcp,0.9903888059505912,4.945397024404483
trunc_laplace,43069,latentcp_tuned,0.9845016567101523,4.905405715618321
trunc_laplace,43069,latentcp_multi,0.9845016567101523,4.905405715618321
trunc_laplace,43069,latentcp_pac,1.0,5.890425369837693
trunc_laplace,43070,cohen,0.723028782863326,2.1531971253441893
trunc_laplace,43070,cohen_stable,0.7857051586815222,2.5331971253441896
trunc_laplace,43070,latentcp,0.9915584258807273,4.973191917611045
trunc_laplace,43070,latentcp_tuned,0.9915614126390019,5.154910152243933
trunc_laplace,43070,latentcp_multi,0.9964752817969857,5.096072547479924
trunc_laplace,43070,latentcp_pac,1.0,6.06428960556981
trunc_laplace,43071,cohen,0.7968230182848501,2.6092346674970535
trunc_laplace,43071,cohen_stable,0.9118818229762349,3.6492346674970544
trunc_laplace,43071,latentcp,0.9888492349469229,4.9094143207027665
trunc_laplace,43071,latentcp_tuned,0.9834710783562269,4.789184287961066
trunc_laplace,43071,latentcp_multi,0.99396661458392,5.032143316086482
trunc_laplace,43071,latentcp_pac,1.0,6.24866525162201
trunc_laplace,43072,cohen,0.7718319907021294,2.4423581939505925
trunc_laplace,43072,cohen_stable,0.8569195216951315,3.082358193950593
trunc_laplace,43072,latentcp,1.0,5.823070510556861
trunc_laplace,43072,latentcp_tuned,1.0,6.654633099725905
trunc_laplace,43072,latentcp_multi,1.0,6.11991164523748
trunc_laplace,43072,latentcp_pac,1.0,6.3468602201682955
trunc_laplace,43073,cohen,0.7546497628102631,2.3355086846073068
trunc_laplace,43073,cohen_stable,0.8196518620252813,2.775508684607307
trunc_laplace,43073,latentcp,0.9941819533604557,5.037042899940015
trunc_laplace,43073,latentcp_tuned,0.976107573256913,4.721862247329377
trunc_laplace,43073,latentcp_multi,0.8628384064811527,3.2127460236829877
trunc_laplace,43073,latentcp_pac,1.0,6.040819107406879
trunc_laplace,43074,cohen,0.7948627905082544,2.595607400091134
trunc_laplace,43074,cohen_stable,0.8949041769943855,3.455607400091135
trunc_laplace,43074,latentcp,1.0,5.245493189455502
trunc_laplace,43074,latentcp_tuned,1.0,6.23118400102364
trunc_laplace,43074,latentcp_multi,0.9999410060335108,5.702329955924971
trunc_laplace,43074,latentcp_pac,1.0,6.750002159452082
trunc_laplace,43075,cohen,0.7421441237401702,2.261321970492987
trunc_laplace,43075,cohen_stable,0.861239179727852,3.1213219704929878
trunc_laplace,43075,latentcp,0.9568950368572755,4.2837116601749505
trunc_laplace,43075,latentcp_tuned,0.9585890372895896,4.322561106991821
trunc_laplace,43075,latentcp_multi,0.9646484708335168,4.4184010179710445
trunc_laplace,43075,latentcp_pac,0.9987517719981736,5.1536072905015144
trunc_laplace,43076,cohen,0.6712357015745907,1.887611921351541
trunc_laplace,43076,cohen_stable,0.8619283133244378,3.127611921351542
trunc_laplace,43076,latentcp,0.9620261230890078,4.3714153584680036
trunc_laplace,43076,latentcp_tuned,0.9007893035133037,3.589602299997915
trunc_laplace,43076,latentcp_multi,0.8674548381109037,3.254950705323101
trunc_laplace,43076,latentcp_pac,0.9762549524390289,4.637962020920825
trunc_laplace,43077,cohen,0.7757058454775958,2.4672934497600854
trunc_laplace,43077,cohen_stable,0.974716758516156,4.607293449760074
trunc_laplace,43077,latentcp,1.0,5.655109957011626
trunc_laplace,43077,latentcp_tuned,1.0,5.78624610402808
trunc_laplace,43077,latentcp_multi,1.0,5.78624610402808
trunc_laplace,43077,latentcp_pac,1.0,7.83276798513385
trunc_laplace,43078,cohen,0.7926254508514601,2.5801711244468586
trunc_laplace,43078,cohen_stable,0.9314817439368155,3.9001711244468598
trunc_laplace,43078,latentcp,1.0,5.372079456164194
trunc_laplace,43078,latentcp_tuned,1.0,9.331126931077744
trunc_laplace,43078,latentcp_multi,0.9726755163597824,4.580867647478049
trunc_laplace,43078,latentcp_pac,1.0,5.626296356308884
trunc_laplace,43079,cohen,0.8079830306675724,2.688718975196551
trunc_laplace,43079,cohen_stable,0.9118388448301329,3.6487189751965516
trunc_laplace,43079,latentcp,0.9796162477208595,4.706733451871903
trunc_laplace,43079,latentcp_tuned,0.9819773869543922,4.756991793475975
trunc_laplace,43079,latentcp_multi,0.9978678003230319,5.208242237334457
trunc_laplace,43079,latentcp_pac,1.0,6.072765934234041
trunc_laplace,43080,cohen,0.7303897873638554,2.1941155465230184
trunc_laplace,43080,cohen_stable,0.933941503753811,3.93411554652302
trunc_laplace,43080,latentcp,0.9878139960553259,4.885598918971652
trunc_laplace,43080,latentcp_tuned,0.9996411924586084,6.496050946719221
trunc_laplace,43080,latentcp_multi,0.9648026039156302,4.429918083512337
trunc_laplace,43080,latentcp_pac,1.0,6.70424059154764
trunc_laplace,43081,cohen,0.7463689676064251,2.286065156714619
trunc_laplace,43081,cohen_stable,0.9116174909099577,3.64606515671462
trunc_laplace,43081,latentcp,1.0,5.751172147005347
trunc_laplace,43081,latentcp_tuned,0.9977651178965544,5.695140022296866
trunc_laplace,43081,latentcp_multi,1.0,5.999643453254003
trunc_laplace,43081,latentcp_pac,1.0,6.882231762428971
trunc_laplace,43082,cohen,0.6645209000391394,1.8557245033590712
trunc_laplace,43082,cohen_stable,0.9699747492264597,4.5157245033590625
trunc_laplace,43082,latentcp,1.0,5.43840470748253
trunc_laplace,43082,latentcp_tuned,0.9509267257516468,4.240846791656482
trunc_laplace,43082,latentcp_multi,0.9854656313301782,4.946367677950569
trunc_laplace,43082,latentcp_pac,1.0,6.209069107765848
trunc_laplace,43083,cohen,0.7412522507838029,2.2561392021851
trunc_laplace,43083,cohen_stable,0.9397086072119469,4.0161392021851015
trunc_laplace,43083,latentcp,0.9926849057273818,5.000348752691079
trunc_laplace,43083,latentcp_tuned,0.9793533614011638,4.767664725842722
trunc_laplace,43083,latentcp_multi,0.9793533614011638,4.767664725842722
trunc_laplace,43083,latentcp_pac,1.0,5.485144905764164
trunc_laplace,43084,cohen,0.8465409291591062,2.9918567156897624
trunc_laplace,43084,cohen_stable,0.8927011344741169,3.431856715689763
trunc_laplace,43084,latentcp,0.9824959751718548,4.767681462038781
trunc_laplace,43084,latentcp_tuned,0.9737968192113695,4.596998609348831
trunc_laplace,43084,latentcp_multi,0.9392906263444784,4.018220470534301
trunc_laplace,43084,latentcp_pac,1.0,6.362000819198309
trunc_laplace,43085,cohen,0.8086928616322298,2.693887771073224
trunc_laplace,43085,cohen_stable,0.8537072259824767,3.0538877710732244
trunc_laplace,43085,latentcp,0.9971073535431838,5.110899106295087
trunc_laplace,43085,latentcp_tuned,0.9999704845673948,5.245508716182992
trunc_laplace,43085,latentcp_multi,0.9995339255159734,5.643807131141073
trunc_laplace,43085,latentcp_pac,1.0,6.257334773236692
trunc_laplace,43086,cohen,0.8080745417448951,2.68938455212618
trunc_laplace,43086,cohen_stable,0.9778057707782217,4.669384552126167
trunc_laplace,43086,latentcp,1.0,5.43189733524678
trunc_laplace,43086,latentcp_tuned,0.9773436504641392,4.777854619696928
trunc_laplace,43086,latentcp_multi,0.966734286758352,4.548334082894339
trunc_laplace,43086,latentcp_pac,1.0,5.86975557263949
trunc_laplace,43087,cohen,0.7775753363656626,2.4794440031108382
trunc_laplace,43087,cohen_stable,0.8818957115496611,3.319444003110839
trunc_laplace,43087,latentcp,1.0,5.215010774227968
trunc_laplace,43087,latentcp_tuned,0.9938592010840255,5.057623247962153
trunc_laplace,43087,latentcp_multi,0.9805389350267358,4.737037793472996
trunc_laplace,43087,latentcp_pac,1.0,6.051024182503665
trunc_laplace,43088,cohen,0.7499806102733206,2.3074732016523876
trunc_laplace,43088,cohen_stable,0.7757335886234367,2.4674732016523877
trunc_laplace,43088,latentcp,1.0,5.472645659718955
trunc_laplace,43088,latentcp_tuned,0.9825406771328943,4.873097993836374
trunc_laplace,43088,latentcp_multi,0.9599908198682067,4.401351939476895
trunc_laplace,43088,latentcp_pac,1.0,5.714399718691735
trunc_laplace,43089,cohen,0.8148502538352629,2.739318690583212
trunc_laplace,43089,cohen_stable,0.891527092857884,3.4193186905832125
trunc_laplace,43089,latentcp,1.0,5.248954915773105
trunc_laplace,43089,latentcp_tuned,0.9802609586641883,4.8469256183687754
trunc_laplace,43089,latentcp_multi,0.9384081433210553,4.09527439319016
trunc_laplace,43089,latentcp_pac,1.0,6.086624219707908
trunc_laplace,43090,cohen,0.7893443875275712,2.557756195861882
trunc_laplace,43090,cohen_stable,0.8472325011028552,2.9977561958618826
trunc_laplace,43090,latentcp,0.9998131479768019,5.1817598477168145
trunc_laplace,43090,latentcp_tuned,0.9897755349128596,4.93144618060713
trunc_laplace,43090,latentcp_multi,1.0,5.312793039437646
trunc_laplace,43090,latentcp_pac,1.0,6.754984373293946
trunc_laplace,43091,cohen,0.716654338946874,2.1184548705471182
trunc_laplace,43091,cohen_stable,0.9041352612259737,3.5584548705471195
trunc_laplace,43091,latentcp,0.9815633057787038,4.7477347669211
trunc_laplace,43091,latentcp_tuned,0.9805655859091124,4.818210081440082
trunc_laplace,43091,latentcp_multi,0.9055432974910194,3.6799407964597766
trunc_laplace,43091,latentcp_pac,1.0,5.791951424941458
trunc_laplace,43092,cohen,0.7082177193609105,2.073420344652081
trunc_laplace,43092,cohen_stable,0.9698524802623361,4.513420344652072
trunc_laplace,43092,latentcp,1.0,5.820118603723212
trunc_laplace,43092,latentcp_tuned,0.9999401106133398,7.2967549808000065
trunc_laplace,43092,latentcp_multi,0.9999997118344445,5.653843075721032
trunc_laplace,43092,latentcp_pac,1.0,6.391248134546492
trunc_laplace,43093,cohen,0.7070273314052775,2.0671503765578367
trunc_laplace,43093,cohen_stable,0.8459876964363133,2.9871503765578375
trunc_laplace,43093,latentcp,0.9963882087583668,5.092434838163918
trunc_laplace,43093,latentcp_tuned,0.9998291281714229,5.218690758693184
trunc_laplace,43093,latentcp_multi,0.9751633382876135,4.623747178214948
trunc_laplace,43093,latentcp_pac,1.0,6.123477383221547
trunc_laplace,43094,cohen,0.763832883674155,2.391873309369348
trunc_laplace,43094,cohen_stable,0.8511904453828127,3.0318733093693484
trunc_laplace,43094,latentcp,1.0,5.712289231634117
trunc_laplace,43094,latentcp_tuned,0.9993552873758458,5.442806978771079
trunc_laplace,43094,latentcp_multi,0.9969197931207909,5.184374803799075
trunc_laplace,43094,latentcp_pac,1.0,5.97069757884261
trunc_laplace,43095,cohen,0.7041210184146367,2.0519279362492022
trunc_laplace,43095,cohen_stable,0.8908314288983232,3.4119279362492034
trunc_laplace,43095,latentcp,0.9845077463490797,4.811452733692031
trunc_laplace,43095,latentcp_tuned,0.9994109890147492,6.60251588221253
trunc_laplace,43095,latentcp_multi,0.9877940038171721,4.897766170219673
trunc_laplace,43095,latentcp_pac,1.0,5.4440538301070704
trunc_laplace,43096,cohen,0.768630775070617,2.4219945054706034
trunc_laplace,43096,cohen_stable,0.8973199780649108,3.4819945054706043
trunc_laplace,43096,latentcp,0.9926323382204355,4.99907411278967
trunc_laplace,43096,latentcp_tuned,0.9483509572859805,4.146419432131341
trunc_laplace,43096,latentcp_multi,0.9975361937439544,5.124942384783281
trunc_laplace,43096,latentcp_pac,1.0,8.333495962269394
trunc_laplace,43097,cohen,0.7023515294072666,2.042718699022592
trunc_laplace,43097,cohen_stable,0.8205976922853822,2.7827186990225927
trunc_laplace,43097,latentcp,0.961506080092131,4.362800170897674
trunc_laplace,43097,latentcp_tuned,0.9473345960173968,4.300281207131961
trunc_laplace,43097,latentcp_multi,0.9484520065945103,4.318764606700854
trunc_laplace,43097,latentcp_pac,1.0,5.690711119213808
trunc_laplace,43098,cohen,0.8701986395165369,3.204753005442827
trunc_laplace,43098,cohen_stable,0.9725418976194842,4.564753005442816
trunc_laplace,43098,latentcp,1.0,5.470323076310982
trunc_laplace,43098,latentcp_tuned,0.9948508379810652,5.388358301920397
trunc_laplace,43098,latentcp_multi,0.9948508379810652,5.388358301920397
trunc_laplace,43098,latentcp_pac,1.0,6.627413386405728
trunc_laplace,43099,cohen,0.7179344089661841,2.1253812302921125
trunc_laplace,43099,cohen_stable,0.8660191527341983,3.1653812302921134
trunc_laplace,43099,latentcp,1.0,5.283112835479327
trunc_laplace,43099,latentcp_tuned,0.9996236205759118,5.977444196585216
trunc_laplace,43099,latentcp_multi,0.9996930335454354,5.205049982343958
trunc_laplace,43099,latentcp_pac,1.0,6.646323439358951
trunc_laplace,43100,cohen,0.7683449560847126,2.420186816285295
trunc_laplace,43100,cohen_stable,0.90602325109265,3.580186816285296
trunc_laplace,43100,latentcp,0.9999380107157143,5.225907115564336
trunc_laplace,43100,latentcp_tuned,0.9988748851853286,5.395159331394076
trunc_laplace,43100,latentcp_multi,0.9979236000607655,6.161932004853716
trunc_laplace,43100,latentcp_pac,1.0,5.956908199867523
trunc_laplace,43101,cohen,0.818299574477868,2.7652471313759257
trunc_laplace,43101,cohen_stable,0.8702505497835031,3.205247131375926
trunc_laplace,43101,latentcp,0.9783306769949837,4.680311111665859
trunc_laplace,43101,latentcp_tuned,0.9084834530842524,3.7261003887871835
trunc_laplace,43101,latentcp_multi,0.9093803214800663,3.737231570168919
trunc_laplace,43101,latentcp_pac,0.9938654734591832,5.0292998865616
trunc_laplace,43102,cohen,0.8031313522337875,2.6537586040560637
trunc_laplace,43102,cohen_stable,0.8910039926984037,3.4137586040560643
trunc_laplace,43102,latentcp,1.0,5.621721402650387
trunc_laplace,43102,latentcp_tuned,0.9763702598192527,4.6483429405529435
trunc_laplace,43102,latentcp_multi,0.9992302050184176,5.369652845456238
trunc_laplace,43102,latentcp_pac,1.0,6.110989904817221
trunc_laplace,43103,cohen,0.7544216206575669,2.3341292595586833
trunc_laplace,43103,cohen_stable,0.853734673994627,3.054129259558684
trunc_laplace,43103,latentcp,0.9444496198135579,4.086338698290464
trunc_laplace,43103,latentcp_tuned,0.9750200520762562,4.687810550516246
trunc_laplace,43103,latentcp_multi,0.9750200520762562,4.687810550516246
trunc_laplace,43103,latentcp_pac,1.0,5.826900486955733
trunc_laplace,43104,cohen,0.7593188879286843,2.363960001263435
trunc_laplace,43104,cohen_stable,0.8900784273010598,3.403960001263436
trunc_laplace,43104,latentcp,0.974473768657405,4.602496300652229
trunc_laplace,43104,latentcp_tuned,0.9132898697991451,3.6781000382898967
trunc_laplace,43104,latentcp_multi,0.9268781501660607,3.9137925971084124
trunc_laplace,43104,latentcp_pac,1.0,6.125203329052018
trunc_laplace,43105,cohen,0.760373852562775,2.370447320220733
trunc_laplace,43105,cohen_stable,0.7969967794482031,2.6104473202207332
trunc_laplace,43105,latentcp,1.0,5.79052924111272
trunc_laplace,43105,latentcp_tuned,0.9995905904525436,5.526215864980019
trunc_laplace,43105,latentcp_multi,0.8579859970533585,3.280700862229692
trunc_laplace,43105,latentcp_pac,1.0,7.029963680899915
trunc_laplace,43106,cohen,0.7337933388345812,2.2133345536783384
trunc_laplace,43106,cohen_stable,0.8296756882766281,2.853334553678339
trunc_laplace,43106,latentcp,0.9852196350875461,4.82716418409843
trunc_laplace,43106,latentcp_tuned,0.8972115260115722,3.5461579238842105
trunc_laplace,43106,latentcp_multi,0.9565677458348821,4.340498689254238
trunc_laplace,43106,latentcp_pac,1.0,5.984188930062063
trunc_laplace,43107,cohen,0.6800815197860566,1.9304452775690883
trunc_laplace,43107,cohen_stable,0.8887940555876586,3.3904452775690896
trunc_laplace,43107,latentcp,0.9791823515690813,4.69771586165501
trunc_laplace,43107,latentcp_tuned,0.9849778778775843,4.822169512756211
trunc_laplace,43107,latentcp_multi,0.9997020855309002,5.426055444744526
trunc_laplace,43107,latentcp_pac,1.0,5.93430498005914
trunc_laplace,43108,cohen,0.8013326679895312,2.640957856453174
trunc_laplace,43108,cohen_stable,0.8611992177514989,3.1209578564531744
trunc_laplace,43108,latentcp,0.9977418954543039,5.127234273658908
trunc_laplace,43108,latentcp_tuned,0.9712589620426769,4.631501797095574
trunc_laplace,43108,latentcp_multi,0.9501331437483765,4.260996335811177
trunc_laplace,43108,latentcp_pac,1.0,5.610987374176401
trunc_laplace,43109,cohen,0.8058921258074383,2.673574046406236
trunc_laplace,43109,cohen_stable,0.9105714879660827,3.633574046406237
trunc_laplace,43109,latentcp,0.995284949137947,5.064535524307822
trunc_laplace,43109,latentcp_tuned,1.0,9.121439214410874
trunc_laplace,43109,latentcp_multi,0.9994987780149457,5.193227547918688
trunc_laplace,43109,latentcp_pac,1.0,6.349091440980272
trunc_laplace,43110,cohen,0.7287274831785591,2.18479848690689
trunc_laplace,43110,cohen_stable,0.7844498917596643,2.5247984869068905
trunc_laplace,43110,latentcp,1.0,5.192252242509811
trunc_laplace,43110,latentcp_tuned,0.9782579223697963,4.685169750038787
trunc_laplace,43110,latentcp_multi,0.9947518580128094,5.071598606522783
trunc_laplace,43110,latentcp_pac,1.0,6.152137137740105
trunc_laplace,43111,cohen,0.8160794593621723,2.748518434657562
trunc_laplace,43111,cohen_stable,0.8576083224922104,3.0885184346575625
trunc_laplace,43111,latentcp,0.9673037201200166,4.466010842239381
trunc_laplace,43111,latentcp_tuned,0.9992161310291953,5.374183127763295
trunc_laplace,43111,latentcp_multi,0.9851222588901619,4.919889369073086
trunc_laplace,43111,latentcp_pac,1.0,5.900126330260971
trunc_laplace,43112,cohen,0.7593586400662988,2.3642040524981973
trunc_laplace,43112,cohen_stable,0.7658061170788493,2.4042040524981974
trunc_laplace,43112,latentcp,0.9396345035107946,4.015108804473657
trunc_laplace,43112,latentcp_tuned,0.980201170881768,4.729426092835005
trunc_laplace,43112,latentcp_multi,0.9899737947667816,5.136591569805073
trunc_laplace,43112,latentcp_pac,1.0,5.289964648728578
trunc_laplace,43113,cohen,0.8548931054362823,3.064349004628555
trunc_laplace,43113,cohen_stable,0.9894917484025934,4.924349004628536
trunc_laplace,43113,latentcp,1.0,5.6298291383248
trunc_laplace,43113,latentcp_tuned,1.0,5.9605314945742025
trunc_laplace,43113,latentcp_multi,0.9999706174350041,5.239388760620064
trunc_laplace,43113,latentcp_pac,1.0,6.554153615124876
trunc_laplace,43114,cohen,0.7452395546578288,2.279419314916729
trunc_laplace,43114,cohen_stable,0.8450759533724796,2.9794193149167296
trunc_laplace,43114,latentcp,0.9860706729487866,4.846135947613825
trunc_laplace,43114,latentcp_tuned,0.9675588444292976,4.4712844853777005
trunc_laplace,43114,latentcp_multi,0.9759815218800633,4.633064599892988
trunc_laplace,43114,latentcp_pac,1.0,6.474169401123435
trunc_laplace,43115,cohen,0.7856979457259037,2.5331487602479923
trunc_laplace,43115,cohen_stable,0.9105357545040529,3.6331487602479933
trunc_laplace,43115,latentcp,1.0,5.929877119329106
trunc_laplace,43115,latentcp_tuned,0.9969394197484742,5.297490745230658
trunc_laplace,43115,latentcp_multi,0.9995809484153979,6.420684019883951
trunc_laplace,43115,latentcp_pac,1.0,7.719289501016527
trunc_laplace,43116,cohen,0.6275362876139177,1.6890059945340283
trunc_laplace,43116,cohen_stable,0.9350068653507437,3.9490059945340303
trunc_laplace,43116,latentcp,1.0,6.555918107118305
trunc_laplace,43116,latentcp_tuned,1.0,7.015539931184604
trunc_laplace,43116,latentcp_multi,1.0,7.015539931184604
trunc_laplace,43116,latentcp_pac,1.0,7.046800089890281
trunc_laplace,43117,cohen,0.6939373336773591,1.9995225675388233
trunc_laplace,43117,cohen_stable,0.7418347479283969,2.2595225675388235
trunc_laplace,43117,latentcp,0.9874048074021772,4.876259911976783
trunc_laplace,43117,latentcp_tuned,0.9901432501316779,4.951824001606337
trunc_laplace,43117,latentcp_multi,0.9933594544392348,5.326826546810095
trunc_laplace,43117,latentcp_pac,1.0,6.040070226092467
trunc_laplace,43118,cohen,0.6336073814059096,1.715397940203018
trunc_laplace,43118,cohen_stable,0.8061448076558193,2.675397940203019
trunc_laplace,43118,latentcp,0.9450779582738494,4.095795481491432
trunc_laplace,43118,latentcp_tuned,0.974819661816871,4.618073279784739
trunc_laplace,43118,latentcp_multi,0.8710503461429119,3.2225478078186796
trunc_laplace,43118,latentcp_pac,0.9999091949233498,5.184290179049829
trunc_laplace,43119,cohen,0.75638371091883,2.3460252839857425
trunc_laplace,43119,cohen_stable,0.7992192020688431,2.6260252839857428
trunc_laplace,43119,latentcp,0.9675275200444331,4.470126432808699
trunc_laplace,43119,latentcp_tuned,0.9993565553701819,6.152945725465695
trunc_laplace,43119,latentcp_multi,0.9611551118142053,4.366408595741759
trunc_laplace,43119,latentcp_pac,0.996443875700087,5.093853436705718
trunc_laplace,43120,cohen,0.7682439978077866,2.4195487032028904
trunc_laplace,43120,cohen_stable,0.9479337652848361,4.139548703202889
trunc_laplace,43120,latentcp,1.0,5.710700451252074
trunc_laplace,43120,latentcp_tuned,1.0,5.945856198493238
trunc_laplace,43120,latentcp_multi,0.9971192512828664,5.4805988888661785
trunc_laplace,43120,latentcp_pac,1.0,6.453404815027633
trunc_laplace,43121,cohen,0.8009057078487893,2.63793180608926
trunc_laplace,43121,cohen_stable,0.9384496587731621,3.997931806089261
trunc_laplace,43121,latentcp,1.0,5.371827548721561
trunc_laplace,43121,latentcp_tuned,1.0,5.83272422619688
trunc_laplace,43121,latentcp_multi,0.984981909744598,4.830284298102059
trunc_laplace,43121,latentcp_pac,1.0,6.660632997377909
trunc_laplace,43122,cohen,0.6545453716880894,1.8093104992680522
trunc_laplace,43122,cohen_stable,0.8867672759641407,3.3693104992680536
trunc_laplace,43122,latentcp,0.9808419163849779,4.732437423983426
trunc_laplace,43122,latentcp_tuned,0.9165586340185287,3.712588455026018
trunc_laplace,43122,latentcp_multi,0.9613403683881172,4.365612502073274
trunc_laplace,43122,latentcp_pac,1.0,5.199677779394453
trunc_laplace,43123,cohen,0.7887452967163755,2.5536915842507653
trunc_laplace,43123,cohen_stable,0.9449390523568064,4.093691584250765
trunc_laplace,43123,latentcp,0.994930940882982,5.0556708233708525
trunc_laplace,43123,latentcp_tuned,0.9661956381941174,4.523071029022596
trunc_laplace,43123,latentcp_multi,0.968942145715968,4.575677249571405
trunc_laplace,43123,latentcp_pac,1.0,5.825109298008386
trunc_laplace,43124,cohen,0.7029919488069871,2.046046632143661
trunc_laplace,43124,cohen_stable,0.8617570298269115,3.126046632143662
trunc_laplace,43124,latentcp,0.9866264226442308,4.858626365562555
trunc_laplace,43124,latentcp_tuned,0.9999797726603638,6.946513994613474
trunc_laplace,43124,latentcp_multi,0.9685674992011273,4.498007509322489
trunc_laplace,43124,latentcp_pac,1.0,5.992461012818358
trunc_laplace,43125,cohen,0.6680220519964453,1.8722846819515322
trunc_laplace,43125,cohen_stable,0.6595132784826347,1.8322846819515322
trunc_laplace,43125,latentcp,0.9637128879117158,4.401160406381741
trunc_laplace,43125,latentcp_tuned,0.9261483828759929,3.8427215369870042
trunc_laplace,43125,latentcp_multi,0.9881947179771481,5.097226470037861
trunc_laplace,43125,latentcp_pac,1.0,6.2510854564001885
trunc_laplace,43126,cohen,0.6786611980204329,1.9235029643534691
trunc_laplace,43126,cohen_stable,0.9682515191021468,4.483502964353461
trunc_laplace,43126,latentcp,1.0,5.719440866876572
trunc_laplace,43126,latentcp_tuned,0.9999945659382853,6.371316605738701
trunc_laplace,43126,latentcp_multi,0.9999945659382853,6.371316605738701
trunc_laplace,43126,latentcp_pac,1.0,6.902772887271757
trunc_laplace,43127,cohen,0.7309159522432074,2.1970741093824464
trunc_laplace,43127,cohen_stable,0.8563269216078244,3.077074109382447
trunc_laplace,43127,latentcp,1.0,5.376348143624289
trunc_laplace,43127,latentcp_tuned,0.980526210402976,4.851641754285638
trunc_laplace,43127,latentcp_multi,0.9501754559952574,4.2626496481438965
trunc_laplace,43127,latentcp_pac,1.0,6.1760956509819795
trunc_laplace,43128,cohen,0.7809598337711816,2.5016389821856606
trunc_laplace,43128,cohen_stable,0.8879522649449101,3.3816389821856614
trunc_laplace,43128,latentcp,0.986053901982272,4.84576930884701
trunc_laplace,43128,latentcp_tuned,0.9509574840742939,4.277040836524902
trunc_laplace,43128,latentcp_multi,1.0,5.2617051596986
trunc_laplace,43128,latentcp_pac,1.0,5.684603524569108
trunc_laplace,43129,cohen,0.7417593655650527,2.2590843816012973
trunc_laplace,43129,cohen_stable,0.7982312114689714,2.6190843816012976
trunc_laplace,43129,latentcp,1.0,5.69208082164031
trunc_laplace,43129,latentcp_tuned,0.9909429096345652,5.121812749052727
trunc_laplace,43129,latentcp_multi,0.962946187408315,4.440229458500735
trunc_laplace,43129,latentcp_pac,1.0,6.142850359303741
trunc_laplace,43130,cohen,0.6674576790803259,1.8696055535432636
trunc_laplace,43130,cohen_stable,0.7503381452356801,2.309605553543264
trunc_laplace,43130,latentcp,0.9965439567442973,5.096414500498556
trunc_laplace,43130,latentcp_tuned,0.983705827142736,4.8414994397172135
trunc_laplace,43130,latentcp_multi,0.9778049269649084,4.782222510382999
trunc_laplace,43130,latentcp_pac,1.0,6.2059116288443805
trunc_laplace,43131,cohen,0.7565374252453609,2.3469603687824905
trunc_laplace,43131,cohen_stable,0.9260259878472512,3.826960368782492
trunc_laplace,43131,latentcp,0.9811742026791371,4.739465596568373
trunc_laplace,43131,latentcp_tuned,0.9779116430939098,4.671997163909618
trunc_laplace,43131,latentcp_multi,0.9926376987208803,5.014492980779418
trunc_laplace,43131,latentcp_pac,1.0,6.873802573443279
trunc_laplace,43132,cohen,0.7749863632703922,2.4626376948658932
trunc_laplace,43132,cohen_stable,0.8802251149030029,3.302637694865894
trunc_laplace,43132,latentcp,0.9791031936956707,4.696075467242539
trunc_laplace,43132,latentcp_tuned,0.9695066667239904,4.51625353536106
trunc_laplace,43132,latentcp_multi,0.9143055971334646,3.74194229537475
trunc_laplace,43132,latentcp_pac,0.9937461922768301,5.026289053119487
trunc_laplace,43133,cohen,0.7384200949313067,2.2397735072836293
trunc_laplace,43133,cohen_stable,0.8011656426610454,2.6397735072836297
trunc_laplace,43133,latentcp,0.9859145562885674,4.842641047293996
trunc_laplace,43133,latentcp_tuned,0.952113339572324,4.269468277642042
trunc_laplace,43133,latentcp_multi,0.952113339572324,4.269468277642042
trunc_laplace,43133,latentcp_pac,0.9988541947495042,5.156302751421816
trunc_laplace,43134,cohen,0.7946871633945258,2.5943911756672082
trunc_laplace,43134,cohen_stable,0.9501617591403559,4.174391175667206
trunc_laplace,43134,latentcp,1.0,5.361872283366597
trunc_laplace,43134,latentcp_tuned,1.0,5.2965556334869275
trunc_laplace,43134,latentcp_multi,1.0,5.488201855855317
trunc_laplace,43134,latentcp_pac,1.0,6.074349736517925
trunc_laplace,43135,cohen,0.8152894765404843,2.7426008996524023
trunc_laplace,43135,cohen_stable,0.902744365635602,3.542600899652403
trunc_laplace,43135,latentcp,1.0,5.6263813399233085
trunc_laplace,43135,latentcp_tuned,0.988189695161596,5.012231250538831
trunc_laplace,43135,latentcp_multi,0.988189695161596,5.012231250538831
trunc_laplace,43135,latentcp_pac,1.0,6.190358113498032
trunc_laplace,43136,cohen,0.7340140098524253,2.21458730281192
trunc_laplace,43136,cohen_stable,0.7232814546241491,2.15458730281192
trunc_laplace,43136,latentcp,0.9656735635974487,4.436296546238628
trunc_laplace,43136,latentcp_tuned,0.9723456129629714,4.5616244442464025
trunc_laplace,43136,latentcp_multi,0.9869283531191175,4.8789782692985995
trunc_laplace,43136,latentcp_pac,1.0,5.469582579447081
trunc_laplace,43137,cohen,0.803947278101131,2.6595936220563825
trunc_laplace,43137,cohen_stable,0.9399461164495078,4.019593622056384
trunc_laplace,43137,latentcp,1.0,6.3611798081603235
trunc_laplace,43137,latentcp_tuned,1.0,6.7041937613957865
trunc_laplace,43137,latentcp_multi,1.0,6.611711558338914
trunc_laplace,43137,latentcp_pac,1.0,7.266561539951688
trunc_laplace,43138,cohen,0.7256052841539538,2.1674202894547188
trunc_laplace,43138,cohen_stable,0.9377173794949365,3.9874202894547204
trunc_laplace,43138,latentcp,1.0,5.516224133703207
trunc_laplace,43138,latentcp_tuned,0.9910589790997247,4.973533048523451
trunc_laplace,43138,latentcp_multi,0.9940040100731645,5.057602959697052
trunc_laplace,43138,latentcp_pac,1.0,5.633545973793086
trunc_laplace,43139,cohen,0.7191907465170597,2.1322035909677055
trunc_laplace,43139,cohen_stable,0.9597611811446423,4.3322035909677
trunc_laplace,43139,latentcp,0.994536206092195,5.045829935366377
trunc_laplace,43139,latentcp_tuned,0.9534387663937148,4.294419886330949
trunc_laplace,43139,latentcp_multi,0.9613267610431924,4.427015055638715
trunc_laplace,43139,latentcp_pac,1.0,5.660971128436418
trunc_laplace,43140,cohen,0.7884811994784926,2.551902513958311
trunc_laplace,43140,cohen_stable,0.8243899824258243,2.8119025139583114
trunc_laplace,43140,latentcp,1.0,5.669113120619614
trunc_laplace,43140,latentcp_tuned,1.0,5.793185922972843
trunc_laplace,43140,latentcp_multi,1.0,5.793185922972843
trunc_laplace,43140,latentcp_pac,1.0,8.3481099567732
trunc_laplace,43141,cohen,0.7288285212402144,2.1853635053969964
trunc_laplace,43141,cohen_stable,0.8019530790016063,2.645363505396997
trunc_laplace,43141,latentcp,0.983180309500137,4.782453885291486
trunc_laplace,43141,latentcp_tuned,0.9798314757472555,4.719492913599458
trunc_laplace,43141,latentcp_multi,0.9877688400255958,5.011136578884038
trunc_laplace,43141,latentcp_pac,1.0,5.891156787474635
trunc_laplace,43142,cohen,0.7325098136692814,2.206064163418025
trunc_laplace,43142,cohen_stable,0.9289659560753734,3.8660641634180264
trunc_laplace,43142,latentcp,0.9818769147244707,4.7544143428658465
trunc_laplace,43142,latentcp_tuned,0.9999488823415292,5.641219395366599
trunc_laplace,43142,latentcp_multi,0.9876966707046393,4.883407671331249
trunc_laplace,43142,latentcp_pac,1.0,6.167941017166816
trunc_laplace,43143,cohen,0.817995861902469,2.762950003986078
trunc_laplace,43143,cohen_stable,0.899214958427855,3.502950003986079
trunc_laplace,43143,latentcp,0.9951982629024692,5.062539525474158
trunc_laplace,43143,latentcp_tuned,1.0,6.770033317595499
trunc_laplace,43143,latentcp_multi,0.9697905922259438,4.543103882620093
trunc_laplace,43143,latentcp_pac,1.0,7.316904135035516
trunc_laplace,43144,cohen,0.7915921658428209,2.573083822790415
trunc_laplace,43144,cohen_stable,0.8812652123791032,3.3130838227904156
trunc_laplace,43144,latentcp,0.9999749449669537,5.186048373875674
trunc_laplace,43144,latentcp_tuned,0.9650113770680234,4.433465797083
trunc_laplace,43144,latentcp_multi,0.9999559937123145,6.908117871990684
trunc_laplace,43144,latentcp_pac,1.0,5.864898637098754
trunc_laplace,43145,cohen,0.751126480757538,2.3143156115367653
trunc_laplace,43145,cohen_stable,0.9720008782941845,4.554315611536755
trunc_laplace,43145,latentcp,1.0,6.354450322629406
trunc_laplace,43145,latentcp_tuned,0.9925501187742969,5.2142177546710595
trunc_laplace,43145,latentcp_multi,0.9925501187742969,5.2142177546710595
trunc_laplace,43145,latentcp_pac,1.0,6.791721853951476
trunc_laplace,43146,cohen,0.7013519071237568,2.037535688170531
trunc_laplace,43146,cohen_stable,0.8146113384829379,2.7375356881705315
trunc_laplace,43146,latentcp,1.0,5.5534150162271985
trunc_laplace,43146,latentcp_tuned,1.0,6.033721562395423
trunc_laplace,43146,latentcp_multi,0.9979052297372129,5.7267917049657475
trunc_laplace,43146,latentcp_pac,1.0,8.11381100792947
trunc_laplace,43147,cohen,0.774054254513123,2.4566227986025178
trunc_laplace,43147,cohen_stable,0.8714419259407609,3.2166227986025184
trunc_laplace,43147,latentcp,1.0,5.210732582096968
trunc_laplace,43147,latentcp_tuned,0.9940494242575888,5.151888827414561
trunc_laplace,43147,latentcp_multi,0.9988090823921817,5.373472101434888
trunc_laplace,43147,latentcp_pac,1.0,8.4370864011975
trunc_laplace,43148,cohen,0.7695393231076224,2.427752048300708
trunc_laplace,43148,cohen_stable,0.934917468379755,3.947752048300709
trunc_laplace,43148,latentcp,1.0,5.876678751203063
trunc_laplace,43148,latentcp_tuned,1.0,6.037071915462865
trunc_laplace,43148,latentcp_multi,0.9736758551874952,4.631467764223311
trunc_laplace,43148,latentcp_pac,1.0,7.439843832307498
trunc_laplace,43149,cohen,0.7436784936359158,2.2702712697061425
trunc_laplace,43149,cohen_stable,0.9307561173689782,3.890271269706144
trunc_laplace,43149,latentcp,0.9974745586311837,5.120308999105893
trunc_laplace,43149,latentcp_tuned,1.0,5.884451299511248
trunc_laplace,43149,latentcp_multi,0.9999807031909941,5.2492558561498255
trunc_laplace,43149,latentcp_pac,1.0,6.4110590384318735
gamma2_skew,42000,CP_PAC,0.9651627760529732,4.494477685984817
gamma2_skew,42000,FH_PAC,0.921073976642946,3.322135453149341
gamma2_skew,42000,HetLDC_cert,0.9510683796076445,3.917377620566208
gamma2_skew,42001,CP_PAC,0.9817934395386456,5.577412554508147
gamma2_skew,42001,FH_PAC,0.960845246338482,4.411586723144184
gamma2_skew,42001,HetLDC_cert,0.9763574637688536,5.144107245620215
gamma2_skew,42002,CP_PAC,0.9787725456535366,5.323223237075492
gamma2_skew,42002,FH_PAC,0.9567530414285476,4.355181827337365
gamma2_skew,42002,HetLDC_cert,0.9704020633754288,4.768667778187255
gamma2_skew,42003,CP_PAC,0.9747865665037148,5.036884425375103
gamma2_skew,42003,FH_PAC,0.9627794538288318,4.515045228306662
gamma2_skew,42003,HetLDC_cert,0.9658602599376246,4.528590021526253
gamma2_skew,42004,CP_PAC,0.9695250975766064,4.719662672324334
gamma2_skew,42004,FH_PAC,0.9551811464094092,3.924805468427522
gamma2_skew,42004,HetLDC_cert,0.9588879813593894,4.214144725229993
gamma2_skew,42005,CP_PAC,0.9636891891974187,4.424518864531569
gamma2_skew,42005,FH_PAC,0.9319509840042726,3.414696982347032
gamma2_skew,42005,HetLDC_cert,0.948077694970816,3.815757531854085
gamma2_skew,42006,CP_PAC,0.9713923854887678,4.82572156865547
gamma2_skew,42006,FH_PAC,0.9458047292009152,3.708681854666236
gamma2_skew,42006,HetLDC_cert,0.9615622096326571,4.328211589598251
gamma2_skew,42007,CP_PAC,0.980198419201236,5.438499039948915
gamma2_skew,42007,FH_PAC,0.9663679378085124,4.454969240549983
gamma2_skew,42007,HetLDC_cert,0.974645634084579,5.02758337591282
gamma2_skew,42008,CP_PAC,0.962708058403427,4.37943854708562
gamma2_skew,42008,FH_PAC,0.9603507731659416,4.023017856723511
gamma2_skew,42008,HetLDC_cert,0.947059219203786,3.782423679435978
gamma2_skew,42009,CP_PAC,0.973893860128809,4.978798660115675
gamma2_skew,42009,FH_PAC,0.9515902246283712,4.064693741096087
gamma2_skew,42009,HetLDC_cert,0.9630537173250178,4.395189104354754
gamma2_skew,42010,CP_PAC,0.977589242170924,5.233124949490277
gamma2_skew,42010,FH_PAC,0.9420516197286531,3.891454515355485
gamma2_skew,42010,HetLDC_cert,0.9689604079164464,4.6888228054544845
gamma2_skew,42011,CP_PAC,0.9709717237819032,4.801257252120194
gamma2_skew,42011,FH_PAC,0.9597768486136494,4.166145867404389
gamma2_skew,42011,HetLDC_cert,0.9622303352831088,4.357899761577308
gamma2_skew,42012,CP_PAC,0.9772665739970784,5.209356651526692
gamma2_skew,42012,FH_PAC,0.9288457776317895,3.2918212308597945
gamma2_skew,42012,HetLDC_cert,0.9699419825346228,4.742786209383408
gamma2_skew,42013,CP_PAC,0.9713854658727246,4.825316343320287
gamma2_skew,42013,FH_PAC,0.980423158844624,4.786435272152887
gamma2_skew,42013,HetLDC_cert,0.9599714224709636,4.2594740356884175
gamma2_skew,42014,CP_PAC,0.962127858704038,4.353313597808514
gamma2_skew,42014,FH_PAC,0.9407157691057773,3.7057168389629607
gamma2_skew,42014,HetLDC_cert,0.9446677194542584,3.706496153774402
gamma2_skew,42015,CP_PAC,0.9723880314494872,4.885038471641218
gamma2_skew,42015,FH_PAC,0.9423157048228876,3.528941000750744
gamma2_skew,42015,HetLDC_cert,0.9608640313196024,4.297713247241923
gamma2_skew,42016,CP_PAC,0.9680494508829182,4.64019468193052
gamma2_skew,42016,FH_PAC,0.9495208040918588,4.009572818651625
gamma2_skew,42016,HetLDC_cert,0.9558347854122008,4.0923128236454
gamma2_skew,42017,CP_PAC,0.9573571585774412,4.15201429782617
gamma2_skew,42017,FH_PAC,0.9314145796965444,3.3130498904388124
gamma2_skew,42017,HetLDC_cert,0.9363161549709484,3.4638532296981484
gamma2_skew,42018,CP_PAC,0.9747430512009786,5.034007209511916
gamma2_skew,42018,FH_PAC,0.9488710358445318,3.820191149655227
gamma2_skew,42018,HetLDC_cert,0.9648000816291442,4.476998138500704
gamma2_skew,42019,CP_PAC,0.9567239633125548,4.126938568308724
gamma2_skew,42019,FH_PAC,0.961047494859024,4.214108853655373
gamma2_skew,42019,HetLDC_cert,0.9380084008908872,3.510469672637892
gamma2_skew,42020,CP_PAC,0.9602423485771376,4.270993180635368
gamma2_skew,42020,FH_PAC,0.9215989737228344,3.200827252036954
gamma2_skew,42020,HetLDC_cert,0.9406439137589764,3.5855356984182896
gamma2_skew,42021,CP_PAC,0.984809482931925,5.875885285766915
gamma2_skew,42021,FH_PAC,0.9689645690093056,4.198745934469576
gamma2_skew,42021,HetLDC_cert,0.9802734486463645,5.444785834596191
gamma2_skew,42022,CP_PAC,0.9869514393433448,6.125269062019717
gamma2_skew,42022,FH_PAC,0.9813627760805228,4.994045332503537
gamma2_skew,42022,HetLDC_cert,0.983798623650421,5.769880978392596
gamma2_skew,42023,CP_PAC,0.964275065143048,4.452000373886094
gamma2_skew,42023,FH_PAC,0.95555196565293,3.8079473519708738
gamma2_skew,42023,HetLDC_cert,0.9518638602549852,3.9454068208921216
gamma2_skew,42024,CP_PAC,0.9752810546702384,5.069921684147523
gamma2_skew,42024,FH_PAC,0.9591353114259986,3.8969336756670345
gamma2_skew,42024,HetLDC_cert,0.9685108895256878,4.664657354469953
gamma2_skew,42025,CP_PAC,0.9765559403216072,5.158142513361096
gamma2_skew,42025,FH_PAC,0.973671449415136,4.686167364418573
gamma2_skew,42025,HetLDC_cert,0.9685302684197932,4.6656922532115725
gamma2_skew,42026,CP_PAC,0.9657064622457514,4.5210108269382285
gamma2_skew,42026,FH_PAC,0.9324710123782228,3.6688452921191
gamma2_skew,42026,HetLDC_cert,0.9528242480768764,3.979843000592594
gamma2_skew,42027,CP_PAC,0.9700030387261914,4.746198795882332
gamma2_skew,42027,FH_PAC,0.947564714661915,3.9905022069050897
gamma2_skew,42027,HetLDC_cert,0.959053165282441,4.220981113287508
gamma2_skew,42028,CP_PAC,0.9775835089365562,5.232699742924961
gamma2_skew,42028,FH_PAC,0.9789411846610224,4.908471220352198
gamma2_skew,42028,HetLDC_cert,0.9711989098670198,4.814426805652114
gamma2_skew,42029,CP_PAC,0.951889500038272,3.946317603111275
gamma2_skew,42029,FH_PAC,0.9013311273427488,2.9653586456055696
gamma2_skew,42029,HetLDC_cert,0.9293062802342476,3.2824938111782926
gamma2_skew,42030,CP_PAC,0.9851418433169992,5.912243536538537
gamma2_skew,42030,FH_PAC,0.9604623294811956,4.153622696091001
gamma2_skew,42030,HetLDC_cert,0.9812689028128468,5.53046762193394
gamma2_skew,42031,CP_PAC,0.9752761809572542,5.069592956328824
gamma2_skew,42031,FH_PAC,0.9394935839445654,3.6057770400342326
gamma2_skew,42031,HetLDC_cert,0.9670489976588932,4.588305903761154
gamma2_skew,42032,CP_PAC,0.9786793917579152,5.315955918308882
gamma2_skew,42032,FH_PAC,0.9605330954486068,4.098709634255504
gamma2_skew,42032,HetLDC_cert,0.9730695288815204,4.926843288970101
gamma2_skew,42033,CP_PAC,0.95112667631948,3.919416888485739
gamma2_skew,42033,FH_PAC,0.928641547023304,3.34034851709824
gamma2_skew,42033,HetLDC_cert,0.9273473563052944,3.2348583799466333
gamma2_skew,42034,CP_PAC,0.9739326106877028,4.981279874111873
gamma2_skew,42034,FH_PAC,0.9557113731767342,4.571065624703224
gamma2_skew,42034,HetLDC_cert,0.96533678880745,4.502926266879482
gamma2_skew,42035,CP_PAC,0.981547404072226,5.555231501732081
gamma2_skew,42035,FH_PAC,0.9758709892685776,4.641583110698577
gamma2_skew,42035,HetLDC_cert,0.9748848142390856,5.043398241663935
gamma2_skew,42036,CP_PAC,0.9594854413403064,4.238997571304148
gamma2_skew,42036,FH_PAC,0.94692735088125,3.803425464709625
gamma2_skew,42036,HetLDC_cert,0.9421813491288532,3.630803691845714
gamma2_skew,42037,CP_PAC,0.9747590770130452,5.035066271940238
gamma2_skew,42037,FH_PAC,0.9717624623467934,4.567145718180944
gamma2_skew,42037,HetLDC_cert,0.9657505875005608,4.523181978333408
gamma2_skew,42038,CP_PAC,0.9543850355094432,4.037264959588588
gamma2_skew,42038,FH_PAC,0.9373351074441288,3.737739595908408
gamma2_skew,42038,HetLDC_cert,0.9341361521410716,3.4055041921441105
gamma2_skew,42039,CP_PAC,0.9794851140738527,5.379859358540456
gamma2_skew,42039,FH_PAC,0.9553727074530912,3.9618380552018566
gamma2_skew,42039,HetLDC_cert,0.9728399211337284,4.9126454556288985
gamma2_skew,42040,CP_PAC,0.9686468579629092,4.671931532721428
gamma2_skew,42040,FH_PAC,0.9560053629066678,4.029329732481588
gamma2_skew,42040,HetLDC_cert,0.9592527479522276,4.229276544810518
gamma2_skew,42041,CP_PAC,0.9864470038243196,6.063126241210646
gamma2_skew,42041,FH_PAC,0.9608102548073162,4.222995532941022
gamma2_skew,42041,HetLDC_cert,0.9829321146805188,5.684016853809946
gamma2_skew,42042,CP_PAC,0.9882054638162656,6.290527174296553
gamma2_skew,42042,FH_PAC,0.9827908174271196,5.651458358613342
gamma2_skew,42042,HetLDC_cert,0.9851509637768482,5.913252387136946
gamma2_skew,42043,CP_PAC,0.986031798012072,6.013644713252761
gamma2_skew,42043,FH_PAC,0.969493588423093,4.472613278701816
gamma2_skew,42043,HetLDC_cert,0.9822058183544404,5.615251692518605
gamma2_skew,42044,CP_PAC,0.967094421094704,4.59062869181875
gamma2_skew,42044,FH_PAC,0.9300936500127468,3.6016777406379714
gamma2_skew,42044,HetLDC_cert,0.9553047634114844,4.071989507958205
gamma2_skew,42045,CP_PAC,0.9844169654861904,5.83393070506221
gamma2_skew,42045,FH_PAC,0.9635951493906976,4.2619796845185425
gamma2_skew,42045,HetLDC_cert,0.9798788908311478,5.411981802891055
gamma2_skew,42046,CP_PAC,0.96968559687591,4.728528806987118
gamma2_skew,42046,FH_PAC,0.9551455918239878,3.835182358599136
gamma2_skew,42046,HetLDC_cert,0.9585655325877172,4.200875307673678
gamma2_skew,42047,CP_PAC,0.9497209224437004,3.87087836403878
gamma2_skew,42047,FH_PAC,0.927687980800361,3.4541167180885246
gamma2_skew,42047,HetLDC_cert,0.9265891889839156,3.216747330148958
gamma2_skew,42048,CP_PAC,0.9883926831486206,6.316659933397012
gamma2_skew,42048,FH_PAC,0.965541092574026,4.257704012376465
gamma2_skew,42048,HetLDC_cert,0.9852266021891428,5.921642384715276
gamma2_skew,42049,CP_PAC,0.9730297876459724,4.924377529181976
gamma2_skew,42049,FH_PAC,0.9472434042334276,3.800513996413392
gamma2_skew,42049,HetLDC_cert,0.9630011779683542,4.392785947071148
gamma2_skew,42050,CP_PAC,0.9718965114651722,4.855501790740247
gamma2_skew,42050,FH_PAC,0.950230571464622,3.9721474395775167
gamma2_skew,42050,HetLDC_cert,0.9618308282945116,4.34008759078421
gamma2_skew,42051,CP_PAC,0.9824738341679928,5.640304066528306
gamma2_skew,42051,FH_PAC,0.9657469187825358,4.372225334488659
gamma2_skew,42051,HetLDC_cert,0.9764377436943183,5.149770444401514
gamma2_skew,42052,CP_PAC,0.9967121850228314,8.349568951093072
gamma2_skew,42052,FH_PAC,0.9801559493293168,5.1605649575991706
gamma2_skew,42052,HetLDC_cert,0.9960847862612108,8.07093702115101
gamma2_skew,42053,CP_PAC,0.9896274092256054,6.5000679444329945
gamma2_skew,42053,FH_PAC,0.9828470386578196,5.165611026773656
gamma2_skew,42053,HetLDC_cert,0.9873731955940364,6.179051507680449
gamma2_skew,42054,CP_PAC,0.9828720598429006,5.678224031876249
gamma2_skew,42054,FH_PAC,0.9313143731894932,3.550178830727007
gamma2_skew,42054,HetLDC_cert,0.977105981077338,5.197648679672941
gamma2_skew,42055,CP_PAC,0.967583800433227,4.615851627427934
gamma2_skew,42055,FH_PAC,0.9657913377672604,3.983492962232403
gamma2_skew,42055,HetLDC_cert,0.9551883471043886,4.067556546522906
gamma2_skew,42056,CP_PAC,0.9744393506698872,5.014059192039592
gamma2_skew,42056,FH_PAC,0.9546444619719442,3.9816103652374335
gamma2_skew,42056,HetLDC_cert,0.9658339354190252,4.527290412279398
gamma2_skew,42057,CP_PAC,0.963662206239888,4.423263482905586
gamma2_skew,42057,FH_PAC,0.9395949774073844,3.8195528152028815
gamma2_skew,42057,HetLDC_cert,0.9498635517986594,3.8757436160367575
gamma2_skew,42058,CP_PAC,0.9702255971444316,4.7586951691182096
gamma2_skew,42058,FH_PAC,0.9555219670873089,4.077410125037392
gamma2_skew,42058,HetLDC_cert,0.9597246233510328,4.2490456872395095
gamma2_skew,42059,CP_PAC,0.969564411592891,4.7218302422245495
gamma2_skew,42059,FH_PAC,0.9596993493118392,4.26064469823745
gamma2_skew,42059,HetLDC_cert,0.9578454094875029,4.1715949735583395
gamma2_skew,42060,CP_PAC,0.9602527005650024,4.271434816580512
gamma2_skew,42060,FH_PAC,0.9378584268986712,3.8485522004615422
gamma2_skew,42060,HetLDC_cert,0.944400062963172,3.698193928404094
gamma2_skew,42061,CP_PAC,0.9551507302726776,4.066126511082336
gamma2_skew,42061,FH_PAC,0.9192746152648598,3.3665474500399286
gamma2_skew,42061,HetLDC_cert,0.9326050654171664,3.3656090437222064
gamma2_skew,42062,CP_PAC,0.971964754104884,4.859572685972906
gamma2_skew,42062,FH_PAC,0.9452393151238806,3.4777646408117264
gamma2_skew,42062,HetLDC_cert,0.9616652093536924,4.332755893162854
gamma2_skew,42063,CP_PAC,0.9569472405035272,4.135740376435456
gamma2_skew,42063,FH_PAC,0.9127129592153188,3.3569719603938166
gamma2_skew,42063,HetLDC_cert,0.9370766009325622,3.48465389956987
gamma2_skew,42064,CP_PAC,0.9906470401543238,6.668388883800302
gamma2_skew,42064,FH_PAC,0.9726594153738491,4.6066669037195025
gamma2_skew,42064,HetLDC_cert,0.988519498228208,6.334596020191466
gamma2_skew,42065,CP_PAC,0.9651902778667864,4.495810233523168
gamma2_skew,42065,FH_PAC,0.9161214007763512,3.259424924736032
gamma2_skew,42065,HetLDC_cert,0.9530983413348362,3.9897940967124614
gamma2_skew,42066,CP_PAC,0.9827506477494614,5.666572838387297
gamma2_skew,42066,FH_PAC,0.960655363959894,4.079140388989546
gamma2_skew,42066,HetLDC_cert,0.9779213721891948,5.257939182687716
gamma2_skew,42067,CP_PAC,0.981275327072244,5.531034815189897
gamma2_skew,42067,FH_PAC,0.9470625817133232,3.825866277411976
gamma2_skew,42067,HetLDC_cert,0.9752402889550552,5.067174001193553
gamma2_skew,42068,CP_PAC,0.9713424433200836,4.8227989857709055
gamma2_skew,42068,FH_PAC,0.943206138899489,3.5867917165793006
gamma2_skew,42068,HetLDC_cert,0.9601306654645608,4.266235571348401
gamma2_skew,42069,CP_PAC,0.9619674379462864,4.3461581386523935
gamma2_skew,42069,FH_PAC,0.9313955604816504,3.419527207031054
gamma2_skew,42069,HetLDC_cert,0.9473736181057826,3.792647906572869
gamma2_skew,42070,CP_PAC,0.971711950592844,4.844539789956866
gamma2_skew,42070,FH_PAC,0.9643068472339722,4.291370095271788
gamma2_skew,42070,HetLDC_cert,0.9613239250943214,4.317743266012437
gamma2_skew,42071,CP_PAC,0.977827390278881,5.250881056393584
gamma2_skew,42071,FH_PAC,0.9591864775721194,4.088725520103366
gamma2_skew,42071,HetLDC_cert,0.9697246929203024,4.730695370164476
gamma2_skew,42072,CP_PAC,0.9852022745178534,5.918939345216068
gamma2_skew,42072,FH_PAC,0.9569818692602018,4.243496102361606
gamma2_skew,42072,HetLDC_cert,0.9805986097733423,5.472302487480285
gamma2_skew,42073,CP_PAC,0.9810753988138412,5.513471263550189
gamma2_skew,42073,FH_PAC,0.9674711806878996,4.20714211171685
gamma2_skew,42073,HetLDC_cert,0.9755567079415786,5.088617137362972
gamma2_skew,42074,CP_PAC,0.956994674211483,4.137615895421918
gamma2_skew,42074,FH_PAC,0.9298875969578764,3.382211742427875
gamma2_skew,42074,HetLDC_cert,0.9363951099462572,3.466001899852011
gamma2_skew,42075,CP_PAC,0.9769907344659144,5.18929560746533
gamma2_skew,42075,FH_PAC,0.9663093031171968,4.5012521648109045
gamma2_skew,42075,HetLDC_cert,0.9687542391093552,4.677697852701617
gamma2_skew,42076,CP_PAC,0.9760760959549104,5.1244046451629846
gamma2_skew,42076,FH_PAC,0.9509087634887357,3.7589726906040113
gamma2_skew,42076,HetLDC_cert,0.9676622271706298,4.619927880585694
gamma2_skew,42077,CP_PAC,0.9776932685982058,5.240858459014655
gamma2_skew,42077,FH_PAC,0.965947071814414,4.591598494674302
gamma2_skew,42077,HetLDC_cert,0.970410544814881,4.769148532853443
gamma2_skew,42078,CP_PAC,0.9632076110783828,4.402247184189116
gamma2_skew,42078,FH_PAC,0.9074464450116702,3.318083506112193
gamma2_skew,42078,HetLDC_cert,0.9433072228835392,3.664686535108272
gamma2_skew,42079,CP_PAC,0.9592040310171824,4.227248087629658
gamma2_skew,42079,FH_PAC,0.9187512596625,3.146521830321613
gamma2_skew,42079,HetLDC_cert,0.9410216690751348,3.5965539534469686
gamma2_skew,42080,CP_PAC,0.9767887489727152,5.174753006493241
gamma2_skew,42080,FH_PAC,0.962466208742063,4.157420510129205
gamma2_skew,42080,HetLDC_cert,0.9703601939832944,4.766296436343218
gamma2_skew,42081,CP_PAC,0.9874838285968076,6.1934495605902
gamma2_skew,42081,FH_PAC,0.966622222356966,4.505580173355652
gamma2_skew,42081,HetLDC_cert,0.9847661709692056,5.871204368063303
gamma2_skew,42082,CP_PAC,0.974418346681422,5.012688074377085
gamma2_skew,42082,FH_PAC,0.9728580847644448,4.673343775898037
gamma2_skew,42082,HetLDC_cert,0.9661588924459392,4.543401099233912
gamma2_skew,42083,CP_PAC,0.9602397891255126,4.270884006475514
gamma2_skew,42083,FH_PAC,0.9432172092326142,3.847248285203381
gamma2_skew,42083,HetLDC_cert,0.9427231765526506,3.647030647791365
gamma2_skew,42084,CP_PAC,0.9680407412735578,4.639736234621304
gamma2_skew,42084,FH_PAC,0.9627252926458292,4.449225893551929
gamma2_skew,42084,HetLDC_cert,0.9542947155971386,4.03389114779152
gamma2_skew,42085,CP_PAC,0.9615649964468856,4.3283343885469705
gamma2_skew,42085,FH_PAC,0.9493835235974438,3.579186702736476
gamma2_skew,42085,HetLDC_cert,0.940853173789564,3.5916310619170466
gamma2_skew,42086,CP_PAC,0.9741786475131324,4.997117446132029
gamma2_skew,42086,FH_PAC,0.9512359943713122,4.139872386281222
gamma2_skew,42086,HetLDC_cert,0.964383154156823,4.457117815488423
gamma2_skew,42087,CP_PAC,0.9824997272315744,5.642744076477679
gamma2_skew,42087,FH_PAC,0.960142026350001,4.393648375614906
gamma2_skew,42087,HetLDC_cert,0.9778766523035818,5.254577054315984
gamma2_skew,42088,CP_PAC,0.968011617404025,4.638204117192648
gamma2_skew,42088,FH_PAC,0.912636603736592,3.1009269613010253
gamma2_skew,42088,HetLDC_cert,0.9553776150608276,4.074769221731128
gamma2_skew,42089,CP_PAC,0.9614254827229244,4.322197299767604
gamma2_skew,42089,FH_PAC,0.9183106507570844,3.372449285286468
gamma2_skew,42089,HetLDC_cert,0.9453418540651608,3.727577447681246
gamma2_skew,42090,CP_PAC,0.9787838863833376,5.324110085266474
gamma2_skew,42090,FH_PAC,0.967829897344459,4.187076581278834
gamma2_skew,42090,HetLDC_cert,0.972951243615855,4.919514549379718
gamma2_skew,42091,CP_PAC,0.9839759329888288,5.788000553049129
gamma2_skew,42091,FH_PAC,0.9698083629629064,4.591442291307416
gamma2_skew,42091,HetLDC_cert,0.9798610414178128,5.410512583431777
gamma2_skew,42092,CP_PAC,0.9804022639913444,5.455633742067388
gamma2_skew,42092,FH_PAC,0.9583968308384828,4.161310020926488
gamma2_skew,42092,HetLDC_cert,0.9753917692029068,5.077406235194957
gamma2_skew,42093,CP_PAC,0.9700408800064756,4.748317208309373
gamma2_skew,42093,FH_PAC,0.959297027967826,4.112305154200695
gamma2_skew,42093,HetLDC_cert,0.960680171159876,4.289768684653554
gamma2_skew,42094,CP_PAC,0.9837182799336948,5.761733937053126
gamma2_skew,42094,FH_PAC,0.9719007066959348,4.529452137040264
gamma2_skew,42094,HetLDC_cert,0.9790583978410358,5.345718418143748
gamma2_skew,42095,CP_PAC,0.9563103899781036,4.110749485516317
gamma2_skew,42095,FH_PAC,0.9416353386306608,3.50379194592249
gamma2_skew,42095,HetLDC_cert,0.935124141275744,3.431717606601892
gamma2_skew,42096,CP_PAC,0.9701399508372532,4.753875599440136
gamma2_skew,42096,FH_PAC,0.9443886005219744,3.643025684028259
gamma2_skew,42096,HetLDC_cert,0.9588577544742626,4.2128965934321645
gamma2_skew,42097,CP_PAC,0.9747199642223456,5.032482653935066
gamma2_skew,42097,FH_PAC,0.9670706932327866,4.62535453023768
gamma2_skew,42097,HetLDC_cert,0.964019556292249,4.439962375467311
gamma2_skew,42098,CP_PAC,0.9759117134691162,5.112997457028863
gamma2_skew,42098,FH_PAC,0.9646604665392604,4.092605896615183
gamma2_skew,42098,HetLDC_cert,0.967425404732546,4.607647870035458
gamma2_skew,42099,CP_PAC,0.985189935624986,5.917570028612932
gamma2_skew,42099,FH_PAC,0.9765722540066514,4.828374021123137
gamma2_skew,42099,HetLDC_cert,0.9813368183694609,5.536473421881631
gamma2_skew,42100,CP_PAC,0.9571903487713682,4.1453738530172455
gamma2_skew,42100,FH_PAC,0.9098658354515524,3.175616687549698
gamma2_skew,42100,HetLDC_cert,0.9389967658817934,3.5382587366532023
gamma2_skew,42101,CP_PAC,0.9758529365497214,5.1089369676099725
gamma2_skew,42101,FH_PAC,0.9689168672702057,4.270859257162624
gamma2_skew,42101,HetLDC_cert,0.9667077677692376,4.570954666419363
gamma2_skew,42102,CP_PAC,0.961865658248834,4.341633350057455
gamma2_skew,42102,FH_PAC,0.94376919085249,3.485168036435314
gamma2_skew,42102,HetLDC_cert,0.9441595723847016,3.690766764605246
gamma2_skew,42103,CP_PAC,0.9700305180616032,4.747736874227795
gamma2_skew,42103,FH_PAC,0.9407573534370764,3.434043494879709
gamma2_skew,42103,HetLDC_cert,0.9584616923862972,4.19662316099605
gamma2_skew,42104,CP_PAC,0.98151899679822,5.552689003267929
gamma2_skew,42104,FH_PAC,0.966489768122364,3.84032011870025
gamma2_skew,42104,HetLDC_cert,0.976331694304473,5.142293334716034
gamma2_skew,42105,CP_PAC,0.9867329825377776,6.098074215177407
gamma2_skew,42105,FH_PAC,0.9706426879236978,4.25695432930029
gamma2_skew,42105,HetLDC_cert,0.9828533144182444,5.676419913339568
gamma2_skew,42106,CP_PAC,0.9626504505936312,4.376827201384817
gamma2_skew,42106,FH_PAC,0.9204998912807132,3.5367256396178064
gamma2_skew,42106,HetLDC_cert,0.948466128546657,3.828635300763751
gamma2_skew,42107,CP_PAC,0.9899223032479976,6.547024951337958
gamma2_skew,42107,FH_PAC,0.9746806057118376,4.815294532846254
gamma2_skew,42107,HetLDC_cert,0.987679841059704,6.2192666422788125
gamma2_skew,42108,CP_PAC,0.9464550931439594,3.762939140437515
gamma2_skew,42108,FH_PAC,0.9094142593478696,3.1571916567399714
gamma2_skew,42108,HetLDC_cert,0.9182076391872552,3.027513521192865
gamma2_skew,42109,CP_PAC,0.966482135658547,4.5595753347480255
gamma2_skew,42109,FH_PAC,0.9617771347136228,4.2623939002213245
gamma2_skew,42109,HetLDC_cert,0.951664932946113,3.938356203068622
gamma2_skew,42110,CP_PAC,0.962050879982206,4.349876385867268
gamma2_skew,42110,FH_PAC,0.9409924250873448,3.544551526289489
gamma2_skew,42110,HetLDC_cert,0.9455502516977474,3.734144561087003
gamma2_skew,42111,CP_PAC,0.9844334601938796,5.835672945458037
gamma2_skew,42111,FH_PAC,0.9682651149081848,4.076004667541889
gamma2_skew,42111,HetLDC_cert,0.9806875023639396,5.47990294264968
gamma2_skew,42112,CP_PAC,0.96116354976194,4.310732485202642
gamma2_skew,42112,FH_PAC,0.9308507048585002,3.2361910402567906
gamma2_skew,42112,HetLDC_cert,0.9419788111186368,3.62477512043068
gamma2_skew,42113,CP_PAC,0.979709730594292,5.3981084227233245
gamma2_skew,42113,FH_PAC,0.9505638751111636,4.094106101079161
gamma2_skew,42113,HetLDC_cert,0.9738622577801012,4.976777784596336
gamma2_skew,42114,CP_PAC,0.9574525199820698,4.15582168967088
gamma2_skew,42114,FH_PAC,0.9259821478722704,3.50810526241734
gamma2_skew,42114,HetLDC_cert,0.939444482373932,3.550987944611221
gamma2_skew,42115,CP_PAC,0.978662264482706,5.314623101367808
gamma2_skew,42115,FH_PAC,0.952615732033263,3.973315101203096
gamma2_skew,42115,HetLDC_cert,0.9725732580511244,4.896301196610046
gamma2_skew,42116,CP_PAC,0.9629746725154592,4.391574829181723
gamma2_skew,42116,FH_PAC,0.9354006805434368,3.4147139001721474
gamma2_skew,42116,HetLDC_cert,0.9492041629774772,3.853360851480701
gamma2_skew,42117,CP_PAC,0.970513171404732,4.774976297781304
gamma2_skew,42117,FH_PAC,0.9492385811284592,3.658656180925458
gamma2_skew,42117,HetLDC_cert,0.9608310846454452,4.296286994661482
gamma2_skew,42118,CP_PAC,0.976042826573215,5.122089830371978
gamma2_skew,42118,FH_PAC,0.9626205512104308,4.341408162331458
gamma2_skew,42118,HetLDC_cert,0.9690016417875248,4.691056352729446
gamma2_skew,42119,CP_PAC,0.969039069226733,4.693086196756216
gamma2_skew,42119,FH_PAC,0.956522184291399,3.9729434589855392
gamma2_skew,42119,HetLDC_cert,0.9556141481084172,4.083824402628401
gamma2_skew,42120,CP_PAC,0.9695759133373244,4.722464899277632
gamma2_skew,42120,FH_PAC,0.9481442720909644,3.8336589831423935
gamma2_skew,42120,HetLDC_cert,0.9575842638416846,4.161095169173489
gamma2_skew,42121,CP_PAC,0.976827395905121,5.177526008081736
gamma2_skew,42121,FH_PAC,0.9368676982917036,3.7569864437690894
gamma2_skew,42121,HetLDC_cert,0.9691359111335704,4.69834933814774
gamma2_skew,42122,CP_PAC,0.958534732209696,4.199612999046854
gamma2_skew,42122,FH_PAC,0.9420282673704063,3.6366460206867424
gamma2_skew,42122,HetLDC_cert,0.9382314780591126,3.516704769551509
gamma2_skew,42123,CP_PAC,0.9728431792414924,4.9128461085006006
gamma2_skew,42123,FH_PAC,0.9640604992688568,4.147065673438584
gamma2_skew,42123,HetLDC_cert,0.9635492024789782,4.418015708022066
gamma2_skew,42124,CP_PAC,0.9643873265242752,4.457315654405669
gamma2_skew,42124,FH_PAC,0.9283675671840036,3.4977107456361995
gamma2_skew,42124,HetLDC_cert,0.9496673256372378,3.8690535230543066
gamma2_skew,42125,CP_PAC,0.9791821033148648,5.35554592487375
gamma2_skew,42125,FH_PAC,0.959973319508418,4.050447749425072
gamma2_skew,42125,HetLDC_cert,0.9724193265878772,4.886936240325642
gamma2_skew,42126,CP_PAC,0.9735734515922116,4.958418205047361
gamma2_skew,42126,FH_PAC,0.9413860467960508,3.7354505020656497
gamma2_skew,42126,HetLDC_cert,0.963897930884526,4.434261004391438
gamma2_skew,42127,CP_PAC,0.9590672007169884,4.221563210553088
gamma2_skew,42127,FH_PAC,0.9359120890620096,3.635918662964458
gamma2_skew,42127,HetLDC_cert,0.942041517619336,3.626639443962232
gamma2_skew,42128,CP_PAC,0.9668606266355552,4.578706114423104
gamma2_skew,42128,FH_PAC,0.9362022521960736,3.629356139213
gamma2_skew,42128,HetLDC_cert,0.95229543032766,3.9607993480399872
gamma2_skew,42129,CP_PAC,0.9774093862778772,5.219835856158946
gamma2_skew,42129,FH_PAC,0.9550848397855768,4.220537191968682
gamma2_skew,42129,HetLDC_cert,0.9703790122386132,4.767361838824606
gamma2_skew,42130,CP_PAC,0.9641531007412816,4.446243866403304
gamma2_skew,42130,FH_PAC,0.9364443701914772,3.572804207695627
gamma2_skew,42130,HetLDC_cert,0.9504892320503238,3.89724376349664
gamma2_skew,42131,CP_PAC,0.9785635456138602,5.306961124224005
gamma2_skew,42131,FH_PAC,0.953146469412498,3.8301868497624927
gamma2_skew,42131,HetLDC_cert,0.9716551024060732,4.841177205226501
gamma2_skew,42132,CP_PAC,0.9820628051299228,5.602033412580145
gamma2_skew,42132,FH_PAC,0.969920958991757,4.709691479963096
gamma2_skew,42132,HetLDC_cert,0.9772610573828562,5.20895313722106
gamma2_skew,42133,CP_PAC,0.964476129870205,4.461531693297778
gamma2_skew,42133,FH_PAC,0.905730272357786,3.1857902088648675
gamma2_skew,42133,HetLDC_cert,0.947766925855683,3.805520637327093
gamma2_skew,42134,CP_PAC,0.961257497727153,4.314836022371856
gamma2_skew,42134,FH_PAC,0.9362157083771812,3.525756274862659
gamma2_skew,42134,HetLDC_cert,0.9440346561795444,3.686920949160752
gamma2_skew,42135,CP_PAC,0.9682604658724008,4.651338850646223
gamma2_skew,42135,FH_PAC,0.9529624380746564,3.941624009941473
gamma2_skew,42135,HetLDC_cert,0.95402570095761,4.0238800608609075
gamma2_skew,42136,CP_PAC,0.966156761072123,4.543294945581673
gamma2_skew,42136,FH_PAC,0.919397005279316,3.2792444217487207
gamma2_skew,42136,HetLDC_cert,0.9517838545422728,3.942567819517544
gamma2_skew,42137,CP_PAC,0.950646535531324,3.902690001134227
gamma2_skew,42137,FH_PAC,0.9262248717330254,3.272012826880396
gamma2_skew,42137,HetLDC_cert,0.9243505425257498,3.164284134938802
gamma2_skew,42138,CP_PAC,0.9769714375417712,5.187900930037613
gamma2_skew,42138,FH_PAC,0.9625315373386876,4.143392458001576
gamma2_skew,42138,HetLDC_cert,0.9706707114282644,4.7839605953489865
gamma2_skew,42139,CP_PAC,0.978347397088856,5.290303739193921
gamma2_skew,42139,FH_PAC,0.96982994330928,4.67867935396118
gamma2_skew,42139,HetLDC_cert,0.9709634653891678,4.800780405492425
gamma2_skew,42140,CP_PAC,0.9767793498567128,5.174079275661136
gamma2_skew,42140,FH_PAC,0.9548013870371193,4.085089391238588
gamma2_skew,42140,HetLDC_cert,0.9689362390884524,4.6875149637622755
gamma2_skew,42141,CP_PAC,0.968526677895861,4.665500460664762
gamma2_skew,42141,FH_PAC,0.9358173608927756,3.54584766156398
gamma2_skew,42141,HetLDC_cert,0.958765788197854,4.209104516591422
gamma2_skew,42142,CP_PAC,0.9658054684908578,4.525886119682138
gamma2_skew,42142,FH_PAC,0.9008917353236656,3.18664251163683
gamma2_skew,42142,HetLDC_cert,0.9506806649436458,3.9038738365108774
gamma2_skew,42143,CP_PAC,0.96262628989567,4.375733156277744
gamma2_skew,42143,FH_PAC,0.9496768863261806,3.777653675257848
gamma2_skew,42143,HetLDC_cert,0.9458927933287956,3.744991130892816
gamma2_skew,42144,CP_PAC,0.9701183138019092,4.752660131084748
gamma2_skew,42144,FH_PAC,0.9283510863274822,3.3400075875010486
gamma2_skew,42144,HetLDC_cert,0.9613178863409436,4.317478777264342
gamma2_skew,42145,CP_PAC,0.9773977343689249,5.218978466604785
gamma2_skew,42145,FH_PAC,0.9518784449407915,4.0597576999475855
gamma2_skew,42145,HetLDC_cert,0.9709598940344752,4.800574232993696
gamma2_skew,42146,CP_PAC,0.9803275741985786,5.44933549991853
gamma2_skew,42146,FH_PAC,0.9500845670630136,3.9553806526755007
gamma2_skew,42146,HetLDC_cert,0.9742385957105152,5.000998470094852
gamma2_skew,42147,CP_PAC,0.979384019246721,5.37170904971324
gamma2_skew,42147,FH_PAC,0.9703685792413144,4.397409017312272
gamma2_skew,42147,HetLDC_cert,0.9713761300964282,4.8247697731973
gamma2_skew,42148,CP_PAC,0.9737687888758192,4.970814529450301
gamma2_skew,42148,FH_PAC,0.9607731123331076,4.154693409394294
gamma2_skew,42148,HetLDC_cert,0.9633493364516472,4.408772340926324
gamma2_skew,42149,CP_PAC,0.96087347865575,4.298122432646557
gamma2_skew,42149,FH_PAC,0.9571473685914982,3.776726342455514
gamma2_skew,42149,HetLDC_cert,0.9465616470681256,3.766360480173149
laplace,41000,CP_PAC,0.9737385658396552,5.147247763084386
laplace,41000,FH_PAC,0.9419497355024602,4.037024066534984
laplace,41000,HetLDC_cert,0.961650587592217,4.611773157719002
laplace,41001,CP_PAC,0.9844478534834658,5.8881582259024645
laplace,41001,FH_PAC,0.9304344085073102,3.828993922487056
laplace,41001,HetLDC_cert,0.9788564926830758,5.453804864943896
laplace,41002,CP_PAC,0.9599899439745928,4.5518223576189
laplace,41002,FH_PAC,0.9180338428579368,3.5512721869763815
laplace,41002,HetLDC_cert,0.9430968465478696,4.053708145217184
laplace,41003,CP_PAC,0.9851838456593808,5.956720110795997
laplace,41003,FH_PAC,0.9541712278411862,4.377164325284732
laplace,41003,HetLDC_cert,0.9797877949446674,5.517509872879346
laplace,41004,CP_PAC,0.9760868641395644,5.279722176009977
laplace,41004,FH_PAC,0.9441083387266732,4.079090947069992
laplace,41004,HetLDC_cert,0.9678342573002748,4.8604445262306575
laplace,41005,CP_PAC,0.977592408770626,5.37168583928804
laplace,41005,FH_PAC,0.9427692076399508,4.051127374329352
laplace,41005,HetLDC_cert,0.96915536238944,4.919755343425774
laplace,41006,CP_PAC,0.9609839909602328,4.587402235681275
laplace,41006,FH_PAC,0.9143147467080448,3.4802207373062433
laplace,41006,HetLDC_cert,0.9434746622408444,4.063129306468664
laplace,41007,CP_PAC,0.9786722639996184,5.441535841648106
laplace,41007,FH_PAC,0.952405344168762,4.310077156163874
laplace,41007,HetLDC_cert,0.9695613055197112,4.9384912266631105
laplace,41008,CP_PAC,0.982984703138262,5.761000505871333
laplace,41008,FH_PAC,0.9768871950497302,5.3616726323397845
laplace,41008,HetLDC_cert,0.9772546938093392,5.350530608422844
laplace,41009,CP_PAC,0.9759173317136428,5.269731467139248
laplace,41009,FH_PAC,0.951683777260298,4.383781806547824
laplace,41009,HetLDC_cert,0.9646234539602676,4.725886257324336
laplace,41010,CP_PAC,0.9612313584966488,4.5963971132511166
laplace,41010,FH_PAC,0.9270111081288772,3.7104042763327065
laplace,41010,HetLDC_cert,0.9447465956999284,4.095315447735214
laplace,41011,CP_PAC,0.983381930096514,5.7944072044970945
laplace,41011,FH_PAC,0.9528918837616932,4.387816892381138
laplace,41011,HetLDC_cert,0.9775819471996838,5.37102573072299
laplace,41012,CP_PAC,0.9859141462762536,6.028204481469323
laplace,41012,FH_PAC,0.979153549377094,5.476608525377929
laplace,41012,HetLDC_cert,0.9811044377670934,5.612770648753864
laplace,41013,CP_PAC,0.9729823744043782,5.107101108634926
laplace,41013,FH_PAC,0.9341813425106,3.875943717278264
laplace,41013,HetLDC_cert,0.9616795055997608,4.612839971077904
laplace,41014,CP_PAC,0.9675875762573652,4.849640212869249
laplace,41014,FH_PAC,0.9383694153888724,3.9409747868222618
laplace,41014,HetLDC_cert,0.9543114256865456,4.364131570320354
laplace,41015,CP_PAC,0.9797519969469416,5.515007363403151
laplace,41015,FH_PAC,0.8923586383812246,3.1522391265982317
laplace,41015,HetLDC_cert,0.972073516661978,5.0603104255248645
laplace,41016,CP_PAC,0.9591819397678756,4.523546836021419
laplace,41016,FH_PAC,0.9120275567232188,3.438564749495534
laplace,41016,HetLDC_cert,0.9387054214521248,3.9485746078874415
laplace,41017,CP_PAC,0.9638740927095986,4.6962426410157985
laplace,41017,FH_PAC,0.942321907179477,4.08253398217294
laplace,41017,HetLDC_cert,0.9483330168441472,4.190224735478721
laplace,41018,CP_PAC,0.9704486433962328,4.980330723907748
laplace,41018,FH_PAC,0.9338081438854008,3.8455852680657183
laplace,41018,HetLDC_cert,0.9615036118159036,4.606363483070515
laplace,41019,CP_PAC,0.9898136441977234,6.486582002386073
laplace,41019,FH_PAC,0.9553669803831408,4.4303708020976
laplace,41019,HetLDC_cert,0.986291368461107,6.06659378659324
laplace,41020,CP_PAC,0.9686977598651674,4.898928572543536
laplace,41020,FH_PAC,0.9374132201908912,3.919384781960136
laplace,41020,HetLDC_cert,0.9548851300989498,4.382002067719739
laplace,41021,CP_PAC,0.9509216075750988,4.262915438028431
laplace,41021,FH_PAC,0.9353811331690702,3.874186093096536
laplace,41021,HetLDC_cert,0.9231362107825404,3.6284765795939817
laplace,41022,CP_PAC,0.9562248168892296,4.424633310078257
laplace,41022,FH_PAC,0.9205191791144236,3.5841591564517823
laplace,41022,HetLDC_cert,0.9334686940755268,3.8326356759959466
laplace,41023,CP_PAC,0.9750209757697452,5.218050420752041
laplace,41023,FH_PAC,0.926363871110934,3.6960737604718266
laplace,41023,HetLDC_cert,0.9645337050671892,4.722302997027032
laplace,41024,CP_PAC,0.9549405440503652,4.383740193749773
laplace,41024,FH_PAC,0.9200496593459188,3.5829473505970584
laplace,41024,HetLDC_cert,0.930284722347826,3.7665256005593895
laplace,41025,CP_PAC,0.961478629057837,4.605446007492845
laplace,41025,FH_PAC,0.9472454188885046,4.1624968239094535
laplace,41025,HetLDC_cert,0.9437037610973638,4.068872802791392
laplace,41026,CP_PAC,0.978112565310653,5.404901589101149
laplace,41026,FH_PAC,0.9333978240753568,3.921073183122595
laplace,41026,HetLDC_cert,0.970112992995853,4.964358332831761
laplace,41027,CP_PAC,0.9524202588076274,4.306772745740645
laplace,41027,FH_PAC,0.904750166938124,3.354462608090939
laplace,41027,HetLDC_cert,0.93134013093252,3.788098868786216
laplace,41028,CP_PAC,0.9597540472683904,4.543508730087731
laplace,41028,FH_PAC,0.8884727348511766,3.1615821351009887
laplace,41028,HetLDC_cert,0.940967869256139,4.001762491492221
laplace,41029,CP_PAC,0.9756729433732818,5.255452508017562
laplace,41029,FH_PAC,0.9290234867946288,3.7579220223562833
laplace,41029,HetLDC_cert,0.96419567214544,4.708887811120361
laplace,41030,CP_PAC,0.9419595086329452,4.025720670106047
laplace,41030,FH_PAC,0.8974290626192478,3.2221012538462883
laplace,41030,HetLDC_cert,0.9133831776292058,3.4595358065571515
laplace,41031,CP_PAC,0.9739625619936444,5.159361995104812
laplace,41031,FH_PAC,0.9600452804382608,4.5574218849900445
laplace,41031,HetLDC_cert,0.9630251814246498,4.663394928200536
laplace,41032,CP_PAC,0.976182280552632,5.285376353556632
laplace,41032,FH_PAC,0.9161985272251408,3.507410265269262
laplace,41032,HetLDC_cert,0.9664870671875624,4.80242015901744
laplace,41033,CP_PAC,0.9719596864423392,5.054557712440449
laplace,41033,FH_PAC,0.9447734703984104,4.097385032373789
laplace,41033,HetLDC_cert,0.9591476769728996,4.522360239112026
laplace,41034,CP_PAC,0.9820612616125536,5.686259636878267
laplace,41034,FH_PAC,0.9599186305682,4.618772511031927
laplace,41034,HetLDC_cert,0.9762426677865056,5.288966491161154
laplace,41035,CP_PAC,0.9812683766319176,5.625093974528465
laplace,41035,FH_PAC,0.9423136826088852,4.034637126022116
laplace,41035,HetLDC_cert,0.9734569371045778,5.132162420910348
laplace,41036,CP_PAC,0.979938119536094,5.52806713621548
laplace,41036,FH_PAC,0.9383061329676448,3.9658823571311546
laplace,41036,HetLDC_cert,0.9725512197872056,5.084710887191696
laplace,41037,CP_PAC,0.9721699617418345,5.065202914227008
laplace,41037,FH_PAC,0.9257940889890532,3.6896351042509985
laplace,41037,HetLDC_cert,0.9623504944868276,4.637822102483254
laplace,41038,CP_PAC,0.988550605802667,6.321277885938182
laplace,41038,FH_PAC,0.9431270219203894,4.054464711699338
laplace,41038,HetLDC_cert,0.9855132067005288,5.988512575738048
laplace,41039,CP_PAC,0.9551222748379612,4.389455438348906
laplace,41039,FH_PAC,0.8827337955452444,3.0328978652407015
laplace,41039,HetLDC_cert,0.9333105779192656,3.8292786891222
laplace,41040,CP_PAC,0.9812175482481416,5.621261693794009
laplace,41040,FH_PAC,0.9378562640588224,3.941770717090144
laplace,41040,HetLDC_cert,0.9738388280983434,5.152657353700815
laplace,41041,CP_PAC,0.9667500680449868,4.813562320299929
laplace,41041,FH_PAC,0.9286415833147208,3.7371374932754686
laplace,41041,HetLDC_cert,0.9533359253539372,4.334254417330556
laplace,41042,CP_PAC,0.9538890864225232,4.351118815175233
laplace,41042,FH_PAC,0.9002130608480429,3.2922451999602567
laplace,41042,HetLDC_cert,0.928852092265714,3.7377584710029215
laplace,41043,CP_PAC,0.985894338578038,6.026217194165285
laplace,41043,FH_PAC,0.971821266458908,5.091637225324268
laplace,41043,HetLDC_cert,0.98162970549882,5.652640385570935
laplace,41044,CP_PAC,0.9836809411692102,5.820085042722019
laplace,41044,FH_PAC,0.950984985966356,4.266218492746778
laplace,41044,HetLDC_cert,0.9776677313374308,5.37644769131117
laplace,41045,CP_PAC,0.987996082284732,6.2543908839093
laplace,41045,FH_PAC,0.9544714728979844,4.392237570008499
laplace,41045,HetLDC_cert,0.9851299331717376,5.9515834613994185
laplace,41046,CP_PAC,0.9591631819617584,4.522897088086213
laplace,41046,FH_PAC,0.9267806738638869,3.70526295990604
laplace,41046,HetLDC_cert,0.9401067875921668,3.981282842391259
laplace,41047,CP_PAC,0.9914541762271256,6.734927014825935
laplace,41047,FH_PAC,0.9675448650890562,4.847903032017296
laplace,41047,HetLDC_cert,0.9891299940446971,6.394717389636096
laplace,41048,CP_PAC,0.9795684584775664,5.502245944533037
laplace,41048,FH_PAC,0.9473952941424946,4.178872702311613
laplace,41048,HetLDC_cert,0.9720483750156028,5.059037810515124
laplace,41049,CP_PAC,0.944871657164882,4.0985200300169025
laplace,41049,FH_PAC,0.9305384757533912,3.792084394453674
laplace,41049,HetLDC_cert,0.9124507686081488,3.4443934977944752
laplace,41050,CP_PAC,0.9438759718975284,4.073205527595631
laplace,41050,FH_PAC,0.8862915322530039,3.0819854961259443
laplace,41050,HetLDC_cert,0.9082477991840812,3.3780807493210676
laplace,41051,CP_PAC,0.9731350993120492,5.115118038390796
laplace,41051,FH_PAC,0.917694997727636,3.5492474039634536
laplace,41051,HetLDC_cert,0.963161213813639,4.6686074921403975
laplace,41052,CP_PAC,0.97152911149568,5.033006703409196
laplace,41052,FH_PAC,0.950426782175477,4.273073076832555
laplace,41052,HetLDC_cert,0.9594397818914896,4.532508565264889
laplace,41053,CP_PAC,0.9699984044992622,4.958946525010289
laplace,41053,FH_PAC,0.9355200171832928,3.9116118788512
laplace,41053,HetLDC_cert,0.956596763330352,4.43670085832091
laplace,41054,CP_PAC,0.9705186790680362,4.983686338036004
laplace,41054,FH_PAC,0.9082659224619306,3.378559238380452
laplace,41054,HetLDC_cert,0.958988989010012,4.516877468269933
laplace,41055,CP_PAC,0.9532079051749532,4.330379916853056
laplace,41055,FH_PAC,0.9132412088684726,3.4578712026338234
laplace,41055,HetLDC_cert,0.9277157256546243,3.7153492923136975
laplace,41056,CP_PAC,0.9719154022507416,5.052326000500258
laplace,41056,FH_PAC,0.941067590905924,4.0138462658753005
laplace,41056,HetLDC_cert,0.9610158764897414,4.588558463223778
laplace,41057,CP_PAC,0.9466077089574056,4.143771469732914
laplace,41057,FH_PAC,0.9078352392973904,3.373615229489477
laplace,41057,HetLDC_cert,0.9162594137829017,3.507294207829621
laplace,41058,CP_PAC,0.9647995124428876,4.732941946623421
laplace,41058,FH_PAC,0.8854834145597541,3.091718474371856
laplace,41058,HetLDC_cert,0.9474808974047092,4.167091017940472
laplace,41059,CP_PAC,0.9489115072258189,4.206148316764786
laplace,41059,FH_PAC,0.9228205465158656,3.624581012883728
laplace,41059,HetLDC_cert,0.9194389198502642,3.5620357344326465
laplace,41060,CP_PAC,0.9820746122198324,5.687312533617662
laplace,41060,FH_PAC,0.9462427550107964,4.134486116071195
laplace,41060,HetLDC_cert,0.9753673403845576,5.23779744227872
laplace,41061,CP_PAC,0.9472468968266768,4.160803938959496
laplace,41061,FH_PAC,0.9101004434565017,3.442623959124895
laplace,41061,HetLDC_cert,0.914285559082554,3.4743464883718542
laplace,41062,CP_PAC,0.9751278556882246,5.224114521806294
laplace,41062,FH_PAC,0.9223046445248996,3.639880462140476
laplace,41062,HetLDC_cert,0.9639586585364496,4.699557003030432
laplace,41063,CP_PAC,0.987604711211808,6.209018116944256
laplace,41063,FH_PAC,0.9553014947274254,4.576656183689568
laplace,41063,HetLDC_cert,0.9839930039183112,5.847390390270001
laplace,41064,CP_PAC,0.9602793112590722,4.562087630725098
laplace,41064,FH_PAC,0.9094874512282304,3.452151211396679
laplace,41064,HetLDC_cert,0.942644575799534,4.042512298396152
laplace,41065,CP_PAC,0.9735182412272334,5.135432480387766
laplace,41065,FH_PAC,0.9571629531159768,4.476589761986918
laplace,41065,HetLDC_cert,0.9626028994118652,4.647335012731684
laplace,41066,CP_PAC,0.9785770549907356,5.43523670951494
laplace,41066,FH_PAC,0.9303672822659638,3.7731492510375975
laplace,41066,HetLDC_cert,0.9704468642270851,4.980245582320774
laplace,41067,CP_PAC,0.9781557685705524,5.407695841476508
laplace,41067,FH_PAC,0.924625559272426,3.65780574539879
laplace,41067,HetLDC_cert,0.969033586698402,4.914182972333331
laplace,41068,CP_PAC,0.9831033438620262,5.77089577820372
laplace,41068,FH_PAC,0.9558006866458464,4.411139884302024
laplace,41068,HetLDC_cert,0.977514531499279,5.366779281148418
laplace,41069,CP_PAC,0.9712333577130148,5.018391721691989
laplace,41069,FH_PAC,0.9302068234608613,3.775360119399114
laplace,41069,HetLDC_cert,0.959161700879046,4.522845797868783
laplace,41070,CP_PAC,0.9755069766421548,5.245837066734644
laplace,41070,FH_PAC,0.92356174512489,3.637353345636493
laplace,41070,HetLDC_cert,0.9660514441307072,4.784155735562995
laplace,41071,CP_PAC,0.9540651028117026,4.356527536465814
laplace,41071,FH_PAC,0.9310925612481304,3.794007073691512
laplace,41071,HetLDC_cert,0.9301941796214956,3.764690082184992
laplace,41072,CP_PAC,0.9874951610623282,6.196574140071587
laplace,41072,FH_PAC,0.9524721153850424,4.310703052383249
laplace,41072,HetLDC_cert,0.9834602374130044,5.801086982189618
laplace,41073,CP_PAC,0.976827449061454,5.324212622691333
laplace,41073,FH_PAC,0.9324611420525236,3.811447945104181
laplace,41073,HetLDC_cert,0.9674373142152854,4.843099154356266
laplace,41074,CP_PAC,0.965118694500616,4.745823886319696
laplace,41074,FH_PAC,0.9344068080221644,3.881143925050548
laplace,41074,HetLDC_cert,0.9510781923730232,4.267434704993513
laplace,41075,CP_PAC,0.9681758030782512,4.875541376179207
laplace,41075,FH_PAC,0.924253823397374,3.6762642102728593
laplace,41075,HetLDC_cert,0.9522758794610752,4.302487853554445
laplace,41076,CP_PAC,0.979616103478073,5.50554764799279
laplace,41076,FH_PAC,0.9363967573275728,3.9381434634973185
laplace,41076,HetLDC_cert,0.973211808597469,5.119161920355163
laplace,41077,CP_PAC,0.982020253521272,5.683030423604292
laplace,41077,FH_PAC,0.9580042434038004,4.48353633545032
laplace,41077,HetLDC_cert,0.9758955443061832,5.268452617244389
laplace,41078,CP_PAC,0.9852136339417864,5.959566287853208
laplace,41078,FH_PAC,0.9587247574159464,4.529210630246687
laplace,41078,HetLDC_cert,0.9801471831744282,5.542881896521093
laplace,41079,CP_PAC,0.971493314053998,5.031229680267232
laplace,41079,FH_PAC,0.9231803702829824,3.6672363056081294
laplace,41079,HetLDC_cert,0.9604295665781252,4.567447458120125
laplace,41080,CP_PAC,0.9783021436169994,5.417204175415988
laplace,41080,FH_PAC,0.9391929168457428,3.9618218314048455
laplace,41080,HetLDC_cert,0.9705803001069292,4.98664538151275
laplace,41081,CP_PAC,0.967931429637138,4.864723315399811
laplace,41081,FH_PAC,0.9343757529096046,3.85701297658341
laplace,41081,HetLDC_cert,0.955657562931989,4.406425162381001
laplace,41082,CP_PAC,0.9768342816267912,5.324629673512576
laplace,41082,FH_PAC,0.9707906160151696,5.011925183582682
laplace,41082,HetLDC_cert,0.969164504524753,4.9201745685861775
laplace,41083,CP_PAC,0.9814414171424826,5.6382190289688
laplace,41083,FH_PAC,0.9417822142096512,4.0434993264890355
laplace,41083,HetLDC_cert,0.9752003773980435,5.228244081306188
laplace,41084,CP_PAC,0.9725556914216598,5.084941293104138
laplace,41084,FH_PAC,0.9316026430514388,3.797133460337802
laplace,41084,HetLDC_cert,0.960808513071432,4.58105594819008
laplace,41085,CP_PAC,0.9521206683429256,4.2978959302268995
laplace,41085,FH_PAC,0.8806439324817102,3.0596485480424502
laplace,41085,HetLDC_cert,0.9268955123865156,3.6993925014547946
laplace,41086,CP_PAC,0.981517163511936,5.644002915989856
laplace,41086,FH_PAC,0.9241152015335076,3.67048410491427
laplace,41086,HetLDC_cert,0.9761801871292096,5.285252058797712
laplace,41087,CP_PAC,0.9818897760963354,5.67280466027304
laplace,41087,FH_PAC,0.9500676629584636,4.25361797172385
laplace,41087,HetLDC_cert,0.9756967332556592,5.256836170500433
laplace,41088,CP_PAC,0.974378222692256,5.18212059412564
laplace,41088,FH_PAC,0.9510740487051124,4.26935813809584
laplace,41088,HetLDC_cert,0.9624402305162008,4.641196845026642
laplace,41089,CP_PAC,0.964471530949029,4.719825983267836
laplace,41089,FH_PAC,0.9300076252808196,3.7837117173504016
laplace,41089,HetLDC_cert,0.9470556727055068,4.155686841231324
laplace,41090,CP_PAC,0.9829008967159124,5.754052095990514
laplace,41090,FH_PAC,0.9447668457830724,4.097119791114857
laplace,41090,HetLDC_cert,0.9772720983616824,5.351613169181046
laplace,41091,CP_PAC,0.9628308085402126,4.655980023101051
laplace,41091,FH_PAC,0.920445871649848,3.5925705086063644
laplace,41091,HetLDC_cert,0.9460502514248752,4.129082516675666
laplace,41092,CP_PAC,0.95813869378411,4.487855925710546
laplace,41092,FH_PAC,0.8925552400327437,3.231129779895924
laplace,41092,HetLDC_cert,0.9370374860307188,3.9106056109426426
laplace,41093,CP_PAC,0.9707783096552224,4.99619593451966
laplace,41093,FH_PAC,0.9406699919084616,4.013216367829202
laplace,41093,HetLDC_cert,0.9581573487858616,4.488486293920842
laplace,41094,CP_PAC,0.9571505712440556,4.454861767824006
laplace,41094,FH_PAC,0.931887200297755,3.80059838651054
laplace,41094,HetLDC_cert,0.9337454590312904,3.8385309627299056
laplace,41095,CP_PAC,0.974978374956356,5.215640585539266
laplace,41095,FH_PAC,0.9460037264417672,4.138101179760261
laplace,41095,HetLDC_cert,0.9659657181087704,4.780589101067473
laplace,41096,CP_PAC,0.972729203705424,5.093910817994091
laplace,41096,FH_PAC,0.9402827442527624,4.007775443048642
laplace,41096,HetLDC_cert,0.9639660466873758,4.699846933812121
laplace,41097,CP_PAC,0.9599493547993528,4.5503884014794
laplace,41097,FH_PAC,0.9249805106846376,3.6818010107094095
laplace,41097,HetLDC_cert,0.940023115969756,3.979308545782966
laplace,41098,CP_PAC,0.965724507011002,4.77060149902124
laplace,41098,FH_PAC,0.9163464376110216,3.508990977962677
laplace,41098,HetLDC_cert,0.947918416688265,4.178921711165664
laplace,41099,CP_PAC,0.9836750520329088,5.819574780818802
laplace,41099,FH_PAC,0.9525980627490708,4.326664642732656
laplace,41099,HetLDC_cert,0.9791747848545268,5.475256160562894
laplace,41100,CP_PAC,0.9672409871550648,4.834598174342605
laplace,41100,FH_PAC,0.9396591866339804,3.9770286634142735
laplace,41100,HetLDC_cert,0.9525701407136042,4.31123472008754
laplace,41101,CP_PAC,0.9736537038614924,5.142685199223058
laplace,41101,FH_PAC,0.9521676971645606,4.299394207943377
laplace,41101,HetLDC_cert,0.9645823547595858,4.724244228437906
laplace,41102,CP_PAC,0.9685301345024686,4.891375579938876
laplace,41102,FH_PAC,0.9197614476463668,3.577980018177731
laplace,41102,HetLDC_cert,0.955987455490102,4.416985759858253
laplace,41103,CP_PAC,0.949970444723662,4.235769508015956
laplace,41103,FH_PAC,0.9018487220105712,3.3173254370187832
laplace,41103,HetLDC_cert,0.9190877564649882,3.5558846155523245
laplace,41104,CP_PAC,0.9686557167413772,4.897030367772563
laplace,41104,FH_PAC,0.946306433171827,4.138218188532851
laplace,41104,HetLDC_cert,0.9533336524532624,4.334185535890073
laplace,41105,CP_PAC,0.9886975207044956,6.339542046430351
laplace,41105,FH_PAC,0.9583975193976192,4.498105938371596
laplace,41105,HetLDC_cert,0.9857667773370168,6.01348556684049
laplace,41106,CP_PAC,0.9752336941573796,5.230145267119996
laplace,41106,FH_PAC,0.9477101085308826,4.186219984920303
laplace,41106,HetLDC_cert,0.966635195663335,4.808684893768044
laplace,41107,CP_PAC,0.9696159534992006,4.941032510837413
laplace,41107,FH_PAC,0.9201450184154342,3.5928881315811116
laplace,41107,HetLDC_cert,0.9567629709577016,4.442126819729922
laplace,41108,CP_PAC,0.982701813184096,5.737681633447758
laplace,41108,FH_PAC,0.9595628033394692,4.590719068104328
laplace,41108,HetLDC_cert,0.9766048232091556,5.310690687497201
laplace,41109,CP_PAC,0.9666909750452276,4.811051158841334
laplace,41109,FH_PAC,0.919071389284276,3.5886781515881454
laplace,41109,HetLDC_cert,0.950970992020161,4.264339187054248
laplace,41110,CP_PAC,0.98338247038577,5.794453184374346
laplace,41110,FH_PAC,0.9412267095143362,4.021460707064526
laplace,41110,HetLDC_cert,0.9785500744655315,5.4334567386748
laplace,41111,CP_PAC,0.971732947981595,5.043168142490113
laplace,41111,FH_PAC,0.9082230159004916,3.3781848094361298
laplace,41111,HetLDC_cert,0.9609250907964788,4.585268890906336
laplace,41112,CP_PAC,0.970543398615271,4.9848726275973165
laplace,41112,FH_PAC,0.923982311227468,3.646697679212517
laplace,41112,HetLDC_cert,0.9566511238043188,4.438473203156408
laplace,41113,CP_PAC,0.9698253022089642,4.950810288347692
laplace,41113,FH_PAC,0.9476003516109964,4.21412645833866
laplace,41113,HetLDC_cert,0.9571986454296288,4.456449311328856
laplace,41114,CP_PAC,0.980967995195587,5.602595476308515
laplace,41114,FH_PAC,0.956454289001677,4.440840865887105
laplace,41114,HetLDC_cert,0.9736615683263776,5.143107410115894
laplace,41115,CP_PAC,0.9462380397444308,4.134013699373066
laplace,41115,FH_PAC,0.912655341597665,3.453764346701808
laplace,41115,HetLDC_cert,0.9154862316829552,3.4942965970184456
laplace,41116,CP_PAC,0.9732637115566494,5.121904661322244
laplace,41116,FH_PAC,0.9509408193138642,4.285479677123264
laplace,41116,HetLDC_cert,0.9629870799262056,4.6619383717063485
laplace,41117,CP_PAC,0.9843474633661842,5.879058722823631
laplace,41117,FH_PAC,0.9433716442982883,4.097611449989628
laplace,41117,HetLDC_cert,0.978748343600602,5.446589597090149
laplace,41118,CP_PAC,0.955201720255212,4.391961188154646
laplace,41118,FH_PAC,0.9264124740978028,3.6920171173934535
laplace,41118,HetLDC_cert,0.9226669704207068,3.619869292655448
laplace,41119,CP_PAC,0.992441359259036,6.908523622029833
laplace,41119,FH_PAC,0.963386303825808,4.678895996017859
laplace,41119,HetLDC_cert,0.9903182256397144,6.558429668892525
laplace,41120,CP_PAC,0.9499910938015994,4.236353327600018
laplace,41120,FH_PAC,0.9583199212119304,4.503021394635468
laplace,41120,HetLDC_cert,0.9268084061735808,3.6977084262417903
laplace,41121,CP_PAC,0.9775904341994704,5.371561223382206
laplace,41121,FH_PAC,0.9496735237360726,4.265443807530888
laplace,41121,HetLDC_cert,0.9704124356053092,4.978599019827889
laplace,41122,CP_PAC,0.9841010466541912,5.8569682959067695
laplace,41122,FH_PAC,0.9635241059152476,4.6985179211543375
laplace,41122,HetLDC_cert,0.9791309066986128,5.472279586137984
laplace,41123,CP_PAC,0.98099355267258,5.60449585521443
laplace,41123,FH_PAC,0.9677813894621128,4.876067683664784
laplace,41123,HetLDC_cert,0.9746599346238476,5.197756013549227
laplace,41124,CP_PAC,0.9318314280831844,3.79825468251236
laplace,41124,FH_PAC,0.91308030810614,3.459451939572876
laplace,41124,HetLDC_cert,0.8888686293172252,3.107086958105187
laplace,41125,CP_PAC,0.9789554760336918,5.460441052957231
laplace,41125,FH_PAC,0.9464713775227924,4.140206827892004
laplace,41125,HetLDC_cert,0.9712179827531552,5.017636066305832
laplace,41126,CP_PAC,0.9799647655312758,5.52994672946698
laplace,41126,FH_PAC,0.9489839512298508,4.216182880552454
laplace,41126,HetLDC_cert,0.9730212587646008,5.109137941937761
laplace,41127,CP_PAC,0.9876583074287012,6.215146319437986
laplace,41127,FH_PAC,0.967011985493845,4.830324173275086
laplace,41127,HetLDC_cert,0.9847167993484716,5.912828389850727
laplace,41128,CP_PAC,0.9756521397173032,5.254243638394707
laplace,41128,FH_PAC,0.9465841304033038,4.143214760642846
laplace,41128,HetLDC_cert,0.9672942943348144,4.836901331064332
laplace,41129,CP_PAC,0.9876257765471808,6.211423565212481
laplace,41129,FH_PAC,0.925383141370746,3.6885815035884577
laplace,41129,HetLDC_cert,0.9832939874124637,5.7869429314596985
laplace,41130,CP_PAC,0.9619666946340848,4.623478565197976
laplace,41130,FH_PAC,0.951198706953359,4.272434453826345
laplace,41130,HetLDC_cert,0.9453242116478436,4.110177374863109
laplace,41131,CP_PAC,0.980242082355376,5.54965823971831
laplace,41131,FH_PAC,0.9495929806562592,4.231055257235405
laplace,41131,HetLDC_cert,0.9731392014635956,5.115333999037074
laplace,41132,CP_PAC,0.953883739371812,4.350954831583451
laplace,41132,FH_PAC,0.8827683595031699,3.0464693081155407
laplace,41132,HetLDC_cert,0.9251251115209804,3.6655520508897785
laplace,41133,CP_PAC,0.9735623380337636,5.137789358653446
laplace,41133,FH_PAC,0.94781957079295,4.203456846560204
laplace,41133,HetLDC_cert,0.9622237867127126,4.633070619195449
laplace,41134,CP_PAC,0.959686815195676,4.541148214967
laplace,41134,FH_PAC,0.8966689130667493,3.251367056545516
laplace,41134,HetLDC_cert,0.9394131606453008,3.96499886078343
laplace,41135,CP_PAC,0.9756201799973958,5.252388517216798
laplace,41135,FH_PAC,0.937454016308232,3.9620839653722673
laplace,41135,HetLDC_cert,0.966419533630225,4.79957317537611
laplace,41136,CP_PAC,0.947963649740581,4.180150494678421
laplace,41136,FH_PAC,0.8658295174142787,2.8790566334560874
laplace,41136,HetLDC_cert,0.915846994031242,3.500346345535145
laplace,41137,CP_PAC,0.9742250680410172,5.173692271414007
laplace,41137,FH_PAC,0.9487244636806422,4.201459016842758
laplace,41137,HetLDC_cert,0.963962700206132,4.699715601582953
laplace,41138,CP_PAC,0.9787356070427392,5.445742283490751
laplace,41138,FH_PAC,0.9300966882420318,3.786696824790915
laplace,41138,HetLDC_cert,0.971074321494524,5.010594782906702
laplace,41139,CP_PAC,0.9715658142018752,5.034830986136572
laplace,41139,FH_PAC,0.9380413473227732,3.945344572231108
laplace,41139,HetLDC_cert,0.9603392622406473,4.564223735128313
laplace,41140,CP_PAC,0.986157552108369,6.052855930002267
laplace,41140,FH_PAC,0.9423113306311576,4.080674920243938
laplace,41140,HetLDC_cert,0.9813376818076882,5.63033613021745
laplace,41141,CP_PAC,0.982950787551904,5.758184443111366
laplace,41141,FH_PAC,0.9352842299426676,3.87293458101908
laplace,41141,HetLDC_cert,0.9777477956784012,5.381526957297696
laplace,41142,CP_PAC,0.9821591787854412,5.6940001535939455
laplace,41142,FH_PAC,0.9620769656177344,4.62759291867261
laplace,41142,HetLDC_cert,0.9760367203978904,5.276759799449901
laplace,41143,CP_PAC,0.9704408802356204,4.979959257874562
laplace,41143,FH_PAC,0.9473353798913496,4.16667984555217
laplace,41143,HetLDC_cert,0.9563837592195475,4.429777490983083
laplace,41144,CP_PAC,0.978929216876355,5.458677510728986
laplace,41144,FH_PAC,0.9491274282147856,4.267204909450772
laplace,41144,HetLDC_cert,0.970610758879904,4.98811030208244
laplace,41145,CP_PAC,0.9742535049431308,5.175253402735633
laplace,41145,FH_PAC,0.9514383965930704,4.325541950887891
laplace,41145,HetLDC_cert,0.9642370087193282,4.710521482763282
laplace,41146,CP_PAC,0.9854095460396805,5.978429163632008
laplace,41146,FH_PAC,0.9623753698995444,4.643137710237858
laplace,41146,HetLDC_cert,0.9806552972280748,5.579548606395053
laplace,41147,CP_PAC,0.9725661694749936,5.08548133347556
laplace,41147,FH_PAC,0.9452292288968892,4.107842571439006
laplace,41147,HetLDC_cert,0.9630326472038986,4.663680508299349
laplace,41148,CP_PAC,0.93305156061793,3.823796616375424
laplace,41148,FH_PAC,0.9059532818576356,3.344711372681404
laplace,41148,HetLDC_cert,0.8927223273491056,3.1569980571457292
laplace,41149,CP_PAC,0.9681928542088594,4.876299302688659
laplace,41149,FH_PAC,0.9312736298595664,3.80065882507797
laplace,41149,HetLDC_cert,0.952845418739984,4.3194665818032
normal,40000,CP_PAC,0.9579975509853362,4.066991767556752
normal,40000,FH_PAC,0.9159680955571858,3.4583627690846632
normal,40000,HetLDC_cert,0.9103836947180656,3.3948503612302448
normal,40001,CP_PAC,0.9818970331390048,4.727010635113349
normal,40001,FH_PAC,0.9684362586056808,4.30028608326716
normal,40001,HetLDC_cert,0.9636465325596546,4.185903376742186
normal,40002,CP_PAC,0.981429197356552,4.708072392658989
normal,40002,FH_PAC,0.9247484589774576,3.5812098907202428
normal,40002,HetLDC_cert,0.9625646018111622,4.161967396893475
normal,40003,CP_PAC,0.9546750162996118,4.003251755306482
normal,40003,FH_PAC,0.8850853965936413,3.165444615795274
normal,40003,HetLDC_cert,0.8986105274818759,3.2763089605742324
normal,40004,CP_PAC,0.982145866598839,4.73725880803604
normal,40004,FH_PAC,0.9171320589161412,3.4699744721521943
normal,40004,HetLDC_cert,0.9629020898153616,4.169369844458316
normal,40005,CP_PAC,0.984489653941366,4.840476271331273
normal,40005,FH_PAC,0.9532047115984852,4.087570684662138
normal,40005,HetLDC_cert,0.9706310847960145,4.35699776865094
normal,40006,CP_PAC,0.9811004538516808,4.69501289131309
normal,40006,FH_PAC,0.9724083479869862,4.407626687991756
normal,40006,HetLDC_cert,0.964145483069043,4.197146943195619
normal,40007,CP_PAC,0.9775649651392178,4.565841571723422
normal,40007,FH_PAC,0.9090697411320467,3.402632639285047
normal,40007,HetLDC_cert,0.9511182000854356,3.939242403446752
normal,40008,CP_PAC,0.9833761681110716,4.789847061135268
normal,40008,FH_PAC,0.920211500787181,3.503829136489293
normal,40008,HetLDC_cert,0.9684363458152768,4.299786639042277
normal,40009,CP_PAC,0.9630439110037295,4.172497663555728
normal,40009,FH_PAC,0.9434338721725926,3.8215278238439048
normal,40009,HetLDC_cert,0.9258723309653772,3.5716491170551135
normal,40010,CP_PAC,0.98732218341636,4.985387363564417
normal,40010,FH_PAC,0.9505846012917692,3.9587503152209886
normal,40010,HetLDC_cert,0.9776727651794256,4.56950873249891
normal,40011,CP_PAC,0.9801936441974188,4.65999225461406
normal,40011,FH_PAC,0.9505133489814652,3.9447649663663937
normal,40011,HetLDC_cert,0.963221108605179,4.176420094439764
normal,40012,CP_PAC,0.984344748601327,4.833710032196316
normal,40012,FH_PAC,0.9561509016795372,4.0365256838935775
normal,40012,HetLDC_cert,0.9682531049158074,4.295166050927914
normal,40013,CP_PAC,0.990450409436191,5.183451204784841
normal,40013,FH_PAC,0.9531889752096396,3.978116462503361
normal,40013,HetLDC_cert,0.9822794120301096,4.742810565873981
normal,40014,CP_PAC,0.9816271445083478,4.716033840765777
normal,40014,FH_PAC,0.951297910522831,4.033828701717444
normal,40014,HetLDC_cert,0.9596075122799848,4.099425138688761
normal,40015,CP_PAC,0.9860409305508172,4.916629903814095
normal,40015,FH_PAC,0.9546813107331292,4.042299790323361
normal,40015,HetLDC_cert,0.9727609934761676,4.416151115837202
normal,40016,CP_PAC,0.9975095259918124,6.048992884562116
normal,40016,FH_PAC,0.9477112203588924,3.895859149679135
normal,40016,HetLDC_cert,0.9950139171889284,5.615863043113727
normal,40017,CP_PAC,0.9708681819322014,4.363396286215576
normal,40017,FH_PAC,0.9235015146093416,3.5492509052261156
normal,40017,HetLDC_cert,0.9384215948647814,3.7386385915724176
normal,40018,CP_PAC,0.991494710398662,5.262648094183256
normal,40018,FH_PAC,0.9507711141968664,4.000651167939114
normal,40018,HetLDC_cert,0.9844181965643783,4.83713270685837
normal,40019,CP_PAC,0.9932110894264254,5.414050381716048
normal,40019,FH_PAC,0.9435045982198405,3.8810821598969536
normal,40019,HetLDC_cert,0.987606509687894,5.001475566889408
normal,40020,CP_PAC,0.972019257656212,4.395112541819599
normal,40020,FH_PAC,0.9277131347639792,3.6063955922022592
normal,40020,HetLDC_cert,0.9443887315978264,3.828139119309269
normal,40021,CP_PAC,0.9825930711382,4.755995638588201
normal,40021,FH_PAC,0.9575964308962434,4.148378209540288
normal,40021,HetLDC_cert,0.9650415382069422,4.217678444555198
normal,40022,CP_PAC,0.9881692431453342,5.0343052444538055
normal,40022,FH_PAC,0.9596800116065808,4.100983580182204
normal,40022,HetLDC_cert,0.9735570757903936,4.439288552870157
normal,40023,CP_PAC,0.9853138585726228,4.880055121083539
normal,40023,FH_PAC,0.9494071136264906,3.912173700942862
normal,40023,HetLDC_cert,0.97212089267686,4.397966669225028
normal,40024,CP_PAC,0.9819726032355308,4.730109865152653
normal,40024,FH_PAC,0.9567701484058884,4.083924436075293
normal,40024,HetLDC_cert,0.9667464061699176,4.258016113550744
normal,40025,CP_PAC,0.9927139790736204,5.366961135829591
normal,40025,FH_PAC,0.9469268447720044,3.8958060462749646
normal,40025,HetLDC_cert,0.9837457233953482,4.806310883734374
normal,40026,CP_PAC,0.9925485701836314,5.351931152257671
normal,40026,FH_PAC,0.9567034343151696,4.057448430048051
normal,40026,HetLDC_cert,0.9869694060849286,4.965864111766056
normal,40027,CP_PAC,0.9921631783657688,5.318040811396332
normal,40027,FH_PAC,0.9413933912090476,3.785961199860998
normal,40027,HetLDC_cert,0.984299302190886,4.831599298188275
normal,40028,CP_PAC,0.9932107249569048,5.41401473721981
normal,40028,FH_PAC,0.9458300218706254,3.865330572376601
normal,40028,HetLDC_cert,0.984805861824732,4.855436675506569
normal,40029,CP_PAC,0.9815279983005628,4.712036840077489
normal,40029,FH_PAC,0.9299676946711232,3.6402129764479088
normal,40029,HetLDC_cert,0.9614741072204392,4.138430489649471
normal,40030,CP_PAC,0.9893463902154432,5.107719903171394
normal,40030,FH_PAC,0.9648890432780164,4.2181593687552885
normal,40030,HetLDC_cert,0.9786421004766854,4.603194352948236
normal,40031,CP_PAC,0.975195237773916,4.4888595601555785
normal,40031,FH_PAC,0.9483687904463872,3.964787931029061
normal,40031,HetLDC_cert,0.951269072118373,3.941876700193512
normal,40032,CP_PAC,0.9836194659490952,4.800649420361704
normal,40032,FH_PAC,0.9594137394719428,4.245587632475131
normal,40032,HetLDC_cert,0.96654041536161,4.253049645632609
normal,40033,CP_PAC,0.9966593000462712,5.869028904724476
normal,40033,FH_PAC,0.9807521753020942,4.684332267330799
normal,40033,HetLDC_cert,0.993401559299416,5.432917602319656
normal,40034,CP_PAC,0.9901041353646556,5.158893973603414
normal,40034,FH_PAC,0.9705831290959612,4.360494433112819
normal,40034,HetLDC_cert,0.9803545033237484,4.666100936162054
normal,40035,CP_PAC,0.9790049022831058,4.616145241141936
normal,40035,FH_PAC,0.9526000647032906,3.9741927476393366
normal,40035,HetLDC_cert,0.9611004691407364,4.130496213432297
normal,40036,CP_PAC,0.9948316687387668,5.592701043610298
normal,40036,FH_PAC,0.936168218846932,3.706766220467818
normal,40036,HetLDC_cert,0.9903220621567964,5.174257815256574
normal,40037,CP_PAC,0.9733322021592266,4.432692498970043
normal,40037,FH_PAC,0.9495383180077646,3.9137734192788014
normal,40037,HetLDC_cert,0.9426539798680198,3.801328254036912
normal,40038,CP_PAC,0.9946968857837512,5.576041558943064
normal,40038,FH_PAC,0.9701588436977756,4.36992704733545
normal,40038,HetLDC_cert,0.990224066022287,5.167311335151433
normal,40039,CP_PAC,0.9794919793867352,4.633842549736471
normal,40039,FH_PAC,0.9464056094604832,3.8721909613667895
normal,40039,HetLDC_cert,0.9586914404155829,4.080839035139562
normal,40040,CP_PAC,0.997725443279668,6.10364734656316
normal,40040,FH_PAC,0.9752402210229064,4.492710473380288
normal,40040,HetLDC_cert,0.9958832819360766,5.738153630729986
normal,40041,CP_PAC,0.9925527742041652,5.352309430044955
normal,40041,FH_PAC,0.9246712490859228,3.5571426999763225
normal,40041,HetLDC_cert,0.985560546688451,4.892281926687907
normal,40042,CP_PAC,0.9843377323808602,4.833383816049304
normal,40042,FH_PAC,0.92839217946478,3.60413659998916
normal,40042,HetLDC_cert,0.9668389708173896,4.260256437752282
normal,40043,CP_PAC,0.9798261157182132,4.646196153499176
normal,40043,FH_PAC,0.9272275270429572,3.6945557618200215
normal,40043,HetLDC_cert,0.961475438068646,4.138458867120772
normal,40044,CP_PAC,0.9614774694551352,4.13850218366843
normal,40044,FH_PAC,0.926350642676672,3.6160751191218727
normal,40044,HetLDC_cert,0.914156345357838,3.4354843316169776
normal,40045,CP_PAC,0.9808516328638496,4.685259794330436
normal,40045,FH_PAC,0.961346247039388,4.163664724235526
normal,40045,HetLDC_cert,0.963534883201234,4.1834054456297585
normal,40046,CP_PAC,0.9889710836758896,5.08356257070585
normal,40046,FH_PAC,0.957134026610663,4.142708453147035
normal,40046,HetLDC_cert,0.9773226255311008,4.5576532184432805
normal,40047,CP_PAC,0.9784280903148764,4.595644436078366
normal,40047,FH_PAC,0.9148389845831122,3.4884833851676396
normal,40047,HetLDC_cert,0.9572061943920276,4.051433765556682
normal,40048,CP_PAC,0.9851585709007388,4.872451001807949
normal,40048,FH_PAC,0.9167636948445088,3.464633994828717
normal,40048,HetLDC_cert,0.9665381453468752,4.252995061144162
normal,40049,CP_PAC,0.978977498598701,4.615160235630682
normal,40049,FH_PAC,0.9475990259976356,3.9026380627803454
normal,40049,HetLDC_cert,0.9568708845181456,4.044914893200997
normal,40050,CP_PAC,0.992494898237848,5.347118495895524
normal,40050,FH_PAC,0.9457626114557222,3.851684980668136
normal,40050,HetLDC_cert,0.9852970305399044,4.879227672369798
normal,40051,CP_PAC,0.9977255428030684,6.103673616099676
normal,40051,FH_PAC,0.98392215041607,4.888649684251736
normal,40051,HetLDC_cert,0.9955302753379942,5.685911913600359
normal,40052,CP_PAC,0.9946871587359344,5.574854123462496
normal,40052,FH_PAC,0.973792308331502,4.581746471301197
normal,40052,HetLDC_cert,0.989887157172876,5.14389361435315
normal,40053,CP_PAC,0.9874485525788824,4.99249792765621
normal,40053,FH_PAC,0.9472746953713655,4.145595555465855
normal,40053,HetLDC_cert,0.9749564081366172,4.481459313469712
normal,40054,CP_PAC,0.9879893604949594,5.023663154057949
normal,40054,FH_PAC,0.9462889056064104,3.85863974629164
normal,40054,HetLDC_cert,0.9769586708052592,4.545497362733397
normal,40055,CP_PAC,0.9907600094802842,5.206089403224535
normal,40055,FH_PAC,0.94218095538583,3.794321395390028
normal,40055,HetLDC_cert,0.9832436050664406,4.78401960093793
normal,40056,CP_PAC,0.987130333010076,4.974711297375675
normal,40056,FH_PAC,0.9467325194786612,3.866566888878462
normal,40056,HetLDC_cert,0.9740508281104489,4.45394320069456
normal,40057,CP_PAC,0.9763517334335224,4.525592033857688
normal,40057,FH_PAC,0.9374108299060132,3.7455391844769816
normal,40057,HetLDC_cert,0.9554867923294352,4.018451318888431
normal,40058,CP_PAC,0.9865989734585672,4.9458606587294
normal,40058,FH_PAC,0.9715930235564032,4.383460932155681
normal,40058,HetLDC_cert,0.974910830903021,4.480054029994633
normal,40059,CP_PAC,0.9933139782393844,5.424182172118187
normal,40059,FH_PAC,0.9527251025372656,3.989205075440797
normal,40059,HetLDC_cert,0.98710691130801,4.973417591550949
normal,40060,CP_PAC,0.9971953215793384,5.976744241461003
normal,40060,FH_PAC,0.9641946794338924,4.201996463608402
normal,40060,HetLDC_cert,0.9943325266880384,5.5328486949811495
normal,40061,CP_PAC,0.9953645305362152,5.662662389479896
normal,40061,FH_PAC,0.9689600726735352,4.317861509193152
normal,40061,HetLDC_cert,0.9903342150348724,5.175123640010138
normal,40062,CP_PAC,0.9914692763382448,5.260618430085378
normal,40062,FH_PAC,0.9447573557407264,3.843358682611028
normal,40062,HetLDC_cert,0.9848583100215512,4.857944559476876
normal,40063,CP_PAC,0.9817577099782504,4.721326387001066
normal,40063,FH_PAC,0.9539448758465936,4.002956567575931
normal,40063,HetLDC_cert,0.9628523739544756,4.168275787588365
normal,40064,CP_PAC,0.9925108678545902,5.348547225448651
normal,40064,FH_PAC,0.9672738222149148,4.276000871174219
normal,40064,HetLDC_cert,0.9861346414377332,4.921465600663104
normal,40065,CP_PAC,0.9934136501948192,5.43413174070104
normal,40065,FH_PAC,0.9742679536304962,4.503845168758774
normal,40065,HetLDC_cert,0.9871815430961894,4.977547176822191
normal,40066,CP_PAC,0.9892102075978556,5.098868051240569
normal,40066,FH_PAC,0.9674344817882028,4.308333528562292
normal,40066,HetLDC_cert,0.9798664505779716,4.647699456578434
normal,40067,CP_PAC,0.9712894020644588,4.37487508769241
normal,40067,FH_PAC,0.8944409290932119,3.260162536680943
normal,40067,HetLDC_cert,0.9392871763663826,3.751162200400119
normal,40068,CP_PAC,0.9792127019928624,4.623651129274149
normal,40068,FH_PAC,0.8959333958311125,3.305238822363402
normal,40068,HetLDC_cert,0.9556652204744932,4.021823490593507
normal,40069,CP_PAC,0.996328991369444,5.810259539503576
normal,40069,FH_PAC,0.969963310587109,4.386965027273082
normal,40069,HetLDC_cert,0.9936097954629012,5.454113524523701
normal,40070,CP_PAC,0.9843684150364918,4.834811342381725
normal,40070,FH_PAC,0.9487011572901904,3.9063077360624927
normal,40070,HetLDC_cert,0.967150895148073,4.26784550042719
normal,40071,CP_PAC,0.9736335712694736,4.441543387051548
normal,40071,FH_PAC,0.9328331164007,3.661207276389309
normal,40071,HetLDC_cert,0.9505612255783936,3.9295760905203054
normal,40072,CP_PAC,0.9781201522906476,4.58489451522464
normal,40072,FH_PAC,0.9500084040711444,3.94668474927891
normal,40072,HetLDC_cert,0.957285792165634,4.052987592248969
normal,40073,CP_PAC,0.9936489193149972,5.458165062110716
normal,40073,FH_PAC,0.9743950971982942,4.527803251296169
normal,40073,HetLDC_cert,0.987664285652887,5.004784644124904
normal,40074,CP_PAC,0.993109437170455,5.404174979196105
normal,40074,FH_PAC,0.9398051783427664,3.777371619848104
normal,40074,HetLDC_cert,0.9856908984468764,4.898817227464404
normal,40075,CP_PAC,0.9770282292015297,4.547807612775297
normal,40075,FH_PAC,0.922311780182,3.5526743172316837
normal,40075,HetLDC_cert,0.9527694613666084,3.968454022808381
normal,40076,CP_PAC,0.9435963181915296,3.815807124309664
normal,40076,FH_PAC,0.8570843243115904,2.9933963747619567
normal,40076,HetLDC_cert,0.8818997711762913,3.125595030557868
normal,40077,CP_PAC,0.9719441039312235,4.393007807253841
normal,40077,FH_PAC,0.9474712669965836,3.8922374609725456
normal,40077,HetLDC_cert,0.9443549563698224,3.827610512776423
normal,40078,CP_PAC,0.9758402247476254,4.509157731462129
normal,40078,FH_PAC,0.912522835500024,3.53834175169303
normal,40078,HetLDC_cert,0.9520167641018176,3.955033733403829
normal,40079,CP_PAC,0.9918756014207608,5.293711623219298
normal,40079,FH_PAC,0.9617860770521331,4.151740266215225
normal,40079,HetLDC_cert,0.9834931562283036,4.795023845034182
normal,40080,CP_PAC,0.9902504312771458,5.16917411832425
normal,40080,FH_PAC,0.964104723824067,4.221074558098569
normal,40080,HetLDC_cert,0.9801399180991052,4.657961636529052
normal,40081,CP_PAC,0.9944422253153922,5.545582657390763
normal,40081,FH_PAC,0.9783938726848528,4.649979075272707
normal,40081,HetLDC_cert,0.9886872971951692,5.065776399458322
normal,40082,CP_PAC,0.9705632544757958,4.3551754152920505
normal,40082,FH_PAC,0.9376173417850234,3.7906878959638015
normal,40082,HetLDC_cert,0.9395451190399872,3.7549228295202126
normal,40083,CP_PAC,0.9809460660211944,4.688948194678588
normal,40083,FH_PAC,0.9553373823226864,4.1135335085327185
normal,40083,HetLDC_cert,0.9601440216352572,4.1104769135068935
normal,40084,CP_PAC,0.9985358087635284,6.363377326268106
normal,40084,FH_PAC,0.9797669753893816,4.657074190949473
normal,40084,HetLDC_cert,0.9974719586090928,6.039929421206884
normal,40085,CP_PAC,0.9987367901698936,6.448418845030684
normal,40085,FH_PAC,0.95870310720809,4.089397348017547
normal,40085,HetLDC_cert,0.9977571306029932,6.112065009262518
normal,40086,CP_PAC,0.9568730000668249,4.044955887808102
normal,40086,FH_PAC,0.9339557149454724,3.703054081036663
normal,40086,HetLDC_cert,0.921591382778409,3.5199904378626017
normal,40087,CP_PAC,0.9955267329030322,5.685406896037852
normal,40087,FH_PAC,0.9561591007614322,4.059465975806505
normal,40087,HetLDC_cert,0.9922242314352264,5.32330866203684
normal,40088,CP_PAC,0.9888590406883356,5.076492306299558
normal,40088,FH_PAC,0.9449672005035308,3.8403512414243104
normal,40088,HetLDC_cert,0.979159525309664,4.621724141158008
normal,40089,CP_PAC,0.952580929366249,3.9650757869513984
normal,40089,FH_PAC,0.9113489077501784,3.432505657191757
normal,40089,HetLDC_cert,0.895732545450951,3.249015811030573
normal,40090,CP_PAC,0.9947374004281432,5.581008667120037
normal,40090,FH_PAC,0.9631581928398016,4.179398261830285
normal,40090,HetLDC_cert,0.9889480544909656,5.082104163574336
normal,40091,CP_PAC,0.953835234948314,3.987767411295096
normal,40091,FH_PAC,0.8900991917509802,3.200942874939809
normal,40091,HetLDC_cert,0.9058041675015712,3.3473363422961535
normal,40092,CP_PAC,0.983543798638998,4.797274797452538
normal,40092,FH_PAC,0.9272676945265996,3.592440517746163
normal,40092,HetLDC_cert,0.9682918561386162,4.296141288266147
normal,40093,CP_PAC,0.9819593909581374,4.729567192338844
normal,40093,FH_PAC,0.9416597217932302,3.7918175759462
normal,40093,HetLDC_cert,0.963644846893896,4.185865614763016
normal,40094,CP_PAC,0.9573995742508944,4.055212987019682
normal,40094,FH_PAC,0.9317549863821092,3.647885316034808
normal,40094,HetLDC_cert,0.902098806670494,3.31022979691595
normal,40095,CP_PAC,0.9855539208640895,4.891951126729498
normal,40095,FH_PAC,0.9454392545291124,3.8476298099501953
normal,40095,HetLDC_cert,0.9711557511842028,4.371217311412186
normal,40096,CP_PAC,0.9903161767563736,5.173838861591824
normal,40096,FH_PAC,0.939816435983551,3.7592506269991306
normal,40096,HetLDC_cert,0.9810993805051288,4.694970578567994
normal,40097,CP_PAC,0.9666549534160276,4.255807934845188
normal,40097,FH_PAC,0.8848374126613027,3.1517732070828894
normal,40097,HetLDC_cert,0.9253811069218618,3.5655996646808124
normal,40098,CP_PAC,0.9951624436655662,5.635312595259233
normal,40098,FH_PAC,0.9372338777744862,3.7224950350704753
normal,40098,HetLDC_cert,0.9912347555319908,5.242154135073797
normal,40099,CP_PAC,0.981138331794067,4.696507437395522
normal,40099,FH_PAC,0.9184514795104852,3.5520796542097446
normal,40099,HetLDC_cert,0.9653783209207192,4.225511494957472
normal,40100,CP_PAC,0.9856034900801448,4.894429163586759
normal,40100,FH_PAC,0.9425937836075962,3.802043169204586
normal,40100,HetLDC_cert,0.9717239905620548,4.386871208774148
normal,40101,CP_PAC,0.9931319595948472,5.406351664774833
normal,40101,FH_PAC,0.9516461405929773,4.044825137930546
normal,40101,HetLDC_cert,0.9860964824661912,4.919493038011169
normal,40102,CP_PAC,0.996564034541206,5.851555068625434
normal,40102,FH_PAC,0.9721322640515866,4.405568208747936
normal,40102,HetLDC_cert,0.9935778461927248,5.450821485612477
normal,40103,CP_PAC,0.9673934063884966,4.273788504487555
normal,40103,FH_PAC,0.9272188889952918,3.614969782321267
normal,40103,HetLDC_cert,0.9382969527502109,3.7368472407552336
normal,40104,CP_PAC,0.9985470908898988,6.367856937507546
normal,40104,FH_PAC,0.9907519287763794,5.259227132588346
normal,40104,HetLDC_cert,0.9974900973694611,6.04429006199428
normal,40105,CP_PAC,0.993564394113309,5.449439795700364
normal,40105,FH_PAC,0.9461665960242712,3.9003807803216
normal,40105,HetLDC_cert,0.987035470518081,4.969484337837764
normal,40106,CP_PAC,0.9963583715161451,5.815287641412101
normal,40106,FH_PAC,0.968413929856148,4.314668591282274
normal,40106,HetLDC_cert,0.993332112919192,5.4259824642117955
normal,40107,CP_PAC,0.984206083649876,4.827286577976873
normal,40107,FH_PAC,0.9536740374256082,4.024922199318818
normal,40107,HetLDC_cert,0.9709387076358208,4.365308203704664
normal,40108,CP_PAC,0.9885523309176244,5.057456092190736
normal,40108,FH_PAC,0.9563850261462444,4.05130464084497
normal,40108,HetLDC_cert,0.978691952342245,4.604962498527735
normal,40109,CP_PAC,0.985056539804384,4.867492825812834
normal,40109,FH_PAC,0.9602373980564292,4.112881272100211
normal,40109,HetLDC_cert,0.9699537170370092,4.33895942484925
normal,40110,CP_PAC,0.9823683448921888,4.746528061327375
normal,40110,FH_PAC,0.924924672869784,3.6280207657854247
normal,40110,HetLDC_cert,0.9616766532636354,4.14275896529251
normal,40111,CP_PAC,0.9780904380099468,4.58386418668359
normal,40111,FH_PAC,0.9309761491390148,3.6604114773470746
normal,40111,HetLDC_cert,0.9580716099407738,4.06846041827529
normal,40112,CP_PAC,0.9883922475896044,5.047699528927534
normal,40112,FH_PAC,0.9611407216221745,4.169379698446222
normal,40112,HetLDC_cert,0.976918221915043,4.544156713519971
normal,40113,CP_PAC,0.9729467008533428,4.421495810370643
normal,40113,FH_PAC,0.9153206156889792,3.465728968301176
normal,40113,HetLDC_cert,0.939952309274698,3.7608865453914846
normal,40114,CP_PAC,0.9963308648211529,5.810579066781802
normal,40114,FH_PAC,0.9731342180071608,4.510760086836249
normal,40114,HetLDC_cert,0.9927795170882868,5.373001101919449
normal,40115,CP_PAC,0.9881221084795824,5.031502898308136
normal,40115,FH_PAC,0.947335717934242,3.875495948180436
normal,40115,HetLDC_cert,0.9768289293441584,4.541204384109801
normal,40116,CP_PAC,0.9876722947861384,5.005244444483453
normal,40116,FH_PAC,0.9508588118608056,3.940128649275744
normal,40116,HetLDC_cert,0.9753726234532044,4.494395981404601
normal,40117,CP_PAC,0.993387360507754,5.431494345608305
normal,40117,FH_PAC,0.9749150440018622,4.567594423911731
normal,40117,HetLDC_cert,0.9874933196398604,4.995032098887158
normal,40118,CP_PAC,0.9799757764393242,4.65178734957616
normal,40118,FH_PAC,0.904950723446872,3.3970270766822326
normal,40118,HetLDC_cert,0.9584144237125616,4.075287441567941
normal,40119,CP_PAC,0.9773774091127096,4.55949761079631
normal,40119,FH_PAC,0.9535259508340848,4.039521487830392
normal,40119,HetLDC_cert,0.9546555141364944,4.00288943244747
normal,40120,CP_PAC,0.9920256284219772,5.306305997938838
normal,40120,FH_PAC,0.9638518783904284,4.285915170671914
normal,40120,HetLDC_cert,0.9842048098990436,4.82722780360012
normal,40121,CP_PAC,0.9802918313168444,4.663715769215274
normal,40121,FH_PAC,0.9338566870182468,3.7078066678397072
normal,40121,HetLDC_cert,0.9595707498080704,4.09867242030439
normal,40122,CP_PAC,0.9719670876681668,4.393650967095796
normal,40122,FH_PAC,0.9508889120336896,3.949337974452312
normal,40122,HetLDC_cert,0.9440283517203204,3.8225126572443866
normal,40123,CP_PAC,0.9845977322953788,4.845559217350049
normal,40123,FH_PAC,0.9590989219663676,4.091087734299481
normal,40123,HetLDC_cert,0.9683389907932404,4.29732888682466
normal,40124,CP_PAC,0.981657549262573,4.717263367005381
normal,40124,FH_PAC,0.9546389842015152,4.019092445758383
normal,40124,HetLDC_cert,0.9633502959690424,4.179289933104508
normal,40125,CP_PAC,0.9907821564555436,5.2077346256894685
normal,40125,FH_PAC,0.9607091183713288,4.220619894296701
normal,40125,HetLDC_cert,0.9811598692675544,4.697358410251433
normal,40126,CP_PAC,0.987914000681156,5.019246720218206
normal,40126,FH_PAC,0.931526123425813,3.693522630820515
normal,40126,HetLDC_cert,0.975857026183758,4.50969273179968
normal,40127,CP_PAC,0.988328026805736,5.043819005184305
normal,40127,FH_PAC,0.9508708568906898,3.9356824212632895
normal,40127,HetLDC_cert,0.9777523103988156,4.572224599791112
normal,40128,CP_PAC,0.9861699524731128,4.923295218700154
normal,40128,FH_PAC,0.9135608841701284,3.487594528361892
normal,40128,HetLDC_cert,0.9706379242100992,4.357181719662301
normal,40129,CP_PAC,0.9599277660759752,4.106007085288262
normal,40129,FH_PAC,0.939798726087364,3.816352067573576
normal,40129,HetLDC_cert,0.9103552588529148,3.3945493678916474
normal,40130,CP_PAC,0.981206817301082,4.699216339284108
normal,40130,FH_PAC,0.9243546656544536,3.5582647010803754
normal,40130,HetLDC_cert,0.96104569649605,4.129338552777105
normal,40131,CP_PAC,0.979649901637895,4.639659155279631
normal,40131,FH_PAC,0.9348272283991635,3.733955193408701
normal,40131,HetLDC_cert,0.96264691620316,4.163767623131418
normal,40132,CP_PAC,0.9800782358999474,4.655636217108512
normal,40132,FH_PAC,0.9453173332698592,3.844141221367928
normal,40132,HetLDC_cert,0.9593180718633176,4.093514436472494
normal,40133,CP_PAC,0.9909890882809458,5.223279756434902
normal,40133,FH_PAC,0.9467680051365488,3.866587224436682
normal,40133,HetLDC_cert,0.9837222439750462,4.8052551338604745
normal,40134,CP_PAC,0.9945591351740424,5.55940584095204
normal,40134,FH_PAC,0.9767615495642052,4.56043500270777
normal,40134,HetLDC_cert,0.989515780447118,5.118871753993469
normal,40135,CP_PAC,0.9822361785348546,4.741009259169833
normal,40135,FH_PAC,0.9485707023279122,3.924523515237325
normal,40135,HetLDC_cert,0.9628644423508896,4.168541252427314
normal,40136,CP_PAC,0.9889140609130184,5.079956322564024
normal,40136,FH_PAC,0.9526939650737328,3.967290749745468
normal,40136,HetLDC_cert,0.9767366669670776,4.5381642215322655
normal,40137,CP_PAC,0.9939455092964397,5.4896312024287095
normal,40137,FH_PAC,0.94764305691444,3.880990291273706
normal,40137,HetLDC_cert,0.9885594829294158,5.057894803824297
normal,40138,CP_PAC,0.9837906195815465,4.80833337319272
normal,40138,FH_PAC,0.9527348435843472,3.974256185049312
normal,40138,HetLDC_cert,0.9685041638705824,4.301502568009367
normal,40139,CP_PAC,0.9930514600922736,5.398601034561998
normal,40139,FH_PAC,0.9625823039919468,4.186208282299732
normal,40139,HetLDC_cert,0.9868075074461592,4.957060491179656
normal,40140,CP_PAC,0.9601497608597428,4.1105958186762175
normal,40140,FH_PAC,0.9329418647249856,3.6759495065693786
normal,40140,HetLDC_cert,0.9079119063172694,3.3689687806702815
normal,40141,CP_PAC,0.9749000786181228,4.479722826872007
normal,40141,FH_PAC,0.9371899595602649,3.786840572112837
normal,40141,HetLDC_cert,0.9497060281500602,3.9149104370959376
normal,40142,CP_PAC,0.9922476021013392,5.325334969178676
normal,40142,FH_PAC,0.9733466427146468,4.446691217095397
normal,40142,HetLDC_cert,0.9862335736604002,4.926602145059363
normal,40143,CP_PAC,0.9685753437608512,4.303306970161558
normal,40143,FH_PAC,0.9262102990176516,3.5800137018709206
normal,40143,HetLDC_cert,0.9377843364631936,3.729511283751608
normal,40144,CP_PAC,0.9770430559817468,4.5483008415927255
normal,40144,FH_PAC,0.9392814976047718,3.753152435258792
normal,40144,HetLDC_cert,0.9534683438193974,3.981076838559698
normal,40145,CP_PAC,0.9905808700620168,5.192909587008598
normal,40145,FH_PAC,0.9432891105716056,3.818035417161016
normal,40145,HetLDC_cert,0.981831964726229,4.72435115773532
normal,40146,CP_PAC,0.9864798814141658,4.939533447527518
normal,40146,FH_PAC,0.9242031698429416,3.569453591885608
normal,40146,HetLDC_cert,0.9752322526416712,4.490012000882922
normal,40147,CP_PAC,0.9909348925904088,5.219177909084828
normal,40147,FH_PAC,0.9567174682999312,4.041960682704734
normal,40147,HetLDC_cert,0.9821336378899446,4.736752255737854
normal,40148,CP_PAC,0.9842373151525676,4.82872899159319
normal,40148,FH_PAC,0.9248020380785096,3.5586400567918632
normal,40148,HetLDC_cert,0.9664333471025286,4.250478537940096
normal,40149,CP_PAC,0.9897344825575468,5.133509598392413
normal,40149,FH_PAC,0.9680144189644426,4.302871944543664
normal,40149,HetLDC_cert,0.979628655384816,4.638874324172474
trunc_laplace,43000,CP_PAC,1.0,5.280926563572156
trunc_laplace,43000,FH_PAC,0.9487102178802947,4.157044004622967
trunc_laplace,43000,HetLDC_cert,0.9845734938195316,4.8128848053674576
trunc_laplace,43001,CP_PAC,0.9650888444581952,4.42573918676488
trunc_laplace,43001,FH_PAC,0.93079191167553,3.8908737674652816
trunc_laplace,43001,HetLDC_cert,0.9331175332338092,3.9226777796210905
trunc_laplace,43002,CP_PAC,0.9919038515323564,4.981478205097494
trunc_laplace,43002,FH_PAC,0.918499888636041,3.7352533056363386
trunc_laplace,43002,HetLDC_cert,0.9691146653434202,4.499574682073923
trunc_laplace,43003,CP_PAC,0.9758894085148588,4.630628320037335
trunc_laplace,43003,FH_PAC,0.931769372019793,3.919425360399296
trunc_laplace,43003,HetLDC_cert,0.9452761543189137,4.098799083065951
trunc_laplace,43004,CP_PAC,0.9815925671075978,4.748351332891266
trunc_laplace,43004,FH_PAC,0.9301057764571922,3.887562563334504
trunc_laplace,43004,HetLDC_cert,0.9496896874662528,4.166955637783646
trunc_laplace,43005,CP_PAC,0.9702645448424838,4.521196785864338
trunc_laplace,43005,FH_PAC,0.9340513265666832,3.941607658596843
trunc_laplace,43005,HetLDC_cert,0.9336929661901274,3.930658334870394
trunc_laplace,43006,CP_PAC,1.0,5.301583251836192
trunc_laplace,43006,FH_PAC,0.9441747754126644,4.107695709505645
trunc_laplace,43006,HetLDC_cert,0.9844931884827612,4.811117519747042
trunc_laplace,43007,CP_PAC,0.9896612754899928,4.928309012765901
trunc_laplace,43007,FH_PAC,0.9592216050849024,4.323639462020187
trunc_laplace,43007,HetLDC_cert,0.9616138007712274,4.364214417733032
trunc_laplace,43008,CP_PAC,1.0,6.366354427837312
trunc_laplace,43008,FH_PAC,0.9678509883542864,4.478739242066714
trunc_laplace,43008,HetLDC_cert,1.0,5.984194638279556
trunc_laplace,43009,CP_PAC,0.984230234595316,4.805342046402209
trunc_laplace,43009,FH_PAC,0.9248652795366978,3.816682732863273
trunc_laplace,43009,HetLDC_cert,0.9621122142068366,4.3729183577740764
trunc_laplace,43010,CP_PAC,0.9601244609362538,4.338438608431107
trunc_laplace,43010,FH_PAC,0.9165991279488094,3.708474639999832
trunc_laplace,43010,HetLDC_cert,0.9200430676449818,3.7497639845361697
trunc_laplace,43011,CP_PAC,0.9749730454767942,4.612369176623024
trunc_laplace,43011,FH_PAC,0.9144952736369222,3.692524925100328
trunc_laplace,43011,HetLDC_cert,0.942979298224878,4.064265423958632
trunc_laplace,43012,CP_PAC,0.984548050435484,4.812324694585384
trunc_laplace,43012,FH_PAC,0.9334791274244594,3.928581870543472
trunc_laplace,43012,HetLDC_cert,0.9593827272291132,4.325729628740026
trunc_laplace,43013,CP_PAC,0.9969616959115256,5.107099176801583
trunc_laplace,43013,FH_PAC,0.919894510897147,3.8033248507831248
trunc_laplace,43013,HetLDC_cert,0.9748335174247352,4.609604177247948
trunc_laplace,43014,CP_PAC,1.0,5.641289087326226
trunc_laplace,43014,FH_PAC,0.9633533218425778,4.414093455309224
trunc_laplace,43014,HetLDC_cert,0.9981931676741972,5.138972670999066
trunc_laplace,43015,CP_PAC,1.0,5.351729063890987
trunc_laplace,43015,FH_PAC,0.9338129260226076,3.9458583128814593
trunc_laplace,43015,HetLDC_cert,0.9897581288849292,4.930575101796176
trunc_laplace,43016,CP_PAC,0.9967203192898362,5.100913387641202
trunc_laplace,43016,FH_PAC,0.920524474084298,3.7726145735685295
trunc_laplace,43016,HetLDC_cert,0.979473379321941,4.703759460626072
trunc_laplace,43017,CP_PAC,1.0,5.548138204134352
trunc_laplace,43017,FH_PAC,0.9404043903251942,4.026479798434654
trunc_laplace,43017,HetLDC_cert,0.9958154908870251,5.07790124168756
trunc_laplace,43018,CP_PAC,0.9701965932670596,4.519912237032752
trunc_laplace,43018,FH_PAC,0.9142568940883472,3.678707406573558
trunc_laplace,43018,HetLDC_cert,0.9356793343387868,3.9584649056559535
trunc_laplace,43019,CP_PAC,0.961046786441319,4.354360284666605
trunc_laplace,43019,FH_PAC,0.8975613068007535,3.490134141143823
trunc_laplace,43019,HetLDC_cert,0.921785200770004,3.771923446024544
trunc_laplace,43020,CP_PAC,1.0,5.781324586629376
trunc_laplace,43020,FH_PAC,0.9730662046422172,4.575080937156883
trunc_laplace,43020,HetLDC_cert,1.0,5.368448889555997
trunc_laplace,43021,CP_PAC,0.9887249339903924,4.9065383335316355
trunc_laplace,43021,FH_PAC,0.9285263660400024,3.8624038401424543
trunc_laplace,43021,HetLDC_cert,0.9605948084847692,4.346541479313457
trunc_laplace,43022,CP_PAC,0.99556968391494,5.071697140964648
trunc_laplace,43022,FH_PAC,0.9435367302044134,4.080268296149246
trunc_laplace,43022,HetLDC_cert,0.9758399770922156,4.629638916774168
trunc_laplace,43023,CP_PAC,0.9555905763431892,4.262038783262879
trunc_laplace,43023,FH_PAC,0.8782922533060107,3.3507051292587624
trunc_laplace,43023,HetLDC_cert,0.9107366748168944,3.635541264698642
trunc_laplace,43024,CP_PAC,0.9863953562489765,4.853422663496154
trunc_laplace,43024,FH_PAC,0.9456752025281432,4.105717914291213
trunc_laplace,43024,HetLDC_cert,0.9599982945700412,4.336270900280967
trunc_laplace,43025,CP_PAC,0.9554437132240184,4.259614202377771
trunc_laplace,43025,FH_PAC,0.8914645422742333,3.4187550517784913
trunc_laplace,43025,HetLDC_cert,0.9125986157702828,3.657855932083391
trunc_laplace,43026,CP_PAC,0.9998022687974528,5.181434923228444
trunc_laplace,43026,FH_PAC,0.9136828458414908,3.716023344803769
trunc_laplace,43026,HetLDC_cert,0.9816364749701524,4.7492862952944055
trunc_laplace,43027,CP_PAC,0.9867825423332142,4.862149398083064
trunc_laplace,43027,FH_PAC,0.935252950858068,3.9583314901585096
trunc_laplace,43027,HetLDC_cert,0.9620063351348676,4.371066052502405
trunc_laplace,43028,CP_PAC,0.9967819189564692,5.10249011455702
trunc_laplace,43028,FH_PAC,0.950730654773074,4.185771663918102
trunc_laplace,43028,HetLDC_cert,0.9747884234826952,4.608711411521281
trunc_laplace,43029,CP_PAC,1.0,5.440006643735882
trunc_laplace,43029,FH_PAC,0.9812276849898628,4.750281742354107
trunc_laplace,43029,HetLDC_cert,0.9934313001599632,5.0185553965571525
trunc_laplace,43030,CP_PAC,0.9931092527853688,5.010678171275162
trunc_laplace,43030,FH_PAC,0.9452611565321604,4.0992210385372285
trunc_laplace,43030,HetLDC_cert,0.967416020250108,4.468073302288912
trunc_laplace,43031,CP_PAC,1.0,5.218331618253398
trunc_laplace,43031,FH_PAC,0.9481814507918908,4.150258117167572
trunc_laplace,43031,HetLDC_cert,0.979277880581896,4.699697553299724
trunc_laplace,43032,CP_PAC,0.978513617894202,4.683900409603917
trunc_laplace,43032,FH_PAC,0.9312695034980704,3.919391900729688
trunc_laplace,43032,HetLDC_cert,0.94830292383987,4.145278203601344
trunc_laplace,43033,CP_PAC,0.9815576284836216,4.747607684657219
trunc_laplace,43033,FH_PAC,0.9270101417577276,3.8400063314620736
trunc_laplace,43033,HetLDC_cert,0.9501528779837398,4.174251023301093
trunc_laplace,43034,CP_PAC,1.0,5.5457910819257314
trunc_laplace,43034,FH_PAC,0.927127960795311,3.872254164266208
trunc_laplace,43034,HetLDC_cert,0.9979753059031418,5.133295163430874
trunc_laplace,43035,CP_PAC,1.0,5.8363599383655504
trunc_laplace,43035,FH_PAC,0.9551809095103114,4.287684526049603
trunc_laplace,43035,HetLDC_cert,1.0,5.437718862902401
trunc_laplace,43036,CP_PAC,0.9788695861003522,4.6912420061452895
trunc_laplace,43036,FH_PAC,0.9304269217467632,3.9003432174853248
trunc_laplace,43036,HetLDC_cert,0.94574565060734,4.105935259877232
trunc_laplace,43037,CP_PAC,0.9664608752623725,4.45058483993688
trunc_laplace,43037,FH_PAC,0.9081217790689682,3.623660702751152
trunc_laplace,43037,HetLDC_cert,0.9333950586575386,3.926522573193412
trunc_laplace,43038,CP_PAC,1.0,5.28086251616948
trunc_laplace,43038,FH_PAC,0.9361377154234792,3.977411100262635
trunc_laplace,43038,HetLDC_cert,0.9864972633304596,4.855715685055822
trunc_laplace,43039,CP_PAC,0.956324276546813,4.274197658752838
trunc_laplace,43039,FH_PAC,0.9024548040563816,3.5405539430841344
trunc_laplace,43039,HetLDC_cert,0.9122516559506808,3.653678013192185
trunc_laplace,43040,CP_PAC,0.9930946192902071,5.010321005899114
trunc_laplace,43040,FH_PAC,0.9070708594203408,3.624607686334712
trunc_laplace,43040,HetLDC_cert,0.9683444440577336,4.485226763511069
trunc_laplace,43041,CP_PAC,0.9706334413723464,4.528185420625056
trunc_laplace,43041,FH_PAC,0.9014380338696244,3.529180756769925
trunc_laplace,43041,HetLDC_cert,0.9375680893645412,3.985284354797291
trunc_laplace,43042,CP_PAC,0.9741973646486236,4.597047951849762
trunc_laplace,43042,FH_PAC,0.9230624308518196,3.791113382122788
trunc_laplace,43042,HetLDC_cert,0.9438963991935652,4.077979708754842
trunc_laplace,43043,CP_PAC,1.0,5.573958150683257
trunc_laplace,43043,FH_PAC,0.9337518493144868,3.955924539762057
trunc_laplace,43043,HetLDC_cert,0.9985622097403009,5.14862848132114
trunc_laplace,43044,CP_PAC,0.99256430564869,4.997422124534817
trunc_laplace,43044,FH_PAC,0.9359492850166268,3.9733631966451215
trunc_laplace,43044,HetLDC_cert,0.9674423605475386,4.468557853746732
trunc_laplace,43045,CP_PAC,1.0,5.208655699781088
trunc_laplace,43045,FH_PAC,0.949349129170898,4.161666209572245
trunc_laplace,43045,HetLDC_cert,0.9811535248072244,4.7390274672755375
trunc_laplace,43046,CP_PAC,0.9554202178583904,4.259226598875944
trunc_laplace,43046,FH_PAC,0.900910462063372,3.53795619872498
trunc_laplace,43046,HetLDC_cert,0.9174295849271474,3.7169941672538567
trunc_laplace,43047,CP_PAC,0.9685926487801866,4.489838683423849
trunc_laplace,43047,FH_PAC,0.906291538708962,3.5917561128056352
trunc_laplace,43047,HetLDC_cert,0.936957821696399,3.976577746935431
trunc_laplace,43048,CP_PAC,0.9709810679676598,4.534794495957904
trunc_laplace,43048,FH_PAC,0.909778648322818,3.636091186405275
trunc_laplace,43048,HetLDC_cert,0.93186722476951,3.905451172410777
trunc_laplace,43049,CP_PAC,0.9408539586881068,4.03285526250965
trunc_laplace,43049,FH_PAC,0.924300413525078,3.827559103468824
trunc_laplace,43049,HetLDC_cert,0.8986855101424427,3.4970720481913853
trunc_laplace,43050,CP_PAC,0.996544697703003,5.0964252197450834
trunc_laplace,43050,FH_PAC,0.9150024439123312,3.688034412132061
trunc_laplace,43050,HetLDC_cert,0.9770663239593362,4.654337129244775
trunc_laplace,43051,CP_PAC,0.9459789475964232,4.1094911932614115
trunc_laplace,43051,FH_PAC,0.8852221155152464,3.3533575324733502
trunc_laplace,43051,HetLDC_cert,0.8901963069568528,3.4052051685754607
trunc_laplace,43052,CP_PAC,0.991368560600558,4.968652399117036
trunc_laplace,43052,FH_PAC,0.9493762428052148,4.169155592407158
trunc_laplace,43052,HetLDC_cert,0.9729372301280604,4.572415882942488
trunc_laplace,43053,CP_PAC,0.9937892034514269,5.027347785954682
trunc_laplace,43053,FH_PAC,0.920370939901092,3.760291003330748
trunc_laplace,43053,HetLDC_cert,0.968942475308078,4.496357742373994
trunc_laplace,43054,CP_PAC,1.0,5.216228036375744
trunc_laplace,43054,FH_PAC,0.956479057865067,4.277383864064202
trunc_laplace,43054,HetLDC_cert,0.9830680426933,4.78002218230444
trunc_laplace,43055,CP_PAC,1.0,5.690581997350677
trunc_laplace,43055,FH_PAC,0.9721357009275204,4.557019116138669
trunc_laplace,43055,HetLDC_cert,1.0,5.297659574664454
trunc_laplace,43056,CP_PAC,0.969361225800136,4.504190464335804
trunc_laplace,43056,FH_PAC,0.9284685838261064,3.896324991689112
trunc_laplace,43056,HetLDC_cert,0.9305378462422536,3.8873033296202033
trunc_laplace,43057,CP_PAC,1.0,5.969491704864337
trunc_laplace,43057,FH_PAC,0.9712823364541808,4.583817901154461
trunc_laplace,43057,HetLDC_cert,1.0,5.598517727869568
trunc_laplace,43058,CP_PAC,1.0,5.910554883676345
trunc_laplace,43058,FH_PAC,0.935416285089127,4.032416071165281
trunc_laplace,43058,HetLDC_cert,1.0,5.53110254443474
trunc_laplace,43059,CP_PAC,0.9761716444235062,4.63628726216796
trunc_laplace,43059,FH_PAC,0.9163240510647406,3.703450722379873
trunc_laplace,43059,HetLDC_cert,0.9468350048341564,4.122596080869713
trunc_laplace,43060,CP_PAC,1.0,5.263974350748114
trunc_laplace,43060,FH_PAC,0.9471456540400288,4.128069545851657
trunc_laplace,43060,HetLDC_cert,0.9853222898851044,4.829442497962638
trunc_laplace,43061,CP_PAC,0.9833352293221568,4.7858136640786535
trunc_laplace,43061,FH_PAC,0.9289247944357576,3.8656392612081225
trunc_laplace,43061,HetLDC_cert,0.9556531615514992,4.263072942341445
trunc_laplace,43062,CP_PAC,0.9824445089958866,4.766574254748734
trunc_laplace,43062,FH_PAC,0.9403882278076028,4.026335980822814
trunc_laplace,43062,HetLDC_cert,0.949086184591328,4.157491745172776
trunc_laplace,43063,CP_PAC,0.9547829165293412,4.248742801744876
trunc_laplace,43063,FH_PAC,0.8800808992552538,3.301396678056904
trunc_laplace,43063,HetLDC_cert,0.9022243154393804,3.5367066717211135
trunc_laplace,43064,CP_PAC,0.9890599603738156,4.914299593300196
trunc_laplace,43064,FH_PAC,0.9620789028533075,4.373045647002902
trunc_laplace,43064,HetLDC_cert,0.9649171293565876,4.422652200229986
trunc_laplace,43065,CP_PAC,0.9899850867262594,4.935895772488032
trunc_laplace,43065,FH_PAC,0.9296974546297314,3.9403506904484655
trunc_laplace,43065,HetLDC_cert,0.9667292060801428,4.455481819730857
trunc_laplace,43066,CP_PAC,1.0,5.194812407648069
trunc_laplace,43066,FH_PAC,0.9615126265147512,4.380665338010728
trunc_laplace,43066,HetLDC_cert,0.980872260553777,4.73307804532844
trunc_laplace,43067,CP_PAC,0.9941342083572504,5.035861644032828
trunc_laplace,43067,FH_PAC,0.922342143620847,3.7866529497891954
trunc_laplace,43067,HetLDC_cert,0.9732480930496408,4.578463036762797
trunc_laplace,43068,CP_PAC,1.0,5.191965547584585
trunc_laplace,43068,FH_PAC,0.9183065577315508,3.741911780923584
trunc_laplace,43068,HetLDC_cert,0.9785492020444868,4.684633044697233
trunc_laplace,43069,CP_PAC,0.9839623557977496,4.79947623660394
trunc_laplace,43069,FH_PAC,0.9299284869047684,3.881086821514554
trunc_laplace,43069,HetLDC_cert,0.9573376329417562,4.291118795823938
trunc_laplace,43070,CP_PAC,0.9820550962827364,4.758223274986626
trunc_laplace,43070,FH_PAC,0.9213670405652614,3.7761028989934
trunc_laplace,43070,HetLDC_cert,0.9565258736122476,4.277552071441022
trunc_laplace,43071,CP_PAC,0.9776678317445472,4.666568578273602
trunc_laplace,43071,FH_PAC,0.9246656115078988,3.8100200427256383
trunc_laplace,43071,HetLDC_cert,0.95086009171382,4.1854436660051135
trunc_laplace,43072,CP_PAC,1.0,5.75519626373364
trunc_laplace,43072,FH_PAC,0.8938041875256257,3.4575357986446194
trunc_laplace,43072,HetLDC_cert,1.0,5.313558010608398
trunc_laplace,43073,CP_PAC,0.9829113432253926,4.776633717358761
trunc_laplace,43073,FH_PAC,0.9444952974808652,4.087584304499308
trunc_laplace,43073,HetLDC_cert,0.9539283385998822,4.234774106201972
trunc_laplace,43074,CP_PAC,0.9954194518935944,5.067915185800589
trunc_laplace,43074,FH_PAC,0.9479605721489616,4.140588552735824
trunc_laplace,43074,HetLDC_cert,0.9737430580304952,4.588131022171032
trunc_laplace,43075,CP_PAC,0.9552681046738996,4.256719078638802
trunc_laplace,43075,FH_PAC,0.8790038166552281,3.290472444941369
trunc_laplace,43075,HetLDC_cert,0.9023084928491938,3.537659506905289
trunc_laplace,43076,CP_PAC,0.954649467343121,4.24655476215063
trunc_laplace,43076,FH_PAC,0.8808896343474342,3.3182826945836497
trunc_laplace,43076,HetLDC_cert,0.9026410003337908,3.5414279178555086
trunc_laplace,43077,CP_PAC,1.0,5.5931476896814445
trunc_laplace,43077,FH_PAC,0.9537657723901406,4.314187312751878
trunc_laplace,43077,HetLDC_cert,0.9990284568064468,5.160897550704666
trunc_laplace,43078,CP_PAC,0.998500286898888,5.147004900899184
trunc_laplace,43078,FH_PAC,0.972398022307194,4.562078410245216
trunc_laplace,43078,HetLDC_cert,0.9722674067745554,4.559450403091256
trunc_laplace,43079,CP_PAC,0.9758471560478386,4.629782576728402
trunc_laplace,43079,FH_PAC,0.9298352258925626,3.880554844247986
trunc_laplace,43079,HetLDC_cert,0.94544659897042,4.101386711543074
trunc_laplace,43080,CP_PAC,0.9827694889446656,4.773571419727048
trunc_laplace,43080,FH_PAC,0.9006171416283497,3.588362069898971
trunc_laplace,43080,HetLDC_cert,0.9526557952909078,4.214160250585864
trunc_laplace,43081,CP_PAC,1.0,5.443998438683959
trunc_laplace,43081,FH_PAC,0.9547206964039898,4.262914241680598
trunc_laplace,43081,HetLDC_cert,0.9934357979582068,5.01866564141469
trunc_laplace,43082,CP_PAC,1.0,5.386767426229689
trunc_laplace,43082,FH_PAC,0.9322423173563346,3.915179740417559
trunc_laplace,43082,HetLDC_cert,0.990025534121864,4.936845550254697
trunc_laplace,43083,CP_PAC,0.9922129673210012,4.988924019668845
trunc_laplace,43083,FH_PAC,0.9329030880567648,3.919870111481909
trunc_laplace,43083,HetLDC_cert,0.9716394322695704,4.547374085986934
trunc_laplace,43084,CP_PAC,0.975533835117408,4.6235226245644565
trunc_laplace,43084,FH_PAC,0.912831919332695,3.6608095905246656
trunc_laplace,43084,HetLDC_cert,0.9434731067050044,4.071637621906443
trunc_laplace,43085,CP_PAC,0.99700775778165,5.108281880951065
trunc_laplace,43085,FH_PAC,0.9196165041825548,3.770924851671458
trunc_laplace,43085,HetLDC_cert,0.9720360906399288,4.554993205476687
trunc_laplace,43086,CP_PAC,0.9990156877990116,5.160560492687189
trunc_laplace,43086,FH_PAC,0.9724776651544156,4.564626102754344
trunc_laplace,43086,HetLDC_cert,0.9775185744008524,4.66352619660353
trunc_laplace,43087,CP_PAC,0.9981015810932236,5.136583863759546
trunc_laplace,43087,FH_PAC,0.9338847534745944,3.93716321921654
trunc_laplace,43087,HetLDC_cert,0.9779591970237778,4.672521557389834
trunc_laplace,43088,CP_PAC,1.0,5.353185848384435
trunc_laplace,43088,FH_PAC,0.9116455772970572,3.651249870812172
trunc_laplace,43088,HetLDC_cert,0.9888909033370896,4.910379272016688
trunc_laplace,43089,CP_PAC,0.9972344162060516,5.114112309525662
trunc_laplace,43089,FH_PAC,0.9415950998643194,4.051725138710296
trunc_laplace,43089,HetLDC_cert,0.974829576857906,4.609526145690566
trunc_laplace,43090,CP_PAC,0.9988118935531412,5.155189026803061
trunc_laplace,43090,FH_PAC,0.9521829242598576,4.265135376765504
trunc_laplace,43090,HetLDC_cert,0.9771532086583474,4.656099085145432
trunc_laplace,43091,CP_PAC,0.9706162070054632,4.527858352851792
trunc_laplace,43091,FH_PAC,0.9453938789308513,4.105042956618914
trunc_laplace,43091,HetLDC_cert,0.936243717344032,3.966439658996381
trunc_laplace,43092,CP_PAC,1.0,5.2718399058133585
trunc_laplace,43092,FH_PAC,0.97776320380706,4.671195368722958
trunc_laplace,43092,HetLDC_cert,0.9864652163286354,4.8549942966033095
trunc_laplace,43093,CP_PAC,0.9771472099054086,4.655977382931389
trunc_laplace,43093,FH_PAC,0.924685608403417,3.812302066949648
trunc_laplace,43093,HetLDC_cert,0.9478254764802864,4.1378712565984435
trunc_laplace,43094,CP_PAC,1.0,5.705349173947928
trunc_laplace,43094,FH_PAC,0.9156975941917156,3.709120542329004
trunc_laplace,43094,HetLDC_cert,1.0,5.279904090587663
trunc_laplace,43095,CP_PAC,0.9734476336626284,4.582354734033458
trunc_laplace,43095,FH_PAC,0.9216258369014858,3.769982863017283
trunc_laplace,43095,HetLDC_cert,0.941372497044742,4.040471363337554
trunc_laplace,43096,CP_PAC,0.9880844195493288,4.891786980298836
trunc_laplace,43096,FH_PAC,0.932918612234746,3.9199631538147774
trunc_laplace,43096,HetLDC_cert,0.9639718187889676,4.405746418229483
trunc_laplace,43097,CP_PAC,0.9560453201529968,4.269565706014115
trunc_laplace,43097,FH_PAC,0.8989033094638206,3.520390513368721
trunc_laplace,43097,HetLDC_cert,0.9042403557295032,3.559658122148411
trunc_laplace,43098,CP_PAC,1.0,5.457332307723612
trunc_laplace,43098,FH_PAC,0.9694073340823872,4.55075771858366
trunc_laplace,43098,HetLDC_cert,0.9944115630039208,5.042733580098982
trunc_laplace,43099,CP_PAC,1.0,5.2765539354890185
trunc_laplace,43099,FH_PAC,0.9439873245793236,4.082509175818938
trunc_laplace,43099,HetLDC_cert,0.9836201501388552,4.792008882105153
trunc_laplace,43100,CP_PAC,0.9777305761702676,4.6678489695817715
trunc_laplace,43100,FH_PAC,0.9582215014604164,4.3104643320250595
trunc_laplace,43100,HetLDC_cert,0.949017682297422,4.156420465344374
trunc_laplace,43101,CP_PAC,0.9690216209645874,4.49783571059801
trunc_laplace,43101,FH_PAC,0.9187875261103572,3.766250251443598
trunc_laplace,43101,HetLDC_cert,0.9345296744872228,3.9423220461964736
trunc_laplace,43102,CP_PAC,1.0,5.52843818175669
trunc_laplace,43102,FH_PAC,0.9633792759173928,4.407378155289146
trunc_laplace,43102,HetLDC_cert,0.9980872816134349,5.136211165991602
trunc_laplace,43103,CP_PAC,0.9424288582141512,4.056081028044721
trunc_laplace,43103,FH_PAC,0.8989580552463116,3.510977561043569
trunc_laplace,43103,HetLDC_cert,0.8801987080318401,3.3023732191320807
trunc_laplace,43104,CP_PAC,0.9693332156074952,4.50366553436876
trunc_laplace,43104,FH_PAC,0.9293776682241752,3.884651724265552
trunc_laplace,43104,HetLDC_cert,0.9322521457847506,3.9107381002875337
trunc_laplace,43105,CP_PAC,0.9973208582366802,5.11634057198978
trunc_laplace,43105,FH_PAC,0.8966624944121128,3.4913245460960134
trunc_laplace,43105,HetLDC_cert,0.97320398837426,4.577603915574814
trunc_laplace,43106,CP_PAC,0.9836035287817018,4.791646922849302
trunc_laplace,43106,FH_PAC,0.9231909391672668,3.7925192947388298
trunc_laplace,43106,HetLDC_cert,0.9575140276627704,4.29407957392316
trunc_laplace,43107,CP_PAC,0.966381471941718,4.449138141126524
trunc_laplace,43107,FH_PAC,0.8865038348547356,3.368376485575656
trunc_laplace,43107,HetLDC_cert,0.9331629519684892,3.923306476261601
trunc_laplace,43108,CP_PAC,0.991100980817296,4.962273088430682
trunc_laplace,43108,FH_PAC,0.9376375701255368,3.9862786150355536
trunc_laplace,43108,HetLDC_cert,0.9647882425006912,4.420338413800568
trunc_laplace,43109,CP_PAC,0.9871582212066664,4.8706549074886265
trunc_laplace,43109,FH_PAC,0.9590608429104974,4.356063118721451
trunc_laplace,43109,HetLDC_cert,0.9614754529137404,4.361805397675255
trunc_laplace,43110,CP_PAC,0.9969334408129296,5.106374047711741
trunc_laplace,43110,FH_PAC,0.89571843353573,3.4658323831993836
trunc_laplace,43110,HetLDC_cert,0.9779779363941068,4.672905060879712
trunc_laplace,43111,CP_PAC,0.9588392067893192,4.316470054062076
trunc_laplace,43111,FH_PAC,0.9165958705348076,3.7228213677771738
trunc_laplace,43111,HetLDC_cert,0.9166460809290322,3.707278133717472
trunc_laplace,43112,CP_PAC,0.929291770138926,3.8704472324035897
trunc_laplace,43112,FH_PAC,0.8542164905155536,3.061573146016847
trunc_laplace,43112,HetLDC_cert,0.8644564629632367,3.1508655039265436
trunc_laplace,43113,CP_PAC,1.0,5.524838928159447
trunc_laplace,43113,FH_PAC,0.9671392288645048,4.489744834135997
trunc_laplace,43113,HetLDC_cert,0.9960079865541478,5.082773834076955
trunc_laplace,43114,CP_PAC,0.975162792030781,4.616135755416664
trunc_laplace,43114,FH_PAC,0.936783623505684,3.983455714251907
trunc_laplace,43114,HetLDC_cert,0.9439188438864324,4.078316578387552
trunc_laplace,43115,CP_PAC,1.0,5.578582041675936
trunc_laplace,43115,FH_PAC,0.9401809433276772,4.023019073651233
trunc_laplace,43115,HetLDC_cert,0.996215654520261,5.0880444006327235
trunc_laplace,43116,CP_PAC,0.987394281820276,4.876018774178643
trunc_laplace,43116,FH_PAC,0.8970331713258228,3.499616413844008
trunc_laplace,43116,HetLDC_cert,0.9594384435582816,4.326681360311826
trunc_laplace,43117,CP_PAC,0.9848816447454204,4.819681463833152
trunc_laplace,43117,FH_PAC,0.9124829123434732,3.656731263032905
trunc_laplace,43117,HetLDC_cert,0.9591562070258002,4.3218651277052
trunc_laplace,43118,CP_PAC,0.9182140805336788,3.726772075095512
trunc_laplace,43118,FH_PAC,0.8627217181188919,3.148920751367557
trunc_laplace,43118,HetLDC_cert,0.8504464480174061,3.025413619590744
trunc_laplace,43119,CP_PAC,0.959647239296504,4.330252161893455
trunc_laplace,43119,FH_PAC,0.8839094169566767,3.343431630816364
trunc_laplace,43119,HetLDC_cert,0.9207083470633264,3.758195961551216
trunc_laplace,43120,CP_PAC,1.0,5.443880949548498
trunc_laplace,43120,FH_PAC,0.952777162666782,4.220625110795482
trunc_laplace,43120,HetLDC_cert,0.994645951056808,5.048560207975285
trunc_laplace,43121,CP_PAC,0.9976749602310032,5.12549557509572
trunc_laplace,43121,FH_PAC,0.9543191385580264,4.245182714881092
trunc_laplace,43121,HetLDC_cert,0.9750866280480208,4.614622967313305
trunc_laplace,43122,CP_PAC,0.9781509698289796,4.676449839869199
trunc_laplace,43122,FH_PAC,0.8953061875319759,3.4609596570656636
trunc_laplace,43122,HetLDC_cert,0.9533491684471926,4.225364675237964
trunc_laplace,43123,CP_PAC,0.9827096571326526,4.772281257743541
trunc_laplace,43123,FH_PAC,0.9415098738527482,4.064981717839824
trunc_laplace,43123,HetLDC_cert,0.9547609798872164,4.248382955927997
trunc_laplace,43124,CP_PAC,0.9814705561731124,4.745755655350514
trunc_laplace,43124,FH_PAC,0.9248967662547032,3.834635476383218
trunc_laplace,43124,HetLDC_cert,0.9564334037926993,4.27601271961485
trunc_laplace,43125,CP_PAC,0.9611724223128536,4.356539345304405
trunc_laplace,43125,FH_PAC,0.8255103703325016,2.832864168021719
trunc_laplace,43125,HetLDC_cert,0.9105688099172258,3.6335421700110335
trunc_laplace,43126,CP_PAC,1.0,5.484347063961333
trunc_laplace,43126,FH_PAC,0.9390179221700746,4.112353903754938
trunc_laplace,43126,HetLDC_cert,0.9938975263426024,5.030016854899876
trunc_laplace,43127,CP_PAC,1.0,5.364154605339607
trunc_laplace,43127,FH_PAC,0.9293084430189388,3.882813901241168
trunc_laplace,43127,HetLDC_cert,0.9885447570942244,4.902377289124198
trunc_laplace,43128,CP_PAC,0.9838322066060212,4.796632790907397
trunc_laplace,43128,FH_PAC,0.9118757797313166,3.6500620562905
trunc_laplace,43128,HetLDC_cert,0.9539142921097984,4.234545354080871
trunc_laplace,43129,CP_PAC,1.0,5.4491214423055645
trunc_laplace,43129,FH_PAC,0.9224860597103794,3.7904309182530618
trunc_laplace,43129,HetLDC_cert,0.9933699873714628,5.017053199792957
trunc_laplace,43130,CP_PAC,0.966853188437611,4.457748702339552
trunc_laplace,43130,FH_PAC,0.8918079454281753,3.429142449299138
trunc_laplace,43130,HetLDC_cert,0.9197040964978032,3.7454819665245775
trunc_laplace,43131,CP_PAC,0.9748413980665712,4.609760240149821
trunc_laplace,43131,FH_PAC,0.9075278535095932,3.6090384780811418
trunc_laplace,43131,HetLDC_cert,0.9462786096697112,4.114068365721444
trunc_laplace,43132,CP_PAC,0.956996161005732,4.285400162475442
trunc_laplace,43132,FH_PAC,0.909970208506092,3.6362251717548766
trunc_laplace,43132,HetLDC_cert,0.9157198196061924,3.6958549496375137
trunc_laplace,43133,CP_PAC,0.9692701311773684,4.502483815485212
trunc_laplace,43133,FH_PAC,0.9244569755120836,3.8143537243093726
trunc_laplace,43133,HetLDC_cert,0.9303872404556626,3.8852581436900566
trunc_laplace,43134,CP_PAC,0.99938221737064,5.170259253951128
trunc_laplace,43134,FH_PAC,0.9509114473135956,4.192705894584073
trunc_laplace,43134,HetLDC_cert,0.9797792000474664,4.71013085355969
trunc_laplace,43135,CP_PAC,1.0,5.415942689968902
trunc_laplace,43135,FH_PAC,0.9351597934318246,3.952219541047087
trunc_laplace,43135,HetLDC_cert,0.9945301358497184,5.045678957050321
trunc_laplace,43136,CP_PAC,0.965197123036178,4.427688309300922
trunc_laplace,43136,FH_PAC,0.9023068618520096,3.538317642101783
trunc_laplace,43136,HetLDC_cert,0.91887776426673,3.7350833046709866
trunc_laplace,43137,CP_PAC,1.0,6.146646808309425
trunc_laplace,43137,FH_PAC,0.9753574331027208,4.620957747788981
trunc_laplace,43137,HetLDC_cert,1.0,5.757192627401265
trunc_laplace,43138,CP_PAC,0.9759672750752384,4.632187908018008
trunc_laplace,43138,FH_PAC,0.874902659471665,3.408296910199906
trunc_laplace,43138,HetLDC_cert,0.9405156365350376,4.027902368999366
trunc_laplace,43139,CP_PAC,0.9874883338040364,4.878160049256612
trunc_laplace,43139,FH_PAC,0.9491685225668336,4.170345462516912
trunc_laplace,43139,HetLDC_cert,0.9585666112761182,4.311842819341852
trunc_laplace,43140,CP_PAC,0.9828489676639288,4.775286574371415
trunc_laplace,43140,FH_PAC,0.9339544341433516,3.9697094678224594
trunc_laplace,43140,HetLDC_cert,0.9552990927276848,4.257229637441073
trunc_laplace,43141,CP_PAC,0.981678518992232,4.750181997049843
trunc_laplace,43141,FH_PAC,0.8972439777258846,3.486638075225801
trunc_laplace,43141,HetLDC_cert,0.953741206441465,4.231728829711745
trunc_laplace,43142,CP_PAC,0.9702801198797206,4.521491335858733
trunc_laplace,43142,FH_PAC,0.8789277211746414,3.291077572285793
trunc_laplace,43142,HetLDC_cert,0.93473637476004,3.9452144092493855
trunc_laplace,43143,CP_PAC,0.9898588747632704,4.932935108842806
trunc_laplace,43143,FH_PAC,0.9394161404229092,4.0144443134689975
trunc_laplace,43143,HetLDC_cert,0.9614988604876468,4.362212775821926
trunc_laplace,43144,CP_PAC,0.9912995739121432,4.9670056710243555
trunc_laplace,43144,FH_PAC,0.9460824628367912,4.116267498720272
trunc_laplace,43144,HetLDC_cert,0.9664757841063988,4.450856595254674
trunc_laplace,43145,CP_PAC,1.0,6.01742383660846
trunc_laplace,43145,FH_PAC,0.9545730822533016,4.245410433605262
trunc_laplace,43145,HetLDC_cert,1.0,5.618886503825116
trunc_laplace,43146,CP_PAC,1.0,5.529409992559739
trunc_laplace,43146,FH_PAC,0.9104934492298272,3.6330026926466368
trunc_laplace,43146,HetLDC_cert,0.9970655178006538,5.109765983417873
trunc_laplace,43147,CP_PAC,0.9778804499784496,4.6709108274179645
trunc_laplace,43147,FH_PAC,0.9590544554190036,4.3223999139856994
trunc_laplace,43147,HetLDC_cert,0.9473963326272988,4.1312380019187485
trunc_laplace,43148,CP_PAC,1.0,5.417552206219281
trunc_laplace,43148,FH_PAC,0.938636511125444,4.050962481242447
trunc_laplace,43148,HetLDC_cert,0.994471690663686,5.044226599659069
trunc_laplace,43149,CP_PAC,0.9949665700886108,5.056559226129762
trunc_laplace,43149,FH_PAC,0.9008274442153654,3.559580767561724
trunc_laplace,43149,HetLDC_cert,0.9725405175132442,4.564726307897192
gamma2_skew,42000,shape_free_k107,0.982178460330407,5.612715105364194
gamma2_skew,42001,shape_free_k107,0.9926429296596336,7.057385153171212
gamma2_skew,42002,shape_free_k107,0.9978941666057312,9.05690709184731
gamma2_skew,42003,shape_free_k107,0.9881799050048272,6.286991030440377
gamma2_skew,42004,shape_free_k107,0.9854609490940972,5.9479048868763025
gamma2_skew,42005,shape_free_k107,0.982220426962874,5.616607729474742
gamma2_skew,42006,shape_free_k107,0.984416789735397,5.833912151190827
gamma2_skew,42007,shape_free_k107,0.990269444626338,6.60405358590716
gamma2_skew,42008,shape_free_k107,0.9743041554932936,5.0052528004259536
gamma2_skew,42009,shape_free_k107,0.9895370015723404,6.485933045919328
gamma2_skew,42010,shape_free_k107,0.9859624052281348,6.005514988086574
gamma2_skew,42011,shape_free_k107,0.9898217527798752,6.530864813934409
gamma2_skew,42012,shape_free_k107,0.9852256766191884,5.921539465645226
gamma2_skew,42013,shape_free_k107,0.9880417922770024,6.268010859545553
gamma2_skew,42014,shape_free_k107,0.9792897132495136,5.364140943404744
gamma2_skew,42015,shape_free_k107,0.9886491656010984,6.353136621378032
gamma2_skew,42016,shape_free_k107,0.9819272895284704,5.58960228731452
gamma2_skew,42017,shape_free_k107,0.972689421029724,4.903402068496208
gamma2_skew,42018,shape_free_k107,0.9856642292614394,5.97102196866373
gamma2_skew,42019,shape_free_k107,0.9854150667016338,5.94273069195418
gamma2_skew,42020,shape_free_k107,0.9791899016914332,5.35616734637681
gamma2_skew,42021,shape_free_k107,0.9922146474725192,6.965865242152163
gamma2_skew,42022,shape_free_k107,0.9968781704227092,8.432065706962886
gamma2_skew,42023,shape_free_k107,0.9799570761626838,5.418432329256446
gamma2_skew,42024,shape_free_k107,0.9856059182873362,5.9643583321897955
gamma2_skew,42025,shape_free_k107,0.9945114266285704,7.529642404922654
gamma2_skew,42026,shape_free_k107,0.9758743126343016,5.110412584479424
gamma2_skew,42027,shape_free_k107,0.9919958828422518,6.921002805195476
gamma2_skew,42028,shape_free_k107,0.9938666279423224,7.350922335281525
gamma2_skew,42029,shape_free_k107,0.97711453024493,5.19826994543913
gamma2_skew,42030,shape_free_k107,0.994673689821635,7.577863440919108
gamma2_skew,42031,shape_free_k107,0.9861351682924948,6.025828350919658
gamma2_skew,42032,shape_free_k107,0.99356426116303,7.27337659479155
gamma2_skew,42033,shape_free_k107,0.9572381161876328,4.1472728624616355
gamma2_skew,42034,shape_free_k107,0.9857243831129288,5.977923931330499
gamma2_skew,42035,shape_free_k107,0.9927656492022874,7.084572312656479
gamma2_skew,42036,shape_free_k107,0.9752532722525872,5.068048623418161
gamma2_skew,42037,shape_free_k107,0.9921169554940514,6.945680827699868
gamma2_skew,42038,shape_free_k107,0.964166838161644,4.44689130613129
gamma2_skew,42039,shape_free_k107,0.9886506803973834,6.353354435434296
gamma2_skew,42040,shape_free_k107,0.9826591425065088,5.657844200882824
gamma2_skew,42041,shape_free_k107,0.9913153244300644,6.788742524536404
gamma2_skew,42042,shape_free_k107,0.9949829649405636,7.6739051920859325
gamma2_skew,42043,shape_free_k107,0.9919684820398272,6.9154684772654065
gamma2_skew,42044,shape_free_k107,0.9810786952814988,5.513759391706989
gamma2_skew,42045,shape_free_k107,0.9898838137607888,6.54082051375104
gamma2_skew,42046,shape_free_k107,0.9908143032737704,6.697703195861369
gamma2_skew,42047,shape_free_k107,0.9536799417818432,4.011095055473773
gamma2_skew,42048,shape_free_k107,0.994334274576202,7.4785688227198
gamma2_skew,42049,shape_free_k107,0.98878057226794,6.372138080914304
gamma2_skew,42050,shape_free_k107,0.9876765021048106,6.218823518751357
gamma2_skew,42051,shape_free_k107,0.993180778946155,7.180011557328789
gamma2_skew,42052,shape_free_k107,0.9990789437132676,10.358421518894923
gamma2_skew,42053,shape_free_k107,0.9982934811818128,9.389148663361038
gamma2_skew,42054,shape_free_k107,0.9886671563245156,6.3557253601869
gamma2_skew,42055,shape_free_k107,0.9877800561271608,6.232621330128409
gamma2_skew,42056,shape_free_k107,0.9871434377993044,6.1495392826594495
gamma2_skew,42057,shape_free_k107,0.9787091114993568,5.318271126834095
gamma2_skew,42058,shape_free_k107,0.9891400283908484,6.4252475579161725
gamma2_skew,42059,shape_free_k107,0.9791722885926852,5.354764149726934
gamma2_skew,42060,shape_free_k107,0.9731768347722052,4.933518737058277
gamma2_skew,42061,shape_free_k107,0.980344286522661,5.4507427537937065
gamma2_skew,42062,shape_free_k107,0.9830142546245664,5.691972156235256
gamma2_skew,42063,shape_free_k107,0.9758482541134436,5.108613902271623
gamma2_skew,42064,shape_free_k107,0.9941723700546232,7.433243415316666
gamma2_skew,42065,shape_free_k107,0.9758914187991118,5.111594355820986
gamma2_skew,42066,shape_free_k107,0.9897661806001026,6.52200024588363
gamma2_skew,42067,shape_free_k107,0.9923539668841104,6.9950836520597885
gamma2_skew,42068,shape_free_k107,0.979175575140804,5.35502589436737
gamma2_skew,42069,shape_free_k107,0.9790826108157076,5.347637523585934
gamma2_skew,42070,shape_free_k107,0.983837320117588,5.773818926541658
gamma2_skew,42071,shape_free_k107,0.9876958821513532,6.221397142363673
gamma2_skew,42072,shape_free_k107,0.9916601949963672,6.85444473391896
gamma2_skew,42073,shape_free_k107,0.990896965084012,6.712383684566541
gamma2_skew,42074,shape_free_k107,0.97877608729513,5.323500145066008
gamma2_skew,42075,shape_free_k107,0.9886712820421756,6.356319587517762
gamma2_skew,42076,shape_free_k107,0.9902869777072631,6.606986435837838
gamma2_skew,42077,shape_free_k107,0.9924775246348816,7.021436052233477
gamma2_skew,42078,shape_free_k107,0.97798109619809,5.262439660751816
gamma2_skew,42079,shape_free_k107,0.9702984554576116,4.762805666339478
gamma2_skew,42080,shape_free_k107,0.9936537463904191,7.295947488732992
gamma2_skew,42081,shape_free_k107,0.9933563815309056,7.22210861024652
gamma2_skew,42082,shape_free_k107,0.9872459447402394,6.162642143571536
gamma2_skew,42083,shape_free_k107,0.9710173170597723,4.803892207157525
gamma2_skew,42084,shape_free_k107,0.9951975914284972,7.744035195838174
gamma2_skew,42085,shape_free_k107,0.975773215834944,5.103444882582744
gamma2_skew,42086,shape_free_k107,0.982622097007056,5.654323178175372
gamma2_skew,42087,shape_free_k107,0.9924529415714176,7.016159362277204
gamma2_skew,42088,shape_free_k107,0.977229256296972,5.2066288858112255
gamma2_skew,42089,shape_free_k107,0.9756365671026402,5.0940715113255095
gamma2_skew,42090,shape_free_k107,0.9869194255106104,6.121256146842783
gamma2_skew,42091,shape_free_k107,0.9906433017481794,6.667739569058538
gamma2_skew,42092,shape_free_k107,0.992918539955134,7.119082759171192
gamma2_skew,42093,shape_free_k107,0.9917455179794022,6.871110044808721
gamma2_skew,42094,shape_free_k107,0.9906292642918284,6.665303699667255
gamma2_skew,42095,shape_free_k107,0.9700736107614256,4.750151609718384
gamma2_skew,42096,shape_free_k107,0.9908745033526783,6.708381689190915
gamma2_skew,42097,shape_free_k107,0.9872067361680804,6.1576182541528395
gamma2_skew,42098,shape_free_k107,0.9815269080817992,5.5533966946915445
gamma2_skew,42099,shape_free_k107,0.9954008795559036,7.813358862089574
gamma2_skew,42100,shape_free_k107,0.979588371743324,5.388224367114122
gamma2_skew,42101,shape_free_k107,0.9836116683956488,5.750983453317296
gamma2_skew,42102,shape_free_k107,0.9750007065883832,5.0511136686928895
gamma2_skew,42103,shape_free_k107,0.983547727333374,5.7445683626808535
gamma2_skew,42104,shape_free_k107,0.9894180607829052,6.4675177622034195
gamma2_skew,42105,shape_free_k107,0.9959928579217112,8.033849509842424
gamma2_skew,42106,shape_free_k107,0.9811139490713168,5.51684380593484
gamma2_skew,42107,shape_free_k107,0.9952467683889672,7.760537074479806
gamma2_skew,42108,shape_free_k107,0.9671355008538944,4.59273202253307
gamma2_skew,42109,shape_free_k107,0.990671163520257,6.672584925381745
gamma2_skew,42110,shape_free_k107,0.9811608666846552,5.520957392980326
gamma2_skew,42111,shape_free_k107,0.9937971703627424,7.332782559110591
gamma2_skew,42112,shape_free_k107,0.9736064181853082,4.9605040737754775
gamma2_skew,42113,shape_free_k107,0.986194594206794,6.03287266180568
gamma2_skew,42114,shape_free_k107,0.9777092212853966,5.242047500482599
gamma2_skew,42115,shape_free_k107,0.9893358252650016,6.454903310317242
gamma2_skew,42116,shape_free_k107,0.9761238266684702,5.127731099622562
gamma2_skew,42117,shape_free_k107,0.9797561618722574,5.401905192908466
gamma2_skew,42118,shape_free_k107,0.9901138438224002,6.578249481634408
gamma2_skew,42119,shape_free_k107,0.979931065999967,5.416283705366589
gamma2_skew,42120,shape_free_k107,0.9885633997222586,6.340850320889811
gamma2_skew,42121,shape_free_k107,0.983524258324382,5.74221984277092
gamma2_skew,42122,shape_free_k107,0.9859936215482542,6.009167285315914
gamma2_skew,42123,shape_free_k107,0.9875685465485032,6.204559140476793
gamma2_skew,42124,shape_free_k107,0.975527412519926,5.086620586636754
gamma2_skew,42125,shape_free_k107,0.991144327378891,6.75710637516514
gamma2_skew,42126,shape_free_k107,0.9869790324236124,6.1287355488719175
gamma2_skew,42127,shape_free_k107,0.9777707392273336,5.246640507280406
gamma2_skew,42128,shape_free_k107,0.9867541304169788,6.100687672918283
gamma2_skew,42129,shape_free_k107,0.9925272263599412,7.032156183798667
gamma2_skew,42130,shape_free_k107,0.9777716220577142,5.246706510140414
gamma2_skew,42131,shape_free_k107,0.9895374737798012,6.486006563332875
gamma2_skew,42132,shape_free_k107,0.9946178665857875,7.561113260424372
gamma2_skew,42133,shape_free_k107,0.9861408750955158,6.026503553417656
gamma2_skew,42134,shape_free_k107,0.9786642518333112,5.3147777005657515
gamma2_skew,42135,shape_free_k107,0.9752509964673708,5.0678952826304
gamma2_skew,42136,shape_free_k107,0.9886034659805736,6.346578734995521
gamma2_skew,42137,shape_free_k107,0.9607133604629056,4.291200145202907
gamma2_skew,42138,shape_free_k107,0.9902980395825954,6.6088394771696395
gamma2_skew,42139,shape_free_k107,0.9891954049259154,6.433581683273525
gamma2_skew,42140,shape_free_k107,0.9872829317052996,6.167395198599944
gamma2_skew,42141,shape_free_k107,0.9875274826415807,6.199164988640721
gamma2_skew,42142,shape_free_k107,0.978692386791343,5.3169678638611275
gamma2_skew,42143,shape_free_k107,0.9821351825680332,5.608710187026056
gamma2_skew,42144,shape_free_k107,0.985692701576994,5.974285315631118
gamma2_skew,42145,shape_free_k107,0.9870708508146618,6.140322383886602
gamma2_skew,42146,shape_free_k107,0.9903189121625248,6.612341600811019
gamma2_skew,42147,shape_free_k107,0.9895765879199172,6.492107479647912
gamma2_skew,42148,shape_free_k107,0.9819661349857278,5.5931563745169015
gamma2_skew,42149,shape_free_k107,0.979147002294518,5.352751657624263
laplace,41000,shape_free_k107,0.9871451911727966,6.157538614666544
laplace,41001,shape_free_k107,0.9966598041538772,8.063458007829032
laplace,41002,shape_free_k107,0.9884764477385116,6.312147519961141
laplace,41003,shape_free_k107,0.99051172022095,6.586979609602724
laplace,41004,shape_free_k107,0.9852261735957466,5.960766127792276
laplace,41005,shape_free_k107,0.9872751435469636,6.171907996682374
laplace,41006,shape_free_k107,0.9916997203349184,6.776156300069534
laplace,41007,shape_free_k107,0.986913769248102,6.13230533855175
laplace,41008,shape_free_k107,0.992734156644706,6.964394961310814
laplace,41009,shape_free_k107,0.9859868962452508,6.035527473632492
laplace,41010,shape_free_k107,0.9855960341304032,5.996621465843862
laplace,41011,shape_free_k107,0.9890613641026224,6.385816540521942
laplace,41012,shape_free_k107,0.997402433593208,8.419068276607252
laplace,41013,shape_free_k107,0.9898023802884156,6.485019051633978
laplace,41014,shape_free_k107,0.9818475251784262,5.669509161026216
laplace,41015,shape_free_k107,0.9887888780179436,6.351019504812741
laplace,41016,shape_free_k107,0.9812171942691674,5.621235041408293
laplace,41017,shape_free_k107,0.9804230144753644,5.562668489749609
laplace,41018,shape_free_k107,0.982611912075749,5.730350800007676
laplace,41019,shape_free_k107,0.9962147853591268,7.886577860353616
laplace,41020,shape_free_k107,0.9806893304046982,5.582038826482984
laplace,41021,shape_free_k107,0.9764039599434062,5.298600543689709
laplace,41022,shape_free_k107,0.967343358400914,4.839024482500593
laplace,41023,shape_free_k107,0.98659659530125,6.098437516136224
laplace,41024,shape_free_k107,0.9848559143846628,5.925760186663094
laplace,41025,shape_free_k107,0.9768012568412828,5.322615022380408
laplace,41026,shape_free_k107,0.9893480952840464,6.4233814143710894
laplace,41027,shape_free_k107,0.9840497707585244,5.8524146387114016
laplace,41028,shape_free_k107,0.9759718758751604,5.2729381125570205
laplace,41029,shape_free_k107,0.9954604364670504,7.6295752681291775
laplace,41030,shape_free_k107,0.9786287101039116,5.4386507860726585
laplace,41031,shape_free_k107,0.9846735499634228,5.908832009217331
laplace,41032,shape_free_k107,0.9895345330817096,6.448353244888748
laplace,41033,shape_free_k107,0.9841240026388464,5.859011708706008
laplace,41034,shape_free_k107,0.990788793405456,6.628891919620401
laplace,41035,shape_free_k107,0.9889764431343449,6.37487983808052
laplace,41036,shape_free_k107,0.9892626391382182,6.412080990519107
laplace,41037,shape_free_k107,0.982678167379639,5.735749790363865
laplace,41038,shape_free_k107,0.9936654684095868,7.15838051984109
laplace,41039,shape_free_k107,0.9759712408507866,5.272900737678718
laplace,41040,shape_free_k107,0.9882671503846532,6.286692236781152
laplace,41041,shape_free_k107,0.9823040709599872,5.705532418774696
laplace,41042,shape_free_k107,0.964975969168944,4.740049094556877
laplace,41043,shape_free_k107,0.9954800798266024,7.63570805669063
laplace,41044,shape_free_k107,0.9917339765633544,6.782005002897441
laplace,41045,shape_free_k107,0.994754357036092,7.425126725234099
laplace,41046,shape_free_k107,0.989132186219812,6.39500262558217
laplace,41047,shape_free_k107,0.9947039055165464,7.411590101259006
laplace,41048,shape_free_k107,0.9948503584468154,7.4512482530727615
laplace,41049,shape_free_k107,0.9722077230413156,5.0671230985938385
laplace,41050,shape_free_k107,0.9750419903826236,5.219240685772003
laplace,41051,shape_free_k107,0.9853900459542292,5.976540334585092
laplace,41052,shape_free_k107,0.9871402552170668,6.156995692885524
laplace,41053,shape_free_k107,0.9954036972994762,7.612008826162914
laplace,41054,shape_free_k107,0.987036131022316,6.145591042259748
laplace,41055,shape_free_k107,0.9712060678556214,5.017050745174164
laplace,41056,shape_free_k107,0.990509560209936,6.586657699910893
laplace,41057,shape_free_k107,0.9548152422517624,4.379812992002706
laplace,41058,shape_free_k107,0.9900864542748125,6.524973773038841
laplace,41059,shape_free_k107,0.97350723241154,5.134844695361548
laplace,41060,shape_free_k107,0.9883955578212622,6.302255085510917
laplace,41061,shape_free_k107,0.9829060085787292,5.754474945448338
laplace,41062,shape_free_k107,0.9900996318371352,6.526854864297098
laplace,41063,shape_free_k107,0.9932509730696686,7.068744178314254
laplace,41064,shape_free_k107,0.9767519471950804,5.31961225781216
laplace,41065,shape_free_k107,0.9896528742365968,6.464435957163806
laplace,41066,shape_free_k107,0.9854978978158822,5.987018897973276
laplace,41067,shape_free_k107,0.987866168824236,6.239167662169308
laplace,41068,shape_free_k107,0.9924653567048078,6.913020660817242
laplace,41069,shape_free_k107,0.991089396454038,6.675813932698362
laplace,41070,shape_free_k107,0.9836067147925712,5.813667151753341
laplace,41071,shape_free_k107,0.9777102982281454,5.379145855100476
laplace,41072,shape_free_k107,0.9933666531916754,7.09319432080646
laplace,41073,shape_free_k107,0.9888631488763217,6.360419484078114
laplace,41074,shape_free_k107,0.9909112705961308,6.647822203355471
laplace,41075,shape_free_k107,0.9828896774069728,5.753124486185631
laplace,41076,shape_free_k107,0.9924936686615304,6.918344677569867
laplace,41077,shape_free_k107,0.9926658255248706,6.951157237479328
laplace,41078,shape_free_k107,0.9959580500992689,7.793770617647029
laplace,41079,shape_free_k107,0.9862838814037528,6.065821615597063
laplace,41080,shape_free_k107,0.988405329752547,6.303446475794912
laplace,41081,shape_free_k107,0.9873150846417448,6.176353946443482
laplace,41082,shape_free_k107,0.9902958246906556,6.555161349247773
laplace,41083,shape_free_k107,0.9874611142317788,6.19272890380997
laplace,41084,shape_free_k107,0.9823169024718575,5.706558252477264
laplace,41085,shape_free_k107,0.971487850698112,5.030958669750081
laplace,41086,shape_free_k107,0.9889451002039712,6.370864554976729
laplace,41087,shape_free_k107,0.99556571581759,7.662759320582344
laplace,41088,shape_free_k107,0.9925263237710884,6.924510411700705
laplace,41089,shape_free_k107,0.9885970489077104,6.327026141412673
laplace,41090,shape_free_k107,0.9928021165803635,6.977684837632611
laplace,41091,shape_free_k107,0.9803633433649372,5.558364489706002
laplace,41092,shape_free_k107,0.9882982871956874,6.29045028658613
laplace,41093,shape_free_k107,0.982164647719526,5.694433733771248
laplace,41094,shape_free_k107,0.9853268571911256,5.970436981178476
laplace,41095,shape_free_k107,0.9851250910579246,5.951123028475319
laplace,41096,shape_free_k107,0.9870497998065104,6.147082940861561
laplace,41097,shape_free_k107,0.9874719772170965,6.193954629917706
laplace,41098,shape_free_k107,0.9856373181240412,6.000680640504137
laplace,41099,shape_free_k107,0.995731601003732,7.716679587232682
laplace,41100,shape_free_k107,0.9820832443002064,5.687993720856348
laplace,41101,shape_free_k107,0.9947554159113464,7.42541222444083
laplace,41102,shape_free_k107,0.9812537720131178,5.623991774147243
laplace,41103,shape_free_k107,0.987807192311944,6.232310525232486
laplace,41104,shape_free_k107,0.9882071240871144,6.279475440156084
laplace,41105,shape_free_k107,0.9944610912886124,7.348193963593132
laplace,41106,shape_free_k107,0.9856373446149972,6.000683248923914
laplace,41107,shape_free_k107,0.9880166998312876,6.256821980444373
laplace,41108,shape_free_k107,0.9919955854404716,6.827486594679162
laplace,41109,shape_free_k107,0.98473899786144,5.914883997184642
laplace,41110,shape_free_k107,0.9928584372195796,6.988794028362431
laplace,41111,shape_free_k107,0.9828799578714532,5.752321368869589
laplace,41112,shape_free_k107,0.9795795505634146,5.50301391584894
laplace,41113,shape_free_k107,0.9841486751713298,5.86121121592448
laplace,41114,shape_free_k107,0.992059971793836,6.838908323296111
laplace,41115,shape_free_k107,0.9678421961179255,4.860793610951402
laplace,41116,shape_free_k107,0.9841590945943464,5.862141115130944
laplace,41117,shape_free_k107,0.9932489723678845,7.068325006731642
laplace,41118,shape_free_k107,0.982235190780948,5.700038376029337
laplace,41119,shape_free_k107,0.9959511284548248,7.791350916285378
laplace,41120,shape_free_k107,0.9862943942678836,6.0669059701462995
laplace,41121,shape_free_k107,0.9908746617955568,6.642137286278846
laplace,41122,shape_free_k107,0.9943196362360534,7.312530643073056
laplace,41123,shape_free_k107,0.991754893944403,6.785588241682861
laplace,41124,shape_free_k107,0.9473572451092896,4.163765271553477
laplace,41125,shape_free_k107,0.9941233905902596,7.264497316464756
laplace,41126,shape_free_k107,0.9907711528289922,6.626186119473531
laplace,41127,shape_free_k107,0.9939871126401172,7.232076336878256
laplace,41128,shape_free_k107,0.9888649005249368,6.360641934754108
laplace,41129,shape_free_k107,0.9948547666913286,7.452459379898762
laplace,41130,shape_free_k107,0.9868884267161416,6.129569249409794
laplace,41131,shape_free_k107,0.9908423563855252,6.637139546084776
laplace,41132,shape_free_k107,0.9874866700808178,6.195614192783713
laplace,41133,shape_free_k107,0.9875174206899522,6.199093798188672
laplace,41134,shape_free_k107,0.9719623910076312,5.054694123803248
laplace,41135,shape_free_k107,0.9902779708602008,6.552561856758643
laplace,41136,shape_free_k107,0.9780418148473216,5.400337559581673
laplace,41137,shape_free_k107,0.9889658358832718,6.373519686730764
laplace,41138,shape_free_k107,0.99007153927027,6.522847676998378
laplace,41139,shape_free_k107,0.988800255002972,6.352455369647702
laplace,41140,shape_free_k107,0.9933421811235804,7.087986535345099
laplace,41141,shape_free_k107,0.991838620560782,6.800022575516722
laplace,41142,shape_free_k107,0.9899759144347868,6.509292016216268
laplace,41143,shape_free_k107,0.98917708819253,6.400857761155764
laplace,41144,shape_free_k107,0.98846615829724,6.310885324555708
laplace,41145,shape_free_k107,0.9840786639746236,5.854978754337352
laplace,41146,shape_free_k107,0.9952674015883396,7.570682424028094
laplace,41147,shape_free_k107,0.9917629712771104,6.786974357562933
laplace,41148,shape_free_k107,0.9644257552109392,4.718005049154859
laplace,41149,shape_free_k107,0.9851340321744017,5.95197334964536
normal,40000,shape_free_k107,0.9849878114073702,4.864169771185207
normal,40001,shape_free_k107,0.9951914630962404,5.639175668251257
normal,40002,shape_free_k107,0.9969066827305212,5.916618291329346
normal,40003,shape_free_k107,0.9725895175611892,4.411243855599691
normal,40004,shape_free_k107,0.9912300550518148,5.241788591252832
normal,40005,shape_free_k107,0.9957753020155228,5.7217556876769375
normal,40006,shape_free_k107,0.997182671276618,5.973993163924656
normal,40007,shape_free_k107,0.9929589502864696,5.3897930114651595
normal,40008,shape_free_k107,0.991998635392182,5.304024439230468
normal,40009,shape_free_k107,0.9924419762193908,5.342403208428508
normal,40010,shape_free_k107,0.9980285512842428,6.1890001899711
normal,40011,shape_free_k107,0.9952672407904072,5.649363582621485
normal,40012,shape_free_k107,0.9966845228734308,5.873731285607637
normal,40013,shape_free_k107,0.9990169214207532,6.590650311504008
normal,40014,shape_free_k107,0.9966471011112288,5.86676620375669
normal,40015,shape_free_k107,0.9953459829950102,5.6601077015191965
normal,40016,shape_free_k107,0.9993187556246244,6.79403638653188
normal,40017,shape_free_k107,0.9932389236449136,5.416777614614254
normal,40018,shape_free_k107,0.9977141011055266,6.100660417664668
normal,40019,shape_free_k107,0.998353508912002,6.295085212627102
normal,40020,shape_free_k107,0.9952464168968936,5.646549292021933
normal,40021,shape_free_k107,0.9963377633126504,5.811756921906037
normal,40022,shape_free_k107,0.9982575879119427,6.261902072112466
normal,40023,shape_free_k107,0.9947419212536452,5.581565062137387
normal,40024,shape_free_k107,0.9954110745155116,5.6691142216718475
normal,40025,shape_free_k107,0.9979628636875476,6.169528279592113
normal,40026,shape_free_k107,0.9987651359572972,6.461404965127696
normal,40027,shape_free_k107,0.9978588580426966,6.139845355844696
normal,40028,shape_free_k107,0.9987935059677876,6.474680805271304
normal,40029,shape_free_k107,0.997590695677856,6.069010825264993
normal,40030,shape_free_k107,0.9982197162307932,6.249261518090494
normal,40031,shape_free_k107,0.9960228200957624,5.759932108436053
normal,40032,shape_free_k107,0.994748283691637,5.582348843850029
normal,40033,shape_free_k107,0.9991182314832114,6.6515261105637355
normal,40034,shape_free_k107,0.999199135503266,6.704991647563562
normal,40035,shape_free_k107,0.9963396691773292,5.812082686757537
normal,40036,shape_free_k107,0.9992009333050902,6.706235737979918
normal,40037,shape_free_k107,0.9927142094652632,5.36698228312618
normal,40038,shape_free_k107,0.9993467748173406,6.816988028682421
normal,40039,shape_free_k107,0.99280748571515,5.375593673530024
normal,40040,shape_free_k107,0.9992668925276352,6.753777106268159
normal,40041,shape_free_k107,0.999054090382114,6.612279119452465
normal,40042,shape_free_k107,0.9902884742536248,5.1718698954808895
normal,40043,shape_free_k107,0.9944184189752756,5.542800040351688
normal,40044,shape_free_k107,0.9762306890772156,4.521675342038428
normal,40045,shape_free_k107,0.9955689131627472,5.691443887737993
normal,40046,shape_free_k107,0.9975993223212308,6.071174464043817
normal,40047,shape_free_k107,0.9910767030572114,5.229957787425168
normal,40048,shape_free_k107,0.9966010727904402,5.858295673743008
normal,40049,shape_free_k107,0.99293986566139,5.387988871002705
normal,40050,shape_free_k107,0.9992393700430464,6.733475420478228
normal,40051,shape_free_k107,0.9997191570144632,7.264716258915532
normal,40052,shape_free_k107,0.9993905421830112,6.854740196771528
normal,40053,shape_free_k107,0.995387407240336,5.665826144175122
normal,40054,shape_free_k107,0.9980817204942158,6.205202393550819
normal,40055,shape_free_k107,0.997532026631288,6.054481438155029
normal,40056,shape_free_k107,0.9941756928768796,5.515024047959918
normal,40057,shape_free_k107,0.9878769304389196,5.017083181920542
normal,40058,shape_free_k107,0.9964577594407812,5.83257477382295
normal,40059,shape_free_k107,0.9979005513871442,6.151582252270506
normal,40060,shape_free_k107,0.9997800696028664,7.389899225537347
normal,40061,shape_free_k107,0.9997236597164694,7.273051027563514
normal,40062,shape_free_k107,0.9965815570515628,5.854735709424509
normal,40063,shape_free_k107,0.9895524500085344,5.1213069915989795
normal,40064,shape_free_k107,0.99841600066447,6.317674451405553
normal,40065,shape_free_k107,0.998126607242272,6.2192049866707695
normal,40066,shape_free_k107,0.9985759729982064,6.3794724665901015
normal,40067,shape_free_k107,0.991164229524891,5.236687821305331
normal,40068,shape_free_k107,0.9950363291151276,5.6187640338470155
normal,40069,shape_free_k107,0.999116886664878,6.650676446611731
normal,40070,shape_free_k107,0.9983187649510514,6.282865183579271
normal,40071,shape_free_k107,0.9989248543400436,6.540173190266843
normal,40072,shape_free_k107,0.995579771285285,5.693006368606297
normal,40073,shape_free_k107,0.999363071993125,6.83076244814057
normal,40074,shape_free_k107,0.9969700696040416,5.929369923670364
normal,40075,shape_free_k107,0.9856378882886988,4.896153206492213
normal,40076,shape_free_k107,0.980647289383968,4.677332598283107
normal,40077,shape_free_k107,0.9981626498700796,6.230673522675125
normal,40078,shape_free_k107,0.9867049205520806,4.951531403381458
normal,40079,shape_free_k107,0.9981807224613046,6.236502134224587
normal,40080,shape_free_k107,0.9977021919686346,6.09753875646821
normal,40081,shape_free_k107,0.9989223594565424,6.538861802092464
normal,40082,shape_free_k107,0.98642737471993,4.936759462795211
normal,40083,shape_free_k107,0.996129265660693,5.7770172166456755
normal,40084,shape_free_k107,0.9995663835499896,7.037461612320757
normal,40085,shape_free_k107,0.9999543748406656,8.153952414864984
normal,40086,shape_free_k107,0.9860131966587948,4.915204267214629
normal,40087,shape_free_k107,0.9985421964508678,6.365909658672384
normal,40088,shape_free_k107,0.9962431460727332,5.795774882727844
normal,40089,shape_free_k107,0.9694382413063516,4.325465031082625
normal,40090,shape_free_k107,0.9983095250847444,6.27965448718452
normal,40091,shape_free_k107,0.9866458930224866,4.948367089178486
normal,40092,shape_free_k107,0.9945676493312994,5.5604229807323
normal,40093,shape_free_k107,0.9966611773859964,5.869377788117381
normal,40094,shape_free_k107,0.9875337344109592,4.997326804231957
normal,40095,shape_free_k107,0.9939026509584888,5.484999563571274
normal,40096,shape_free_k107,0.9974529206082654,6.035383273104004
normal,40097,shape_free_k107,0.9798895666436832,4.648562190546409
normal,40098,shape_free_k107,0.9990077678546552,6.585440120684213
normal,40099,shape_free_k107,0.9965641781481976,5.8515810757289115
normal,40100,shape_free_k107,0.9985652823984704,6.3751479214792655
normal,40101,shape_free_k107,0.9977763286302934,6.117218084294156
normal,40102,shape_free_k107,0.9992479622412308,6.739739103190701
normal,40103,shape_free_k107,0.9927971541532924,5.374634929945489
normal,40104,shape_free_k107,0.999685487739975,7.206088006822448
normal,40105,shape_free_k107,0.9972174617749354,5.981586486107928
normal,40106,shape_free_k107,0.9991395621517972,6.665166104396894
normal,40107,shape_free_k107,0.9923621488373168,5.335346387410656
normal,40108,shape_free_k107,0.9967366075937488,5.883545639435426
normal,40109,shape_free_k107,0.9963266231790072,5.809855843974478
normal,40110,shape_free_k107,0.9966474315510996,5.866827396037368
normal,40111,shape_free_k107,0.9950697424169131,5.623111109572954
normal,40112,shape_free_k107,0.998887670937693,6.52091362071577
normal,40113,shape_free_k107,0.987691880052988,5.006369940658736
normal,40114,shape_free_k107,0.9987421051210232,6.450833160862925
normal,40115,shape_free_k107,0.9958919113157134,5.73948088012398
normal,40116,shape_free_k107,0.9940629527418454,5.502476203115338
normal,40117,shape_free_k107,0.9989826594297468,6.571373620743665
normal,40118,shape_free_k107,0.9949336666463532,5.605571242162253
normal,40119,shape_free_k107,0.9908730191896208,5.214521649226073
normal,40120,shape_free_k107,0.9984139967423756,6.3169374505156455
normal,40121,shape_free_k107,0.9974642704432448,6.038089781331932
normal,40122,shape_free_k107,0.998808734110761,6.48192626754487
normal,40123,shape_free_k107,0.9993507939762004,6.820355088377449
normal,40124,shape_free_k107,0.9964052426038406,5.823386023651698
normal,40125,shape_free_k107,0.9989323048589492,6.544106237005348
normal,40126,shape_free_k107,0.9955599496139472,5.690156647839304
normal,40127,shape_free_k107,0.9980462895129872,6.19436046869339
normal,40128,shape_free_k107,0.9986416832525,6.406730136250578
normal,40129,shape_free_k107,0.9971871706360272,5.974970350421266
normal,40130,shape_free_k107,0.9927774845059012,5.372813041756569
normal,40131,shape_free_k107,0.9947423961256026,5.581623531495233
normal,40132,shape_free_k107,0.989491200371398,5.1172436215827535
normal,40133,shape_free_k107,0.9966926917828072,5.875261230570467
normal,40134,shape_free_k107,0.9984455268477916,6.328634257204258
normal,40135,shape_free_k107,0.9961636250093624,5.782623260284414
normal,40136,shape_free_k107,0.9960398673012216,5.762640137827111
normal,40137,shape_free_k107,0.9996084641806792,7.091448322877694
normal,40138,shape_free_k107,0.9917436568249928,5.2828061131841215
normal,40139,shape_free_k107,0.9989678322667496,6.563217175702566
normal,40140,shape_free_k107,0.977321649979503,4.557620409767931
normal,40141,shape_free_k107,0.9853203349755424,4.88037379405949
normal,40142,shape_free_k107,0.9980691157274416,6.201324405165116
normal,40143,shape_free_k107,0.9803466794736428,4.665802813903532
normal,40144,shape_free_k107,0.9970498558798988,5.945771145757369
normal,40145,shape_free_k107,0.9983874696734754,6.307261291724501
normal,40146,shape_free_k107,0.9943860326044116,5.53903168551359
normal,40147,shape_free_k107,0.9989683521001708,6.563501297275721
normal,40148,shape_free_k107,0.9989729170561832,6.566002038188419
normal,40149,shape_free_k107,0.9980208344739824,6.186682070912328
trunc_laplace,43000,shape_free_k107,1.0,5.946846225923764
trunc_laplace,43001,shape_free_k107,0.989659762521038,4.928273634908545
trunc_laplace,43002,shape_free_k107,1.0,5.748677416383418
trunc_laplace,43003,shape_free_k107,1.0,5.37600178929855
trunc_laplace,43004,shape_free_k107,0.9970299707668744,5.108852491827825
trunc_laplace,43005,shape_free_k107,1.0,5.3949681930712
trunc_laplace,43006,shape_free_k107,1.0,6.0931725602869715
trunc_laplace,43007,shape_free_k107,1.0,5.529507561564474
trunc_laplace,43008,shape_free_k107,1.0,8.009133841667117
trunc_laplace,43009,shape_free_k107,1.0,6.220985783621764
trunc_laplace,43010,shape_free_k107,0.9920627716456204,4.985302575738108
trunc_laplace,43011,shape_free_k107,1.0,6.1543911139714895
trunc_laplace,43012,shape_free_k107,1.0,5.373542154579628
trunc_laplace,43013,shape_free_k107,1.0,5.979065710563481
trunc_laplace,43014,shape_free_k107,1.0,6.997107104207553
trunc_laplace,43015,shape_free_k107,1.0,5.976404023197598
trunc_laplace,43016,shape_free_k107,1.0,5.749200740545855
trunc_laplace,43017,shape_free_k107,1.0,6.316596445946079
trunc_laplace,43018,shape_free_k107,0.9947606285903772,5.0514174281400495
trunc_laplace,43019,shape_free_k107,1.0,7.007121828495647
trunc_laplace,43020,shape_free_k107,1.0,7.113309441588139
trunc_laplace,43021,shape_free_k107,1.0,5.563465997409477
trunc_laplace,43022,shape_free_k107,1.0,5.890845176317222
trunc_laplace,43023,shape_free_k107,0.985995403142352,4.8444496849168965
trunc_laplace,43024,shape_free_k107,1.0,5.896423814299339
trunc_laplace,43025,shape_free_k107,0.9766030148622684,4.644968810302906
trunc_laplace,43026,shape_free_k107,1.0,6.021275093609573
trunc_laplace,43027,shape_free_k107,1.0,5.455415045396571
trunc_laplace,43028,shape_free_k107,1.0,6.785425308242391
trunc_laplace,43029,shape_free_k107,1.0,6.228827809910997
trunc_laplace,43030,shape_free_k107,1.0,5.82751996402764
trunc_laplace,43031,shape_free_k107,1.0,5.996525733997294
trunc_laplace,43032,shape_free_k107,1.0,5.497040898221424
trunc_laplace,43033,shape_free_k107,1.0,5.494710480390429
trunc_laplace,43034,shape_free_k107,1.0,6.134922674774056
trunc_laplace,43035,shape_free_k107,1.0,7.200115623875145
trunc_laplace,43036,shape_free_k107,1.0,5.55904569619578
trunc_laplace,43037,shape_free_k107,1.0,5.585516100810973
trunc_laplace,43038,shape_free_k107,1.0,6.30511854265856
trunc_laplace,43039,shape_free_k107,1.0,5.187515865032168
trunc_laplace,43040,shape_free_k107,1.0,6.0377717764541154
trunc_laplace,43041,shape_free_k107,0.9877399253667464,4.883899798800007
trunc_laplace,43042,shape_free_k107,1.0,5.330655723159871
trunc_laplace,43043,shape_free_k107,1.0,6.111825143222864
trunc_laplace,43044,shape_free_k107,1.0,6.057826929559387
trunc_laplace,43045,shape_free_k107,1.0,6.082858854801276
trunc_laplace,43046,shape_free_k107,1.0,5.252964203613047
trunc_laplace,43047,shape_free_k107,1.0,5.323068228024189
trunc_laplace,43048,shape_free_k107,1.0,5.480313827858125
trunc_laplace,43049,shape_free_k107,1.0,5.87409921364432
trunc_laplace,43050,shape_free_k107,1.0,6.009331295049003
trunc_laplace,43051,shape_free_k107,0.987250137658165,4.872741687613745
trunc_laplace,43052,shape_free_k107,1.0,5.828591287015054
trunc_laplace,43053,shape_free_k107,1.0,6.317704145925904
trunc_laplace,43054,shape_free_k107,1.0,6.2299045964277155
trunc_laplace,43055,shape_free_k107,1.0,7.038515679417912
trunc_laplace,43056,shape_free_k107,0.9921050760107676,4.986321905948758
trunc_laplace,43057,shape_free_k107,1.0,6.746135939073369
trunc_laplace,43058,shape_free_k107,1.0,6.635278198403409
trunc_laplace,43059,shape_free_k107,0.9996789248066564,5.178146536778242
trunc_laplace,43060,shape_free_k107,1.0,6.328299679227952
trunc_laplace,43061,shape_free_k107,1.0,6.35541546312934
trunc_laplace,43062,shape_free_k107,1.0,5.751770939149937
trunc_laplace,43063,shape_free_k107,0.9818211819006772,4.7532243961385685
trunc_laplace,43064,shape_free_k107,1.0,5.989070660511634
trunc_laplace,43065,shape_free_k107,1.0,6.53231990020916
trunc_laplace,43066,shape_free_k107,1.0,6.288453022517986
trunc_laplace,43067,shape_free_k107,1.0,6.821359967909226
trunc_laplace,43068,shape_free_k107,1.0,6.003702152243898
trunc_laplace,43069,shape_free_k107,1.0,5.4882445006583955
trunc_laplace,43070,shape_free_k107,1.0,5.609341194163465
trunc_laplace,43071,shape_free_k107,1.0,5.467452085325206
trunc_laplace,43072,shape_free_k107,1.0,6.534445734736658
trunc_laplace,43073,shape_free_k107,1.0,5.737241794345046
trunc_laplace,43074,shape_free_k107,1.0,6.781960112650293
trunc_laplace,43075,shape_free_k107,0.9749486378813068,4.6118852083844235
trunc_laplace,43076,shape_free_k107,0.977630390436325,4.66580494101943
trunc_laplace,43077,shape_free_k107,1.0,6.563908958914814
trunc_laplace,43078,shape_free_k107,1.0,5.847584419959149
trunc_laplace,43079,shape_free_k107,1.0,6.283945722051192
trunc_laplace,43080,shape_free_k107,1.0,5.421729969795698
trunc_laplace,43081,shape_free_k107,1.0,6.738706547696845
trunc_laplace,43082,shape_free_k107,1.0,6.122488571610802
trunc_laplace,43083,shape_free_k107,1.0,5.6203983843266405
trunc_laplace,43084,shape_free_k107,1.0,5.521467699356334
trunc_laplace,43085,shape_free_k107,1.0,6.05182796964667
trunc_laplace,43086,shape_free_k107,1.0,6.08308560508692
trunc_laplace,43087,shape_free_k107,1.0,5.68695750092017
trunc_laplace,43088,shape_free_k107,1.0,6.018430067034274
trunc_laplace,43089,shape_free_k107,1.0,5.882591418003356
trunc_laplace,43090,shape_free_k107,1.0,5.808456852127324
trunc_laplace,43091,shape_free_k107,1.0,5.190975968279552
trunc_laplace,43092,shape_free_k107,1.0,6.520351053961381
trunc_laplace,43093,shape_free_k107,1.0,5.647099007348015
trunc_laplace,43094,shape_free_k107,1.0,6.278710480806156
trunc_laplace,43095,shape_free_k107,1.0,5.4227970945114325
trunc_laplace,43096,shape_free_k107,1.0,5.521596005097164
trunc_laplace,43097,shape_free_k107,0.9712119056685836,4.539195800966176
trunc_laplace,43098,shape_free_k107,1.0,6.375554254299576
trunc_laplace,43099,shape_free_k107,1.0,6.054191718123292
trunc_laplace,43100,shape_free_k107,1.0,5.723945493219867
trunc_laplace,43101,shape_free_k107,0.9981516377985236,5.137889099114299
trunc_laplace,43102,shape_free_k107,1.0,6.43524143702526
trunc_laplace,43103,shape_free_k107,0.9859432143877228,4.843281917201038
trunc_laplace,43104,shape_free_k107,1.0,5.534707362815926
trunc_laplace,43105,shape_free_k107,1.0,7.1980389487228
trunc_laplace,43106,shape_free_k107,1.0,5.423107546809148
trunc_laplace,43107,shape_free_k107,1.0,5.906520322387417
trunc_laplace,43108,shape_free_k107,1.0,6.017275911009464
trunc_laplace,43109,shape_free_k107,1.0,6.17641039146169
trunc_laplace,43110,shape_free_k107,1.0,5.745462680382976
trunc_laplace,43111,shape_free_k107,1.0,5.463568067082689
trunc_laplace,43112,shape_free_k107,0.9558561589477784,4.266431118587884
trunc_laplace,43113,shape_free_k107,1.0,6.282139596241022
trunc_laplace,43114,shape_free_k107,1.0,5.780999347038233
trunc_laplace,43115,shape_free_k107,1.0,6.935199167764522
trunc_laplace,43116,shape_free_k107,1.0,7.506423074603429
trunc_laplace,43117,shape_free_k107,1.0,5.331786974207018
trunc_laplace,43118,shape_free_k107,1.0,5.3708877573964715
trunc_laplace,43119,shape_free_k107,0.9888553171151768,4.909555071167988
trunc_laplace,43120,shape_free_k107,1.0,7.004888489251629
trunc_laplace,43121,shape_free_k107,1.0,6.268352999365795
trunc_laplace,43122,shape_free_k107,1.0,5.349820927109218
trunc_laplace,43123,shape_free_k107,1.0,5.916726799219307
trunc_laplace,43124,shape_free_k107,1.0,5.446728935058218
trunc_laplace,43125,shape_free_k107,0.9703842484211888,4.5234617439978235
trunc_laplace,43126,shape_free_k107,1.0,6.987048287074416
trunc_laplace,43127,shape_free_k107,1.0,6.046331786243484
trunc_laplace,43128,shape_free_k107,1.0,5.5380549838367
trunc_laplace,43129,shape_free_k107,1.0,6.339875720068666
trunc_laplace,43130,shape_free_k107,1.0,5.838121548369688
trunc_laplace,43131,shape_free_k107,1.0,5.204010491219665
trunc_laplace,43132,shape_free_k107,0.9976669400824568,5.125287736503313
trunc_laplace,43133,shape_free_k107,1.0,5.422808587768577
trunc_laplace,43134,shape_free_k107,1.0,5.965683778698069
trunc_laplace,43135,shape_free_k107,1.0,6.165656119088104
trunc_laplace,43136,shape_free_k107,0.9846204243333148,4.8139183633457705
trunc_laplace,43137,shape_free_k107,1.0,7.09243455055707
trunc_laplace,43138,shape_free_k107,1.0,6.1093231464569815
trunc_laplace,43139,shape_free_k107,1.0,5.708545772751546
trunc_laplace,43140,shape_free_k107,1.0,6.588803351438496
trunc_laplace,43141,shape_free_k107,1.0,5.747115838368581
trunc_laplace,43142,shape_free_k107,1.0,5.518383740304607
trunc_laplace,43143,shape_free_k107,1.0,6.358018313833057
trunc_laplace,43144,shape_free_k107,1.0,5.731392664519088
trunc_laplace,43145,shape_free_k107,1.0,6.991105587416106
trunc_laplace,43146,shape_free_k107,1.0,6.354825351644122
trunc_laplace,43147,shape_free_k107,1.0,7.204405211015035
trunc_laplace,43148,shape_free_k107,1.0,7.084760474452418
trunc_laplace,43149,shape_free_k107,1.0,6.6574048579560525
