shape,nu,seed,method,half,cov
normal,4,490008,FH_PAC,1.9082430015111604,0.943493681740215
normal,4,490008,CP_PAC,2.379898142657056,0.9826825759101783
normal,4,490008,LDC_PAC,2.2541115619975134,0.975810849513221
normal,4,490008,HetLDC,2.134926173124764,0.9672329589691671
normal,4,490009,FH_PAC,1.9719457494094668,0.9511438471125887
normal,4,490009,CP_PAC,2.3013949064343295,0.978630680430191
normal,4,490009,LDC_PAC,2.1541534094841808,0.9687718567907464
normal,4,490009,HetLDC,2.0440054507330054,0.9590469913259121
normal,4,490016,FH_PAC,1.8330988017143508,0.9332119241603886
normal,4,490016,CP_PAC,2.1876905471084327,0.9713078488995084
normal,4,490016,LDC_PAC,2.0349324514985594,0.9581423298196028
normal,4,490016,HetLDC,1.9321670309387486,0.9466611069652395
normal,4,490017,FH_PAC,2.1391212109121325,0.9675242609941009
normal,4,490017,CP_PAC,2.4647775106780236,0.986290164781523
normal,4,490017,LDC_PAC,2.3600395578937485,0.9817270135701621
normal,4,490017,HetLDC,2.2523955972004317,0.9757027162845247
normal,4,490028,FH_PAC,1.990140105745004,0.9530590724808488
normal,4,490028,CP_PAC,2.4091021947056164,0.9840081806862853
normal,4,490028,LDC_PAC,2.2685996587013886,0.9767073176060392
normal,4,490028,HetLDC,2.1489074271959434,0.9683582610511319
normal,4,490029,FH_PAC,2.20976728057009,0.9725949393213991
normal,4,490029,CP_PAC,2.4106317162707747,0.9840750800868794
normal,4,490029,LDC_PAC,2.2959405682741556,0.9783207202501143
normal,4,490029,HetLDC,2.180791337722478,0.9708011464325421
normal,4,490004,FH_PAC,2.3376098604022437,0.9805913406131858
normal,4,490004,CP_PAC,2.625136208337575,0.9913385689336041
normal,4,490004,LDC_PAC,2.513583992752195,0.9880488684290336
normal,4,490004,HetLDC,2.400290722192161,0.9836179447829072
normal,4,490005,FH_PAC,1.963571103353625,0.9503962073982594
normal,4,490005,CP_PAC,2.295388991989735,0.978289158357563
normal,4,490005,LDC_PAC,2.135110724314412,0.9672480331535904
normal,4,490005,HetLDC,2.0109024474396033,0.9556642381966436
normal,4,490002,FH_PAC,2.028575400347267,0.956126028537983
normal,4,490002,CP_PAC,2.134884843956301,0.9672295823789416
normal,4,490002,LDC_PAC,1.9858139694031358,0.952946015941845
normal,4,490002,HetLDC,1.8728659165297485,0.9389130972112232
normal,4,490003,FH_PAC,1.9745372438880906,0.9464861805749198
normal,4,490003,CP_PAC,2.489444365342197,0.9872057058810686
normal,4,490003,LDC_PAC,2.3836582222657112,0.9828584860250367
normal,4,490003,HetLDC,2.2834660678688485,0.9775970705858397
normal,4,490010,FH_PAC,2.115448716322959,0.9656072629962699
normal,4,490010,CP_PAC,2.470717623262,0.9865157753735319
normal,4,490010,LDC_PAC,2.3657272520632193,0.9820053042100267
normal,4,490010,HetLDC,2.256095769418392,0.9759353659681416
normal,4,490011,FH_PAC,2.2710786556866234,0.9768438783907719
normal,4,490011,CP_PAC,2.7437306853040044,0.9939254649090026
normal,4,490011,LDC_PAC,2.640548306254895,0.9917228008187227
normal,4,490011,HetLDC,2.5287172778802818,0.988551979721958
normal,4,490014,FH_PAC,1.9391084892189254,0.9474652457237628
normal,4,490014,CP_PAC,2.179342476638297,0.970693764044567
normal,4,490014,LDC_PAC,2.00044607726816,0.9545478829073515
normal,4,490014,HetLDC,1.8930613589691596,0.941650289907086
normal,4,490015,FH_PAC,1.813870610233648,0.9301267158251464
normal,4,490015,CP_PAC,2.055660155449954,0.960184714949754
normal,4,490015,LDC_PAC,1.8997133235534558,0.9425292491036115
normal,4,490015,HetLDC,1.7885842364237214,0.926318201581714
normal,4,490006,FH_PAC,1.9812090505052646,0.9510216303544421
normal,4,490006,CP_PAC,1.9992120509318745,0.9544145847716565
normal,4,490006,LDC_PAC,1.7524122703162546,0.9202970569445357
normal,4,490006,HetLDC,1.6278868705992429,0.8964511241346915
normal,4,490007,FH_PAC,1.956209322891463,0.9489914510503091
normal,4,490007,CP_PAC,2.411617590757218,0.9841180704873416
normal,4,490007,LDC_PAC,2.2709683529961775,0.9768511061899143
normal,4,490007,HetLDC,2.1470421585583526,0.968210074541717
normal,4,490024,FH_PAC,2.0400158064615015,0.9582325917908747
normal,4,490024,CP_PAC,2.3822093247041662,0.982790887875022
normal,4,490024,LDC_PAC,2.2563005893684314,0.975948187486009
normal,4,490024,HetLDC,2.157379888217975,0.9690239230416842
normal,4,490025,FH_PAC,2.031160478164665,0.9565325835014474
normal,4,490025,CP_PAC,2.3776365598820792,0.9825760100952874
normal,4,490025,LDC_PAC,2.2389691479748723,0.9748420763525556
normal,4,490025,HetLDC,2.1185318933862924,0.9658699531980559
normal,4,490020,FH_PAC,1.9016037594184587,0.9409717480210913
normal,4,490020,CP_PAC,2.4441292078751324,0.9854797747441735
normal,4,490020,LDC_PAC,2.3015838427249324,0.9786413478247806
normal,4,490020,HetLDC,2.175826674043642,0.9704317766486188
normal,4,490021,FH_PAC,2.2332415866907835,0.9715961277054409
normal,4,490021,CP_PAC,2.3593407602307526,0.9816925638404765
normal,4,490021,LDC_PAC,2.1945969842410595,0.9718074799237002
normal,4,490021,HetLDC,2.077497871942102,0.9622443685523194
normal,4,490012,FH_PAC,1.8866138445756828,0.9390929645413955
normal,4,490012,CP_PAC,2.4158336315702944,0.9843007673569821
normal,4,490012,LDC_PAC,2.261270431964519,0.9762574839740765
normal,4,490012,HetLDC,2.148385336224069,0.9683168432859306
normal,4,490013,FH_PAC,2.017110590330519,0.9551442105605802
normal,4,490013,CP_PAC,2.44337909222009,0.9854495558007821
normal,4,490013,LDC_PAC,2.3008774749657084,0.9786014423522222
normal,4,490013,HetLDC,2.1981959854345763,0.9720648573498067
normal,4,490022,FH_PAC,1.9103677007523547,0.9439125150183876
normal,4,490022,CP_PAC,2.1957240011916905,0.971888295814094
normal,4,490022,LDC_PAC,2.0154828862524266,0.9561459225555242
normal,4,490022,HetLDC,1.9155206648413101,0.9445738636679901
normal,4,490023,FH_PAC,2.2229347428116646,0.9713395268319847
normal,4,490023,CP_PAC,2.6577496893048034,0.9921335705126315
normal,4,490023,LDC_PAC,2.5448116004651933,0.9890663288390193
normal,4,490023,HetLDC,2.4371274968759273,0.9851955414891593
normal,4,490000,FH_PAC,1.7800068327585563,0.9222921474884187
normal,4,490000,CP_PAC,2.076957779740991,0.9621945438528081
normal,4,490000,LDC_PAC,1.7887042383909313,0.9263375399802485
normal,4,490000,HetLDC,1.6536253338892888,0.9017963380047644
normal,4,490001,FH_PAC,2.216014121113778,0.9710195084889746
normal,4,490001,CP_PAC,2.8308869488548103,0.9953580875146235
normal,4,490001,LDC_PAC,2.7376961965355644,0.9938128797545929
normal,4,490001,HetLDC,2.6400540162694917,0.9917107185865612
normal,4,490018,FH_PAC,1.9355613631671327,0.9469193679491077
normal,4,490018,CP_PAC,2.6337841342207113,0.9915560847286466
normal,4,490018,LDC_PAC,2.4945787226525087,0.987389324991174
normal,4,490018,HetLDC,2.382317928168719,0.9827959628518839
normal,4,490019,FH_PAC,2.1971426190432815,0.9681546035251394
normal,4,490019,CP_PAC,2.6153061664777106,0.9910852495193672
normal,4,490019,LDC_PAC,2.477077385101477,0.9867536821864455
normal,4,490019,HetLDC,2.3661477026207853,0.9820257281042373
normal,4,490026,FH_PAC,2.2122967367076565,0.9723564888129378
normal,4,490026,CP_PAC,2.6398470298798475,0.9917056544061194
normal,4,490026,LDC_PAC,2.5003211714403317,0.9875919240083375
normal,4,490026,HetLDC,2.389258016374135,0.9831175587241796
normal,4,490027,FH_PAC,2.017591864973678,0.9563415055481979
normal,4,490027,CP_PAC,2.3385959798018896,0.9806436469296853
normal,4,490027,LDC_PAC,2.1753007327900935,0.9703924123413907
normal,4,490027,HetLDC,2.0680386915119975,0.9613636150578537
normal,4,490030,FH_PAC,1.9855612631290642,0.9475602463111691
normal,4,490030,CP_PAC,2.3006216452118315,0.9785869735235411
normal,4,490030,LDC_PAC,2.111769763025668,0.9652937980294085
normal,4,490030,HetLDC,1.9932494215776233,0.9537658581988433
normal,4,490031,FH_PAC,1.8415699966054941,0.9119532532445078
normal,4,490031,CP_PAC,2.3029747420347233,0.978719735744191
normal,4,490031,LDC_PAC,2.128266089923227,0.9666849720486452
normal,4,490031,HetLDC,2.0078236983947875,0.9553379703998202
normal,4,490032,FH_PAC,1.9105822521914275,0.9423085880447468
normal,4,490032,CP_PAC,2.4444614951800707,0.9854931434789953
normal,4,490032,LDC_PAC,2.259019351518504,0.9761178188443136
normal,4,490032,HetLDC,2.131265581389208,0.9669327311125555
normal,4,490033,FH_PAC,1.816664084484182,0.9295537986257181
normal,4,490033,CP_PAC,2.3234648114295844,0.9798458041054505
normal,4,490033,LDC_PAC,2.2129208221698518,0.9730968951194081
normal,4,490033,HetLDC,2.0979051916778966,0.9640864786882544
normal,4,490038,FH_PAC,2.079491549799322,0.955183906730144
normal,4,490038,CP_PAC,2.6373477274268713,0.9916442869852906
normal,4,490038,LDC_PAC,2.5252765970492805,0.9884392741128893
normal,4,490038,HetLDC,2.418388435784592,0.984410574761255
normal,4,490039,FH_PAC,1.9980082001724346,0.9538438140503156
normal,4,490039,CP_PAC,2.394074777601533,0.9833376486396936
normal,4,490039,LDC_PAC,2.267538908389274,0.9766426751452593
normal,4,490039,HetLDC,2.1493579570529233,0.9683939645025981
normal,4,490044,FH_PAC,2.0161159241693167,0.9549999349857581
normal,4,490044,CP_PAC,2.1439019986000094,0.967959259965121
normal,4,490044,LDC_PAC,2.006736778191415,0.955222302252364
normal,4,490044,HetLDC,1.900867464065015,0.9426806253146325
normal,4,490045,FH_PAC,1.8942173523184207,0.9304481873325943
normal,4,490045,CP_PAC,2.2497220134376734,0.975533402776938
normal,4,490045,LDC_PAC,2.0926324968794088,0.9636180266762755
normal,4,490045,HetLDC,1.9782718722732753,0.9521019555262531
normal,4,490046,FH_PAC,2.021135417493785,0.9561056347075056
normal,4,490046,CP_PAC,2.4546930180339355,0.9858995056462632
normal,4,490046,LDC_PAC,2.3115315552684326,0.9791964877278079
normal,4,490046,HetLDC,2.203509247988609,0.9724411241214819
normal,4,490047,FH_PAC,2.044799661418895,0.9589845335700741
normal,4,490047,CP_PAC,2.1995161300708963,0.9721587565179324
normal,4,490047,LDC_PAC,2.0326560723515197,0.957912717770717
normal,4,490047,HetLDC,1.9180703275167694,0.9448979056980742
normal,4,490034,FH_PAC,2.0231769256590106,0.9567855471100497
normal,4,490034,CP_PAC,2.353585451130525,0.9814066662199927
normal,4,490034,LDC_PAC,2.22918959532418,0.9741987074677458
normal,4,490034,HetLDC,2.123998769568632,0.9663297535384872
normal,4,490035,FH_PAC,1.8179203064159843,0.9234412652767485
normal,4,490035,CP_PAC,2.426930660799168,0.9847728341872464
normal,4,490035,LDC_PAC,2.2277104090984454,0.9741001675550831
normal,4,490035,HetLDC,2.1232120176091223,0.9662639106234066
normal,4,490036,FH_PAC,1.809727913967484,0.9296579846544789
normal,4,490036,CP_PAC,2.324106931545673,0.9798802363586316
normal,4,490036,LDC_PAC,2.103067578975045,0.964540137461501
normal,4,490036,HetLDC,1.9924614073862523,0.9536795444869552
normal,4,490037,FH_PAC,2.1583007222665205,0.9690749612950696
normal,4,490037,CP_PAC,2.386775649286824,0.9830031399114374
normal,4,490037,LDC_PAC,2.260625566497961,0.9762175468025647
normal,4,490037,HetLDC,2.1548993814854054,0.9688302911935216
normal,4,490040,FH_PAC,2.236116847084056,0.9745893142245113
normal,4,490040,CP_PAC,2.299219362605622,0.9785075139441075
normal,4,490040,LDC_PAC,2.1521170552961224,0.9686118638112144
normal,4,490040,HetLDC,2.0376600857561065,0.9584160614885442
normal,4,490041,FH_PAC,2.0806526077306615,0.9604989834699952
normal,4,490041,CP_PAC,2.5713041938994494,0.9898683709646716
normal,4,490041,LDC_PAC,2.4067941058804663,0.9839067599390756
normal,4,490041,HetLDC,2.314221184310518,0.9793444074882998
normal,4,490042,FH_PAC,2.2369954955803237,0.9746991840735061
normal,4,490042,CP_PAC,2.3850021047698418,0.9829209763616322
normal,4,490042,LDC_PAC,2.2459051229846705,0.9752899143188662
normal,4,490042,HetLDC,2.1371017862737824,0.9674102862909926
normal,4,490043,FH_PAC,2.2135150419384373,0.9730688570113482
normal,4,490043,CP_PAC,2.5581555628619586,0.9894770993125359
normal,4,490043,LDC_PAC,2.4494496145980276,0.9856925274208284
normal,4,490043,HetLDC,2.339765211051863,0.9807041338853899
normal,4,490050,FH_PAC,1.918490689031213,0.9379624807078709
normal,4,490050,CP_PAC,2.310156276881301,0.9791204962925373
normal,4,490050,LDC_PAC,2.1057025398629525,0.9647698009209509
normal,4,490050,HetLDC,2.0026529353682934,0.954785446216573
normal,4,490051,FH_PAC,1.9029256635798621,0.9427871778857276
normal,4,490051,CP_PAC,2.395077148195744,0.983383131469701
normal,4,490051,LDC_PAC,2.3050064428307198,0.9788337874169077
normal,4,490051,HetLDC,2.207861689936639,0.9727460838828805
normal,4,490054,FH_PAC,2.062429337115763,0.9606186546969885
normal,4,490054,CP_PAC,2.6807434424743137,0.9926541188812581
normal,4,490054,LDC_PAC,2.5799297993947086,0.9901179598479459
normal,4,490054,HetLDC,2.467358336804712,0.9863885931820995
normal,4,490055,FH_PAC,2.1619441871374763,0.9691894762178836
normal,4,490055,CP_PAC,2.4341529612065957,0.9850733142374055
normal,4,490055,LDC_PAC,2.278417704814203,0.9772982974662658
normal,4,490055,HetLDC,2.156925860190289,0.9689885583699396
normal,4,490052,FH_PAC,2.0450809386712745,0.9582088083231257
normal,4,490052,CP_PAC,2.318285310989347,0.979566179805534
normal,4,490052,LDC_PAC,2.1699631787932345,0.9699903645241381
normal,4,490052,HetLDC,2.069064039046098,0.9614599222795219
normal,4,490053,FH_PAC,2.059362370040355,0.960233926354488
normal,4,490053,CP_PAC,2.603848197494328,0.9907816423554296
normal,4,490053,LDC_PAC,2.5059263230409576,0.9877868934186278
normal,4,490053,HetLDC,2.3883010717697806,0.98307353095833
normal,4,490058,FH_PAC,1.9051246631601246,0.9420853448777573
normal,4,490058,CP_PAC,2.3150647551623873,0.9793906115002846
normal,4,490058,LDC_PAC,2.07915168881304,0.962396589524551
normal,4,490058,HetLDC,1.9798843956495373,0.9522834797989579
normal,4,490059,FH_PAC,2.0988158600405034,0.9640526659907644
normal,4,490059,CP_PAC,2.424985425624066,0.9846909986683854
normal,4,490059,LDC_PAC,2.296815812239721,0.9783707208524814
normal,4,490059,HetLDC,2.1782183575892833,0.9706102160098953
normal,4,490056,FH_PAC,2.408461951859935,0.9828450569273854
normal,4,490056,CP_PAC,2.579011395588086,0.9900916481998427
normal,4,490056,LDC_PAC,2.469419202130062,0.9864667423355502
normal,4,490056,HetLDC,2.3587530838686646,0.9816635482318241
normal,4,490057,FH_PAC,2.2097023893451744,0.9704262566855214
normal,4,490057,CP_PAC,2.4672937434978413,0.9863861373379514
normal,4,490057,LDC_PAC,2.3233973870914366,0.9798421856449311
normal,4,490057,HetLDC,2.2138379185189154,0.9731600693959819
normal,4,490048,FH_PAC,2.267706621548527,0.9760836498056278
normal,4,490048,CP_PAC,2.930363735286721,0.9966143455416234
normal,4,490048,LDC_PAC,2.805841218662986,0.9949814584856806
normal,4,490048,HetLDC,2.694563065797691,0.9929519012769656
normal,4,490049,FH_PAC,1.9988183416903447,0.9480797549501693
normal,4,490049,CP_PAC,2.3440089550221384,0.9809222866621223
normal,4,490049,LDC_PAC,2.1940410436319326,0.9717675409672604
normal,4,490049,HetLDC,2.077368073958288,0.962232399503625
normal,4,490068,FH_PAC,1.7610178804872156,0.92172419353553
normal,4,490068,CP_PAC,2.2733469415260057,0.9769947191606076
normal,4,490068,LDC_PAC,2.009472618431119,0.955512964298419
normal,4,490068,HetLDC,1.8776569914123291,0.9395718961322692
normal,4,490069,FH_PAC,1.9090333768742653,0.943412908923777
normal,4,490069,CP_PAC,2.1940265518202056,0.9717664992190473
normal,4,490069,LDC_PAC,1.9704476949706988,0.951212916054371
normal,4,490069,HetLDC,1.8459762218625502,0.9351043419282858
normal,4,490060,FH_PAC,1.8787218050087873,0.9380439311323243
normal,4,490060,CP_PAC,2.223172935387959,0.9737958589287661
normal,4,490060,LDC_PAC,2.0679372397955675,0.9613540749525757
normal,4,490060,HetLDC,1.9518702959008816,0.9490463942875615
normal,4,490061,FH_PAC,2.326751171763392,0.9799279982753503
normal,4,490061,CP_PAC,2.484258682292501,0.9870178535740173
normal,4,490061,LDC_PAC,2.3660645681648282,0.98202169135883
normal,4,490061,HetLDC,2.258122857967256,0.9760619990710115
normal,4,490062,FH_PAC,2.148672132474096,0.9679470450842875
normal,4,490062,CP_PAC,2.3261349505323095,0.9799886474534103
normal,4,490062,LDC_PAC,2.149669314839804,0.9684186186938732
normal,4,490062,HetLDC,2.039210640969712,0.9585709906432824
normal,4,490063,FH_PAC,1.8607995241834376,0.935745999755864
normal,4,490063,CP_PAC,2.309662302004367,0.9790931425628553
normal,4,490063,LDC_PAC,2.1483873834732976,0.9683170057860933
normal,4,490063,HetLDC,2.03210462806533,0.9578569350278279
normal,4,490064,FH_PAC,1.9226243099196079,0.936500653894273
normal,4,490064,CP_PAC,2.7003799285019436,0.9930739667540371
normal,4,490064,LDC_PAC,2.5856303155142637,0.990279887867042
normal,4,490064,HetLDC,2.466206097632082,0.9863447261039759
normal,4,490065,FH_PAC,2.018216935581484,0.9550780940797101
normal,4,490065,CP_PAC,2.1307027667053373,0.966886362984182
normal,4,490065,LDC_PAC,1.969063039778748,0.9510541475486392
normal,4,490065,HetLDC,1.8500224160904004,0.9356896811672581
normal,4,490066,FH_PAC,2.004598899939441,0.9531277858228878
normal,4,490066,CP_PAC,2.5555232965750645,0.9893971736670153
normal,4,490066,LDC_PAC,2.446929203511401,0.9855920863119323
normal,4,490066,HetLDC,2.326392320331739,0.9800023690552508
normal,4,490067,FH_PAC,2.179534846338211,0.9707076105643386
normal,4,490067,CP_PAC,2.2239427998277086,0.9738477070342981
normal,4,490067,LDC_PAC,2.055229682033077,0.9601431745127775
normal,4,490067,HetLDC,1.938140763096083,0.9473939485716647
normal,4,490070,FH_PAC,2.3475756786491195,0.979497656859875
normal,4,490070,CP_PAC,2.5353370764789926,0.9887660828787384
normal,4,490070,LDC_PAC,2.4147127945129347,0.984252378594273
normal,4,490070,HetLDC,2.3024298593193255,0.9786890572980413
normal,4,490071,FH_PAC,2.0568309786671684,0.9600103320149131
normal,4,490071,CP_PAC,2.633316146142394,0.9915444399446631
normal,4,490071,LDC_PAC,2.4941354695067943,0.9873735655272231
normal,4,490071,HetLDC,2.3820856028259683,0.9827851048233778
normal,4,490072,FH_PAC,1.8248545868300374,0.9278788086586585
normal,4,490072,CP_PAC,2.63794848595356,0.991659074866934
normal,4,490072,LDC_PAC,2.5258518270169286,0.9884581850669014
normal,4,490072,HetLDC,2.4209109698122577,0.9845183315610528
normal,4,490073,FH_PAC,1.9569734638147651,0.9431141695304013
normal,4,490073,CP_PAC,2.4165452787788864,0.9843314226488695
normal,4,490073,LDC_PAC,2.288821758944887,0.9779102893048204
normal,4,490073,HetLDC,2.1738661029175717,0.9702848076106352
normal,4,490082,FH_PAC,2.2122842463765764,0.9730333188193792
normal,4,490082,CP_PAC,2.616885984678433,0.9911264024430222
normal,4,490082,LDC_PAC,2.5056843530838298,0.9877785331376321
normal,4,490082,HetLDC,2.3857914556471354,0.9829575878032109
normal,4,490083,FH_PAC,2.095503584385025,0.9630559780211112
normal,4,490083,CP_PAC,2.27265515759561,0.9769530310691139
normal,4,490083,LDC_PAC,2.086098969634289,0.9630303409734231
normal,4,490083,HetLDC,1.9711902444500475,0.9512978806387447
normal,4,490074,FH_PAC,2.0788051880645866,0.9564185196742491
normal,4,490074,CP_PAC,2.370747611786147,0.9822478513512247
normal,4,490074,LDC_PAC,2.2190689814587605,0.9735179680782207
normal,4,490074,HetLDC,2.113326660558716,0.9654271816554574
normal,4,490075,FH_PAC,2.094681264269868,0.9631634469099931
normal,4,490075,CP_PAC,2.2909632345600532,0.978034459857458
normal,4,490075,LDC_PAC,2.1171658014221846,0.9657542212864354
normal,4,490075,HetLDC,2.000057471934221,0.954505941677537
normal,4,490076,FH_PAC,1.914126022303589,0.9435122929732558
normal,4,490076,CP_PAC,2.134880308854584,0.9672292118433028
normal,4,490076,LDC_PAC,1.9982922892990123,0.9543150190270371
normal,4,490076,HetLDC,1.897477672285561,0.9422350771075017
normal,4,490077,FH_PAC,2.433292790234795,0.9850355652502429
normal,4,490077,CP_PAC,2.619508745357365,0.9911943485156303
normal,4,490077,LDC_PAC,2.4667349765165056,0.9863648766161306
normal,4,490077,HetLDC,2.3478358379077013,0.9811171583503766
normal,4,490084,FH_PAC,2.1255354887372415,0.9617021273777369
normal,4,490084,CP_PAC,2.467953514168698,0.9864112034761388
normal,4,490084,LDC_PAC,2.3240186789245585,0.9798755070544516
normal,4,490084,HetLDC,2.2143549779017966,0.9731956305861098
normal,4,490085,FH_PAC,2.2893795881030106,0.97772279916786
normal,4,490085,CP_PAC,2.2605114492560405,0.9762104733406831
normal,4,490085,LDC_PAC,2.115885644822894,0.9656454653768762
normal,4,490085,HetLDC,2.0035344869180824,0.9548800502410166
normal,4,490080,FH_PAC,1.99291355963442,0.9465328515337756
normal,4,490080,CP_PAC,2.5485662125207167,0.989183324859475
normal,4,490080,LDC_PAC,2.3999299210338765,0.9836017891157816
normal,4,490080,HetLDC,2.2887667892844834,0.9779070939426484
normal,4,490081,FH_PAC,2.0947560729876176,0.9637382804835318
normal,4,490081,CP_PAC,2.710565838088565,0.9932831487855043
normal,4,490081,LDC_PAC,2.6086306761423654,0.9909094704567991
normal,4,490081,HetLDC,2.499677457507406,0.987569357545121
normal,4,490078,FH_PAC,2.068858262742198,0.9568323880288189
normal,4,490078,CP_PAC,2.6433825236538944,0.9917917756138779
normal,4,490078,LDC_PAC,2.5563642814925447,0.9894227676736906
normal,4,490078,HetLDC,2.4540147526313163,0.9858728814374655
normal,4,490079,FH_PAC,2.080440410596626,0.9624964072610639
normal,4,490079,CP_PAC,2.5830120826234224,0.9902058107154292
normal,4,490079,LDC_PAC,2.473249884461933,0.9866109512118717
normal,4,490079,HetLDC,2.3600396010891127,0.9817270156978768
normal,4,490088,FH_PAC,2.2982417865510385,0.9781102479241086
normal,4,490088,CP_PAC,2.6495368430504147,0.9919397816636126
normal,4,490088,LDC_PAC,2.5094988414884227,0.9879097387794955
normal,4,490088,HetLDC,2.3964611476278086,0.9834457516031139
normal,4,490089,FH_PAC,1.9673119264058847,0.9424438580679596
normal,4,490089,CP_PAC,2.414922934341723,0.9842614607280056
normal,4,490089,LDC_PAC,2.246298066906866,0.9753150776896315
normal,4,490089,HetLDC,2.1207073573482567,0.9660535630055729
normal,4,490086,FH_PAC,2.3463114959941507,0.9802587880099214
normal,4,490086,CP_PAC,2.9900026608530155,0.9972102498309681
normal,4,490086,LDC_PAC,2.9177436952882503,0.9964742597559353
normal,4,490086,HetLDC,2.813240198886024,0.9950954999764738
normal,4,490087,FH_PAC,1.9355440569770712,0.9466756261177561
normal,4,490087,CP_PAC,2.8471633086119756,0.9955889272648826
normal,4,490087,LDC_PAC,2.7400911803971155,0.9938577858101942
normal,4,490087,HetLDC,2.619056655005803,0.9911826697788613
normal,4,490094,FH_PAC,1.954258054917306,0.9492116197008952
normal,4,490094,CP_PAC,2.0321243167942913,0.957858927767419
normal,4,490094,LDC_PAC,1.82504385491564,0.932005588327703
normal,4,490094,HetLDC,1.6993825344455447,0.9107528693797979
normal,4,490095,FH_PAC,2.380253802501696,0.9804232621606718
normal,4,490095,CP_PAC,2.560790870954027,0.9895565799991684
normal,4,490095,LDC_PAC,2.425443428276563,0.9847103014875751
normal,4,490095,HetLDC,2.299348715357341,0.9785148543804365
normal,4,490092,FH_PAC,1.934397532496381,0.9452545813747234
normal,4,490092,CP_PAC,2.141923746874968,0.9678003813935714
normal,4,490092,LDC_PAC,1.9523589460693158,0.9491043964190728
normal,4,490092,HetLDC,1.835404955643663,0.9335542900010649
normal,4,490093,FH_PAC,1.9030242314391501,0.942955608756626
normal,4,490093,CP_PAC,2.0271297444647454,0.9573508543215383
normal,4,490093,LDC_PAC,1.8733472913416804,0.9389795565755521
normal,4,490093,HetLDC,1.7691444074338571,0.9231302212518868
normal,4,490090,FH_PAC,1.8793252524537891,0.9381840805126634
normal,4,490090,CP_PAC,3.0543190769243767,0.9977442797362401
normal,4,490090,LDC_PAC,2.967463115537751,0.9969973169304753
normal,4,490090,HetLDC,2.8593773015809223,0.9957552640994645
normal,4,490091,FH_PAC,2.2219058426177183,0.9727730215926121
normal,4,490091,CP_PAC,2.632675150553372,0.9915284669688542
normal,4,490091,LDC_PAC,2.5460093873756864,0.9891037741904694
normal,4,490091,HetLDC,2.4513921655364546,0.9857695181850901
normal,4,490100,FH_PAC,2.176051542876372,0.9675821726024783
normal,4,490100,CP_PAC,2.4961203005831125,0.987443998887126
normal,4,490100,LDC_PAC,2.350542735142217,0.9812539451082034
normal,4,490100,HetLDC,2.2366973254799967,0.9746938710693953
normal,4,490101,FH_PAC,2.056971501392485,0.9602669917687393
normal,4,490101,CP_PAC,2.426879517003857,0.9847706875218194
normal,4,490101,LDC_PAC,2.271609610043411,0.9768899000615292
normal,4,490101,HetLDC,2.14401728126606,0.967968497862087
normal,4,490104,FH_PAC,2.0564426687719193,0.9596695297552282
normal,4,490104,CP_PAC,2.453303990904728,0.9858449340465771
normal,4,490104,LDC_PAC,2.3102235383324254,0.9791242184639999
normal,4,490104,HetLDC,2.1913429143528473,0.9715730132423768
normal,4,490105,FH_PAC,1.9143168141998135,0.9438522213495039
normal,4,490105,CP_PAC,2.4827068654023385,0.9869611664252156
normal,4,490105,LDC_PAC,2.323865167122651,0.9798672783130873
normal,4,490105,HetLDC,2.210036248770714,0.9728973533391543
normal,4,490108,FH_PAC,2.1061559159849583,0.9646680938140487
normal,4,490108,CP_PAC,2.194288945146109,0.9717853563127643
normal,4,490108,LDC_PAC,2.078312509666897,0.9623194150021626
normal,4,490108,HetLDC,1.9743600054060921,0.9516591776865444
normal,4,490109,FH_PAC,1.9584327705577056,0.9497205715727628
normal,4,490109,CP_PAC,2.3716209768194374,0.9822897521512564
normal,4,490109,LDC_PAC,2.219886469261018,0.9735735247743871
normal,4,490109,HetLDC,2.1026502818293955,0.9645036488798879
normal,4,490096,FH_PAC,2.2900964797908725,0.9778216195235049
normal,4,490096,CP_PAC,2.493712479628574,0.9873585102505236
normal,4,490096,LDC_PAC,2.3045340496104494,0.9788073167429774
normal,4,490096,HetLDC,2.21449984406488,0.9732055865780451
normal,4,490097,FH_PAC,2.02520770578521,0.9571357464187956
normal,4,490097,CP_PAC,2.273510136743291,0.977004544032581
normal,4,490097,LDC_PAC,2.1147595861694515,0.9655495570463855
normal,4,490097,HetLDC,2.0011206522524683,0.954620610765736
normal,4,490106,FH_PAC,1.9437250012325578,0.943296989939774
normal,4,490106,CP_PAC,2.6279807943895657,0.9914106635008657
normal,4,490106,LDC_PAC,2.5291513750471792,0.9885661298358341
normal,4,490106,HetLDC,2.4205459733529837,0.984502780433294
normal,4,490107,FH_PAC,1.6150522055677727,0.8912395049332333
normal,4,490107,CP_PAC,1.9670675099344537,0.9508245716836623
normal,4,490107,LDC_PAC,1.6783978231883319,0.9067305377065038
normal,4,490107,HetLDC,1.5651364041347129,0.8824490707141583
normal,4,490102,FH_PAC,1.8423716854220291,0.9340986167761438
normal,4,490102,CP_PAC,2.288711114696703,0.9779038571935486
normal,4,490102,LDC_PAC,2.128899137749449,0.966737393857722
normal,4,490102,HetLDC,2.0145853909482554,0.9560518905368531
normal,4,490103,FH_PAC,2.2399467464477323,0.9748117796614263
normal,4,490103,CP_PAC,2.5191012860639463,0.9882345193140376
normal,4,490103,LDC_PAC,2.41205490544114,0.9841371074916145
normal,4,490103,HetLDC,2.3131824993547188,0.9792873926552432
normal,4,490098,FH_PAC,2.0214037177305078,0.9548935172287476
normal,4,490098,CP_PAC,2.4540761546206347,0.9858752934979085
normal,4,490098,LDC_PAC,2.3109506682757783,0.9791644200948277
normal,4,490098,HetLDC,2.1981072629160794,0.9720585369207355
normal,4,490099,FH_PAC,2.256247269533676,0.9759443866615491
normal,4,490099,CP_PAC,2.909543457513031,0.9963804293823653
normal,4,490099,LDC_PAC,2.8137633897781233,0.9951034745561715
normal,4,490099,HetLDC,2.70880273260954,0.993247352396748
normal,4,490112,FH_PAC,2.1599270147691634,0.9690989012840011
normal,4,490112,CP_PAC,2.434857242576464,0.9851023340605458
normal,4,490112,LDC_PAC,2.264840438349055,0.9764775270986321
normal,4,490112,HetLDC,2.1445950372171168,0.9680147605516207
normal,4,490113,FH_PAC,1.740040004925076,0.9179207192726782
normal,4,490113,CP_PAC,2.105819544750573,0.9647799695721331
normal,4,490113,LDC_PAC,1.9329584463608211,0.9467586830436532
normal,4,490113,HetLDC,1.8168471972921372,0.9307594863139395
normal,4,490114,FH_PAC,2.519565460038854,0.9878414473316572
normal,4,490114,CP_PAC,2.853454302841472,0.9956753252757946
normal,4,490114,LDC_PAC,2.7723103520936454,0.9944340058246437
normal,4,490114,HetLDC,2.663054017611756,0.9922565017544478
normal,4,490115,FH_PAC,2.0283767980467844,0.9561419407644927
normal,4,490115,CP_PAC,2.598326309469553,0.9906320575284344
normal,4,490115,LDC_PAC,2.460994977490359,0.9861447694348009
normal,4,490115,HetLDC,2.3482030799545073,0.9811357671048704
normal,4,490116,FH_PAC,2.049405302757803,0.9572628541536988
normal,4,490116,CP_PAC,2.3512052008993813,0.9812872889597051
normal,4,490116,LDC_PAC,2.2269351502828987,0.9740483917843574
normal,4,490116,HetLDC,2.118502882117165,0.965867498914148
normal,4,490117,FH_PAC,2.1905187161821256,0.9704932016036001
normal,4,490117,CP_PAC,2.415390150213839,0.9842816370458614
normal,4,490117,LDC_PAC,2.2608553242081837,0.976231782607931
normal,4,490117,HetLDC,2.1342411349122314,0.967176952923104
normal,4,490118,FH_PAC,2.121636024237343,0.9647752359507356
normal,4,490118,CP_PAC,2.782422281065854,0.9946045213780339
normal,4,490118,LDC_PAC,2.66418637042578,0.9922825207166419
normal,4,490118,HetLDC,2.5505249077828456,0.9892439162064026
normal,4,490119,FH_PAC,2.099776039632529,0.9641111265090831
normal,4,490119,CP_PAC,2.6203959446908454,0.9912172271477411
normal,4,490119,LDC_PAC,2.4527450037681646,0.9858229202234108
normal,4,490119,HetLDC,2.323838357258883,0.9798658409144012
normal,4,490110,FH_PAC,2.082108835837606,0.962520043639427
normal,4,490110,CP_PAC,2.38222742246429,0.9827917336640202
normal,4,490110,LDC_PAC,2.256317730593768,0.975949260240397
normal,4,490110,HetLDC,2.1590787376069693,0.9691559410941801
normal,4,490111,FH_PAC,2.097723198470807,0.9628923167718622
normal,4,490111,CP_PAC,2.282776030964789,0.9775564354564621
normal,4,490111,LDC_PAC,2.1367257555159997,0.9673796961006993
normal,4,490111,HetLDC,2.02574440147543,0.9572090159296653
normal,10,1090000,FH_PAC,2.279750075859295,0.9766620963477123
normal,10,1090000,CP_PAC,2.5152640630375425,0.9881056740956613
normal,10,1090000,LDC_PAC,2.368570004000227,0.982142999298625
normal,10,1090000,HetLDC,2.2609235440290276,0.9762360080896995
normal,10,1090001,FH_PAC,1.7254554817986516,0.9152204748908523
normal,10,1090001,CP_PAC,2.147116525855889,0.968215994030514
normal,10,1090001,LDC_PAC,1.9283179621031916,0.946184411037545
normal,10,1090001,HetLDC,1.817260370523737,0.9308227450595714
normal,10,1090002,FH_PAC,2.0979247403377066,0.9554232915761466
normal,10,1090002,CP_PAC,2.5349025736344353,0.9887521396371381
normal,10,1090002,LDC_PAC,2.3578999851208184,0.9816213561710436
normal,10,1090002,HetLDC,2.2476271330669166,0.9754000240770964
normal,10,1090003,FH_PAC,2.1735813683866283,0.9699105479862284
normal,10,1090003,CP_PAC,2.6980101174579345,0.9930244679387923
normal,10,1090003,LDC_PAC,2.596547133459915,0.9905834014732808
normal,10,1090003,HetLDC,2.489707607799508,0.9872151774054554
normal,10,1090004,FH_PAC,1.7942551091304189,0.9240017282395316
normal,10,1090004,CP_PAC,2.1819083310647702,0.9708837011348121
normal,10,1090004,LDC_PAC,1.9595643626177317,0.9499532698407691
normal,10,1090004,HetLDC,1.8487011065979553,0.9354990161742371
normal,10,1090005,FH_PAC,2.1955063295544797,0.9714841904643291
normal,10,1090005,CP_PAC,2.495333828036517,0.9874161319814452
normal,10,1090005,LDC_PAC,2.363446036619374,0.9818941366833478
normal,10,1090005,HetLDC,2.266438393430755,0.9765754448762427
normal,10,1090006,FH_PAC,2.131721258760651,0.9669129217921365
normal,10,1090006,CP_PAC,2.632563330830589,0.9915256777695312
normal,10,1090006,LDC_PAC,2.479028198536779,0.9868259109500102
normal,10,1090006,HetLDC,2.3728007162386096,0.9823462140260162
normal,10,1090007,FH_PAC,2.1970526970899065,0.9717080203881087
normal,10,1090007,CP_PAC,2.5216905544671446,0.9883207600801027
normal,10,1090007,LDC_PAC,2.264721608021065,0.9764702313721103
normal,10,1090007,HetLDC,2.1522291788533825,0.9686206914320685
normal,10,1090008,FH_PAC,2.192322696259885,0.9707986131269609
normal,10,1090008,CP_PAC,2.743623899442533,0.993923488756759
normal,10,1090008,LDC_PAC,2.627036682465463,0.9913867951701845
normal,10,1090008,HetLDC,2.5257374973556983,0.9884544286131807
normal,10,1090009,FH_PAC,2.1026665742425905,0.957936582501979
normal,10,1090009,CP_PAC,2.7324633829229863,0.9937137341323357
normal,10,1090009,LDC_PAC,2.6297047287938797,0.9914540942045296
normal,10,1090009,HetLDC,2.524497916173793,0.988413630814744
normal,10,1090010,FH_PAC,1.919849252461122,0.9451143373711701
normal,10,1090010,CP_PAC,2.6196686048398967,0.9911984748169251
normal,10,1090010,LDC_PAC,2.4950320634587073,0.9874054250977513
normal,10,1090010,HetLDC,2.3847401325821087,0.982908810401744
normal,10,1090011,FH_PAC,2.086208050518409,0.9630398066826155
normal,10,1090011,CP_PAC,2.451974640395588,0.9857925325593426
normal,10,1090011,LDC_PAC,2.2950991665139604,0.9782725581548857
normal,10,1090011,HetLDC,2.1901037354897657,0.9714832856096021
normal,10,1090012,FH_PAC,1.6458534390456738,0.8920478735939582
normal,10,1090012,CP_PAC,2.088972129944972,0.9632897679656784
normal,10,1090012,LDC_PAC,1.8902957950165988,0.9412815891332604
normal,10,1090012,HetLDC,1.7788720979271009,0.9247392664868415
normal,10,1090013,FH_PAC,2.0415031325524526,0.9522612677922302
normal,10,1090013,CP_PAC,2.372552341932913,0.9823343400560209
normal,10,1090013,LDC_PAC,2.234181449416633,0.9745288634862523
normal,10,1090013,HetLDC,2.130463061742374,0.9668665977266815
normal,10,1090014,FH_PAC,2.1454423152986943,0.9676291406666007
normal,10,1090014,CP_PAC,2.7276226760154056,0.9936207467769027
normal,10,1090014,LDC_PAC,2.6250460644087954,0.9913362754669082
normal,10,1090014,HetLDC,2.5202360436543487,0.9882723839721863
normal,10,1090015,FH_PAC,1.95189486734411,0.9471586177602874
normal,10,1090015,CP_PAC,2.0232473515682963,0.9569523480499673
normal,10,1090015,LDC_PAC,1.7884028517709039,0.9262889634422877
normal,10,1090015,HetLDC,1.6714864309845343,0.9053743633397342
normal,10,1090016,FH_PAC,2.3009293715642367,0.9785556709825232
normal,10,1090016,CP_PAC,3.2171552934842467,0.9987053149974894
normal,10,1090016,LDC_PAC,3.1256687431572834,0.9982259874094142
normal,10,1090016,HetLDC,3.0073410370425817,0.9973645608117754
normal,10,1090017,FH_PAC,2.511759974034922,0.987955897602145
normal,10,1090017,CP_PAC,2.849103786984985,0.9956157424199639
normal,10,1090017,LDC_PAC,2.7280343206230317,0.9936287021288968
normal,10,1090017,HetLDC,2.6222836682486372,0.991265730127965
normal,10,1090018,FH_PAC,2.028349855366491,0.9564671993874873
normal,10,1090018,CP_PAC,2.637979258135318,0.9916598317042498
normal,10,1090018,LDC_PAC,2.484128260652061,0.9870130977373337
normal,10,1090018,HetLDC,2.3691770582160374,0.9821722834341489
normal,10,1090019,FH_PAC,2.0637807162124786,0.960875934083226
normal,10,1090019,CP_PAC,2.7184206988956454,0.9934405622691442
normal,10,1090019,LDC_PAC,2.5747419261031075,0.9899685095291002
normal,10,1090019,HetLDC,2.4660952515719843,0.9863404994888427
normal,10,1090022,FH_PAC,1.9574004660461806,0.9485993154573564
normal,10,1090022,CP_PAC,2.228730459269198,0.9741681556598296
normal,10,1090022,LDC_PAC,2.0167620979667906,0.9562796539439011
normal,10,1090022,HetLDC,1.9046343775398575,0.9431723853682026
normal,10,1090023,FH_PAC,1.8620852620540354,0.9304760190218084
normal,10,1090023,CP_PAC,2.199846892088275,0.9721822402616673
normal,10,1090023,LDC_PAC,2.0462399652252103,0.9592672329242637
normal,10,1090023,HetLDC,1.940784660358885,0.9477155976042091
normal,10,1090020,FH_PAC,2.2647286384868224,0.9764358188081699
normal,10,1090020,CP_PAC,2.454653202234923,0.9858979439658919
normal,10,1090020,LDC_PAC,2.3114940615879034,0.9791944192037956
normal,10,1090020,HetLDC,2.2072839575862093,0.9727057726357553
normal,10,1090021,FH_PAC,1.8976561060544226,0.9422271767839541
normal,10,1090021,CP_PAC,2.4877162553227135,0.9871433737569355
normal,10,1090021,LDC_PAC,2.3285540600832815,0.9801172978084389
normal,10,1090021,HetLDC,2.212738468342321,0.9730843183672822
normal,10,1090024,FH_PAC,1.9721643783043843,0.9511383911742335
normal,10,1090024,CP_PAC,2.5829206949857086,0.9902032160406549
normal,10,1090024,LDC_PAC,2.446403607756804,0.9855710625599696
normal,10,1090024,HetLDC,2.339300387947941,0.9806801073529223
normal,10,1090025,FH_PAC,1.7584539250381717,0.921203827166529
normal,10,1090025,CP_PAC,2.1870470794814025,0.9712609126978493
normal,10,1090025,LDC_PAC,2.02113295094737,0.9567339958455121
normal,10,1090025,HetLDC,1.9170288788098064,0.9447657370771867
normal,10,1090026,FH_PAC,2.094352612190977,0.9631946390184636
normal,10,1090026,CP_PAC,2.097529960731501,0.9640533121711519
normal,10,1090026,LDC_PAC,1.938406794717484,0.9474263878899258
normal,10,1090026,HetLDC,1.8339018313184656,0.9333314323041495
normal,10,1090027,FH_PAC,1.8481979484305155,0.9255877572735669
normal,10,1090027,CP_PAC,2.221096349204108,0.9736555637339401
normal,10,1090027,LDC_PAC,2.0098540468980994,0.9555533614242224
normal,10,1090027,HetLDC,1.8915740066939914,0.9414522381094812
normal,10,1090028,FH_PAC,2.1004827581959176,0.9642981402377414
normal,10,1090028,CP_PAC,2.5728848059522433,0.989914523024803
normal,10,1090028,LDC_PAC,2.436898153258654,0.9851861489628981
normal,10,1090028,HetLDC,2.340747575914484,0.9807548260636438
normal,10,1090029,FH_PAC,1.8573583567889012,0.9357254513205869
normal,10,1090029,CP_PAC,2.2994951189285846,0.9785231597734929
normal,10,1090029,LDC_PAC,2.1107357102742452,0.9652049652416819
normal,10,1090029,HetLDC,1.9971991020105446,0.9541964414161719
normal,10,1090030,FH_PAC,2.160331939439892,0.9690453593581554
normal,10,1090030,CP_PAC,2.517649047620961,0.9881859027753539
normal,10,1090030,LDC_PAC,2.3266547377089775,0.9800163513109208
normal,10,1090030,HetLDC,2.218804117702113,0.9734999462352385
normal,10,1090031,FH_PAC,1.9398976936796821,0.9466701247369943
normal,10,1090031,CP_PAC,2.3753032457171774,0.9824654620719933
normal,10,1090031,LDC_PAC,2.236771916271804,0.9746987490671113
normal,10,1090031,HetLDC,2.130434554539013,0.9668642464477877
normal,10,1090032,FH_PAC,2.127625391260516,0.9659392579166846
normal,10,1090032,CP_PAC,2.2688396059188074,0.9767219185071105
normal,10,1090032,LDC_PAC,2.0825966263971454,0.9627119930113299
normal,10,1090032,HetLDC,1.9718146341842344,0.951369228866692
normal,10,1090033,FH_PAC,2.1028704055640546,0.9645149751536146
normal,10,1090033,CP_PAC,2.4989545495289534,0.9875439714787468
normal,10,1090033,LDC_PAC,2.3532116863412735,0.981387964921568
normal,10,1090033,HetLDC,2.2578696154492994,0.9760462105563681
normal,10,1090034,FH_PAC,1.9913036952920935,0.9513854147475459
normal,10,1090034,CP_PAC,2.6552510249137797,0.9920750589273368
normal,10,1090034,LDC_PAC,2.514911007318002,0.9880937566671384
normal,10,1090034,HetLDC,2.403892209732919,0.9837784444333664
normal,10,1090035,FH_PAC,2.1871270569804735,0.971148204785898
normal,10,1090035,CP_PAC,2.597348503081058,0.9906053447788139
normal,10,1090035,LDC_PAC,2.460068851852377,0.9861089636280487
normal,10,1090035,HetLDC,2.3544258209863136,0.9814486540415424
normal,10,1090036,FH_PAC,2.2175984927457693,0.9729453131012942
normal,10,1090036,CP_PAC,2.347849381227733,0.9811178448975275
normal,10,1090036,LDC_PAC,2.19763576228779,0.9720249273952128
normal,10,1090036,HetLDC,2.0861883361751454,0.9630384336322009
normal,10,1090037,FH_PAC,2.16025686688962,0.9632343658493339
normal,10,1090037,CP_PAC,2.830090599477583,0.9953465175383798
normal,10,1090037,LDC_PAC,2.709829077170134,0.9932682111021793
normal,10,1090037,HetLDC,2.600396310544725,0.9906883845552983
normal,10,1090038,FH_PAC,1.9427048859079872,0.9476558428409332
normal,10,1090038,CP_PAC,2.1591512160367814,0.9691615626524874
normal,10,1090038,LDC_PAC,1.9391262759346501,0.9475140361086183
normal,10,1090038,HetLDC,1.8321575900506997,0.9330720547021072
normal,10,1090039,FH_PAC,2.128247200965624,0.966497856035731
normal,10,1090039,CP_PAC,2.4145817534514507,0.9842467127345553
normal,10,1090039,LDC_PAC,2.2314063517161262,0.9743457754960734
normal,10,1090039,HetLDC,2.1262439442891807,0.9665170471721276
normal,10,1090040,FH_PAC,2.066495313024277,0.9610529386233349
normal,10,1090040,CP_PAC,2.7060851528658416,0.9931918413963308
normal,10,1090040,LDC_PAC,2.5910931027748285,0.9904328395373923
normal,10,1090040,HetLDC,2.4828954719320935,0.9869680678013071
normal,10,1090041,FH_PAC,2.202927145611257,0.9696185151107445
normal,10,1090041,CP_PAC,2.5106653630487434,0.9879496131766268
normal,10,1090041,LDC_PAC,2.335355166604407,0.9804751255289479
normal,10,1090041,HetLDC,2.216834147729336,0.9733655729002986
normal,10,1090042,FH_PAC,2.0800672726893,0.9624106359041652
normal,10,1090042,CP_PAC,2.3715824526521114,0.9822879057341387
normal,10,1090042,LDC_PAC,2.233268125566678,0.9744687318497778
normal,10,1090042,HetLDC,2.1254899181034963,0.9664542455613432
normal,10,1090043,FH_PAC,2.1233097101278844,0.9656389993822937
normal,10,1090043,CP_PAC,2.575935476811538,0.9900030700563573
normal,10,1090043,LDC_PAC,2.4664739910681828,0.9863549362438349
normal,10,1090043,HetLDC,2.3646240904135856,0.9819516201316536
normal,10,1090044,FH_PAC,1.900905614853895,0.930967542495618
normal,10,1090044,CP_PAC,2.6307030708050916,0.9914791553468056
normal,10,1090044,LDC_PAC,2.505541540243458,0.9877735964455048
normal,10,1090044,HetLDC,2.401265654618078,0.9836615296080635
normal,10,1090045,FH_PAC,2.196979325431995,0.9674708342067536
normal,10,1090045,CP_PAC,3.2070342787647115,0.9986588898555651
normal,10,1090045,LDC_PAC,3.10146102820711,0.9980743178149298
normal,10,1090045,HetLDC,2.9851163790860267,0.9971652954819978
normal,10,1090046,FH_PAC,1.9918642357881504,0.9536139009439126
normal,10,1090046,CP_PAC,2.9010420711345972,0.9962807605948942
normal,10,1090046,LDC_PAC,2.7777655457056927,0.9945265903983778
normal,10,1090046,HetLDC,2.6643412120518604,0.9922860725386236
normal,10,1090047,FH_PAC,1.8761754115356213,0.9393686987779014
normal,10,1090047,CP_PAC,2.276152312809822,0.9771631050417846
normal,10,1090047,LDC_PAC,2.0442045582618253,0.9590666569283908
normal,10,1090047,HetLDC,1.9328908381517287,0.9467503532455088
normal,10,1090048,FH_PAC,1.9533605938201934,0.9491790023378383
normal,10,1090048,CP_PAC,2.268923186282076,0.9767270025452601
normal,10,1090048,LDC_PAC,2.082673345871771,0.9627189914003882
normal,10,1090048,HetLDC,1.975225381847523,0.9517574232654291
normal,10,1090049,FH_PAC,1.972641121408733,0.9513720976228601
normal,10,1090049,CP_PAC,2.4815400556580975,0.9869183993261876
normal,10,1090049,LDC_PAC,2.3227730089790186,0.9798086502168606
normal,10,1090049,HetLDC,2.219164323386408,0.9735244527354379
normal,10,1090050,FH_PAC,2.0950314535221644,0.9630647578039921
normal,10,1090050,CP_PAC,2.3324888890246678,0.9803250132395391
normal,10,1090050,LDC_PAC,2.1696200768932887,0.9699643608380952
normal,10,1090050,HetLDC,2.071550560554789,0.9616926253730842
normal,10,1090051,FH_PAC,2.1804525107672683,0.9700039237856347
normal,10,1090051,CP_PAC,2.5857518313593686,0.9902833137325879
normal,10,1090051,LDC_PAC,2.4758732106516237,0.98670892314292
normal,10,1090051,HetLDC,2.3834855692723256,0.9828504431635707
normal,10,1090052,FH_PAC,2.1106927713209,0.9646958358070914
normal,10,1090052,CP_PAC,2.368006967747301,0.982115800914876
normal,10,1090052,LDC_PAC,2.188364830135214,0.9713569620131701
normal,10,1090052,HetLDC,2.082448095877326,0.9626984408042809
normal,10,1090053,FH_PAC,2.0830042697617244,0.9613744353473717
normal,10,1090053,CP_PAC,2.6096934144090986,0.9909376599621531
normal,10,1090053,LDC_PAC,2.485531464826512,0.9870641848846351
normal,10,1090053,HetLDC,2.3824239524665867,0.9828009160393105
normal,10,1090054,FH_PAC,2.186034126870163,0.9711489399008414
normal,10,1090054,CP_PAC,2.808843859041987,0.9950280245701006
normal,10,1090054,LDC_PAC,2.6752068855622126,0.9925316852459278
normal,10,1090054,HetLDC,2.560532789217094,0.9895488199357756
normal,10,1090055,FH_PAC,1.7685567072480044,0.9225010946127566
normal,10,1090055,CP_PAC,2.3814922779697447,0.9827573477277765
normal,10,1090055,LDC_PAC,2.215201745895582,0.9732537798901038
normal,10,1090055,HetLDC,2.1009167300639535,0.9643517234589316
normal,10,1090056,FH_PAC,2.1881690181133964,0.971258277490241
normal,10,1090056,CP_PAC,2.6673559234318707,0.9923549339561544
normal,10,1090056,LDC_PAC,2.5540096284592213,0.9893509688278794
normal,10,1090056,HetLDC,2.4511153170758924,0.9857585679985259
normal,10,1090057,FH_PAC,2.232686508699996,0.9744192470990812
normal,10,1090057,CP_PAC,2.2743291481848704,0.9770537961099923
normal,10,1090057,LDC_PAC,2.1155214091625716,0.9656144678000007
normal,10,1090057,HetLDC,2.014839433454575,0.9560785242334746
normal,10,1090058,FH_PAC,2.1082941367520394,0.9638758404894925
normal,10,1090058,CP_PAC,2.5941458105267365,0.9905173738322894
normal,10,1090058,LDC_PAC,2.4281743332365946,0.9848249530704418
normal,10,1090058,HetLDC,2.325514844387434,0.9799555529020956
normal,10,1090059,FH_PAC,1.820387523481033,0.9228404920035642
normal,10,1090059,CP_PAC,2.504922762638847,0.987752186392215
normal,10,1090059,LDC_PAC,2.3588318241062534,0.9816674382430011
normal,10,1090059,HetLDC,2.2570235873002122,0.975993399064149
normal,10,1090060,FH_PAC,2.0996367667666727,0.9641529775772172
normal,10,1090060,CP_PAC,2.54220817427566,0.9889845455820505
normal,10,1090060,LDC_PAC,2.421256984599487,0.9845330612685266
normal,10,1090060,HetLDC,2.313740820534304,0.9793180566962483
normal,10,1090061,FH_PAC,2.2133127290789685,0.9672514835199354
normal,10,1090061,CP_PAC,2.747966902323169,0.994003393793651
normal,10,1090061,LDC_PAC,2.644625213560265,0.9918218557309972
normal,10,1090061,HetLDC,2.540228686660406,0.9889219992688978
normal,10,1090062,FH_PAC,2.25272639277235,0.9757133869806446
normal,10,1090062,CP_PAC,2.5507942570643705,0.9892522247596256
normal,10,1090062,LDC_PAC,2.42943456546516,0.9848776056239088
normal,10,1090062,HetLDC,2.3327249850970477,0.9803374160104077
normal,10,1090063,FH_PAC,2.210729131559543,0.9726125811372452
normal,10,1090063,CP_PAC,2.4073821011757834,0.9839326508271253
normal,10,1090063,LDC_PAC,2.2533596240611056,0.9757635168566523
normal,10,1090063,HetLDC,2.1554166768555434,0.9688707574984019
normal,10,1090064,FH_PAC,2.3967423972927477,0.9790032875589817
normal,10,1090064,CP_PAC,2.6375135735976922,0.9916483716886677
normal,10,1090064,LDC_PAC,2.4836897355511156,0.9869970955761633
normal,10,1090064,HetLDC,2.3771907226342015,0.9825549345190567
normal,10,1090065,FH_PAC,2.0216491246918635,0.9545860965754442
normal,10,1090065,CP_PAC,2.433469093494828,0.9850450879088262
normal,10,1090065,LDC_PAC,2.304851086310014,0.9788250851552192
normal,10,1090065,HetLDC,2.201739566185799,0.9723162898477389
normal,10,1090068,FH_PAC,1.7009366945905537,0.9107944791062937
normal,10,1090068,CP_PAC,1.9676273282026533,0.9508890670228909
normal,10,1090068,LDC_PAC,1.7098302622752544,0.9127027347906269
normal,10,1090068,HetLDC,1.6025300026755154,0.8909615415607626
normal,10,1090069,FH_PAC,2.2571372461992514,0.97525152106323
normal,10,1090069,CP_PAC,2.579730435558543,0.9901122535046385
normal,10,1090069,LDC_PAC,2.4433819655563878,0.985449671660896
normal,10,1090069,HetLDC,2.332782403464329,0.9803404313214461
normal,10,1090066,FH_PAC,1.8774796561278775,0.93947477567293
normal,10,1090066,CP_PAC,2.220642121838135,0.9736247895400119
normal,10,1090066,LDC_PAC,2.052179400624971,0.9598477693481235
normal,10,1090066,HetLDC,1.9441725617595456,0.9481253546239532
normal,10,1090067,FH_PAC,2.1227276124222434,0.9634172538680734
normal,10,1090067,CP_PAC,2.459911195363822,0.9861028601929869
normal,10,1090067,LDC_PAC,2.273297003982685,0.9769917120329912
normal,10,1090067,HetLDC,2.1582762822730808,0.9690936423888512
normal,10,1090072,FH_PAC,2.3153389813358243,0.978441366442686
normal,10,1090072,CP_PAC,2.5242494805883293,0.9884054387909311
normal,10,1090072,LDC_PAC,2.377031378214157,0.9825473965845792
normal,10,1090072,HetLDC,2.269185723305593,0.9767429659151212
normal,10,1090073,FH_PAC,1.8376692907150223,0.9333784222418935
normal,10,1090073,CP_PAC,2.1057247876472216,0.9647717346224685
normal,10,1090073,LDC_PAC,1.9054551539931825,0.9432790683583345
normal,10,1090073,HetLDC,1.8060287137955018,0.9290861454503752
normal,10,1090070,FH_PAC,2.276747134592194,0.9770873460999542
normal,10,1090070,CP_PAC,2.7149585365640423,0.9933715931249754
normal,10,1090070,LDC_PAC,2.5995894219960967,0.9906664642606444
normal,10,1090070,HetLDC,2.499521135695382,0.9875638719416435
normal,10,1090071,FH_PAC,1.9054740646184827,0.9422149462331798
normal,10,1090071,CP_PAC,2.5343037441593723,0.9887328979521885
normal,10,1090071,LDC_PAC,2.4266113521496133,0.9847594274401128
normal,10,1090071,HetLDC,2.326588394148416,0.9800128171659452
normal,10,1090076,FH_PAC,2.2467365042906495,0.9733196243059729
normal,10,1090076,CP_PAC,2.416085552466071,0.9843116252623239
normal,10,1090076,LDC_PAC,2.3011349261219287,0.9786159942862735
normal,10,1090076,HetLDC,2.2018608013482237,0.9723248573717358
normal,10,1090077,FH_PAC,1.8785926561704205,0.9385941032013811
normal,10,1090077,CP_PAC,2.3960812607977306,0.9834285839972747
normal,10,1090077,LDC_PAC,2.2563381256355353,0.9759505365752934
normal,10,1090077,HetLDC,2.149524234621536,0.9684071328843096
normal,10,1090074,FH_PAC,1.8893080015310286,0.9409155115028554
normal,10,1090074,CP_PAC,2.2866908634761582,0.9777861266353003
normal,10,1090074,LDC_PAC,2.0843138653820863,0.9628683730540288
normal,10,1090074,HetLDC,1.9902656335364262,0.9534383183738342
normal,10,1090075,FH_PAC,2.1000662709831923,0.9616317301117138
normal,10,1090075,CP_PAC,2.7602871327994514,0.994224942049442
normal,10,1090075,LDC_PAC,2.6429918304308972,0.9917822981939939
normal,10,1090075,HetLDC,2.5419193216074953,0.9889754382357243
normal,10,1090078,FH_PAC,2.0689072836172424,0.9614448655365242
normal,10,1090078,CP_PAC,2.378222294801321,0.9826036649658823
normal,10,1090078,LDC_PAC,2.2260654399357187,0.9739902015694448
normal,10,1090078,HetLDC,2.1187137349552203,0.9658853331239443
normal,10,1090079,FH_PAC,2.038986234217831,0.9501635317382608
normal,10,1090079,CP_PAC,2.5877111811514837,0.9903384047992496
normal,10,1090079,LDC_PAC,2.4509408986854853,0.9857516654118883
normal,10,1090079,HetLDC,2.3504706319882986,0.9812503128098591
normal,10,1090082,FH_PAC,1.9819592198696179,0.9522459532007228
normal,10,1090082,CP_PAC,2.523571335641957,0.9883830511754319
normal,10,1090082,LDC_PAC,2.3621151596151715,0.981829003358953
normal,10,1090082,HetLDC,2.2480878198846814,0.9754294094057372
normal,10,1090083,FH_PAC,1.936321604639035,0.9438108669458581
normal,10,1090083,CP_PAC,2.295110729072838,0.9782732206298455
normal,10,1090083,LDC_PAC,2.1348518914367958,0.9672268899468826
normal,10,1090083,HetLDC,2.0298763173067886,0.9576308870622507
normal,10,1090080,FH_PAC,1.6339149549166792,0.8949912928335502
normal,10,1090080,CP_PAC,2.447243756946855,0.9856046554759572
normal,10,1090080,LDC_PAC,2.276362049614678,0.9771756508764582
normal,10,1090080,HetLDC,2.1592709787216693,0.9691708497356435
normal,10,1090081,FH_PAC,2.3351892502729896,0.980367102526046
normal,10,1090081,CP_PAC,2.439474123527884,0.9852913439594084
normal,10,1090081,LDC_PAC,2.2392242124955715,0.9748586688100123
normal,10,1090081,HetLDC,2.1337928708479623,0.9671402602577577
normal,10,1090084,FH_PAC,2.2115842156366567,0.9729931941467499
normal,10,1090084,CP_PAC,2.3553820296629517,0.9814963286406222
normal,10,1090084,LDC_PAC,2.162035013870463,0.9693845225694839
normal,10,1090084,HetLDC,2.0507827632721365,0.9597118931274853
normal,10,1090085,FH_PAC,1.8762140477085463,0.9388667175193387
normal,10,1090085,CP_PAC,2.0316417817068633,0.9578100663559723
normal,10,1090085,LDC_PAC,1.7654575897959042,0.9225131081131048
normal,10,1090085,HetLDC,1.6568912294018685,0.9024585321023009
normal,10,1090086,FH_PAC,2.0202424939007346,0.9565460804244131
normal,10,1090086,CP_PAC,2.4505805497711046,0.9857373952984709
normal,10,1090086,LDC_PAC,2.264674201374556,0.9764673202378409
normal,10,1090086,HetLDC,2.15789239281873,0.9690638009110679
normal,10,1090087,FH_PAC,2.4379657276906284,0.9848595955564282
normal,10,1090087,CP_PAC,2.613570896597481,0.9910398508319673
normal,10,1090087,LDC_PAC,2.489224467203847,0.9871977891357921
normal,10,1090087,HetLDC,2.3883609552522502,0.9830762890716005
normal,10,1090088,FH_PAC,1.755239423746925,0.9202386320066466
normal,10,1090088,CP_PAC,2.3564385870980695,0.9815488817028142
normal,10,1090088,LDC_PAC,2.2190074734852425,0.9735137839007701
normal,10,1090088,HetLDC,2.1223749716853564,0.9661937377670027
normal,10,1090089,FH_PAC,2.41206192527056,0.9840575444369959
normal,10,1090089,CP_PAC,2.90595896616935,0.996338705405772
normal,10,1090089,LDC_PAC,2.8102968972987683,0.9950504182414881
normal,10,1090089,HetLDC,2.7117430415726327,0.9933069545270192
normal,10,1090090,FH_PAC,2.1498522227989,0.9684264022115923
normal,10,1090090,CP_PAC,2.4844413336151465,0.9870245113811313
normal,10,1090090,LDC_PAC,2.3109622612302836,0.9791650605003337
normal,10,1090090,HetLDC,2.192619859780379,0.9716652209593686
normal,10,1090091,FH_PAC,2.1494895295593746,0.9678538266496391
normal,10,1090091,CP_PAC,2.5943224667983955,0.9905222452701796
normal,10,1090091,LDC_PAC,2.443017600363512,0.9854349730539027
normal,10,1090091,HetLDC,2.3309718545028004,0.9802451561588763
normal,10,1090092,FH_PAC,2.023671676825658,0.9558461977742707
normal,10,1090092,CP_PAC,2.5835989473591905,0.9902224583709518
normal,10,1090092,LDC_PAC,2.418302250358418,0.9844068814897828
normal,10,1090092,HetLDC,2.3086132182106973,0.9790349462073138
normal,10,1090093,FH_PAC,1.8676318395863458,0.9303105979903299
normal,10,1090093,CP_PAC,2.3692258522857728,0.9821746354191754
normal,10,1090093,LDC_PAC,2.231048965749166,0.9743221142961225
normal,10,1090093,HetLDC,2.1283532014662643,0.9666921898261149
normal,10,1090094,FH_PAC,1.986429402042747,0.947472416052594
normal,10,1090094,CP_PAC,2.2702782470780387,0.9768092939660031
normal,10,1090094,LDC_PAC,2.111753367045738,0.9652923910060605
normal,10,1090094,HetLDC,2.0095383208603077,0.9555199250567945
normal,10,1090095,FH_PAC,1.7122174829777501,0.9128682183223907
normal,10,1090095,CP_PAC,2.2660842084782256,0.9765537720816555
normal,10,1090095,LDC_PAC,2.0505632358784727,0.9596905002978262
normal,10,1090095,HetLDC,1.9472548215470662,0.9484958078418773
normal,10,1090096,FH_PAC,2.133207481647119,0.9638385932371375
normal,10,1090096,CP_PAC,2.5475389111790303,0.989151424619064
normal,10,1090096,LDC_PAC,2.384549307885817,0.9828999437378028
normal,10,1090096,HetLDC,2.277494848308952,0.9772433080819667
normal,10,1090097,FH_PAC,1.9657533249815318,0.9506117827414118
normal,10,1090097,CP_PAC,2.2267489882413845,0.97403594560947
normal,10,1090097,LDC_PAC,2.0712635905033165,0.9616658301699914
normal,10,1090097,HetLDC,1.9741602383166719,0.9516364744096009
normal,10,1090098,FH_PAC,1.6130976761301081,0.8910191770710747
normal,10,1090098,CP_PAC,2.1319832689268634,0.9669917779904169
normal,10,1090098,LDC_PAC,1.929216264079288,0.9462959800938886
normal,10,1090098,HetLDC,1.8193837430211233,0.9311470948176803
normal,10,1090099,FH_PAC,2.0935932528576795,0.9633602492707484
normal,10,1090099,CP_PAC,2.74877803216248,0.9940182120707319
normal,10,1090099,LDC_PAC,2.631971796102703,0.9915109090283591
normal,10,1090099,HetLDC,2.533858790964287,0.9887185817222586
normal,10,1090100,FH_PAC,2.0100304468028565,0.9538081363167563
normal,10,1090100,CP_PAC,2.2351465394728436,0.974592270129421
normal,10,1090100,LDC_PAC,2.0516693337272334,0.9597981910218965
normal,10,1090100,HetLDC,1.95208621581942,0.9490720305202076
normal,10,1090101,FH_PAC,2.0078764401033857,0.9547266149631672
normal,10,1090101,CP_PAC,2.1020234696607014,0.9644487800482222
normal,10,1090101,LDC_PAC,1.9159899281322519,0.9446336222906506
normal,10,1090101,HetLDC,1.8192188930825348,0.9311219584526398
normal,10,1090102,FH_PAC,2.0739181653217895,0.9617637159472163
normal,10,1090102,CP_PAC,2.400553363047479,0.9836296963100235
normal,10,1090102,LDC_PAC,2.260549408021045,0.9762128263855494
normal,10,1090102,HetLDC,2.168194025112644,0.9698560727697805
normal,10,1090103,FH_PAC,2.126047079586972,0.965887846381856
normal,10,1090103,CP_PAC,2.4463484996183062,0.9855688566763585
normal,10,1090103,LDC_PAC,2.289832981947489,0.9779689995763194
normal,10,1090103,HetLDC,2.184823754376961,0.9710982283590979
normal,10,1090104,FH_PAC,1.870409901524366,0.935164891171218
normal,10,1090104,CP_PAC,2.7007187005495403,0.9930810169318105
normal,10,1090104,LDC_PAC,2.5722260211861645,0.98989531006684
normal,10,1090104,HetLDC,2.461831261305875,0.9861770317413963
normal,10,1090105,FH_PAC,2.279793942691231,0.976559752509449
normal,10,1090105,CP_PAC,3.001471704422825,0.9973132199191923
normal,10,1090105,LDC_PAC,2.9161185687822253,0.9964558421546184
normal,10,1090105,HetLDC,2.8070430551536307,0.9950001441460035
normal,10,1090106,FH_PAC,1.9181654554920473,0.9446174481043301
normal,10,1090106,CP_PAC,2.050465788801711,0.9596810010445391
normal,10,1090106,LDC_PAC,1.797338809800052,0.9277181514723578
normal,10,1090106,HetLDC,1.7144346261180028,0.9135510662187167
normal,10,1090107,FH_PAC,2.109457494453088,0.9646465456993485
normal,10,1090107,CP_PAC,2.711334896781206,0.9932987095110475
normal,10,1090107,LDC_PAC,2.5680306353188924,0.9897721883364567
normal,10,1090107,HetLDC,2.4618160365912933,0.9861764449929691
normal,10,1090108,FH_PAC,1.9431275735068745,0.9462885668988534
normal,10,1090108,CP_PAC,2.5702090754291427,0.9898362845757605
normal,10,1090108,LDC_PAC,2.434363845171764,0.9850820089033154
normal,10,1090108,HetLDC,2.3372422324919455,0.9805734076337116
normal,10,1090109,FH_PAC,2.0244353316703454,0.9562708023789745
normal,10,1090109,CP_PAC,2.1950797651334186,0.9718421235530177
normal,10,1090109,LDC_PAC,2.028556259667245,0.9574964924712246
normal,10,1090109,HetLDC,1.9294952031883248,0.9463305849974535
normal,10,1090110,FH_PAC,1.807298652440834,0.9266010622458267
normal,10,1090110,CP_PAC,2.191282460245949,0.9715686414743299
normal,10,1090110,LDC_PAC,2.011405939532405,0.9557174035053735
normal,10,1090110,HetLDC,1.9081029404271281,0.9436220872460399
normal,10,1090111,FH_PAC,2.097696933838326,0.9624931843467475
normal,10,1090111,CP_PAC,2.574589597290624,0.9899640910383214
normal,10,1090111,LDC_PAC,2.4520977896285996,0.9857973941454641
normal,10,1090111,HetLDC,2.3512426388549255,0.9812891717723202
normal,10,1090112,FH_PAC,1.9952956904867871,0.9519713451364005
normal,10,1090112,CP_PAC,2.3281795805052825,0.9800974300166323
normal,10,1090112,LDC_PAC,2.165611670968965,0.9696591262106653
normal,10,1090112,HetLDC,2.0651919865146446,0.9610951615523204
normal,10,1090113,FH_PAC,2.172410041900313,0.970042153617272
normal,10,1090113,CP_PAC,2.5786427508032013,0.9900810692339448
normal,10,1090113,LDC_PAC,2.4423517690371,0.985408079385609
normal,10,1090113,HetLDC,2.3311164866823395,0.9802527818199378
normal,10,1090114,FH_PAC,1.9182311515660273,0.9449026634703604
normal,10,1090114,CP_PAC,2.297639683593493,0.9784176949108199
normal,10,1090114,LDC_PAC,2.094293691664964,0.9637661740498249
normal,10,1090114,HetLDC,1.989637699572511,0.9533691398900495
normal,10,1090115,FH_PAC,1.8850217344161893,0.9394552078581916
normal,10,1090115,CP_PAC,2.3349919007159037,0.9804561561509053
normal,10,1090115,LDC_PAC,2.1856008936068445,0.9711551828085105
normal,10,1090115,HetLDC,2.082507129313279,0.9627038276291799
normal,10,1090116,FH_PAC,1.8885289873091995,0.9407290330582123
normal,10,1090116,CP_PAC,2.2661761580990794,0.9765594002073492
normal,10,1090116,LDC_PAC,2.0506464404263753,0.9596986096708473
normal,10,1090116,HetLDC,1.938023540761419,0.9473796494249824
normal,10,1090117,FH_PAC,2.30684587336044,0.9785411586495235
normal,10,1090117,CP_PAC,2.5624001316637965,0.9896048520945036
normal,10,1090117,LDC_PAC,2.440488264851621,0.9853325775113557
normal,10,1090117,HetLDC,2.3429939935614073,0.9808703089412925
normal,10,1090118,FH_PAC,2.0245440031958313,0.9560298886142975
normal,10,1090118,CP_PAC,2.47967413763942,0.9868497499491868
normal,10,1090118,LDC_PAC,2.3350557376528607,0.9804594908168307
normal,10,1090118,HetLDC,2.225381480642549,0.973944360304513
normal,10,1090119,FH_PAC,1.9720974549004542,0.9513861285579643
normal,10,1090119,CP_PAC,2.4170440407684963,0.9843528761850999
normal,10,1090119,LDC_PAC,2.289294159484773,0.9779377331725079
normal,10,1090119,HetLDC,2.1952713113274105,0.9718558584501875
trunc_laplace,4,491008,FH_PAC,2.072132727213562,0.94799807400693
trunc_laplace,4,491008,CP_PAC,2.424507683844034,0.9861991434691153
trunc_laplace,4,491008,LDC_PAC,2.2693895249664537,0.9711900707979133
trunc_laplace,4,491008,HetLDC,2.167027389168997,0.9598691628614033
trunc_laplace,4,491009,FH_PAC,2.1562510131250776,0.958523770380346
trunc_laplace,4,491009,CP_PAC,2.4338498587446917,0.9870278826285714
trunc_laplace,4,491009,LDC_PAC,2.3304261418027545,0.9773871982204994
trunc_laplace,4,491009,HetLDC,2.21851157412089,0.9657141732937053
trunc_laplace,4,491012,FH_PAC,1.9461699383317725,0.9308863621133935
trunc_laplace,4,491012,CP_PAC,2.2812371598586085,0.9724240337563117
trunc_laplace,4,491012,LDC_PAC,2.0939764982678812,0.951018079536226
trunc_laplace,4,491012,HetLDC,1.977625232870571,0.9354511799287795
trunc_laplace,4,491013,FH_PAC,2.144522613109104,0.9571758435773021
trunc_laplace,4,491013,CP_PAC,2.26642898765438,0.9708793342130497
trunc_laplace,4,491013,LDC_PAC,2.0508752240651753,0.9454705395233327
trunc_laplace,4,491013,HetLDC,1.9271028453490655,0.9280807177825399
trunc_laplace,4,491004,FH_PAC,2.062618363637878,0.9468008183686611
trunc_laplace,4,491004,CP_PAC,2.7228985413474374,1.0
trunc_laplace,4,491004,LDC_PAC,2.6332626893541975,1.0
trunc_laplace,4,491004,HetLDC,2.5298110804538823,0.9950889858552658
trunc_laplace,4,491005,FH_PAC,2.224485573654681,0.9661958184904871
trunc_laplace,4,491005,CP_PAC,2.661264248587072,1.0
trunc_laplace,4,491005,LDC_PAC,2.534648702241822,0.9954743926452783
trunc_laplace,4,491005,HetLDC,2.4224355693717596,0.9860142305483963
trunc_laplace,4,491002,FH_PAC,1.8652607226154418,0.9183945640873148
trunc_laplace,4,491002,CP_PAC,2.5517378786156866,0.9968204003853072
trunc_laplace,4,491002,LDC_PAC,2.430333292129271,0.986716877343842
trunc_laplace,4,491002,HetLDC,2.325335888574259,0.9768853239294892
trunc_laplace,4,491003,FH_PAC,2.002203223484911,0.9367973686442421
trunc_laplace,4,491003,CP_PAC,2.446188673268248,0.9881101484484462
trunc_laplace,4,491003,LDC_PAC,2.3298058242167636,0.9773261803940487
trunc_laplace,4,491003,HetLDC,2.225701686720829,0.9665057746546297
trunc_laplace,4,491006,FH_PAC,2.122416475209965,0.9545142914122566
trunc_laplace,4,491006,CP_PAC,2.331840621563462,0.9775261866147513
trunc_laplace,4,491006,LDC_PAC,2.1826512308994626,0.9616762292065009
trunc_laplace,4,491006,HetLDC,2.071346630922759,0.9481365095166732
trunc_laplace,4,491007,FH_PAC,1.933641809551318,0.9280145048115621
trunc_laplace,4,491007,CP_PAC,2.5993119074584277,1.0
trunc_laplace,4,491007,LDC_PAC,2.4756438810836334,0.9906381104263471
trunc_laplace,4,491007,HetLDC,2.3644479977962445,0.9806740274235137
trunc_laplace,4,491016,FH_PAC,1.9647107565789945,0.9332102012943386
trunc_laplace,4,491016,CP_PAC,2.2827156566740543,0.9725769557071575
trunc_laplace,4,491016,LDC_PAC,2.1095439026586473,0.9529612306149462
trunc_laplace,4,491016,HetLDC,1.9976894312559097,0.9382721782179724
trunc_laplace,4,491017,FH_PAC,1.9783989709174223,0.9350974299599258
trunc_laplace,4,491017,CP_PAC,2.5161624102605433,0.9939910725403844
trunc_laplace,4,491017,LDC_PAC,2.383173749822585,0.982433957613233
trunc_laplace,4,491017,HetLDC,2.2592197053292247,0.9701186259243388
trunc_laplace,4,491000,FH_PAC,2.400552715849017,0.9705892524142106
trunc_laplace,4,491000,CP_PAC,2.788701932286033,1.0
trunc_laplace,4,491000,LDC_PAC,2.6838283375949277,1.0
trunc_laplace,4,491000,HetLDC,2.574217004361062,0.9985547953809149
trunc_laplace,4,491001,FH_PAC,1.7229001093080434,0.8903268834038589
trunc_laplace,4,491001,CP_PAC,2.432154605910039,0.9868780968112247
trunc_laplace,4,491001,LDC_PAC,2.290307617917701,0.9733584937006592
trunc_laplace,4,491001,HetLDC,2.1750566121682433,0.9608015073213294
trunc_laplace,4,491010,FH_PAC,2.012198451968905,0.9396900120201989
trunc_laplace,4,491010,CP_PAC,2.3820672385119304,0.9823309155659397
trunc_laplace,4,491010,LDC_PAC,2.2431414226295487,0.9684013330723082
trunc_laplace,4,491010,HetLDC,2.1244955684273426,0.9547980529413693
trunc_laplace,4,491011,FH_PAC,1.9009684345418703,0.9081671713888162
trunc_laplace,4,491011,CP_PAC,3.002010631973799,1.0
trunc_laplace,4,491011,LDC_PAC,2.903186611686735,1.0
trunc_laplace,4,491011,HetLDC,2.779890213241347,1.0
trunc_laplace,4,491020,FH_PAC,1.9730213028583279,0.9347731755364495
trunc_laplace,4,491020,CP_PAC,2.4612739524602376,0.9894145278067521
trunc_laplace,4,491020,LDC_PAC,2.3177286795026206,0.9761303056674853
trunc_laplace,4,491020,HetLDC,2.2012881088143117,0.9637936226902983
trunc_laplace,4,491021,FH_PAC,2.186790888740051,0.9610452138466312
trunc_laplace,4,491021,CP_PAC,2.761031739617329,1.0
trunc_laplace,4,491021,LDC_PAC,2.629669533713188,1.0
trunc_laplace,4,491021,HetLDC,2.5049174702454238,0.9930747002262459
trunc_laplace,4,491014,FH_PAC,1.6725160967857307,0.8843796568612945
trunc_laplace,4,491014,CP_PAC,2.042383389497089,0.9443478432131316
trunc_laplace,4,491014,LDC_PAC,1.8616281217319997,0.9179324608084019
trunc_laplace,4,491014,HetLDC,1.747497189685289,0.8984979785854259
trunc_laplace,4,491015,FH_PAC,2.1984151890258916,0.9629920846710089
trunc_laplace,4,491015,CP_PAC,2.605297646030507,1.0
trunc_laplace,4,491015,LDC_PAC,2.5073212627475807,0.9932714942448089
trunc_laplace,4,491015,HetLDC,2.3992272462859665,0.9839156111051168
trunc_laplace,4,491022,FH_PAC,1.8837905747586574,0.9205859789600103
trunc_laplace,4,491022,CP_PAC,2.144817613141444,0.9572491436107495
trunc_laplace,4,491022,LDC_PAC,1.9687552675441957,0.9341851324198944
trunc_laplace,4,491022,HetLDC,1.8532011753348374,0.9165752622563108
trunc_laplace,4,491023,FH_PAC,1.6093604019772139,0.8711413905333245
trunc_laplace,4,491023,CP_PAC,2.024071188928702,0.9418926963671335
trunc_laplace,4,491023,LDC_PAC,1.8315674021687214,0.9130359257857243
trunc_laplace,4,491023,HetLDC,1.7109361681025022,0.8917668353139625
trunc_laplace,4,491018,FH_PAC,2.0384979426687058,0.9433209268235703
trunc_laplace,4,491018,CP_PAC,2.3543883379737567,0.9797142858374728
trunc_laplace,4,491018,LDC_PAC,2.217076798035322,0.9655554986659474
trunc_laplace,4,491018,HetLDC,2.1140384280018463,0.9535164004888341
trunc_laplace,4,491019,FH_PAC,2.3097681322477674,0.9752456386697461
trunc_laplace,4,491019,CP_PAC,2.417594228247197,0.9855806343758249
trunc_laplace,4,491019,LDC_PAC,2.276596423818472,0.9719425045198713
trunc_laplace,4,491019,HetLDC,2.168250091370728,0.9600116461640249
trunc_laplace,4,491026,FH_PAC,1.9228116070727097,0.9264683078871402
trunc_laplace,4,491026,CP_PAC,2.4468791454748855,0.9881703008055784
trunc_laplace,4,491026,LDC_PAC,2.304173399744954,0.9747700007487601
trunc_laplace,4,491026,HetLDC,2.1808759383957073,0.9614723772833265
trunc_laplace,4,491027,FH_PAC,2.211589018781166,0.9644449613591389
trunc_laplace,4,491027,CP_PAC,2.4440099958487522,0.9879200628067006
trunc_laplace,4,491027,LDC_PAC,2.301471583326824,0.9744965605886924
trunc_laplace,4,491027,HetLDC,2.1791822652980084,0.9612775453314824
trunc_laplace,4,491024,FH_PAC,2.0701052925133934,0.9433609045893185
trunc_laplace,4,491024,CP_PAC,2.4473584550259484,0.9882120316888376
trunc_laplace,4,491024,LDC_PAC,2.2616965417157373,0.9703806217716757
trunc_laplace,4,491024,HetLDC,2.151609366757412,0.9580567979494359
trunc_laplace,4,491025,FH_PAC,2.144843545647564,0.9571368354695016
trunc_laplace,4,491025,CP_PAC,2.7427615539191654,1.0
trunc_laplace,4,491025,LDC_PAC,2.6262109813468415,1.0
trunc_laplace,4,491025,HetLDC,2.495621555954367,0.9923090004093738
trunc_laplace,4,491028,FH_PAC,2.2797925230874845,0.9718113754212002
trunc_laplace,4,491028,CP_PAC,2.681371033468526,1.0
trunc_laplace,4,491028,LDC_PAC,2.539650475040345,0.995870837574234
trunc_laplace,4,491028,HetLDC,2.425777853112291,0.9863122943791853
trunc_laplace,4,491029,FH_PAC,2.092563156722702,0.9501221470474237
trunc_laplace,4,491029,CP_PAC,2.6443551990900147,1.0
trunc_laplace,4,491029,LDC_PAC,2.5045910669278477,0.9930479401253389
trunc_laplace,4,491029,HetLDC,2.390682289974897,0.9831300452930858
trunc_laplace,4,491032,FH_PAC,1.8024063651350635,0.9080440779574841
trunc_laplace,4,491032,CP_PAC,2.2163511940202243,0.9654751622742626
trunc_laplace,4,491032,LDC_PAC,2.0870901920917064,0.9501484014874153
trunc_laplace,4,491032,HetLDC,1.9742384567671383,0.9349691529692323
trunc_laplace,4,491033,FH_PAC,2.1513256719854534,0.9579548706822795
trunc_laplace,4,491033,CP_PAC,2.784995010164815,1.0
trunc_laplace,4,491033,LDC_PAC,2.68026082020664,1.0
trunc_laplace,4,491033,HetLDC,2.5647281766584333,0.9978276341087344
trunc_laplace,4,491034,FH_PAC,2.006171795316927,0.9393869849347001
trunc_laplace,4,491034,CP_PAC,2.952402611210843,1.0
trunc_laplace,4,491034,LDC_PAC,2.8684448580296253,1.0
trunc_laplace,4,491034,HetLDC,2.763548670437313,1.0
trunc_laplace,4,491035,FH_PAC,2.0424520384605884,0.9439266630972615
trunc_laplace,4,491035,CP_PAC,2.4738881793964524,0.9904895961002103
trunc_laplace,4,491035,LDC_PAC,2.356187464934279,0.9798866717897607
trunc_laplace,4,491035,HetLDC,2.2463739514080046,0.9687489106235587
trunc_laplace,4,491030,FH_PAC,1.9455115010117376,0.9227659171196221
trunc_laplace,4,491030,CP_PAC,2.3623883153216667,0.9804783424727515
trunc_laplace,4,491030,LDC_PAC,2.2375271949870768,0.9677948712037445
trunc_laplace,4,491030,HetLDC,2.1374534952986353,0.9563669361358411
trunc_laplace,4,491031,FH_PAC,1.7464405888099197,0.893893038653492
trunc_laplace,4,491031,CP_PAC,2.1146283154892824,0.9535890711741841
trunc_laplace,4,491031,LDC_PAC,1.9135118920412406,0.9260308043463952
trunc_laplace,4,491031,HetLDC,1.7818836277440615,0.9045987592360123
trunc_laplace,4,491044,FH_PAC,2.0592089212411304,0.9464732106298493
trunc_laplace,4,491044,CP_PAC,2.39085111922957,0.9831456342173286
trunc_laplace,4,491044,LDC_PAC,2.237886281775522,0.9678337669899437
trunc_laplace,4,491044,HetLDC,2.125547567831941,0.954926216315187
trunc_laplace,4,491045,FH_PAC,2.416123903172736,0.9845652746096216
trunc_laplace,4,491045,CP_PAC,2.7961037558912656,1.0
trunc_laplace,4,491045,LDC_PAC,2.7285307173593143,1.0
trunc_laplace,4,491045,HetLDC,2.627818338930328,1.0
trunc_laplace,4,491046,FH_PAC,2.229836366953654,0.9652955376189792
trunc_laplace,4,491046,CP_PAC,2.630940582534522,1.0
trunc_laplace,4,491046,LDC_PAC,2.5057677518258243,0.9931443676020781
trunc_laplace,4,491046,HetLDC,2.388997039880608,0.98297428641915
trunc_laplace,4,491047,FH_PAC,1.83843268922905,0.9140088581471526
trunc_laplace,4,491047,CP_PAC,2.266796131414304,0.9709179215868204
trunc_laplace,4,491047,LDC_PAC,2.108514394251633,0.9528336975652412
trunc_laplace,4,491047,HetLDC,1.9927693117508325,0.9375858700752813
trunc_laplace,4,491038,FH_PAC,2.140080330502687,0.9544959903086923
trunc_laplace,4,491038,CP_PAC,2.6751591571236886,1.0
trunc_laplace,4,491038,LDC_PAC,2.5337669197571913,0.9954042870802144
trunc_laplace,4,491038,HetLDC,2.4113435422004734,0.985017567421572
trunc_laplace,4,491039,FH_PAC,2.298038988667289,0.9740973645401798
trunc_laplace,4,491039,CP_PAC,2.628963939534885,1.0
trunc_laplace,4,491039,LDC_PAC,2.503885151998887,0.9929900346845564
trunc_laplace,4,491039,HetLDC,2.38771347574906,0.9828554694664793
trunc_laplace,4,491036,FH_PAC,1.7892253209382685,0.9055972579579115
trunc_laplace,4,491036,CP_PAC,2.428481086137837,0.9865526089428154
trunc_laplace,4,491036,LDC_PAC,2.2868483434544733,0.973003153616105
trunc_laplace,4,491036,HetLDC,2.1766635743993197,0.9609871700703216
trunc_laplace,4,491037,FH_PAC,2.097697122098407,0.9507005197646496
trunc_laplace,4,491037,CP_PAC,2.171051888466604,0.9603374592738563
trunc_laplace,4,491037,LDC_PAC,2.019455606994927,0.9412664427450508
trunc_laplace,4,491037,HetLDC,1.9109449079427756,0.9256403547593945
trunc_laplace,4,491040,FH_PAC,2.4054237148343485,0.9838741989271754
trunc_laplace,4,491040,CP_PAC,2.5350107811482956,0.9955031608333926
trunc_laplace,4,491040,LDC_PAC,2.414402023405955,0.9852935366146318
trunc_laplace,4,491040,HetLDC,2.307017055989461,0.9750569648373868
trunc_laplace,4,491041,FH_PAC,1.871268327453667,0.9194450390941045
trunc_laplace,4,491041,CP_PAC,2.4445270537895705,0.9879652142725122
trunc_laplace,4,491041,LDC_PAC,2.3153245917536798,0.9758904505968684
trunc_laplace,4,491041,HetLDC,2.207024244123275,0.9644370822235198
trunc_laplace,4,491042,FH_PAC,2.0052167906527583,0.9390672674389928
trunc_laplace,4,491042,CP_PAC,2.569103549998248,0.998163828197552
trunc_laplace,4,491042,LDC_PAC,2.4468727531980985,0.9881697441237178
trunc_laplace,4,491042,HetLDC,2.3283422766021107,0.9771820613024826
trunc_laplace,4,491043,FH_PAC,2.2300366302082777,0.9664579303056328
trunc_laplace,4,491043,CP_PAC,3.0046121186588346,1.0
trunc_laplace,4,491043,LDC_PAC,2.905702459310336,1.0
trunc_laplace,4,491043,HetLDC,2.8027598932237408,1.0
trunc_laplace,4,491054,FH_PAC,2.0963819969212985,0.9513199160457568
trunc_laplace,4,491054,CP_PAC,2.4494011398721134,0.9883896434492923
trunc_laplace,4,491054,LDC_PAC,2.3199410640286504,0.9763505037713465
trunc_laplace,4,491054,HetLDC,2.2097214052702014,0.9647383121680959
trunc_laplace,4,491055,FH_PAC,1.893691213382054,0.9218703293657476
trunc_laplace,4,491055,CP_PAC,1.9542167779506001,0.9320844911921069
trunc_laplace,4,491055,LDC_PAC,1.7550753624158413,0.8998613447559496
trunc_laplace,4,491055,HetLDC,1.6468650094886965,0.8793337105839658
trunc_laplace,4,491052,FH_PAC,2.2540000749018048,0.9693975035608917
trunc_laplace,4,491052,CP_PAC,2.7692824542189913,1.0
trunc_laplace,4,491052,LDC_PAC,2.6229154460882285,1.0
trunc_laplace,4,491052,HetLDC,2.5013627939643315,0.9927827796728619
trunc_laplace,4,491053,FH_PAC,2.386507246053541,0.9823681301093259
trunc_laplace,4,491053,CP_PAC,2.6071634074318797,1.0
trunc_laplace,4,491053,LDC_PAC,2.509116859208508,0.9934181747736772
trunc_laplace,4,491053,HetLDC,2.402247446134324,0.984191597516662
trunc_laplace,4,491048,FH_PAC,1.9334299203264742,0.9248261631465196
trunc_laplace,4,491048,CP_PAC,2.1487302020311523,0.9577151150896215
trunc_laplace,4,491048,LDC_PAC,1.9857228748138114,0.9365968071161825
trunc_laplace,4,491048,HetLDC,1.867689488500269,0.9189013218929749
trunc_laplace,4,491049,FH_PAC,2.1480565953327053,0.9572986080829409
trunc_laplace,4,491049,CP_PAC,2.835430668350017,1.0
trunc_laplace,4,491049,LDC_PAC,2.766907221963808,1.0
trunc_laplace,4,491049,HetLDC,2.66521299485208,1.0
trunc_laplace,4,491056,FH_PAC,2.016610754609868,0.9399598155652292
trunc_laplace,4,491056,CP_PAC,2.3570092499829687,0.9799653047493457
trunc_laplace,4,491056,LDC_PAC,2.2062095896019773,0.9643459315256226
trunc_laplace,4,491056,HetLDC,2.08099540756165,0.9493734571867818
trunc_laplace,4,491057,FH_PAC,2.0672497916182384,0.9447804053033706
trunc_laplace,4,491057,CP_PAC,2.6869179988246144,1.0
trunc_laplace,4,491057,LDC_PAC,2.5590819184403806,0.9973915143186849
trunc_laplace,4,491057,HetLDC,2.4416064362544954,0.9877098548501382
trunc_laplace,4,491050,FH_PAC,1.8911201783131935,0.9220022324156724
trunc_laplace,4,491050,CP_PAC,2.6441521651565973,1.0
trunc_laplace,4,491050,LDC_PAC,2.518350764116086,0.9941681598311991
trunc_laplace,4,491050,HetLDC,2.404001711224292,0.9843515038728494
trunc_laplace,4,491051,FH_PAC,2.1130502862096763,0.9533445905455944
trunc_laplace,4,491051,CP_PAC,2.725060040064389,1.0
trunc_laplace,4,491051,LDC_PAC,2.5661303577809793,0.9979355417372866
trunc_laplace,4,491051,HetLDC,2.456083355259654,0.9889680263849829
trunc_laplace,4,491058,FH_PAC,2.239913338830785,0.967969784802331
trunc_laplace,4,491058,CP_PAC,2.6224545760290887,1.0
trunc_laplace,4,491058,LDC_PAC,2.4695090018240045,0.99011797529867
trunc_laplace,4,491058,HetLDC,2.3406195404229218,0.9783842424662104
trunc_laplace,4,491059,FH_PAC,2.435263965568994,0.9802113349100549
trunc_laplace,4,491059,CP_PAC,2.7332577606560537,1.0
trunc_laplace,4,491059,LDC_PAC,2.6555318503826935,1.0
trunc_laplace,4,491059,HetLDC,2.5544088775308444,0.9970286187080757
trunc_laplace,4,491062,FH_PAC,2.132963754936461,0.9556892618126964
trunc_laplace,4,491062,CP_PAC,2.425435549077045,0.9862818155497917
trunc_laplace,4,491062,LDC_PAC,2.297242144972832,0.9740669655406762
trunc_laplace,4,491062,HetLDC,2.187386920013722,0.9622181723820427
trunc_laplace,4,491063,FH_PAC,1.9817835300493067,0.9339820599092492
trunc_laplace,4,491063,CP_PAC,2.118935747359727,0.9541183684127974
trunc_laplace,4,491063,LDC_PAC,1.95818869200774,0.9326615523797934
trunc_laplace,4,491063,HetLDC,1.8477280856042984,0.9156873844360951
trunc_laplace,4,491064,FH_PAC,2.2725217238666793,0.9713219908946795
trunc_laplace,4,491064,CP_PAC,2.5034864620032784,0.9929573117288717
trunc_laplace,4,491064,LDC_PAC,2.3971036157961003,0.9837210321207515
trunc_laplace,4,491064,HetLDC,2.2850978508904705,0.9728228521482087
trunc_laplace,4,491065,FH_PAC,2.0778670758556657,0.9483807661041729
trunc_laplace,4,491065,CP_PAC,2.4916627090781205,0.9919806512695111
trunc_laplace,4,491065,LDC_PAC,2.359968950125096,0.9802479474478225
trunc_laplace,4,491065,HetLDC,2.2368401055504004,0.9677204060038231
trunc_laplace,4,491060,FH_PAC,2.057007171664498,0.9460882059691043
trunc_laplace,4,491060,CP_PAC,2.4458968779429147,0.9880847148828242
trunc_laplace,4,491060,LDC_PAC,2.341961236446932,0.9785146897086878
trunc_laplace,4,491060,HetLDC,2.235068030336628,0.9675281060054419
trunc_laplace,4,491061,FH_PAC,1.860513863120923,0.9152497574445189
trunc_laplace,4,491061,CP_PAC,2.1936948081099006,0.962935889943207
trunc_laplace,4,491061,LDC_PAC,2.040517457831061,0.9440998149693636
trunc_laplace,4,491061,HetLDC,1.93600836566467,0.9294082573766083
trunc_laplace,4,491070,FH_PAC,2.1339554101733498,0.9559449511740603
trunc_laplace,4,491070,CP_PAC,2.6576321108328003,1.0
trunc_laplace,4,491070,LDC_PAC,2.570144782560478,0.9982436084686253
trunc_laplace,4,491070,HetLDC,2.460557216487427,0.9893530170752358
trunc_laplace,4,491071,FH_PAC,2.090540409841543,0.9490950318818191
trunc_laplace,4,491071,CP_PAC,2.2856509528137003,0.9728798574579396
trunc_laplace,4,491071,LDC_PAC,2.152348282633681,0.9581443229350588
trunc_laplace,4,491071,HetLDC,2.0422535631152816,0.9443306017122306
trunc_laplace,4,491066,FH_PAC,1.9596033057637527,0.9317471018403877
trunc_laplace,4,491066,CP_PAC,2.40077461522945,0.9840571185701181
trunc_laplace,4,491066,LDC_PAC,2.188300962804043,0.9623224658317615
trunc_laplace,4,491066,HetLDC,2.052700453076607,0.945710555424276
trunc_laplace,4,491067,FH_PAC,2.1972576088078166,0.963324400152477
trunc_laplace,4,491067,CP_PAC,2.526645203974015,0.9948357099322922
trunc_laplace,4,491067,LDC_PAC,2.4064344571112692,0.9845727720567299
trunc_laplace,4,491067,HetLDC,2.295055998878831,0.9738441689251407
trunc_laplace,4,491076,FH_PAC,1.8739309394046404,0.9175827783696011
trunc_laplace,4,491076,CP_PAC,2.204087130154742,0.9641080880487625
trunc_laplace,4,491076,LDC_PAC,2.0630713107726795,0.9470656731425366
trunc_laplace,4,491076,HetLDC,1.9462601846514094,0.930921297958919
trunc_laplace,4,491077,FH_PAC,2.270639403430269,0.971273668241531
trunc_laplace,4,491077,CP_PAC,2.4809985435814434,0.9910893838583725
trunc_laplace,4,491077,LDC_PAC,2.3629595377803043,0.9805326549334725
trunc_laplace,4,491077,HetLDC,2.2533436337615145,0.9694943499553319
trunc_laplace,4,491074,FH_PAC,2.0621012460053536,0.9469256397886634
trunc_laplace,4,491074,CP_PAC,2.440997274100159,0.9876564956353271
trunc_laplace,4,491074,LDC_PAC,2.298634568132682,0.974208606892061
trunc_laplace,4,491074,HetLDC,2.196538115149032,0.9632578633680011
trunc_laplace,4,491075,FH_PAC,2.173655508729971,0.9604289313501356
trunc_laplace,4,491075,CP_PAC,2.574732470538171,0.9985940915905811
trunc_laplace,4,491075,LDC_PAC,2.452233865364661,0.9886353239348675
trunc_laplace,4,491075,HetLDC,2.334266796044955,0.9777641082944446
trunc_laplace,4,491080,FH_PAC,1.9759320883289122,0.9329130093223814
trunc_laplace,4,491080,CP_PAC,2.3625338064878676,0.9804921790047134
trunc_laplace,4,491080,LDC_PAC,2.18330687474364,0.9617514195783934
trunc_laplace,4,491080,HetLDC,2.0612425040901763,0.9468277737331665
trunc_laplace,4,491081,FH_PAC,1.8200663796973438,0.9087178280582451
trunc_laplace,4,491081,CP_PAC,2.1676243983077335,0.959938755924485
trunc_laplace,4,491081,LDC_PAC,2.0031837164365354,0.9390344257085821
trunc_laplace,4,491081,HetLDC,1.8925019375528156,0.9228041480632192
trunc_laplace,4,491084,FH_PAC,1.6991049538044423,0.8869526255876095
trunc_laplace,4,491084,CP_PAC,2.095663921900405,0.9512302346583241
trunc_laplace,4,491084,LDC_PAC,1.882108555576086,0.9211816259586447
trunc_laplace,4,491084,HetLDC,1.7745721765270601,0.9033198279061083
trunc_laplace,4,491085,FH_PAC,2.044836487137715,0.9443847084127619
trunc_laplace,4,491085,CP_PAC,2.487355683176079,0.9916218806262413
trunc_laplace,4,491085,LDC_PAC,2.381658296303002,0.9822928033867337
trunc_laplace,4,491085,HetLDC,2.274917520630908,0.9717677242334513
trunc_laplace,4,491068,FH_PAC,2.556401159325395,0.9925127752509999
trunc_laplace,4,491068,CP_PAC,2.825665718327774,1.0
trunc_laplace,4,491068,LDC_PAC,2.7194020413655196,1.0
trunc_laplace,4,491068,HetLDC,2.6123944384068363,1.0
trunc_laplace,4,491069,FH_PAC,2.2606045057571382,0.968249107517749
trunc_laplace,4,491069,CP_PAC,2.6922920683744076,1.0
trunc_laplace,4,491069,LDC_PAC,2.59104412075409,0.9998267489159729
trunc_laplace,4,491069,HetLDC,2.4792845036348696,0.990945204359261
trunc_laplace,4,491078,FH_PAC,2.114973188689883,0.9500827391705531
trunc_laplace,4,491078,CP_PAC,2.447132673435348,0.9881923767093164
trunc_laplace,4,491078,LDC_PAC,2.2614878884056364,0.9703585768522909
trunc_laplace,4,491078,HetLDC,2.132823869983845,0.9558088365158963
trunc_laplace,4,491079,FH_PAC,1.8465978829890555,0.9147135040065187
trunc_laplace,4,491079,CP_PAC,2.167186616484554,0.9598877281495908
trunc_laplace,4,491079,LDC_PAC,1.9753859980629354,0.9351326689264732
trunc_laplace,4,491079,HetLDC,1.8634833182707753,0.9182296499213707
trunc_laplace,4,491072,FH_PAC,2.121963409888146,0.9533531193207849
trunc_laplace,4,491072,CP_PAC,2.4744179650395983,0.9905344391783966
trunc_laplace,4,491072,LDC_PAC,2.356692044850978,0.979934960786691
trunc_laplace,4,491072,HetLDC,2.257186680192958,0.9699030693568607
trunc_laplace,4,491073,FH_PAC,2.0989050829001394,0.9492656659785984
trunc_laplace,4,491073,CP_PAC,3.058819437356579,1.0
trunc_laplace,4,491073,LDC_PAC,2.9848973866217725,1.0
trunc_laplace,4,491073,HetLDC,2.8838472831965425,1.0
trunc_laplace,4,491082,FH_PAC,2.436104364015238,0.9871887271459874
trunc_laplace,4,491082,CP_PAC,2.649563389616974,1.0
trunc_laplace,4,491082,LDC_PAC,2.5369731683907557,0.9956588891502458
trunc_laplace,4,491082,HetLDC,2.4247035498838905,0.9862166016458866
trunc_laplace,4,491083,FH_PAC,2.097779255541989,0.9514219593374411
trunc_laplace,4,491083,CP_PAC,2.895628436173949,1.0
trunc_laplace,4,491083,LDC_PAC,2.786733699351929,1.0
trunc_laplace,4,491083,HetLDC,2.6846607312359505,1.0
trunc_laplace,4,491086,FH_PAC,2.005134056584036,0.9393039335287623
trunc_laplace,4,491086,CP_PAC,2.5798972329843646,0.9989866595179357
trunc_laplace,4,491086,LDC_PAC,2.470267396860833,0.9901824549477922
trunc_laplace,4,491086,HetLDC,2.353921944720849,0.9796695448680781
trunc_laplace,4,491087,FH_PAC,1.9964015561053197,0.9378373916960009
trunc_laplace,4,491087,CP_PAC,2.4945830971896177,0.9922230011533855
trunc_laplace,4,491087,LDC_PAC,2.3349815666266496,0.9778340871993103
trunc_laplace,4,491087,HetLDC,2.2320150965410184,0.9671959764846729
trunc_laplace,4,491088,FH_PAC,2.2082282164303946,0.9614222356051793
trunc_laplace,4,491088,CP_PAC,2.5500307781297606,0.9966870188066062
trunc_laplace,4,491088,LDC_PAC,2.4416700834702527,0.9877154280360583
trunc_laplace,4,491088,HetLDC,2.324525563434607,0.9768051836543648
trunc_laplace,4,491089,FH_PAC,2.1080898590316357,0.9521293605872316
trunc_laplace,4,491089,CP_PAC,2.386240384729885,0.9827189122051507
trunc_laplace,4,491089,LDC_PAC,2.233570538564762,0.9673653256105563
trunc_laplace,4,491089,HetLDC,2.1170853615487593,0.9538912843300342
trunc_laplace,4,491090,FH_PAC,2.2210893871933415,0.9656336976987493
trunc_laplace,4,491090,CP_PAC,2.6068185334743927,1.0
trunc_laplace,4,491090,LDC_PAC,2.469038355470818,0.9900779347291393
trunc_laplace,4,491090,HetLDC,2.3547151871363736,0.9797456274140832
trunc_laplace,4,491091,FH_PAC,1.9820355058088797,0.9357439071442324
trunc_laplace,4,491091,CP_PAC,2.35032208571157,0.9793234781299085
trunc_laplace,4,491091,LDC_PAC,2.226098711058992,0.9665493126577875
trunc_laplace,4,491091,HetLDC,2.111581598399802,0.9532132520843866
trunc_laplace,4,491096,FH_PAC,1.9541020225009766,0.930462767910386
trunc_laplace,4,491096,CP_PAC,2.16967663947559,0.9601776544128202
trunc_laplace,4,491096,LDC_PAC,2.018176386401135,0.941092340654754
trunc_laplace,4,491096,HetLDC,1.9095167717587649,0.9254226759276183
trunc_laplace,4,491097,FH_PAC,2.0934548518764484,0.949147952042781
trunc_laplace,4,491097,CP_PAC,2.602425304943144,1.0
trunc_laplace,4,491097,LDC_PAC,2.504556940639056,0.9930451417633035
trunc_laplace,4,491097,HetLDC,2.3973354882696483,0.9837422985493061
trunc_laplace,4,491094,FH_PAC,1.9357768047323065,0.9290064067597932
trunc_laplace,4,491094,CP_PAC,2.537790987896841,0.9957236944578918
trunc_laplace,4,491094,LDC_PAC,2.4299504093800484,0.9866829462636579
trunc_laplace,4,491094,HetLDC,2.327224659063197,0.9770718585423022
trunc_laplace,4,491095,FH_PAC,1.8064169060162418,0.9062890423687386
trunc_laplace,4,491095,CP_PAC,2.4668301428962955,0.9898898068033852
trunc_laplace,4,491095,LDC_PAC,2.33644887859715,0.977977579544578
trunc_laplace,4,491095,HetLDC,2.2347864197049296,0.9674975137662731
trunc_laplace,4,491092,FH_PAC,2.1683266288155236,0.9581229306871395
trunc_laplace,4,491092,CP_PAC,2.647570986355513,1.0
trunc_laplace,4,491092,LDC_PAC,2.4302389600158767,0.9867085188872351
trunc_laplace,4,491092,HetLDC,2.306595987332854,0.9750145268762629
trunc_laplace,4,491093,FH_PAC,2.2222783117743754,0.9661117451614482
trunc_laplace,4,491093,CP_PAC,2.567155822464694,0.9980143585507497
trunc_laplace,4,491093,LDC_PAC,2.4314719681264787,0.9868177068055801
trunc_laplace,4,491093,HetLDC,2.316928342614136,0.9760505230867738
trunc_laplace,4,491102,FH_PAC,1.9321397281991324,0.9267112240405802
trunc_laplace,4,491102,CP_PAC,2.2981081287298686,0.9741550801220413
trunc_laplace,4,491102,LDC_PAC,2.164078936938803,0.9595248269941559
trunc_laplace,4,491102,HetLDC,2.0567434704002654,0.946240584116939
trunc_laplace,4,491103,FH_PAC,2.259786467540762,0.9694569131925241
trunc_laplace,4,491103,CP_PAC,2.3409443773369296,0.9784158416908619
trunc_laplace,4,491103,LDC_PAC,2.1774851506728643,0.9610819719407298
trunc_laplace,4,491103,HetLDC,2.049208084563184,0.9452509125953052
trunc_laplace,4,491098,FH_PAC,1.9183407421214331,0.9241067230553752
trunc_laplace,4,491098,CP_PAC,2.5028896010099904,0.9929082982109487
trunc_laplace,4,491098,LDC_PAC,2.3838090796217153,0.9824930679334782
trunc_laplace,4,491098,HetLDC,2.265976668887157,0.9708317744936374
trunc_laplace,4,491099,FH_PAC,2.1213949951206454,0.9540648983109762
trunc_laplace,4,491099,CP_PAC,2.6366926660646786,1.0
trunc_laplace,4,491099,LDC_PAC,2.511246167230322,0.9935917602040734
trunc_laplace,4,491099,HetLDC,2.4200109795856575,0.9857973551456456
trunc_laplace,4,491100,FH_PAC,2.1765726854184306,0.9569434237564255
trunc_laplace,4,491100,CP_PAC,2.638410113486458,1.0
trunc_laplace,4,491100,LDC_PAC,2.526293838206146,0.9948075484291818
trunc_laplace,4,491100,HetLDC,2.4158565787301955,0.9854244737118045
trunc_laplace,4,491101,FH_PAC,2.0971022356513895,0.9467054197218124
trunc_laplace,4,491101,CP_PAC,2.444699571944824,0.9879802737969277
trunc_laplace,4,491101,LDC_PAC,2.315487991674643,0.9759067720124288
trunc_laplace,4,491101,HetLDC,2.1922543166464443,0.9627724052497983
trunc_laplace,4,491110,FH_PAC,2.1863020460080276,0.9620904293969595
trunc_laplace,4,491110,CP_PAC,2.4161697577673955,0.9854526396826768
trunc_laplace,4,491110,LDC_PAC,2.3134973368646987,0.9757077432328993
trunc_laplace,4,491110,HetLDC,2.200809307036133,0.9637397380960695
trunc_laplace,4,491111,FH_PAC,1.7362503974033328,0.8963821494358384
trunc_laplace,4,491111,CP_PAC,2.313049519832597,0.9756629128180632
trunc_laplace,4,491111,LDC_PAC,2.108339724668133,0.9528120463213299
trunc_laplace,4,491111,HetLDC,1.9782446506256897,0.9355391552558578
trunc_laplace,4,491114,FH_PAC,1.9624556408838054,0.9332763627484566
trunc_laplace,4,491114,CP_PAC,2.432192412003364,0.9868814400959454
trunc_laplace,4,491114,LDC_PAC,2.2903432191016613,0.9733621440280205
trunc_laplace,4,491114,HetLDC,2.16846525161576,0.960036700310472
trunc_laplace,4,491115,FH_PAC,2.125411659205981,0.9549083952241118
trunc_laplace,4,491115,CP_PAC,2.2720594612730896,0.9714694843351093
trunc_laplace,4,491115,LDC_PAC,2.1266948238081005,0.9550658244257579
trunc_laplace,4,491115,HetLDC,2.0191352904029976,0.9412228694140983
trunc_laplace,4,491112,FH_PAC,2.046910585902379,0.9449202399638448
trunc_laplace,4,491112,CP_PAC,2.5495385108028414,0.9966485121446427
trunc_laplace,4,491112,LDC_PAC,2.4411987344906576,0.9876741461967458
trunc_laplace,4,491112,HetLDC,2.331984538323024,0.9775403165497321
trunc_laplace,4,491113,FH_PAC,1.900797898379475,0.9236293845568462
trunc_laplace,4,491113,CP_PAC,2.3625882676651138,0.980497357843142
trunc_laplace,4,491113,LDC_PAC,2.237716579096058,0.9678153868450599
trunc_laplace,4,491113,HetLDC,2.133174128672324,0.9558511543699186
trunc_laplace,4,491104,FH_PAC,2.162020807538418,0.9592025001412804
trunc_laplace,4,491104,CP_PAC,2.737235757932801,1.0
trunc_laplace,4,491104,LDC_PAC,2.6593967249734463,1.0
trunc_laplace,4,491104,HetLDC,2.5551229504260125,0.9970841862195479
trunc_laplace,4,491105,FH_PAC,2.0875206639550394,0.9496167211940956
trunc_laplace,4,491105,CP_PAC,2.5308540160377246,0.9951722396377862
trunc_laplace,4,491105,LDC_PAC,2.4104430256105926,0.9849361451843326
trunc_laplace,4,491105,HetLDC,2.304184784719348,0.9747711513473849
trunc_laplace,4,491106,FH_PAC,2.115778141636657,0.951990055081271
trunc_laplace,4,491106,CP_PAC,2.6292888555484146,1.0
trunc_laplace,4,491106,LDC_PAC,2.5041946094127714,0.993015424391309
trunc_laplace,4,491106,HetLDC,2.38693062392438,0.9827829243105963
trunc_laplace,4,491107,FH_PAC,2.0573095611350545,0.9459830498869737
trunc_laplace,4,491107,CP_PAC,2.5112214990700776,0.9935897514130392
trunc_laplace,4,491107,LDC_PAC,2.3505554562007305,0.9793459522420553
trunc_laplace,4,491107,HetLDC,2.247796939478176,0.9689015462665287
trunc_laplace,4,491108,FH_PAC,1.9854728925775207,0.9365591977159463
trunc_laplace,4,491108,CP_PAC,2.6740844459934747,1.0
trunc_laplace,4,491108,LDC_PAC,2.560452230009573,0.9974975940164228
trunc_laplace,4,491108,HetLDC,2.455839819877557,0.9889470177488051
trunc_laplace,4,491109,FH_PAC,2.111678489388081,0.9528719648439085
trunc_laplace,4,491109,CP_PAC,2.3032401987644735,0.9746756422679173
trunc_laplace,4,491109,LDC_PAC,2.155880641413547,0.9585618019694757
trunc_laplace,4,491109,HetLDC,2.04060321764954,0.9441112251465396
trunc_laplace,4,491116,FH_PAC,1.8987484274424025,0.9221309324042045
trunc_laplace,4,491116,CP_PAC,2.4881709985264258,0.991689919252789
trunc_laplace,4,491116,LDC_PAC,2.3289797091624456,0.977244857880784
trunc_laplace,4,491116,HetLDC,2.195457222829714,0.9631355766235663
trunc_laplace,4,491117,FH_PAC,2.0599806944945493,0.9448935990177769
trunc_laplace,4,491117,CP_PAC,2.501042592289063,0.9927564305834355
trunc_laplace,4,491117,LDC_PAC,2.341027788139139,0.9784239539325383
trunc_laplace,4,491117,HetLDC,2.2099255817308867,0.9647610809415967
trunc_laplace,4,491118,FH_PAC,1.9804963161581135,0.9353909729782182
trunc_laplace,4,491118,CP_PAC,2.2112921242905412,0.9649133464031312
trunc_laplace,4,491118,LDC_PAC,2.0297730637336473,0.942662189644446
trunc_laplace,4,491118,HetLDC,1.9034983197679909,0.9245017627979637
trunc_laplace,4,491119,FH_PAC,1.9023820379930425,0.9240993777549584
trunc_laplace,4,491119,CP_PAC,2.3980056882160334,0.9838037377345694
trunc_laplace,4,491119,LDC_PAC,2.2961051290537164,0.9739511522873399
trunc_laplace,4,491119,HetLDC,2.188831886535165,0.9623829992717154
trunc_laplace,10,1091000,FH_PAC,2.062722503694737,0.9470155056342643
trunc_laplace,10,1091000,CP_PAC,2.3351574735438634,0.9778513011932646
trunc_laplace,10,1091000,LDC_PAC,2.1580073697131614,0.9588124128715818
trunc_laplace,10,1091000,HetLDC,2.0541029009581884,0.9458946658160161
trunc_laplace,10,1091001,FH_PAC,2.407005368677022,0.9784606251577048
trunc_laplace,10,1091001,CP_PAC,2.8877518313721326,1.0
trunc_laplace,10,1091001,LDC_PAC,2.792689128219782,1.0
trunc_laplace,10,1091001,HetLDC,2.681338535896832,1.0
trunc_laplace,10,1091002,FH_PAC,2.2340639821827755,0.9672091705121082
trunc_laplace,10,1091002,CP_PAC,2.6806356958693556,1.0
trunc_laplace,10,1091002,LDC_PAC,2.5667250918779336,0.9979812630348315
trunc_laplace,10,1091002,HetLDC,2.4588694222234513,0.9892079877398547
trunc_laplace,10,1091003,FH_PAC,1.839709521985148,0.9134373558017468
trunc_laplace,10,1091003,CP_PAC,2.2628971619807965,0.9705073781259195
trunc_laplace,10,1091003,LDC_PAC,2.047679300517989,0.9450491764867222
trunc_laplace,10,1091003,HetLDC,1.9311527484581388,0.9286859629807998
trunc_laplace,10,1091004,FH_PAC,2.1330094733906937,0.9523886343802657
trunc_laplace,10,1091004,CP_PAC,2.5227191214386746,0.9945204521863857
trunc_laplace,10,1091004,LDC_PAC,2.3755902719579645,0.981725367392432
trunc_laplace,10,1091004,HetLDC,2.268109074063793,0.9710557930315695
trunc_laplace,10,1091005,FH_PAC,1.8011820679998398,0.9058216141153203
trunc_laplace,10,1091005,CP_PAC,2.5104553324314436,0.993527334775405
trunc_laplace,10,1091005,LDC_PAC,2.3043787636654764,0.9747907533243638
trunc_laplace,10,1091005,HetLDC,2.1866667952135677,0.9621359351663532
trunc_laplace,10,1091006,FH_PAC,2.2880902208367297,0.9727487872565285
trunc_laplace,10,1091006,CP_PAC,2.623505755529009,1.0
trunc_laplace,10,1091006,LDC_PAC,2.5120228242050033,0.9936549789334399
trunc_laplace,10,1091006,HetLDC,2.404980776771525,0.9844406214039734
trunc_laplace,10,1091007,FH_PAC,2.171194208969057,0.9602838009578505
trunc_laplace,10,1091007,CP_PAC,2.487221330606249,0.9916106632579389
trunc_laplace,10,1091007,LDC_PAC,2.368886261917197,0.9810942688364763
trunc_laplace,10,1091007,HetLDC,2.264468252709006,0.9706730075824468
trunc_laplace,10,1091008,FH_PAC,2.1393583662412374,0.9565462969695048
trunc_laplace,10,1091008,CP_PAC,2.38413789193676,0.9825236448566526
trunc_laplace,10,1091008,LDC_PAC,2.2450913123698766,0.9686111351351743
trunc_laplace,10,1091008,HetLDC,2.156342825029123,0.9586163123761167
trunc_laplace,10,1091009,FH_PAC,1.9027332867058806,0.9240231993129548
trunc_laplace,10,1091009,CP_PAC,2.4428798003447496,0.9878212850106656
trunc_laplace,10,1091009,LDC_PAC,2.2723028114750363,0.9714949126902739
trunc_laplace,10,1091009,HetLDC,2.16932537763282,0.960136800784098
trunc_laplace,10,1091012,FH_PAC,2.1576923750135855,0.9569597738473489
trunc_laplace,10,1091012,CP_PAC,2.7442847673659623,1.0
trunc_laplace,10,1091012,LDC_PAC,2.584233869492032,0.9993146530728885
trunc_laplace,10,1091012,HetLDC,2.470560346793036,0.9902073482465292
trunc_laplace,10,1091013,FH_PAC,1.995989491880647,0.9370223866415535
trunc_laplace,10,1091013,CP_PAC,2.906930705030731,1.0
trunc_laplace,10,1091013,LDC_PAC,2.7834039487163595,1.0
trunc_laplace,10,1091013,HetLDC,2.668291872255249,1.0
trunc_laplace,10,1091010,FH_PAC,1.943519435106701,0.9303502220324111
trunc_laplace,10,1091010,CP_PAC,2.357998335756616,0.980059856634941
trunc_laplace,10,1091010,LDC_PAC,2.193348296153196,0.9628965859375509
trunc_laplace,10,1091010,HetLDC,2.076750656328504,0.9488308246219308
trunc_laplace,10,1091011,FH_PAC,1.965328816061506,0.932697110404209
trunc_laplace,10,1091011,CP_PAC,2.450261256257457,0.9884643175558203
trunc_laplace,10,1091011,LDC_PAC,2.2643791301584346,0.9706636192553773
trunc_laplace,10,1091011,HetLDC,2.164967506494641,0.9596287103556049
trunc_laplace,10,1091014,FH_PAC,2.4577274804862688,0.9817218382334749
trunc_laplace,10,1091014,CP_PAC,3.1441062609314336,1.0
trunc_laplace,10,1091014,LDC_PAC,3.0546970128741227,1.0
trunc_laplace,10,1091014,HetLDC,2.942131688830557,1.0
trunc_laplace,10,1091015,FH_PAC,1.7350957170663723,0.8959408126078621
trunc_laplace,10,1091015,CP_PAC,2.2431950281745325,0.9684071065679183
trunc_laplace,10,1091015,LDC_PAC,2.0298509819143247,0.9426726733839481
trunc_laplace,10,1091015,HetLDC,1.9144034043761937,0.9261661628981557
trunc_laplace,10,1091016,FH_PAC,2.015072856943863,0.9406688647556958
trunc_laplace,10,1091016,CP_PAC,2.2901976460560567,0.9733472170033983
trunc_laplace,10,1091016,LDC_PAC,2.116458292120345,0.9538142292804346
trunc_laplace,10,1091016,HetLDC,2.0176575016959415,0.941021654127193
trunc_laplace,10,1091017,FH_PAC,2.05046138854946,0.9454106617158611
trunc_laplace,10,1091017,CP_PAC,2.4300305216708846,0.9866900469382409
trunc_laplace,10,1091017,LDC_PAC,2.3267691031694238,0.9770269015520268
trunc_laplace,10,1091017,HetLDC,2.2344162608047844,0.967457288582307
trunc_laplace,10,1091018,FH_PAC,1.9677319348991529,0.9333043719277074
trunc_laplace,10,1091018,CP_PAC,2.1615123351504995,0.9592242223049765
trunc_laplace,10,1091018,LDC_PAC,1.9106189963993885,0.925590707345469
trunc_laplace,10,1091018,HetLDC,1.7928419872270616,0.9064974422753198
trunc_laplace,10,1091019,FH_PAC,1.9365690744691941,0.9248797159365805
trunc_laplace,10,1091019,CP_PAC,2.6284226412883323,1.0
trunc_laplace,10,1091019,LDC_PAC,2.48950060481552,0.9918007517674936
trunc_laplace,10,1091019,HetLDC,2.388282489855198,0.9829081615881763
trunc_laplace,10,1091022,FH_PAC,1.726813222683127,0.8946800678050668
trunc_laplace,10,1091022,CP_PAC,2.027883838452187,0.9424077371077515
trunc_laplace,10,1091022,LDC_PAC,1.7925011674607385,0.9064387170733683
trunc_laplace,10,1091022,HetLDC,1.690834703728648,0.8879551799463519
trunc_laplace,10,1091023,FH_PAC,2.2351429959971036,0.9673395721569742
trunc_laplace,10,1091023,CP_PAC,2.7029398021040123,1.0
trunc_laplace,10,1091023,LDC_PAC,2.588081410161921,0.9996044152875141
trunc_laplace,10,1091023,HetLDC,2.4830464234608867,0.9912613072699052
trunc_laplace,10,1091020,FH_PAC,1.977667873720619,0.9352455277394
trunc_laplace,10,1091020,CP_PAC,2.4256573369781966,0.9863015648362947
trunc_laplace,10,1091020,LDC_PAC,2.2562829271062594,0.9698070998185835
trunc_laplace,10,1091020,HetLDC,2.1514583691280977,0.9580389038960009
trunc_laplace,10,1091021,FH_PAC,1.9405756108034946,0.9290253490861344
trunc_laplace,10,1091021,CP_PAC,2.3446747183793613,0.9787779524115237
trunc_laplace,10,1091021,LDC_PAC,2.1668026157413447,0.9598429499013921
trunc_laplace,10,1091021,HetLDC,2.0482448424561657,0.9451238420667802
trunc_laplace,10,1091024,FH_PAC,1.702799339691366,0.8902091194179682
trunc_laplace,10,1091024,CP_PAC,2.033492933796767,0.9431617414987952
trunc_laplace,10,1091024,LDC_PAC,1.8665689335992366,0.9187226713585965
trunc_laplace,10,1091024,HetLDC,1.7671729490351225,0.9020155746107685
trunc_laplace,10,1091025,FH_PAC,2.018650750250235,0.9408054780786195
trunc_laplace,10,1091025,CP_PAC,2.7163694322346137,1.0
trunc_laplace,10,1091025,LDC_PAC,2.600940363239346,1.0
trunc_laplace,10,1091025,HetLDC,2.498552461449108,0.9925512194942687
trunc_laplace,10,1091026,FH_PAC,2.2084890289317096,0.9635173872342151
trunc_laplace,10,1091026,CP_PAC,2.7449682945269713,1.0
trunc_laplace,10,1091026,LDC_PAC,2.6417393732043646,1.0
trunc_laplace,10,1091026,HetLDC,2.5360486937703675,0.9955855657275097
trunc_laplace,10,1091027,FH_PAC,1.971017199930222,0.9342440654037376
trunc_laplace,10,1091027,CP_PAC,2.3384590717473106,0.9781738055039768
trunc_laplace,10,1091027,LDC_PAC,2.1610585015257233,0.9591709847726717
trunc_laplace,10,1091027,HetLDC,2.0576549302387703,0.9463597656163194
trunc_laplace,10,1091028,FH_PAC,1.9584871997150768,0.9325310205059902
trunc_laplace,10,1091028,CP_PAC,2.551654727702457,0.9968139090219919
trunc_laplace,10,1091028,LDC_PAC,2.4028383092718637,0.9842454890888552
trunc_laplace,10,1091028,HetLDC,2.288050430214792,0.9731267785377471
trunc_laplace,10,1091029,FH_PAC,2.1234682024561446,0.9542529762389947
trunc_laplace,10,1091029,CP_PAC,2.60540068757709,1.0
trunc_laplace,10,1091029,LDC_PAC,2.4387091318074785,0.9874557639800252
trunc_laplace,10,1091029,HetLDC,2.3293428537553145,0.9772806143549113
trunc_laplace,10,1091030,FH_PAC,2.2070206480044248,0.9634910800496053
trunc_laplace,10,1091030,CP_PAC,2.5168021009324737,0.9940428797905927
trunc_laplace,10,1091030,LDC_PAC,2.341063399463231,0.9784274171498697
trunc_laplace,10,1091030,HetLDC,2.232005128990863,0.9671948903790282
trunc_laplace,10,1091031,FH_PAC,1.9347474548757952,0.9291889967531685
trunc_laplace,10,1091031,CP_PAC,2.599571856777297,1.0
trunc_laplace,10,1091031,LDC_PAC,2.46217469293157,0.989491764740021
trunc_laplace,10,1091031,HetLDC,2.3477284460996577,0.9790733360981583
trunc_laplace,10,1091032,FH_PAC,1.845451918730964,0.9150581515545906
trunc_laplace,10,1091032,CP_PAC,2.442122200342764,0.9877550064167617
trunc_laplace,10,1091032,LDC_PAC,2.285877078087419,0.9729031535326533
trunc_laplace,10,1091032,HetLDC,2.185484784720973,0.9620008172922021
trunc_laplace,10,1091033,FH_PAC,2.199627702636676,0.9635379383547749
trunc_laplace,10,1091033,CP_PAC,2.7596500271982096,1.0
trunc_laplace,10,1091033,LDC_PAC,2.598703003797708,1.0
trunc_laplace,10,1091033,HetLDC,2.474776775651615,0.990564796205945
trunc_laplace,10,1091034,FH_PAC,2.0944947393626685,0.9510198706903209
trunc_laplace,10,1091034,CP_PAC,2.72162637231625,1.0
trunc_laplace,10,1091034,LDC_PAC,2.605973915554876,1.0
trunc_laplace,10,1091034,HetLDC,2.4982728278541213,0.9925281416508618
trunc_laplace,10,1091035,FH_PAC,2.0243873896089086,0.9418223245247439
trunc_laplace,10,1091035,CP_PAC,2.324710494056837,0.9768234790575128
trunc_laplace,10,1091035,LDC_PAC,2.1891298115069464,0.9624169526028887
trunc_laplace,10,1091035,HetLDC,2.0886302042198435,0.9503434336983341
trunc_laplace,10,1091036,FH_PAC,1.982697905294943,0.9361684937309142
trunc_laplace,10,1091036,CP_PAC,2.2135160543242165,0.9651606817562994
trunc_laplace,10,1091036,LDC_PAC,2.0318144372945603,0.9429365714262294
trunc_laplace,10,1091036,HetLDC,1.9205795398313816,0.9271004387037984
trunc_laplace,10,1091037,FH_PAC,2.3486945599743283,0.9779768889624343
trunc_laplace,10,1091037,CP_PAC,2.6244133018408147,1.0
trunc_laplace,10,1091037,LDC_PAC,2.485703174058869,0.9914837999916397
trunc_laplace,10,1091037,HetLDC,2.387440457612077,0.9828301762032718
trunc_laplace,10,1091038,FH_PAC,1.808462393941516,0.9079917186409497
trunc_laplace,10,1091038,CP_PAC,2.732975427198053,1.0
trunc_laplace,10,1091038,LDC_PAC,2.5885273821947536,0.9996379267522357
trunc_laplace,10,1091038,HetLDC,2.473927527852296,0.9904929275555951
trunc_laplace,10,1091039,FH_PAC,2.3100483635117066,0.9747548272402664
trunc_laplace,10,1091039,CP_PAC,2.861573996659459,1.0
trunc_laplace,10,1091039,LDC_PAC,2.739974622739344,1.0
trunc_laplace,10,1091039,HetLDC,2.62321437864151,1.0
trunc_laplace,10,1091042,FH_PAC,1.612312756787053,0.8718547879267515
trunc_laplace,10,1091042,CP_PAC,2.286456768869035,0.9729628498487399
trunc_laplace,10,1091042,LDC_PAC,2.1268022043016694,0.9550788828724923
trunc_laplace,10,1091042,HetLDC,2.030600072352531,0.9427734185851566
trunc_laplace,10,1091043,FH_PAC,1.9722518460180458,0.9332404701064809
trunc_laplace,10,1091043,CP_PAC,2.307329450491962,0.9750884378887901
trunc_laplace,10,1091043,LDC_PAC,2.0878857575269842,0.9502491936325947
trunc_laplace,10,1091043,HetLDC,1.9880175646791045,0.9369196964801474
trunc_laplace,10,1091040,FH_PAC,1.7833183814983964,0.9032347816452493
trunc_laplace,10,1091040,CP_PAC,2.3941521674031065,0.9834498870351167
trunc_laplace,10,1091040,LDC_PAC,2.2409761313958607,0.9681678539223264
trunc_laplace,10,1091040,HetLDC,2.1423480669838986,0.9569540514943875
trunc_laplace,10,1091041,FH_PAC,1.9368780730522492,0.9295112065544807
trunc_laplace,10,1091041,CP_PAC,2.1845719407621416,0.9618963542952932
trunc_laplace,10,1091041,LDC_PAC,1.9912326842174661,0.9373708029141092
trunc_laplace,10,1091041,HetLDC,1.8978114955912717,0.923626265565908
trunc_laplace,10,1091044,FH_PAC,1.8272602760027075,0.9112806403302325
trunc_laplace,10,1091044,CP_PAC,2.265637436622268,0.9707960906926236
trunc_laplace,10,1091044,LDC_PAC,2.1206836754134115,0.9543324764396015
trunc_laplace,10,1091044,HetLDC,2.02430473840181,0.9419243048720867
trunc_laplace,10,1091045,FH_PAC,2.01762207891535,0.9404848285576092
trunc_laplace,10,1091045,CP_PAC,2.414783120836532,0.9853278616962915
trunc_laplace,10,1091045,LDC_PAC,2.2739492645047563,0.9716667857958265
trunc_laplace,10,1091045,HetLDC,2.170167871464881,0.9602347622199936
trunc_laplace,10,1091046,FH_PAC,2.0402433436025618,0.9437920325732541
trunc_laplace,10,1091046,CP_PAC,2.4912854802194007,0.991949292870419
trunc_laplace,10,1091046,LDC_PAC,2.33189492868385,0.9775315188077771
trunc_laplace,10,1091046,HetLDC,2.2314853044088148,0.9671382324814626
trunc_laplace,10,1091047,FH_PAC,2.1406923892930605,0.951992984089776
trunc_laplace,10,1091047,CP_PAC,2.7082553021508273,1.0
trunc_laplace,10,1091047,LDC_PAC,2.5931710340026624,0.9999859378384577
trunc_laplace,10,1091047,HetLDC,2.484097458253642,0.9913494011389128
trunc_laplace,10,1091048,FH_PAC,1.4843321236465585,0.8433541635949817
trunc_laplace,10,1091048,CP_PAC,1.9506934252110237,0.9315705946179302
trunc_laplace,10,1091048,LDC_PAC,1.7098831974185251,0.8915691475060652
trunc_laplace,10,1091048,HetLDC,1.6079187245568671,0.87135990305798
trunc_laplace,10,1091049,FH_PAC,1.7601688486420843,0.9007696962090066
trunc_laplace,10,1091049,CP_PAC,2.214907409562916,0.9653151304363017
trunc_laplace,10,1091049,LDC_PAC,2.0468797360441817,0.9449435389384657
trunc_laplace,10,1091049,HetLDC,1.937466885988633,0.9296245052000263
trunc_laplace,10,1091050,FH_PAC,1.7380578397297912,0.8945417139881119
trunc_laplace,10,1091050,CP_PAC,2.4416724740317397,0.987715637355266
trunc_laplace,10,1091050,LDC_PAC,2.271179788158444,0.9713775109332925
trunc_laplace,10,1091050,HetLDC,2.1588643520515283,0.9589132415211763
trunc_laplace,10,1091051,FH_PAC,1.9349494901513122,0.9284939791088207
trunc_laplace,10,1091051,CP_PAC,2.5578051904533763,0.9972925426563934
trunc_laplace,10,1091051,LDC_PAC,2.4226155522358543,0.98603030784958
trunc_laplace,10,1091051,HetLDC,2.311626092931099,0.9755202761506898
trunc_laplace,10,1091052,FH_PAC,1.5994654503796506,0.8695810986247614
trunc_laplace,10,1091052,CP_PAC,2.419872460787714,0.9857849483063248
trunc_laplace,10,1091052,LDC_PAC,2.2212315978621007,0.9660143348832606
trunc_laplace,10,1091052,HetLDC,2.108847563750305,0.9528749847985791
trunc_laplace,10,1091053,FH_PAC,2.1145660386535416,0.9535720534644342
trunc_laplace,10,1091053,CP_PAC,2.4395160608096855,0.9875266080592144
trunc_laplace,10,1091053,LDC_PAC,2.3234506760883367,0.976698773893312
trunc_laplace,10,1091053,HetLDC,2.2208762023554214,0.9659751644266175
trunc_laplace,10,1091054,FH_PAC,1.7759598027788501,0.9015402091850077
trunc_laplace,10,1091054,CP_PAC,2.3038759593263447,0.9747399357129596
trunc_laplace,10,1091054,LDC_PAC,2.099978043750304,0.9517709426531482
trunc_laplace,10,1091054,HetLDC,1.9898498791784855,0.9371769699335668
trunc_laplace,10,1091055,FH_PAC,1.8532097504297336,0.9152480336395441
trunc_laplace,10,1091055,CP_PAC,2.7694832495338684,1.0
trunc_laplace,10,1091055,LDC_PAC,2.6653324041341495,1.0
trunc_laplace,10,1091055,HetLDC,2.5518694881257775,0.9968306736274342
trunc_laplace,10,1091056,FH_PAC,2.1791115886296173,0.9605680645474829
trunc_laplace,10,1091056,CP_PAC,2.2939395088309085,0.973730187987369
trunc_laplace,10,1091056,LDC_PAC,2.1199162890803236,0.9542385254583949
trunc_laplace,10,1091056,HetLDC,2.011267205094032,0.9401479739360561
trunc_laplace,10,1091057,FH_PAC,1.854907140452666,0.9147768422199847
trunc_laplace,10,1091057,CP_PAC,2.3087013425364935,0.9752265316182143
trunc_laplace,10,1091057,LDC_PAC,2.1474935241437247,0.9575680378869778
trunc_laplace,10,1091057,HetLDC,2.0495964933674125,0.9453021152272381
trunc_laplace,10,1091058,FH_PAC,1.876564668651221,0.9194390636864449
trunc_laplace,10,1091058,CP_PAC,2.5771131359675232,0.9987753061136866
trunc_laplace,10,1091058,LDC_PAC,2.4545012653585485,0.9888314517099037
trunc_laplace,10,1091058,HetLDC,2.358724156580877,0.980129179616954
trunc_laplace,10,1091059,FH_PAC,1.9679193237856942,0.9338790829855299
trunc_laplace,10,1091059,CP_PAC,2.5064015799517843,0.9931962597966892
trunc_laplace,10,1091059,LDC_PAC,2.34604391184427,0.9789105093316262
trunc_laplace,10,1091059,HetLDC,2.2367448596692356,0.9677100792582265
trunc_laplace,10,1091060,FH_PAC,1.9043295704803704,0.9223248442505998
trunc_laplace,10,1091060,CP_PAC,2.316112723394297,0.9759691485173314
trunc_laplace,10,1091060,LDC_PAC,2.1543873965142453,0.9583855074339982
trunc_laplace,10,1091060,HetLDC,2.050044975044737,0.9453612112663747
trunc_laplace,10,1091061,FH_PAC,1.8762019904444813,0.9202493886159755
trunc_laplace,10,1091061,CP_PAC,2.19717717486904,0.9633300985583269
trunc_laplace,10,1091061,LDC_PAC,2.03049455535739,0.9427592323631171
trunc_laplace,10,1091061,HetLDC,1.9260182130496393,0.9279181883944263
trunc_laplace,10,1091062,FH_PAC,2.223745863465234,0.964774502790898
trunc_laplace,10,1091062,CP_PAC,2.373239901965853,0.9815046117007737
trunc_laplace,10,1091062,LDC_PAC,2.2075256018657585,0.9644931400395085
trunc_laplace,10,1091062,HetLDC,2.100471247520316,0.9518326032286366
trunc_laplace,10,1091063,FH_PAC,2.0395111983335923,0.9438842311614577
trunc_laplace,10,1091063,CP_PAC,2.2876653712718538,0.9730871952055296
trunc_laplace,10,1091063,LDC_PAC,2.0998770349863287,0.9517583105743959
trunc_laplace,10,1091063,HetLDC,1.9949382068100343,0.9378888436803279
trunc_laplace,10,1091066,FH_PAC,2.3005261451170487,0.9740786259861414
trunc_laplace,10,1091066,CP_PAC,2.6182520756255343,1.0
trunc_laplace,10,1091066,LDC_PAC,2.4936829287620017,0.9921483789104291
trunc_laplace,10,1091066,HetLDC,2.388179264315361,0.9828986049683182
trunc_laplace,10,1091067,FH_PAC,1.8510431794440574,0.9117163847646301
trunc_laplace,10,1091067,CP_PAC,2.491595780252728,0.9919750884894121
trunc_laplace,10,1091067,LDC_PAC,2.3462820917789524,0.9789335491293039
trunc_laplace,10,1091067,HetLDC,2.246063529190192,0.9687155833282435
trunc_laplace,10,1091064,FH_PAC,1.999906447145063,0.9366210780743411
trunc_laplace,10,1091064,CP_PAC,2.4144404488216846,0.9852969981736774
trunc_laplace,10,1091064,LDC_PAC,2.2599663839892834,0.970197679695203
trunc_laplace,10,1091064,HetLDC,2.1541088559037527,0.9583525921510665
trunc_laplace,10,1091065,FH_PAC,2.0712691373567758,0.9471228855346517
trunc_laplace,10,1091065,CP_PAC,2.473726436584704,0.9904759006333013
trunc_laplace,10,1091065,LDC_PAC,2.329454915648531,0.9772916456226737
trunc_laplace,10,1091065,HetLDC,2.2272955025495453,0.9666804447233601
trunc_laplace,10,1091068,FH_PAC,2.1762394734007007,0.9608134391592098
trunc_laplace,10,1091068,CP_PAC,2.1713258183669075,0.9603692627450326
trunc_laplace,10,1091068,LDC_PAC,1.9192933986450784,0.9269063775284163
trunc_laplace,10,1091068,HetLDC,1.8151240149018726,0.9102918173663037
trunc_laplace,10,1091069,FH_PAC,2.1517545403042178,0.9579587969146416
trunc_laplace,10,1091069,CP_PAC,2.352331532358255,0.9795168133123444
trunc_laplace,10,1091069,LDC_PAC,2.2018311487956175,0.9638547041246608
trunc_laplace,10,1091069,HetLDC,2.103334879379336,0.952189989792718
trunc_laplace,10,1091070,FH_PAC,1.7842706560053747,0.9041967807013382
trunc_laplace,10,1091070,CP_PAC,2.298593714151246,0.974204454034374
trunc_laplace,10,1091070,LDC_PAC,2.0799808527967976,0.9492439788396361
trunc_laplace,10,1091070,HetLDC,1.961807709042556,0.9331852652996098
trunc_laplace,10,1091071,FH_PAC,1.990607700819635,0.9372701095598994
trunc_laplace,10,1091071,CP_PAC,2.6860576593328944,1.0
trunc_laplace,10,1091071,LDC_PAC,2.5294026557306215,0.995056358098187
trunc_laplace,10,1091071,HetLDC,2.4178323874023016,0.9856020154329848
trunc_laplace,10,1091072,FH_PAC,2.0573978800390793,0.9440365109930935
trunc_laplace,10,1091072,CP_PAC,2.390546795652275,0.9831175323788164
trunc_laplace,10,1091072,LDC_PAC,2.194313198201502,0.9630059971348599
trunc_laplace,10,1091072,HetLDC,2.084599464184316,0.9498323036618559
trunc_laplace,10,1091073,FH_PAC,1.8982927192290058,0.9231948917167188
trunc_laplace,10,1091073,CP_PAC,2.65183297259719,1.0
trunc_laplace,10,1091073,LDC_PAC,2.5116736119403433,0.9936265599080212
trunc_laplace,10,1091073,HetLDC,2.406437229396198,0.9845730238872363
trunc_laplace,10,1091074,FH_PAC,2.0103822927662365,0.9399541627771152
trunc_laplace,10,1091074,CP_PAC,2.6303320645963013,1.0
trunc_laplace,10,1091074,LDC_PAC,2.5051881854775293,0.9930968878416793
trunc_laplace,10,1091074,HetLDC,2.3943430585569865,0.983467449174872
trunc_laplace,10,1091075,FH_PAC,1.971055552269364,0.9341189448434171
trunc_laplace,10,1091075,CP_PAC,2.2570871798039125,0.969892507841978
trunc_laplace,10,1091075,LDC_PAC,2.0994833817402294,0.9517090678983517
trunc_laplace,10,1091075,HetLDC,2.0057933283815577,0.9393949419075514
trunc_laplace,10,1091076,FH_PAC,2.208656584786267,0.9627647481608829
trunc_laplace,10,1091076,CP_PAC,2.943789586683891,1.0
trunc_laplace,10,1091076,LDC_PAC,2.8468821611282324,1.0
trunc_laplace,10,1091076,HetLDC,2.7486031946390157,1.0
trunc_laplace,10,1091077,FH_PAC,2.237586876100925,0.9677839004647603
trunc_laplace,10,1091077,CP_PAC,2.612748670191575,1.0
trunc_laplace,10,1091077,LDC_PAC,2.488441360041984,0.991712468335479
trunc_laplace,10,1091077,HetLDC,2.388823190161287,0.9829582028120887
trunc_laplace,10,1091078,FH_PAC,2.303086459928596,0.9746185983864503
trunc_laplace,10,1091078,CP_PAC,2.6825732318936426,1.0
trunc_laplace,10,1091078,LDC_PAC,2.5549438634280017,0.9970702539690337
trunc_laplace,10,1091078,HetLDC,2.446730328270308,0.9881573398536534
trunc_laplace,10,1091079,FH_PAC,1.9960116555904106,0.9377830281296713
trunc_laplace,10,1091079,CP_PAC,2.496618642587159,0.9923914858481635
trunc_laplace,10,1091079,LDC_PAC,2.364662943881796,0.9806944246641329
trunc_laplace,10,1091079,HetLDC,2.2700176700183956,0.9712558773002762
trunc_laplace,10,1091082,FH_PAC,2.253438239320524,0.9695026006487479
trunc_laplace,10,1091082,CP_PAC,2.575112557508089,0.998623053729284
trunc_laplace,10,1091082,LDC_PAC,2.4525958688543756,0.9886666679899601
trunc_laplace,10,1091082,HetLDC,2.354780689450853,0.979751907147979
trunc_laplace,10,1091083,FH_PAC,2.065148978778343,0.9455276960463446
trunc_laplace,10,1091083,CP_PAC,2.3731108619776347,0.9814924760950934
trunc_laplace,10,1091083,LDC_PAC,2.221281032699173,0.9660197822688106
trunc_laplace,10,1091083,HetLDC,2.1200987868544963,0.9542608754464483
trunc_laplace,10,1091080,FH_PAC,1.932406870457033,0.9286356070502075
trunc_laplace,10,1091080,CP_PAC,2.4064960587999855,0.9845783676967561
trunc_laplace,10,1091080,LDC_PAC,2.2661455166400692,0.9708495308626874
trunc_laplace,10,1091080,HetLDC,2.1580168083477314,0.9588135238693876
trunc_laplace,10,1091081,FH_PAC,1.96361723754499,0.9328966022621441
trunc_laplace,10,1091081,CP_PAC,2.593901402968343,1.0
trunc_laplace,10,1091081,LDC_PAC,2.456803943964025,0.9890301568899069
trunc_laplace,10,1091081,HetLDC,2.3585340705541173,0.9801110296159272
trunc_laplace,10,1091084,FH_PAC,1.9222062823791148,0.9260143575681465
trunc_laplace,10,1091084,CP_PAC,2.4186925908814283,0.9856791971308358
trunc_laplace,10,1091084,LDC_PAC,2.3036179289051693,0.9747138466510124
trunc_laplace,10,1091084,HetLDC,2.2127338530835803,0.9650737543047141
trunc_laplace,10,1091085,FH_PAC,2.0789010873677722,0.9489329894862324
trunc_laplace,10,1091085,CP_PAC,2.610889847563995,1.0
trunc_laplace,10,1091085,LDC_PAC,2.4999430150834128,0.9926658803999315
trunc_laplace,10,1091085,HetLDC,2.3972757555151327,0.983736820588522
trunc_laplace,10,1091086,FH_PAC,1.811159127414448,0.9091611466641134
trunc_laplace,10,1091086,CP_PAC,2.4007530882873276,0.9840551514894282
trunc_laplace,10,1091086,LDC_PAC,2.273864245201653,0.9716579178627085
trunc_laplace,10,1091086,HetLDC,2.181623825404706,0.9615583010950035
trunc_laplace,10,1091087,FH_PAC,1.8980838262424196,0.9212873252862319
trunc_laplace,10,1091087,CP_PAC,2.520557854052549,0.9943463543457574
trunc_laplace,10,1091087,LDC_PAC,2.3873368778548665,0.9828205783623023
trunc_laplace,10,1091087,HetLDC,2.275843205556568,0.9718641294526029
trunc_laplace,10,1091088,FH_PAC,2.084230637561536,0.9490826746043839
trunc_laplace,10,1091088,CP_PAC,2.3737504191743932,0.9815526074389955
trunc_laplace,10,1091088,LDC_PAC,2.248288768856139,0.9689542492785028
trunc_laplace,10,1091088,HetLDC,2.154238639737623,0.9583679299612995
trunc_laplace,10,1091089,FH_PAC,1.8749813662744912,0.9194747067956859
trunc_laplace,10,1091089,CP_PAC,2.1976852726049088,0.9633874963003151
trunc_laplace,10,1091089,LDC_PAC,1.9886695327449864,0.937011295023416
trunc_laplace,10,1091089,HetLDC,1.8911071451128176,0.9225874260168101
trunc_laplace,10,1091090,FH_PAC,2.0466622998522057,0.9426610048052536
trunc_laplace,10,1091090,CP_PAC,2.9109363551773515,1.0
trunc_laplace,10,1091090,LDC_PAC,2.8014659395871777,1.0
trunc_laplace,10,1091090,HetLDC,2.695872895916924,1.0
trunc_laplace,10,1091091,FH_PAC,2.009187490721348,0.9392770828076745
trunc_laplace,10,1091091,CP_PAC,2.7289106833592176,1.0
trunc_laplace,10,1091091,LDC_PAC,2.5990767079152675,1.0
trunc_laplace,10,1091091,HetLDC,2.488797810278886,0.9917421877976538
trunc_laplace,10,1091092,FH_PAC,1.822787000513223,0.9107594728286932
trunc_laplace,10,1091092,CP_PAC,2.470990479443816,0.9902438848092023
trunc_laplace,10,1091092,LDC_PAC,2.340389325688342,0.9783618413384696
trunc_laplace,10,1091092,HetLDC,2.2326921476652952,0.9672697243590749
trunc_laplace,10,1091093,FH_PAC,1.808613148528397,0.8992202740163462
trunc_laplace,10,1091093,CP_PAC,2.470215129421507,0.9901780127441757
trunc_laplace,10,1091093,LDC_PAC,2.3261483933060867,0.9769656117839085
trunc_laplace,10,1091093,HetLDC,2.224753652996548,0.9664017395695881
trunc_laplace,10,1091094,FH_PAC,1.8931692375621263,0.9212727282966138
trunc_laplace,10,1091094,CP_PAC,2.460941249515416,0.9893859807495606
trunc_laplace,10,1091094,LDC_PAC,2.3308712354118026,0.977430955738896
trunc_laplace,10,1091094,HetLDC,2.230079359155635,0.9669848385202315
trunc_laplace,10,1091095,FH_PAC,2.1091544023539046,0.952889042951258
trunc_laplace,10,1091095,CP_PAC,2.3318097505480013,0.9775231553819279
trunc_laplace,10,1091095,LDC_PAC,2.110037804264867,0.9530223653768537
trunc_laplace,10,1091095,HetLDC,2.001650364289095,0.9388221359558515
trunc_laplace,10,1091096,FH_PAC,1.860146227466486,0.9173826525423008
trunc_laplace,10,1091096,CP_PAC,2.2012693405992962,0.9637915110126039
trunc_laplace,10,1091096,LDC_PAC,2.006452328705617,0.9394858272880371
trunc_laplace,10,1091096,HetLDC,1.9090027918660282,0.9253442548962729
trunc_laplace,10,1091097,FH_PAC,1.9282454606548973,0.928194293456898
trunc_laplace,10,1091097,CP_PAC,2.201169970827532,0.9637803298822032
trunc_laplace,10,1091097,LDC_PAC,2.0341844491661827,0.9432543935891449
trunc_laplace,10,1091097,HetLDC,1.9307392885771482,0.9286242898297274
trunc_laplace,10,1091098,FH_PAC,2.256353519086716,0.9697928273964704
trunc_laplace,10,1091098,CP_PAC,2.6471736089369076,1.0
trunc_laplace,10,1091098,LDC_PAC,2.4778094534079917,0.9908209213728423
trunc_laplace,10,1091098,HetLDC,2.3598954427460206,0.9802409382694126
trunc_laplace,10,1091099,FH_PAC,1.9357220503068782,0.9270798568669458
trunc_laplace,10,1091099,CP_PAC,2.2727987089476835,0.971546710455194
trunc_laplace,10,1091099,LDC_PAC,2.1273867749783353,0.95514994634663
trunc_laplace,10,1091099,HetLDC,2.0235332023640673,0.9418198561475037
trunc_laplace,10,1091100,FH_PAC,1.8204037903144292,0.9107976891420426
trunc_laplace,10,1091100,CP_PAC,2.215611632906579,0.9653932180090681
trunc_laplace,10,1091100,LDC_PAC,2.0195252976822755,0.9412759209858272
trunc_laplace,10,1091100,HetLDC,1.9189288775964226,0.9268513289054572
trunc_laplace,10,1091101,FH_PAC,1.9860515509977066,0.9346123168630216
trunc_laplace,10,1091101,CP_PAC,2.4383891897609935,0.9874276582562711
trunc_laplace,10,1091101,LDC_PAC,2.2823829026854145,0.9725425592937382
trunc_laplace,10,1091101,HetLDC,2.177120734647972,0.9610399319193319
trunc_laplace,10,1091102,FH_PAC,1.9188448153734108,0.9267958359974835
trunc_laplace,10,1091102,CP_PAC,2.313555797740883,0.9757135941345361
trunc_laplace,10,1091102,LDC_PAC,2.1088011959062585,0.9528692396338159
trunc_laplace,10,1091102,HetLDC,2.0121454676791104,0.9402683952925259
trunc_laplace,10,1091103,FH_PAC,2.2455930556699957,0.9682181705409523
trunc_laplace,10,1091103,CP_PAC,2.915451690554721,1.0
trunc_laplace,10,1091103,LDC_PAC,2.8058114685586424,1.0
trunc_laplace,10,1091103,HetLDC,2.6886419148676457,1.0
trunc_laplace,10,1091104,FH_PAC,2.0567612450031985,0.9451186623889267
trunc_laplace,10,1091104,CP_PAC,2.234699741989268,0.9674880958876177
trunc_laplace,10,1091104,LDC_PAC,2.078659173410061,0.9490750993419887
trunc_laplace,10,1091104,HetLDC,1.985445942039731,0.9365577871888744
trunc_laplace,10,1091105,FH_PAC,1.8726954671700646,0.9187735994191433
trunc_laplace,10,1091105,CP_PAC,2.5321253662856016,0.995273604523895
trunc_laplace,10,1091105,LDC_PAC,2.3701219098796833,0.9812109215889244
trunc_laplace,10,1091105,HetLDC,2.269596909683291,0.9712118018577036
trunc_laplace,10,1091106,FH_PAC,2.38972453542793,0.9827595072502431
trunc_laplace,10,1091106,CP_PAC,2.4491468000333416,0.9883675491816204
trunc_laplace,10,1091106,LDC_PAC,2.3063088012105593,0.9749855717502081
trunc_laplace,10,1091106,HetLDC,2.203172181958158,0.9640053961379138
trunc_laplace,10,1091107,FH_PAC,1.9820286371124798,0.9358737514922679
trunc_laplace,10,1091107,CP_PAC,2.444030107724,0.9879218195073374
trunc_laplace,10,1091107,LDC_PAC,2.301490522246652,0.9744984800050156
trunc_laplace,10,1091107,HetLDC,2.199723788672167,0.9636174735987262
trunc_laplace,10,1091108,FH_PAC,1.8915757806947948,0.9201671752920921
trunc_laplace,10,1091108,CP_PAC,2.438041057888478,0.9873970655035123
trunc_laplace,10,1091108,LDC_PAC,2.2061657471350804,0.9643410238489691
trunc_laplace,10,1091108,HetLDC,2.1020074970768934,0.9520244627412868
trunc_laplace,10,1091109,FH_PAC,1.8819000585918781,0.9209816195134322
trunc_laplace,10,1091109,CP_PAC,2.3318317509046436,0.9775253156125099
trunc_laplace,10,1091109,LDC_PAC,2.0779145897244247,0.9489798565094003
trunc_laplace,10,1091109,HetLDC,1.9780758180984206,0.935515181763801
trunc_laplace,10,1091112,FH_PAC,2.1094051228358714,0.9529401882000084
trunc_laplace,10,1091112,CP_PAC,2.309986309639315,0.9753556964431813
trunc_laplace,10,1091112,LDC_PAC,2.1203657071784154,0.9542935567654629
trunc_laplace,10,1091112,HetLDC,2.005456532958822,0.9393484689706848
trunc_laplace,10,1091113,FH_PAC,1.9410994860433506,0.9295142237375975
trunc_laplace,10,1091113,CP_PAC,2.3031891512651073,0.9746704780669271
trunc_laplace,10,1091113,LDC_PAC,2.155832859894392,0.9585561650694794
trunc_laplace,10,1091113,HetLDC,2.060204097075335,0.9466924909459078
trunc_laplace,10,1091110,FH_PAC,1.8234629343891167,0.9114146821399813
trunc_laplace,10,1091110,CP_PAC,2.228971695000999,0.9668638296349732
trunc_laplace,10,1091110,LDC_PAC,2.0598770743260713,0.9466498563512193
trunc_laplace,10,1091110,HetLDC,1.9648516110461838,0.9336242244764237
trunc_laplace,10,1091111,FH_PAC,1.9931762997735492,0.9376246883091004
trunc_laplace,10,1091111,CP_PAC,2.4674496586545636,0.9899426299769865
trunc_laplace,10,1091111,LDC_PAC,2.323544209037016,0.9767080380393598
trunc_laplace,10,1091111,HetLDC,2.213759789804635,0.9651877540355125
trunc_laplace,10,1091114,FH_PAC,2.088655905589349,0.9502639387876071
trunc_laplace,10,1091114,CP_PAC,2.4244668108641654,0.986195499877744
trunc_laplace,10,1091114,LDC_PAC,2.255175530894761,0.9696893820099821
trunc_laplace,10,1091114,HetLDC,2.14686989419308,0.9574937980416167
trunc_laplace,10,1091115,FH_PAC,1.9077349061578848,0.9245489464080932
trunc_laplace,10,1091115,CP_PAC,2.3661229023522896,0.9808328460089064
trunc_laplace,10,1091115,LDC_PAC,2.2009055552188115,0.9637505720763921
trunc_laplace,10,1091115,HetLDC,2.095502748129496,0.9512099868501549
trunc_laplace,10,1091116,FH_PAC,1.7581432315799257,0.8995728057950204
trunc_laplace,10,1091116,CP_PAC,2.0992129347921615,0.9516752255643048
trunc_laplace,10,1091116,LDC_PAC,1.8852959118394736,0.9216810788661962
trunc_laplace,10,1091116,HetLDC,1.778243235174266,0.9039631947957916
trunc_laplace,10,1091117,FH_PAC,2.2034313718243794,0.9616879002329521
trunc_laplace,10,1091117,CP_PAC,2.734048648160096,1.0
trunc_laplace,10,1091117,LDC_PAC,2.603970222650463,1.0
trunc_laplace,10,1091117,HetLDC,2.4942088622858933,0.9921919863038937
trunc_laplace,10,1091118,FH_PAC,2.3144980297187154,0.9757930996349218
trunc_laplace,10,1091118,CP_PAC,2.8761820103509033,1.0
trunc_laplace,10,1091118,LDC_PAC,2.781500177344428,1.0
trunc_laplace,10,1091118,HetLDC,2.6804421833038083,1.0
trunc_laplace,10,1091119,FH_PAC,1.980800462081916,0.9356658550852258
trunc_laplace,10,1091119,CP_PAC,2.356128835013683,0.979881059176877
trunc_laplace,10,1091119,LDC_PAC,2.2053855029132716,0.9642536466370024
trunc_laplace,10,1091119,HetLDC,2.1100030455143655,0.9530180639955372
