setting,shape,seed,method,half,cells,lo_ratio,cov
n23,normal,290002,CP_PAC,2.1866510164757154,13,0.9128660513140833,0.9712319899734763
n23,normal,290002,Oracle,1.8851498769111052,13,0.9128660513140833,0.9405903942591107
n23,normal,290002,Oracle04,1.9126475780601442,13,0.9128660513140833,0.9442068155996741
n23,normal,290002,Plug,1.8130465631312336,13,0.9128660513140833,0.9301753600555689
n23,normal,290002,Dlow,1.946619253185518,13,0.9128660513140833,0.9484196013665818
n23,normal,290002,S,1.9505086062204477,13,0.9128660513140833,0.9488844713793188
n23,normal,290012,CP_PAC,2.5989924834669327,15,1.064192199758243,0.9906502179451182
n23,normal,290012,Oracle,2.3681470379975504,15,1.064192199758243,0.9821225706258214
n23,normal,290012,Oracle04,2.398131505330258,15,1.064192199758243,0.9835210521529183
n23,normal,290012,Plug,2.2607761881650936,15,1.064192199758243,0.9762268801674301
n23,normal,290012,Dlow,2.3807371591663897,15,1.064192199758243,0.9827219647730556
n23,normal,290012,S,2.385493881509612,15,1.064192199758243,0.9829437939015024
n23,normal,290000,CP_PAC,2.184381011032585,16,0.7169466346583074,0.9710657376187297
n23,normal,290000,Oracle,1.8823383135195275,16,0.7169466346583074,0.9402099043893912
n23,normal,290000,Oracle04,1.9098256605583224,16,0.7169466346583074,0.9438443358107258
n23,normal,290000,Plug,1.9160734356458151,16,0.7169466346583074,0.9446442509764745
n23,normal,290000,Dlow,2.0122356736152627,16,0.7169466346583074,0.9558049003317959
n23,normal,290000,S,2.0162561285200225,16,0.7169466346583074,0.9562268000988481
n23,normal,290005,CP_PAC,2.1745026318272362,16,0.7339856364841864,0.970332592033998
n23,normal,290005,Oracle,1.8701123547664682,16,0.7339856364841864,0.9385317828291062
n23,normal,290005,Oracle04,1.8975556486241016,16,0.7339856364841864,0.9422453584345116
n23,normal,290005,Plug,1.894037366716876,16,0.7339856364841864,0.9417799497826236
n23,normal,290005,Dlow,1.9955752502338868,16,0.7339856364841864,0.9540198242754725
n23,normal,290005,S,1.9995624175462552,16,0.7339856364841864,0.9544524644236956
n23,normal,290010,CP_PAC,2.296006528015452,17,0.7479652132746782,0.9783244918751661
n23,normal,290010,Oracle,2.018234741203205,17,0.7479652132746782,0.9564331804412629
n23,normal,290010,Oracle04,2.046284988066508,17,0.7479652132746782,0.9592716601959907
n23,normal,290010,Plug,2.0343401395447236,17,0.7479652132746782,0.9580826872418484
n23,normal,290010,Dlow,2.1281704460121236,17,0.7479652132746782,0.9666770457657483
n23,normal,290010,S,2.1324225390547156,17,0.7479652132746782,0.9670278738661509
n23,normal,290011,CP_PAC,2.427498899267163,19,0.7644571225857871,0.9847966670183346
n23,normal,290011,Oracle,2.1729987362557197,19,0.7644571225857871,0.9702195876009461
n23,normal,290011,Oracle04,2.2018327037052066,19,0.7644571225857871,0.9723228719531207
n23,normal,290011,Plug,2.182144171991928,19,0.7644571225857871,0.9709011059502144
n23,normal,290011,Dlow,2.2691181460610577,19,0.7644571225857871,0.9767388578394847
n23,normal,290011,S,2.273651853170733,19,0.7644571225857871,0.9770130728562909
n23,normal,290013,CP_PAC,2.3296291164441563,19,0.6962970957036674,0.9801742381121137
n23,normal,290013,Oracle,2.0583133203635544,19,0.6962970957036674,0.9604399336660492
n23,normal,290013,Oracle04,2.086552166639758,19,0.6962970957036674,0.963071365020528
n23,normal,290013,Plug,2.0956492105422413,19,0.6962970957036674,0.9638866796000236
n23,normal,290013,Dlow,2.17973727597347,19,0.6962970957036674,0.9707230582362152
n23,normal,290013,S,2.184092399748078,19,0.6962970957036674,0.9710445409419379
n23,normal,290003,CP_PAC,2.313122223537251,20,0.6612636059245747,0.9792840798255691
n23,normal,290003,Oracle,2.038750825412843,20,0.6612636059245747,0.9585250976292499
n23,normal,290003,Oracle04,2.0668983552200997,20,0.6612636059245747,0.9612562672323488
n23,normal,290003,Plug,2.08990880836501,20,0.6612636059245747,0.9633740078129653
n23,normal,290003,Dlow,2.171036473158403,20,0.6612636059245747,0.970071584572822
n23,normal,290003,S,2.17537421269427,20,0.6612636059245747,0.9703979146846262
n23,normal,290001,CP_PAC,2.583028767650169,25,0.686129503615927,0.9902062843700383
n23,normal,290001,Oracle,2.3503459486118445,25,0.686129503615927,0.9812440302556422
n23,normal,290001,Oracle04,2.380220041548362,25,0.686129503615927,0.9826976972279418
n23,normal,290001,Plug,2.3817276247956185,25,0.686129503615927,0.9827683624852128
n23,normal,290001,Dlow,2.4546893029194203,25,0.686129503615927,0.9858993599361556
n23,normal,290001,S,2.4595937819409324,25,0.686129503615927,0.9860905648248997
n23,normal,290004,CP_PAC,2.4695068662942354,25,0.6184604083052707,0.9864700578009566
n23,normal,290004,Oracle,2.221469858837692,25,0.6184604083052707,0.9736808459987203
n23,normal,290004,Oracle04,2.2505700179105523,25,0.6184604083052707,0.9755872158339747
n23,normal,290004,Plug,2.280513955235568,25,0.6184604083052707,0.9774227759269809
n23,normal,290004,Dlow,2.348614805847792,25,0.6184604083052707,0.9811566108564327
n23,normal,290004,S,2.3533073476009143,25,0.6184604083052707,0.9813927528932727
n23,normal,290009,CP_PAC,2.7745756847734255,25,0.7795348943316001,0.9944726228749077
n23,normal,290009,Oracle,2.5620234439044154,25,0.7795348943316001,0.9895935706344243
n23,normal,290009,Oracle04,2.593295271050255,25,0.7795348943316001,0.9904938882544332
n23,normal,290009,Plug,2.562732346854505,25,0.7795348943316001,0.9896147926085215
n23,normal,290009,Dlow,2.638959635719505,25,0.7795348943316001,0.9916839118136194
n23,normal,290009,S,2.644232287601195,25,0.7795348943316001,0.9918123553854412
n23,normal,290006,CP_PAC,2.9954336574622262,27,0.8334319405694612,0.9972594509008692
n23,normal,290006,Oracle,2.7995693660245973,27,0.8334319405694612,0.9948829179028578
n23,normal,290006,Oracle04,2.832547199650221,27,0.8334319405694612,0.9953821251948993
n23,normal,290006,Plug,2.786195500995872,27,0.8334319405694612,0.9946669303259623
n23,normal,290006,Dlow,2.861753175556977,27,0.8334319405694612,0.9957869513444457
n23,normal,290006,S,2.867470969820215,27,0.8334319405694612,0.9958623323774451
n23,normal,290008,CP_PAC,3.023307431923039,28,0.8270968423313803,0.9974997190128361
n23,normal,290008,Oracle,2.829088951054422,28,0.8270968423313803,0.9953319277459274
n23,normal,290008,Oracle04,2.8622763135903333,28,0.8270968423313803,0.995793899594837
n23,normal,290008,Plug,2.818610129977475,28,0.8270968423313803,0.9951767938016469
n23,normal,290008,Dlow,2.891851712289286,28,0.8270968423313803,0.9961702133907926
n23,normal,290008,S,2.8976296435490094,28,0.8270968423313803,0.9962400569659036
n23,normal,290007,CP_PAC,2.6409297321249983,29,0.6186531086591991,0.9917321134708557
n23,normal,290007,Oracle,2.415000287684309,29,0.6186531086591991,0.9842648027387564
n23,normal,290007,Oracle04,2.445285168003833,29,0.6186531086591991,0.9855262350757878
n23,normal,290007,Plug,2.4648379240562326,29,0.6186531086591991,0.9862924760134413
n23,normal,290007,Dlow,2.528404404719069,29,0.6186531086591991,0.9885417714682723
n23,normal,290007,S,2.533456166808102,29,0.6186531086591991,0.9887056134978942
n23,normal,290015,CP_PAC,2.183708321321696,17,0.6902909968327028,0.9710163120766766
n23,normal,290015,Oracle,1.8815127626908728,17,0.6902909968327028,0.9400977991924713
n23,normal,290015,Oracle04,1.9089968482545896,17,0.6902909968327028,0.9437375017527612
n23,normal,290015,Plug,1.9278300970869677,17,0.6902909968327028,0.946123737193248
n23,normal,290015,Dlow,2.0198742222966897,17,0.6902909968327028,0.9566035642441029
n23,normal,290015,S,2.023909939052193,17,0.6902909968327028,0.9570205808943013
n23,normal,290017,CP_PAC,2.369040948214565,17,0.8043335873871954,0.9821657211856085
n23,normal,290017,Oracle,2.104881829569605,17,0.8043335873871954,0.9646984042438627
n23,normal,290017,Oracle04,2.1333529856379227,17,0.8043335873871954,0.9671042193088197
n23,normal,290017,Plug,2.094055480011744,17,0.8043335873871954,0.9637449616770031
n23,normal,290017,Dlow,2.1936532578887706,17,0.8043335873871954,0.9717396534552745
n23,normal,290017,S,2.19803618585077,17,0.8043335873871954,0.9720534726319485
n23,normal,290020,CP_PAC,2.2840481468304774,15,0.824402690138282,0.9776312985014013
n23,normal,290020,Oracle,2.0038833619748004,15,0.824402690138282,0.9549174437745809
n23,normal,290020,Oracle04,2.031869399962564,15,0.824402690138282,0.9578331209065569
n23,normal,290020,Plug,1.9847962478691235,15,0.824402690138282,0.952832854871557
n23,normal,290020,Dlow,2.0914548851279116,15,0.824402690138282,0.9635126934227713
n23,normal,290020,S,2.0956336203333605,15,0.824402690138282,0.9638852955759412
n23,normal,290024,CP_PAC,2.0189069803695876,11,0.922080335267097,0.9565031114191067
n23,normal,290024,Oracle,1.6708811490355056,11,0.922080335267097,0.905254844331236
n23,normal,290024,Oracle04,1.697769959530663,11,0.922080335267097,0.9104488122153644
n23,normal,290024,Plug,1.5757406581614966,11,0.922080335267097,0.8849144167351226
n23,normal,290024,Dlow,1.7347244634757713,11,0.922080335267097,0.9172103789245218
n23,normal,290024,S,1.7381904498753948,11,0.922080335267097,0.9178227386845594
n23,normal,290019,CP_PAC,2.2464131385844164,18,0.6991638850123785,0.9753224424544704
n23,normal,290019,Oracle,1.95842358763444,18,0.6991638850123785,0.9498196707808879
n23,normal,290019,Oracle04,1.9862114090873726,18,0.6991638850123785,0.9529901454487983
n23,normal,290019,Plug,1.9985369201414738,18,0.6991638850123785,0.9543415185967976
n23,normal,290019,Dlow,2.087154492729917,18,0.6991638850123785,0.9631258284395074
n23,normal,290019,S,2.0913246357341957,18,0.6991638850123785,0.9635010271254916
n23,normal,290018,CP_PAC,2.3736826952484065,20,0.7140865692264126,0.9823883220770289
n23,normal,290018,Oracle,2.1102924802990226,20,0.7140865692264126,0.9651668290948086
n23,normal,290018,Oracle04,2.138790124579033,20,0.7140865692264126,0.967547330379801
n23,normal,290018,Plug,2.1386511172211087,20,0.7140865692264126,0.9675360656952654
n23,normal,290018,Dlow,2.22325363304192,20,0.7140865692264126,0.9738012978432558
n23,normal,290018,S,2.2276957026715816,20,0.7140865692264126,0.9740991862159771
n23,normal,290014,CP_PAC,2.7159496049462204,24,0.7896065885624843,0.9933914023361063
n23,normal,290014,Oracle,2.4979046560914004,24,0.7896065885624843,0.9875070210371704
n23,normal,290014,Oracle04,2.5287394825085534,24,0.7896065885624843,0.9885527038955009
n23,normal,290014,Plug,2.494980857173253,24,0.7896065885624843,0.9874036074516432
n23,normal,290014,Dlow,2.5748601205103077,24,0.7896065885624843,0.9899719367143014
n23,normal,290014,S,2.5800047013048513,24,0.7896065885624843,0.9901201029889997
n23,normal,290021,CP_PAC,2.537270071252723,21,0.7640164669017456,0.9888279270193732
n23,normal,290021,Oracle,2.2987437259022454,21,0.7640164669017456,0.9784805040039573
n23,normal,290021,Oracle04,2.3282993839058985,21,0.7640164669017456,0.9801037879995631
n23,normal,290021,Plug,2.3044756214395714,21,0.7640164669017456,0.9788040407024692
n23,normal,290021,Dlow,2.388801956425072,21,0.7640164669017456,0.9830965885569767
n23,normal,290021,S,2.393574792265396,21,0.7640164669017456,0.983314920838066
n23,normal,290025,CP_PAC,2.321100819901317,16,0.8516204414634768,0.979718596845141
n23,normal,290025,Oracle,2.0482496317858137,16,0.8516204414634768,0.9594644544610107
n23,normal,290025,Oracle04,2.076442246446567,16,0.8516204414634768,0.9621469326017591
n23,normal,290025,Plug,2.0137344570618922,16,0.8516204414634768,0.9559625796783693
n23,normal,290025,Dlow,2.1254004012175884,16,0.8516204414634768,0.966446783159226
n23,normal,290025,S,2.129646959699628,16,0.8516204414634768,0.9667992289962086
n23,normal,290026,CP_PAC,2.16108212862674,16,0.7339819365249197,0.9693110041824688
n23,normal,290026,Oracle,1.8533514130022193,16,0.7339819365249197,0.9361679934661002
n23,normal,290026,Oracle04,1.8807363818443943,16,0.7339819365249197,0.9399922120017155
n23,normal,290026,Plug,1.8800240014446141,16,0.7339819365249197,0.9398951930918562
n23,normal,290026,Dlow,1.980204909326319,16,0.7339819365249197,0.952319491546133
n23,normal,290026,S,1.9841613666362259,16,0.7339819365249197,0.9527621461747684
n23,normal,290016,CP_PAC,2.6707425493875983,29,0.6169860114629017,0.9924316329869576
n23,normal,290016,Oracle,2.4479962186427793,29,0.6169860114629017,0.9856346836794265
n23,normal,290016,Oracle04,2.4784949710369464,29,0.6169860114629017,0.9868062028962354
n23,normal,290016,Plug,2.497898727705301,29,0.6169860114629017,0.9875068121154762
n23,normal,290016,Dlow,2.5596682768511054,29,0.6169860114629017,0.9895227881828326
n23,normal,290016,S,2.5647825042814016,29,0.6169860114629017,0.9896759502867172
n23,normal,290022,CP_PAC,2.655543194507715,21,0.8318009060382208,0.9920819207712563
n23,normal,290022,Oracle,2.4313159117698007,21,0.8318009060382208,0.9849559089741846
n23,normal,290022,Oracle04,2.4617143649027806,21,0.8318009060382208,0.9861725260828682
n23,normal,290022,Plug,2.4126669352851895,21,0.8318009060382208,0.9841637164293284
n23,normal,290022,Dlow,2.5013543267895515,21,0.8318009060382208,0.987628067142406
n23,normal,290022,S,2.5063520427149504,21,0.8318009060382208,0.9878015901185375
n23,normal,290023,CP_PAC,2.6110597353291567,22,0.7679571577616202,0.9909737874176003
n23,normal,290023,Oracle,2.381661861914666,22,0.7679571577616202,0.9827652852569324
n23,normal,290023,Oracle04,2.411738751191284,22,0.7679571577616202,0.984123346804882
n23,normal,290023,Plug,2.388808074370294,22,0.7679571577616202,0.9830968700184337
n23,normal,290023,Dlow,2.4672640666677825,22,0.7679571577616202,0.9863850088906048
n23,normal,290023,S,2.4721936701174374,22,0.7679571577616202,0.9865713254756183
n23,normal,290027,CP_PAC,2.67961991031682,21,0.8455501425078071,0.992629420078351
n23,normal,290027,Oracle,2.457835669841533,21,0.8455501425078071,0.9860222882941823
n23,normal,290027,Oracle04,2.488399625167385,21,0.8455501425078071,0.9871680546356965
n23,normal,290027,Plug,2.436998512571975,21,0.8455501425078071,0.9851902597188442
n23,normal,290027,Dlow,2.5242075153949117,21,0.8455501425078071,0.9884040545049919
n23,normal,290027,S,2.5292508920823296,21,0.8455501425078071,0.9885693715696
n23,normal,290028,CP_PAC,2.1331920023259507,15,0.7638894617513968,0.967091021067443
n23,normal,290028,Oracle,1.818369240352364,15,0.7638894617513968,0.930992283558812
n23,normal,290028,Oracle04,1.8456369642404242,15,0.7638894617513968,0.9350550644357738
n23,normal,290028,Plug,1.8274624932090866,15,0.7638894617513968,0.9323697394165551
n23,normal,290028,Dlow,1.9378849569550323,15,0.7638894617513968,0.9473627403483411
n23,normal,290028,S,1.9417568588312437,15,0.7638894617513968,0.9478334582134564
n23,normal,290029,CP_PAC,2.5391042089117613,17,0.9352891444775693,0.9888863285524396
n23,normal,290029,Oracle,2.3007684068378023,17,0.9352891444775693,0.9785952748849653
n23,normal,290029,Oracle04,2.3303341515079925,17,0.9352891444775693,0.9802115029079366
n23,normal,290029,Plug,2.2410051927094283,17,0.9352891444775693,0.9749742613488983
n23,normal,290029,Dlow,2.3480564803910267,17,0.9352891444775693,0.9811283405896722
n23,normal,290029,S,2.3527479066076586,17,0.9352891444775693,0.9813647368517289
n23,normal,290033,CP_PAC,2.4771623720039644,19,0.8017335800469115,0.9867568361008794
n23,normal,290033,Oracle,2.230232723594755,19,0.8017335800469115,0.9742680031313431
n23,normal,290033,Oracle04,2.259382620412263,19,0.8017335800469115,0.9761404054584653
n23,normal,290033,Plug,2.2226851632152425,19,0.8017335800469115,0.9737629629526112
n23,normal,290033,Dlow,2.3141326966040916,19,0.8017335800469115,0.9793395556152567
n23,normal,290033,S,2.3187563429653606,19,0.8017335800469115,0.9795917484111702
n23,normal,290037,CP_PAC,1.885058591635046,13,0.6786528601799965,0.9405780722235826
n23,normal,290037,Oracle,1.4880109443664988,13,0.6786528601799965,0.8632519926040301
n23,normal,290037,Oracle04,1.5147229312227402,13,0.6786528601799965,0.8701574152927241
n23,normal,290037,Plug,1.5621804251372062,13,0.6786528601799965,0.8817545093388752
n23,normal,290037,Dlow,1.678039703205757,13,0.6786528601799965,0.9066606515469862
n23,normal,290037,S,1.6813924332281873,13,0.6786528601799965,0.9073132856830339
n23,normal,290031,CP_PAC,2.396873745523147,20,0.7246342886278287,0.9834643797694775
n23,normal,290031,Oracle,2.1373956805849095,20,0.7246342886278287,0.9674341775534052
n23,normal,290031,Oracle04,2.1660369566442386,20,0.7246342886278287,0.9696916370098343
n23,normal,290031,Plug,2.1624692041316576,20,0.7246342886278287,0.9694179716538396
n23,normal,290031,Dlow,2.2458269949669987,20,0.7246342886278287,0.9752849085040274
n23,normal,290031,S,2.250314166263855,20,0.7246342886278287,0.975570990698295
n23,normal,290030,CP_PAC,2.521751460515145,24,0.668359404782264,0.9883227819094287
n23,normal,290030,Oracle,2.2810954955555975,24,0.668359404782264,0.9774572033668287
n23,normal,290030,Oracle04,2.3105430446417823,24,0.668359404782264,0.9791418916788877
n23,normal,290030,Plug,2.321336894016011,24,0.668359404782264,0.9797313314867728
n23,normal,290030,Dlow,2.3933616249556424,24,0.668359404782264,0.9833052226315546
n23,normal,290030,S,2.3981435710318837,24,0.668359404782264,0.9835215949844145
n23,normal,290032,CP_PAC,2.575626928844134,22,0.7459027063802723,0.9899941459019004
n23,normal,290032,Oracle,2.3420447146220873,22,0.7459027063802723,0.9808215829281206
n23,normal,290032,Oracle04,2.371867961529134,22,0.7459027063802723,0.9823015858250208
n23,normal,290032,Plug,2.353475392754007,22,0.7459027063802723,0.9814011611645208
n23,normal,290032,Dlow,2.434176514516612,22,0.7459027063802723,0.9850742855528725
n23,normal,290032,S,2.4390400089050486,22,0.7459027063802723,0.9852736622670224
n23,normal,290034,CP_PAC,2.594123056634519,22,0.7693845628194923,0.9905167462132145
n23,normal,290034,Oracle,2.362693716476436,22,0.7693845628194923,0.9818573431873603
n23,normal,290034,Oracle04,2.3926445978618127,22,0.7693845628194923,0.9832725646125486
n23,normal,290034,Plug,2.368638891130637,22,0.7693845628194923,0.9821463245142041
n23,normal,290034,Dlow,2.448764008936781,22,0.7693845628194923,0.9856652666342061
n23,normal,290034,S,2.453656649197273,22,0.7693845628194923,0.9858588067816907
n23,normal,290039,CP_PAC,2.5603154813797024,19,0.8695924284427421,0.9895422818937529
n23,normal,290039,Oracle,2.3247088567115024,19,0.8695924284427421,0.9799124666202492
n23,normal,290039,Oracle04,2.354420753520738,19,0.8695924284427421,0.981448401102069
n23,normal,290039,Plug,2.2929207484215164,19,0.8695924284427421,0.9781474319465773
n23,normal,290039,Dlow,2.3885496273293754,19,0.8695924284427421,0.9830849763506859
n23,normal,290039,S,2.393321959015159,19,0.8695924284427421,0.983303417453778
n23,normal,290035,CP_PAC,2.503615381481849,25,0.6388708054001022,0.987706841001714
n23,normal,290035,Oracle,2.260437593933426,25,0.6388708054001022,0.9762058945075254
n23,normal,290035,Oracle04,2.2897660249362604,25,0.6388708054001022,0.9779651163413736
n23,normal,290035,Plug,2.3123315143673806,25,0.6388708054001022,0.9792405787265919
n23,normal,290035,Dlow,2.3803347536874555,25,0.6388708054001022,0.9827030830731647
n23,normal,290035,S,2.3850906720229252,25,0.6388708054001022,0.9829250876962352
n23,normal,290036,CP_PAC,2.8833323546001837,24,0.88580767099117,0.9960650796573611
n23,normal,290036,Oracle,2.679693077771997,24,0.88580767099117,0.9926310307961321
n23,normal,290036,Oracle04,2.7117942572195024,24,0.88580767099117,0.9933079885005041
n23,normal,290036,Plug,2.6515169917555,24,0.88580767099117,0.9919868919035695
n23,normal,290036,Dlow,2.7342511857759746,24,0.88580767099117,0.993747767150494
n23,normal,290036,S,2.7397142305548936,24,0.88580767099117,0.9938507375035037
n23,normal,290038,CP_PAC,2.7182689597922396,23,0.8014390101620877,0.9934375530760464
n23,normal,290038,Oracle,2.500390790151931,23,0.8014390101620877,0.987594362432533
n23,normal,290038,Oracle04,2.5312394109525536,23,0.8014390101620877,0.9886339761058103
n23,normal,290038,Plug,2.4949827998809573,23,0.8014390101620877,0.9874036764152887
n23,normal,290038,Dlow,2.5748928604745025,23,0.8014390101620877,0.9899728858634349
n23,normal,290038,S,2.580037506683625,23,0.8014390101620877,0.9901210415069355
n23,normal,290042,CP_PAC,2.301290487963142,15,0.8356941885045635,0.9786247829443515
n23,normal,290042,Oracle,2.0245526086831966,15,0.8356941885045635,0.9570866752514398
n23,normal,290042,Oracle04,2.0526321769684834,15,0.8356941885045635,0.9598917355937422
n23,normal,290042,Plug,1.9998145739656257,15,0.8356941885045635,0.9544797097289495
n23,normal,290042,Dlow,2.107627751675275,15,0.8356941885045635,0.9649367988536268
n23,normal,290042,S,2.111838800332616,15,0.8356941885045635,0.96529972194131
n23,normal,290041,CP_PAC,2.44785862981091,22,0.6689749309564222,0.9856291971051214
n23,normal,290041,Oracle,2.196548138952534,22,0.6689749309564222,0.9719472664508451
n23,normal,290041,Oracle04,2.225507534473018,22,0.6689749309564222,0.9739528141046745
n23,normal,290041,Plug,2.239585038580044,22,0.6689749309564222,0.9748821250888302
n23,normal,290041,Dlow,2.3144453621646264,22,0.6689749309564222,0.9793566949471313
n23,normal,290041,S,2.319069633232933,22,0.6689749309564222,0.9796087390082029
n23,normal,290040,CP_PAC,2.532985036506122,25,0.654903709512063,0.9886904219366175
n23,normal,290040,Oracle,2.293932676030357,25,0.654903709512063,0.9782056338524674
n23,normal,290040,Oracle04,2.3234620116695366,25,0.654903709512063,0.9798456538620679
n23,normal,290040,Plug,2.336896634463578,25,0.654903709512063,0.9805554406069206
n23,normal,290040,Dlow,2.4081738198865055,25,0.654903709512063,0.9839674543141821
n23,normal,290040,S,2.412985360787319,25,0.654903709512063,0.9841775449365591
n23,normal,290043,CP_PAC,2.2577442760568354,16,0.7869970809661194,0.9760383928770697
n23,normal,290043,Oracle,1.9721810405265834,16,0.7869970809661194,0.9514110567788141
n23,normal,290043,Oracle04,2.000026556418421,16,0.7869970809661194,0.9545026036408844
n23,normal,290043,Plug,1.9697132986468566,16,0.7869970809661194,0.951128762011443
n23,normal,290043,Dlow,2.073268287103552,16,0.7869970809661194,0.9618526816627799
n23,normal,290043,S,2.0774106854135836,16,0.7869970809661194,0.9622363291854066
n23,normal,290045,CP_PAC,2.0102797492604405,10,0.9355619702931541,0.9555984110476514
n23,normal,290045,Oracle,1.6594576764973819,10,0.9355619702931541,0.9029763976445464
n23,normal,290045,Oracle04,1.6863256869573842,10,0.9355619702931541,0.9082669138909822
n23,normal,290045,Plug,1.5548940069661124,10,0.9355619702931541,0.8800286850716676
n23,normal,290045,Dlow,1.717353340041953,10,0.9355619702931541,0.9140853684302841
n23,normal,290045,S,1.7207846188676448,10,0.9355619702931541,0.9147100854848937
n23,normal,290048,CP_PAC,2.206197010646015,13,0.9243148507146068,0.9726297914975033
n23,normal,290048,Oracle,1.9093094140107183,13,0.9243148507146068,0.9437778113943498
n23,normal,290048,Oracle04,1.9368988286031523,13,0.9243148507146068,0.9472422883154641
n23,normal,290048,Plug,1.829842936172342,13,0.9243148507146068,0.9327265716345379
n23,normal,290048,Dlow,1.9659102931129717,13,0.9243148507146068,0.9506910261338442
n23,normal,290048,S,1.9698381897226485,13,0.9243148507146068,0.9511430817996556
n23,normal,290049,CP_PAC,2.268339855199995,18,0.6903820194901443,0.9766914994765015
n23,normal,290049,Oracle,1.984995357257469,18,0.6903820194901443,0.9528550119572807
n23,normal,290049,Oracle04,2.0128964918472936,18,0.6903820194901443,0.9558744802780195
n23,normal,290049,Plug,2.026999191764232,18,0.6903820194901443,0.9573375046677477
n23,normal,290049,Dlow,2.1139959843822056,18,0.6903820194901443,0.9654843897043355
n23,normal,290049,S,2.1182197567939047,18,0.6903820194901443,0.9658435392691398
n23,normal,290050,CP_PAC,2.4723909446156824,16,0.9580004806054657,0.9865787344363703
n23,normal,290050,Oracle,2.22478909284103,16,0.9580004806054657,0.9739046000441933
n23,normal,290050,Oracle04,2.25390853419708,16,0.9580004806054657,0.9757980773133548
n23,normal,290050,Plug,2.149981104540968,16,0.9580004806054657,0.9684432905550777
n23,normal,290050,Dlow,2.266284569632244,16,0.9580004806054657,0.976566034440576
n23,normal,290050,S,2.2708126152449077,16,0.9580004806054657,0.9768416760553424
n23,normal,290047,CP_PAC,2.5999291468440675,23,0.7276925285956818,0.9906756989827881
n23,normal,290047,Oracle,2.369278276661803,23,0.7276925285956818,0.9821771620902358
n23,normal,290047,Oracle04,2.399270672890233,23,0.7276925285956818,0.9835722336719797
n23,normal,290047,Plug,2.386886465781867,23,0.7276925285956818,0.9830082622087721
n23,normal,290047,Dlow,2.464018107360571,23,0.7276925285956818,0.9862610829537193
n23,normal,290047,S,2.4689412253705783,23,0.7276925285956818,0.9864486525880223
n23,normal,290046,CP_PAC,2.5650937465235235,25,0.6735587577131202,0.9896852067903403
n23,normal,290046,Oracle,2.330111972743217,25,0.6735587577131202,0.9801997662018709
n23,normal,290046,Oracle04,2.35985703899313,25,0.6735587577131202,0.9817180211285759
n23,normal,290046,Plug,2.367055385693741,25,0.6735587577131202,0.9820697506827347
n23,normal,290046,Dlow,2.4382194863154525,25,0.6735587577131202,0.9852401908214354
n23,normal,290046,S,2.4430910585776746,25,0.6735587577131202,0.9854379374346305
n23,normal,290044,CP_PAC,2.6089975903899654,27,0.6518828217976972,0.9909192118218029
n23,normal,290044,Oracle,2.3794347561584694,27,0.6518828217976972,0.9826607878099454
n23,normal,290044,Oracle04,2.4094925607142113,27,0.6518828217976972,0.9840252782594516
n23,normal,290044,Plug,2.420626037633643,27,0.6518828217976972,0.9845061928479941
n23,normal,290044,Dlow,2.4888544032301554,27,0.6518828217976972,0.9871844563524597
n23,normal,290044,S,2.4938271442584075,27,0.6518828217976972,0.9873625930231309
n23,normal,290057,CP_PAC,2.2267049156306653,14,0.891113394813012,0.9740329983059073
n23,normal,290057,Oracle,1.9344262020113072,14,0.891113394813012,0.9469392525238636
n23,normal,290057,Oracle04,1.9621143252732922,14,0.891113394813012,0.9502508245024661
n23,normal,290057,Plug,1.876810462398864,14,0.891113394813012,0.9394559239950802
n23,normal,290057,Dlow,2.0024260834003584,14,0.891113394813012,0.9547610744807831
n23,normal,290057,S,2.0064269387047284,14,0.891113394813012,0.9551892834337277
n23,normal,290056,CP_PAC,2.283980158822655,15,0.8523633977999344,0.9776273029577331
n23,normal,290056,Oracle,2.0038156597853978,15,0.8523633977999344,0.9549101892835039
n23,normal,290056,Oracle04,2.031800289881991,15,0.8523633977999344,0.9578261221476563
n23,normal,290056,Plug,1.9697321157759515,15,0.8523633977999344,0.9511309197753406
n23,normal,290056,Dlow,2.082455975747029,15,0.8523633977999344,0.9626991598838761
n23,normal,290056,S,2.0866167310956287,15,0.8523633977999344,0.9630772063321091
n23,normal,290051,CP_PAC,2.466066025999077,22,0.6944287413306462,0.9863393849107962
n23,normal,290051,Oracle,2.21750234150215,22,0.6944287413306462,0.9734112167749924
n23,normal,290051,Oracle04,2.2465796032522176,22,0.6944287413306462,0.9753330930814448
n23,normal,290051,Plug,2.2507064382080304,22,0.6944287413306462,0.9755958632709754
n23,normal,290051,Dlow,2.328115776551051,22,0.6944287413306462,0.9800940432082135
n23,normal,290051,S,2.332767361161847,22,0.6944287413306462,0.9803396414177787
n23,normal,290053,CP_PAC,2.599385025071469,23,0.7369665046438995,0.9906609042192287
n23,normal,290053,Oracle,2.368669176263747,23,0.7369665046438995,0.9821477862207462
n23,normal,290053,Oracle04,2.3986577170085455,23,0.7369665046438995,0.9835447116335914
n23,normal,290053,Plug,2.383208959536029,23,0.7369665046438995,0.9828375506836509
n23,normal,290053,Dlow,2.4614820276520057,23,0.7369665046438995,0.9861635670184672
n23,normal,290053,S,2.4664000785646363,23,0.7369665046438995,0.9863521199132284
n23,normal,290059,CP_PAC,2.451368227249801,15,0.9592720803721112,0.9857685716475593
n23,normal,290059,Oracle,2.2006013853339055,15,0.9592720803721112,0.9722357445568375
n23,normal,290059,Oracle04,2.2295835088187856,15,0.9592720803721112,0.9742248943288943
n23,normal,290059,Plug,2.124280953306089,15,0.9592720803721112,0.9663533425736794
n23,normal,290059,Dlow,2.241841468876277,15,0.9592720803721112,0.9750283799736754
n23,normal,290059,S,2.2463206770761017,15,0.9592720803721112,0.9753165249256184
n23,normal,290054,CP_PAC,2.8042873908072705,25,0.8011730724399729,0.9949572066282071
n23,normal,290054,Oracle,2.594428666593926,25,0.8011730724399729,0.9905251727401041
n23,normal,290054,Oracle04,2.625934526448984,25,0.8011730724399729,0.9913588562924474
n23,normal,290054,Plug,2.5876497444690845,25,0.8011730724399729,0.9903366816205792
n23,normal,290054,Dlow,2.6663947941606607,25,0.8011730724399729,0.992333040107582
n23,normal,290054,S,2.6717222615983833,25,0.8011730724399729,0.9924536921147864
n23,normal,290052,CP_PAC,2.823907209766208,30,0.6684199311745005,0.9952557882445618
n23,normal,290052,Oracle,2.6156037469669853,30,0.6684199311745005,0.9910930142447827
n23,normal,290052,Oracle04,2.647249904498944,30,0.6684199311745005,0.9918850640559993
n23,normal,290052,Plug,2.646147766977717,30,0.6684199311745005,0.9918585756173062
n23,normal,290052,Dlow,2.7099811496447477,30,0.6684199311745005,0.9932712967851138
n23,normal,290052,S,2.7153957027946385,30,0.6684199311745005,0.9933803376589418
n23,normal,290058,CP_PAC,2.499194994581899,24,0.6460098161642187,0.9875524201813812
n23,normal,290058,Oracle,2.255430819821626,24,0.6460098161642187,0.9758936999474361
n23,normal,290058,Oracle04,2.28472685914516,24,0.6460098161642187,0.9776711513124892
n23,normal,290058,Plug,2.303916117372373,24,0.6460098161642187,0.9787726472234017
n23,normal,290058,Dlow,2.374190017612265,24,0.6460098161642187,0.98241250310633
n23,normal,290058,S,2.378933658740539,24,0.6460098161642187,0.9826371995181451
n23,normal,290055,CP_PAC,2.7785577507290267,26,0.7520755918159425,0.9945399193432591
n23,normal,290055,Oracle,2.5663451074820136,26,0.7520755918159425,0.9897223484011912
n23,normal,290055,Oracle04,2.5976459967695504,26,0.7520755918159425,0.9906134792090242
n23,normal,290055,Plug,2.5753113624138946,26,0.7520755918159425,0.9899850114131161
n23,normal,290055,Dlow,2.6482341835375234,26,0.7520755918159425,0.9919086546802784
n23,normal,290055,S,2.6535253660027593,26,0.7520755918159425,0.9920344216711725
n23,normal,290063,CP_PAC,2.4346174106005734,15,0.9467718803030996,0.9850924574013931
n23,normal,290063,Oracle,2.1812827538992074,15,0.9467718803030996,0.970837490782839
n23,normal,290063,Oracle04,2.210158215111015,15,0.9467718803030996,0.9729058162134732
n23,normal,290063,Plug,2.1088916313817685,15,0.9467718803030996,0.9650460632734434
n23,normal,290063,Dlow,2.226373206565793,15,0.9467718803030996,0.9740108063729107
n23,normal,290063,S,2.2308215091158026,15,0.9467718803030996,0.9743070454078839
n23,normal,290060,CP_PAC,2.6112440455065187,20,0.8693191262373601,0.990978650982284
n23,normal,290060,Oracle,2.3819314054447736,20,0.8693191262373601,0.9827778948888326
n23,normal,290060,Oracle04,2.412004209510632,20,0.8693191262373601,0.9841349016458631
n23,normal,290060,Plug,2.3499159698610814,20,0.8693191262373601,0.9812223503307962
n23,normal,290060,Dlow,2.4445906842676415,20,0.8693191262373601,0.9854983381426343
n23,normal,290060,S,2.4494749862087932,20,0.8693191262373601,0.9856935353588985
n23,normal,290064,CP_PAC,2.5467215084010384,18,0.9060905297508517,0.9891259825359886
n23,normal,290064,Oracle,2.309411633258214,18,0.9060905297508517,0.9790792499050194
n23,normal,290064,Oracle04,2.3390307891176825,18,0.9060905297508517,0.9806661599143596
n23,normal,290064,Plug,2.2612137283778173,18,0.9060905297508517,0.9762539745980845
n23,normal,290064,Dlow,2.3642835102580912,18,0.9060905297508517,0.9819350178807007
n23,normal,290064,S,2.369007358145144,18,0.9060905297508517,0.9821641013876918
n23,normal,290067,CP_PAC,2.0792233916750886,15,0.6917972536322881,0.9624031773867698
n23,normal,290067,Oracle,1.7495727962478573,15,0.6917972536322881,0.9198079427238077
n23,normal,290067,Oracle04,1.7766403133291586,15,0.6917972536322881,0.9243725616207503
n23,normal,290067,Plug,1.8003574015656332,15,0.6917972536322881,0.9281957774446248
n23,normal,290067,Dlow,1.9009362505655651,15,0.6917972536322881,0.9426896368208106
n23,normal,290067,S,1.904734328778984,15,0.6917972536322881,0.9431853857647963
n23,normal,290061,CP_PAC,2.8143535695350073,23,0.8642769106582671,0.9951124561140239
n23,normal,290061,Oracle,2.605333929959971,23,0.8642769106582671,0.9908215243535516
n23,normal,290061,Oracle04,2.636914945564388,23,0.8642769106582671,0.9916336193793185
n23,normal,290061,Plug,2.579821311962274,23,0.8642769106582671,0.9901148550021688
n23,normal,290061,Dlow,2.6649999374832127,23,0.8642769106582671,0.9923011662912513
n23,normal,290061,S,2.6703246179917284,23,0.8642769106582671,0.992422205296281
n23,normal,290066,CP_PAC,2.412199981593009,18,0.7838845877760029,0.9841434184530982
n23,normal,290066,Oracle,2.155252795242047,18,0.7838845877760029,0.968857942464088
n23,normal,290066,Oracle04,2.1839864972575973,18,0.7838845877760029,0.9710367597209715
n23,normal,290066,Plug,2.15512268635459,18,0.7838845877760029,0.9688477651285023
n23,normal,290066,Dlow,2.2471959105102957,18,0.7838845877760029,0.9753724905691394
n23,normal,290066,S,2.2516858169058693,18,0.7838845877760029,0.9756578664213584
n23,normal,290068,CP_PAC,2.3849290936598253,17,0.8135818886670407,0.9829175864975892
n23,normal,290068,Oracle,2.123507614196311,17,0.8135818886670407,0.9662886618698692
n23,normal,290068,Oracle04,2.1520746977505105,17,0.8135818886670407,0.9686085283969308
n23,normal,290068,Plug,2.1087947588624445,17,0.8135818886670407,0.9650376987888469
n23,normal,290068,Dlow,2.2088094821544995,17,0.8135818886670407,0.9728121047632299
n23,normal,290068,S,2.213222692313056,17,0.8135818886670407,0.9731177036347904
n23,normal,290069,CP_PAC,2.2422564310404507,15,0.7955239127585766,0.975055196122514
n23,normal,290069,Oracle,1.9533697372597927,15,0.7955239127585766,0.9492242005130755
n23,normal,290069,Oracle04,1.9811368269901142,15,0.7955239127585766,0.9524240686542851
n23,normal,290069,Plug,1.9479754993174894,15,0.7955239127585766,0.9485821051510999
n23,normal,290069,Dlow,2.0528607265630923,15,0.7955239127585766,0.9599139130854553
n23,normal,290069,S,2.0569623504857373,15,0.7955239127585766,0.9603101524338209
n23,normal,290065,CP_PAC,2.565922891447453,23,0.7175823093571007,0.9897098299462534
n23,normal,290065,Oracle,2.33101714207292,23,0.7175823093571007,0.9802475442003831
n23,normal,290065,Oracle04,2.3607698174945217,23,0.7175823093571007,0.9817629536711954
n23,normal,290065,Plug,2.3546251038655814,23,0.7175823093571007,0.9814585987331048
n23,normal,290065,Dlow,2.4298278509816265,23,0.7175823093571007,0.9848940041363854
n23,normal,290065,S,2.4346826567229685,23,0.7175823093571007,0.9850951449107432
n23,normal,290070,CP_PAC,2.3594228283050027,15,0.9001080103327792,0.9816966126241145
n23,normal,290070,Oracle,2.093526028520822,15,0.9001080103327792,0.9636977769446387
n23,normal,290070,Oracle04,2.121938501573996,15,0.9001080103327792,0.9661570972750164
n23,normal,290070,Plug,2.0393954920447723,15,0.9001080103327792,0.9585894280330345
n23,normal,290070,Dlow,2.1542047859040374,15,0.9001080103327792,0.9687758842840155
n23,normal,290070,S,2.158508895661611,15,0.9001080103327792,0.9691117124623185
n23,normal,290062,CP_PAC,2.933941734988628,27,0.6776690956678825,0.9966531297068142
n23,normal,290062,Oracle,2.733965836452958,27,0.6776690956678825,0.9937423463249482
n23,normal,290062,Oracle04,2.7664586896040886,27,0.6776690956678825,0.9943331235805142
n23,normal,290062,Plug,2.7600122693303426,27,0.6776690956678825,0.9942200809240149
n23,normal,290062,Dlow,2.830362892381823,27,0.6776690956678825,0.9953504765535226
n23,normal,290062,S,2.836017968734029,27,0.6776690956678825,0.9954320124110374
n23,normal,290071,CP_PAC,2.311204705613667,20,0.662091392983529,0.9791784494211675
n23,normal,290071,Oracle,2.036386401136553,20,0.662091392983529,0.9582884301083212
n23,normal,290071,Oracle04,2.064521447927871,20,0.662091392983529,0.9610316975198594
n23,normal,290071,Plug,2.0892225341225474,20,0.662091392983529,0.9633123041260656
n23,normal,290071,Dlow,2.168642536042881,20,0.662091392983529,0.9698901668173325
n23,normal,290071,S,2.172975492482839,20,0.662091392983529,0.9702178381370237
n23,normal,290073,CP_PAC,2.3484979173108638,20,0.6759525408502377,0.9811506953863749
n23,normal,290073,Oracle,2.0806689379847128,20,0.6759525408502377,0.9625357808918251
n23,normal,290073,Oracle04,2.109017530546708,20,0.6759525408502377,0.965056931518564
n23,normal,290073,Plug,2.124910126223231,20,0.6759525408502377,0.9664058871419263
n23,normal,290073,Dlow,2.205650800669893,20,0.6759525408502377,0.9725915407910255
n23,normal,290073,S,2.2100576997702395,20,0.6759525408502377,0.9728988419242599
n23,normal,290072,CP_PAC,2.5928122924989863,24,0.7095792055642318,0.9904805288980669
n23,normal,290072,Oracle,2.361246673700842,24,0.7095792055642318,0.9817863889777885
n23,normal,290072,Oracle04,2.3911856779371647,24,0.7095792055642318,0.9832059428215703
n23,normal,290072,Plug,2.385923833097774,24,0.7095792055642318,0.982963720947897
n23,normal,290072,Dlow,2.460171323246367,24,0.7095792055642318,0.9861129293856286
n23,normal,290072,S,2.4650867553663653,24,0.7095792055642318,0.9863019919144509
n23,normal,290074,CP_PAC,2.6031540842586702,19,0.9014326425420303,0.9907629570991423
n23,normal,290074,Oracle,2.372982020280221,19,0.9014326425420303,0.9823548771668595
n23,normal,290074,Oracle04,2.403005167623767,19,0.9014326425420303,0.9837390423591794
n23,normal,290074,Plug,2.327002128486844,19,0.9014326425420303,0.9800348480360861
n23,normal,290074,Dlow,2.4280785172940784,19,0.9014326425420303,0.9848209432808606
n23,normal,290074,S,2.432929827859733,19,0.9014326425420303,0.9850227968159015
n23,normal,290078,CP_PAC,2.1360452416956957,14,0.7935366002945888,0.967324273617368
n23,normal,290078,Oracle,1.8219911079123539,14,0.7935366002945888,0.9315436651160152
n23,normal,290078,Oracle04,1.8492713550581263,14,0.7935366002945888,0.9355813601911918
n23,normal,290078,Plug,1.8135594691184882,14,0.7935366002945888,0.9302544248205074
n23,normal,290078,Dlow,1.930651894430577,14,0.7935366002945888,0.9464738843301768
n23,normal,290078,S,1.9345093446190043,14,0.7935366002945888,0.9469494657459478
n23,normal,290075,CP_PAC,2.5893487200312473,22,0.7621605990624166,0.9903842337196813
n23,normal,290075,Oracle,2.3574239391551415,22,0.7621605990624166,0.981597775245568
n23,normal,290075,Oracle04,2.387341554397589,22,0.7621605990624166,0.9830292836767274
n23,normal,290075,Plug,2.3635198618405253,22,0.7621605990624166,0.9818977437080345
n23,normal,290075,Dlow,2.4453079560477002,22,0.7621605990624166,0.9855271496533655
n23,normal,290075,S,2.4501936911007305,22,0.7621605990624166,0.9857220613443667
n23,normal,290076,CP_PAC,2.5187068334058327,21,0.7544691024936804,0.9882213318197346
n23,normal,290076,Oracle,2.277819335993497,21,0.7544691024936804,0.9772626562034605
n23,normal,290076,Oracle04,2.307258808143164,21,0.7544691024936804,0.9789596035915142
n23,normal,290076,Plug,2.28548364136428,21,0.7544691024936804,0.9777155154428587
n23,normal,290076,Dlow,2.3710798321198707,21,0.7544691024936804,0.9822638002715338
n23,normal,290076,S,2.375817259085121,21,0.7544691024936804,0.9824898677232621
n23,normal,290081,CP_PAC,2.1548622212613955,14,0.7816078636012801,0.9688273825350875
n23,normal,290081,Oracle,1.8455746614178585,14,0.7816078636012801,0.9350460115373853
n23,normal,290081,Oracle04,1.8729329702500925,14,0.7816078636012801,0.9389223583459292
n23,normal,290081,Plug,1.8472162163264974,14,0.7816078636012801,0.9352841899548838
n23,normal,290081,Dlow,1.9567789299979625,14,0.7816078636012801,0.9496265346773372
n23,normal,290081,S,1.960688582107701,14,0.7816078636012801,0.9500846381882602
n23,normal,290080,CP_PAC,2.606822724615622,21,0.8113909986388257,0.9908613339967307
n23,normal,290080,Oracle,2.3769295224900926,21,0.8113909986388257,0.9825425767097402
n23,normal,290080,Oracle04,2.4069676813929655,21,0.8113909986388257,0.9839144067108656
n23,normal,290080,Plug,2.3670695828867565,21,0.8113909986388257,0.9820704384949062
n23,normal,290080,Dlow,2.4531166504890893,21,0.8113909986388257,0.9858375596389126
n23,normal,290080,S,2.4580179873447703,21,0.8113909986388257,0.9860293823427129
n23,normal,290079,CP_PAC,2.457758607758483,23,0.6711172397663195,0.9860192888211083
n23,normal,290079,Oracle,2.207978341064999,23,0.6711172397663195,0.9727542169728678
n23,normal,290079,Oracle04,2.2370024174599616,23,0.6711172397663195,0.974713817960442
n23,normal,290079,Plug,2.249329923804208,23,0.6711172397663195,0.9755084866415273
n23,normal,290079,Dlow,2.3245787058404046,23,0.6711172397663195,0.9799055014738938
n23,normal,290079,S,2.3292232233698074,23,0.6711172397663195,0.980152756758212
n23,normal,290082,CP_PAC,2.673701427965877,20,0.8868106238679727,0.9924980791024536
n23,normal,290082,Oracle,2.4512618174357694,20,0.8868106238679727,0.9857643634526625
n23,normal,290082,Oracle04,2.481783517173198,20,0.8868106238679727,0.986927333153828
n23,normal,290082,Plug,2.4174652162202657,20,0.8868106238679727,0.984370972317042
n23,normal,290082,Dlow,2.508598672332384,20,0.8868106238679727,0.9878788890281354
n23,normal,290082,S,2.513610862489083,20,0.8868106238679727,0.9880497788240077
n23,normal,290085,CP_PAC,1.858948131867876,13,0.6499881259763699,0.9369655092594928
n23,normal,290085,Oracle,1.4507399555232148,13,0.6499881259763699,0.8531477149396098
n23,normal,290085,Oracle04,1.477462759256378,13,0.6499881259763699,0.8604483661666738
n23,normal,290085,Plug,1.5467790018095897,13,0.6499881259763699,0.8780834547108776
n23,normal,290085,Dlow,1.6592232170234205,13,0.6499881259763699,0.902929179131263
n23,normal,290085,S,1.6625383516313805,13,0.6499881259763699,0.9035951197265273
n23,normal,290086,CP_PAC,2.4795299669815476,16,0.92230300676757,0.9868444325026977
n23,normal,290086,Oracle,2.2329530631263106,16,0.92230300676757,0.9744479602212373
n23,normal,290086,Oracle04,2.2621187032522063,16,0.92230300676757,0.9763099296616404
n23,normal,290086,Plug,2.175063642097509,16,0.92230300676757,0.9703746524500583
n23,normal,290086,Dlow,2.2845549211296574,16,0.92230300676757,0.9776610612533958
n23,normal,290086,S,2.2891194709775124,16,0.92230300676757,0.9779275881908964
n23,normal,290077,CP_PAC,2.535694485194135,30,0.5514892816407065,0.9887775406535919
n23,normal,290077,Oracle,2.296947212666509,30,0.5514892816407065,0.9783782187725909
n23,normal,290077,Oracle04,2.326491341482164,30,0.5514892816407065,0.9800076461532266
n23,normal,290077,Plug,2.3720998765216574,30,0.5514892816407065,0.9823126911608113
n23,normal,290077,Dlow,2.431142621711948,30,0.5514892816407065,0.9849487114463895
n23,normal,290077,S,2.436000054370455,30,0.5514892816407065,0.9851493177052137
n23,normal,290088,CP_PAC,2.2901256825544616,16,0.8008964551293442,0.977985968035167
n23,normal,290088,Oracle,2.0111803631866922,16,0.8008964551293442,0.9556935908483501
n23,normal,290088,Oracle04,2.0391989575612346,16,0.8008964551293442,0.9585698250848687
n23,normal,290088,Plug,2.003247443807049,16,0.8008964551293442,0.9548492644456319
n23,normal,290088,Dlow,2.105707098972638,16,0.8008964551293442,0.9647701971905926
n23,normal,290088,S,2.1099143101582154,16,0.8008964551293442,0.9651342625769526
n23,normal,290084,CP_PAC,2.7407875520309903,26,0.7408446764179943,0.9938707876164881
n23,normal,290084,Oracle,2.525136184419031,26,0.7408446764179943,0.9884346538091819
n23,normal,290084,Oracle04,2.556155373231804,26,0.7408446764179943,0.9894164150257996
n23,normal,290084,Plug,2.53709162937132,26,0.7408446764179943,0.988822230654244
n23,normal,290084,Dlow,2.6105802475945374,26,0.7408446764179943,0.9909611237572309
n23,normal,290084,S,2.615796197345519,26,0.7408446764179943,0.9910980326080132
n23,normal,290089,CP_PAC,2.3962752481898146,19,0.7603363930984599,0.9834373525056461
n23,normal,290089,Oracle,2.136725573141271,19,0.7603363930984599,0.967379681258508
n23,normal,290089,Oracle04,2.1653606001935244,19,0.7603363930984599,0.9696399191408924
n23,normal,290089,Plug,2.1457429277356233,19,0.7603363930984599,0.9681065057423632
n23,normal,290089,Dlow,2.235911622613411,19,0.7603363930984599,0.9746424391701127
n23,normal,290089,S,2.2403789829567424,19,0.7603363930984599,0.9749336704620326
n23,normal,290090,CP_PAC,2.312827884085072,17,0.7868757246947142,0.9792678959475318
n23,normal,290090,Oracle,2.0384272882455523,17,0.7868757246947142,0.958492780416579
n23,normal,290090,Oracle04,2.066574768537489,17,0.7868757246947142,0.9612257596368914
n23,normal,290090,Plug,2.034024313606163,17,0.7868757246947142,0.9580508559053382
n23,normal,290090,Dlow,2.1357106195863853,17,0.7868757246947142,0.9672969917233363
n23,normal,290090,S,2.1399777779258637,17,0.7868757246947142,0.9676434373336478
n23,normal,290087,CP_PAC,2.3826279134347588,23,0.623602259491587,0.9828104410628078
n23,normal,290087,Oracle,2.1208144041144386,23,0.623602259491587,0.9660625759435539
n23,normal,290087,Oracle04,2.149367499521602,23,0.623602259491587,0.9683947203474108
n23,normal,290087,Plug,2.1828670298099815,23,0.623602259491587,0.9709543963355713
n23,normal,290087,Dlow,2.2551998298590727,23,0.623602259491587,0.9758792113883905
n23,normal,290087,S,2.2597057281174413,23,0.623602259491587,0.9761604794384373
n23,normal,290092,CP_PAC,2.4918628096958733,18,0.8741706075028247,0.987292488994091
n23,normal,290092,Oracle,2.247195019915098,18,0.8741706075028247,0.9753724336771288
n23,normal,290092,Oracle04,2.276450824664917,18,0.8741706075028247,0.9771809593331966
n23,normal,290092,Plug,2.2076652037861444,18,0.8741706075028247,0.9727323798400993
n23,normal,290092,Dlow,2.311697081544743,18,0.8741706075028247,0.9792056176596127
n23,normal,290092,S,2.3163158615374053,18,0.8741706075028247,0.9794589710771628
n23,normal,290083,CP_PAC,3.032714196208494,30,0.6788166168526245,0.9975763497553525
n23,normal,290083,Oracle,2.839066897476104,30,0.6788166168526245,0.995475432986799
n23,normal,290083,Oracle04,2.8723287797212165,30,0.6788166168526245,0.9959254118937826
n23,normal,290083,Plug,2.86270354105424,30,0.6788166168526245,0.9957995662610981
n23,normal,290083,Dlow,2.9333532057567586,30,0.6788166168526245,0.9966467782029478
n23,normal,290083,S,2.9392140571660215,30,0.6788166168526245,0.9967095426596602
n23,normal,290091,CP_PAC,2.5025394096548594,21,0.7554130985443863,0.9876694103387251
n23,normal,290091,Oracle,2.2592112184820974,21,0.7554130985443863,0.9761297506782862
n23,normal,290091,Oracle04,2.2885324542222474,21,0.7554130985443863,0.9778934676379647
n23,normal,290091,Plug,2.2708514896062857,21,0.7554130985443863,0.976844030263625
n23,normal,290091,Dlow,2.353152915099009,21,0.7554130985443863,0.981385022809141
n23,normal,290091,S,2.357854524012523,21,0.7554130985443863,0.9816191053990364
n23,normal,290096,CP_PAC,2.4643065719500385,21,0.7248003298317591,0.9862721362974816
n23,normal,290096,Oracle,2.2154888755956934,21,0.7248003298317591,0.9732734729299948
n23,normal,290096,Oracle04,2.2445548273887748,21,0.7248003298317591,0.9752032745494745
n23,normal,290096,Plug,2.2374096529741725,21,0.7248003298317591,0.9747404217835176
n23,normal,290096,Dlow,2.3190903845245403,21,0.7248003298317591,0.9796098639722697
n23,normal,290096,S,2.323723936366056,21,0.7248003298317591,0.9798597052833575
n23,normal,290093,CP_PAC,2.561660503072471,24,0.6966765722319621,0.9895826905788112
n23,normal,290093,Oracle,2.326323662171338,24,0.6966765722319621,0.9799987093672748
n23,normal,290093,Oracle04,2.356049488944483,24,0.6966765722319621,0.9815295432144211
n23,normal,290093,Plug,2.354690984058788,24,0.6966765722319621,0.9814618852859043
n23,normal,290093,Dlow,2.429841031431352,24,0.6966765722319621,0.9848945534397529
n23,normal,290093,S,2.4346958635072853,24,0.6966765722319621,0.985095688850604
n23,normal,290098,CP_PAC,2.4017068200600784,19,0.7424617914766074,0.9836812186172152
n23,normal,290098,Oracle,2.143030631560235,19,0.7424617914766074,0.9678893611898693
n23,normal,290098,Oracle04,2.1717016820652866,19,0.7424617914766074,0.9701218284160826
n23,normal,290098,Plug,2.1609065062702952,19,0.7424617914766074,0.9692974377787764
n23,normal,290098,Dlow,2.2465238194062507,19,0.7424617914766074,0.9753295244017972
n23,normal,290098,S,2.2510123829611173,19,0.7424617914766074,0.9756152469061095
n23,normal,290095,CP_PAC,2.891096260413991,24,0.8764669414586046,0.9961609948754759
n23,normal,290095,Oracle,2.688086333025067,24,0.8764669414586046,0.992813718579943
n23,normal,290095,Oracle04,2.7202508078153707,24,0.8764669414586046,0.993476758204628
n23,normal,290095,Plug,2.6615730026514997,24,0.8764669414586046,0.9922223526792078
n23,normal,290095,Dlow,2.7442933924677715,24,0.8764669414586046,0.9939358686666813
n23,normal,290095,S,2.749776501615729,24,0.8764669414586046,0.9940364074874632
n23,normal,290094,CP_PAC,2.728009110825421,26,0.7348639755234498,0.993628215186712
n23,normal,290094,Oracle,2.5111027443183604,26,0.7348639755234498,0.9879645338034975
n23,normal,290094,Oracle04,2.5420244564687713,26,0.7348639755234498,0.9889787538470769
n23,normal,290094,Plug,2.5254244919779523,26,0.7348639755234498,0.9884441388517944
n23,normal,290094,Dlow,2.5982116311794217,26,0.7348639755234498,0.9906289281369853
n23,normal,290094,S,2.603402868385455,26,0.7348639755234498,0.990769658153021
n23,normal,290099,CP_PAC,2.511925662970792,16,0.9883526605230984,0.9879925620933678
n23,normal,290099,Oracle,2.269943707156553,16,0.9883526605230984,0.9767890012305673
n23,normal,290099,Oracle04,2.2993254366488456,16,0.9883526605230984,0.9785135335346256
n23,normal,290099,Plug,2.184901973572089,16,0.9883526605230984,0.9711039652124331
n23,normal,290099,Dlow,2.3026643366114072,16,0.9883526605230984,0.9787022637545011
n23,normal,290099,S,2.307265069143652,16,0.9883526605230984,0.9789599524181645
n23,laplace,291000,CP_PAC,2.252855418737312,16,0.7643721284215356,0.9586638842279025
n23,laplace,291000,Oracle,1.9662415504816766,16,0.7643721284215356,0.9380040034373902
n23,laplace,291000,Oracle04,1.9940624303234367,16,0.7643721284215356,0.9403958533807231
n23,laplace,291000,Plug,1.975782816888601,16,0.7643721284215356,0.9388349209420039
n23,laplace,291000,Dlow,2.0747557204862375,16,0.7643721284215356,0.9468239769364972
n23,laplace,291000,S,2.0789010906941026,16,0.7643721284215356,0.9471348061169489
n23,normal,290097,CP_PAC,2.7219077144112473,24,0.7921757660417446,0.9935093734834377
n23,normal,290097,Oracle,2.5044161352970833,24,0.7921757660417446,0.9877346320754938
n23,normal,290097,Oracle04,2.5352929137246045,24,0.7921757660417446,0.9887646663924523
n23,normal,290097,Plug,2.501233890086498,24,0.7921757660417446,0.9876238586820438
n23,normal,290097,Dlow,2.580657426833528,24,0.7921757660417446,0.9901387616654849
n23,normal,290097,S,2.5858135906692366,24,0.7921757660417446,0.9902850544846948
n23,laplace,291002,CP_PAC,2.8158721759397216,21,0.9289718467594082,0.9813562558060689
n23,laplace,291002,Oracle,2.60686543801751,21,0.9289718467594082,0.974944563717385
n23,laplace,291002,Oracle04,2.638449550466334,21,0.9289718467594082,0.9760390806892003
n23,laplace,291002,Plug,2.5636322664626974,21,0.9289718467594082,0.9733648503523142
n23,laplace,291002,Dlow,2.6535055291970067,21,0.9289718467594082,0.9765438722569746
n23,laplace,291002,S,2.6588072438319035,21,0.9289718467594082,0.9767190829325461
n23,laplace,291003,CP_PAC,2.526696164227857,21,0.7562867045011195,0.9719365702730607
n23,laplace,291003,Oracle,2.286772610821275,21,0.7562867045011195,0.9605998178773552
n23,laplace,291003,Oracle04,2.316256959828035,21,0.7562867045011195,0.9622089133294929
n23,laplace,291003,Plug,2.295183948593353,21,0.7562867045011195,0.9610657233389461
n23,laplace,291003,Dlow,2.3791784148000295,21,0.7562867045011195,0.9654264514309456
n23,laplace,291003,S,2.3839320227657885,21,0.7562867045011195,0.9656580966478807
n23,laplace,291005,CP_PAC,2.3696843848539704,18,0.7585935815348765,0.9649591163743263
n23,laplace,291005,Oracle,2.105572412005665,18,0.7585935815348765,0.9490916876664834
n23,laplace,291005,Oracle04,2.134048006922596,18,0.7585935815348765,0.9511010636438186
n23,laplace,291005,Plug,2.117105207894636,18,0.7585935815348765,0.9499152594925624
n23,laplace,291005,Dlow,2.2070045339759066,18,0.7585935815348765,0.9558947186046256
n23,laplace,291005,S,2.2114141378408,18,0.7585935815348765,0.9561689086723009
n23,laplace,291004,CP_PAC,2.551723413567455,20,0.7918104424510016,0.9729124714706825
n23,laplace,291004,Oracle,2.315008259465679,20,0.7918104424510016,0.9621421179935099
n23,laplace,291004,Oracle04,2.344661448570163,20,0.7918104424510016,0.9636968955649463
n23,laplace,291004,Plug,2.3126048615398016,20,0.7918104424510016,0.9620132232318215
n23,laplace,291004,Dlow,2.397910031086579,20,0.7918104424510016,0.9663302976921229
n23,laplace,291004,S,2.402701064896418,20,0.7918104424510016,0.9665576571630026
n23,laplace,291006,CP_PAC,2.674028447275882,22,0.8136917394190067,0.9772148733615917
n23,laplace,291006,Oracle,2.4516305946865122,22,0.8136917394190067,0.9687935113717321
n23,laplace,291006,Oracle04,2.4821533465642083,22,0.8136917394190067,0.9701119016583106
n23,laplace,291006,Plug,2.4421526220604868,22,0.8136917394190067,0.9683724075155993
n23,laplace,291006,Dlow,2.5250148534590564,22,0.8136917394190067,0.9718697635515863
n23,laplace,291006,S,2.5300598432111476,22,0.8136917394190067,0.9720697498818116
n23,laplace,291008,CP_PAC,2.160908950876806,15,0.7488536182595803,0.9529237544234828
n23,laplace,291008,Oracle,1.8531459572663522,15,0.7488536182595803,0.9272512929664332
n23,laplace,291008,Oracle04,1.8805290042876173,15,0.7488536182595803,0.9300146694383684
n23,laplace,291008,Plug,1.870775962779782,15,0.7488536182595803,0.9290426820772213
n23,laplace,291008,Dlow,1.9750499470404077,15,0.7488536182595803,0.9387714944821646
n23,laplace,291008,S,1.9789961047150988,15,0.7488536182595803,0.9391122413080775
n23,laplace,291001,CP_PAC,3.0684896154705736,28,0.7235542642263451,0.986956947079296
n23,laplace,291001,Oracle,2.87686661442581,28,0.7235542642263451,0.9828970408931346
n23,laplace,291001,Oracle04,2.910404124467427,28,0.7235542642263451,0.9836892843416092
n23,laplace,291001,Plug,2.8906897105082177,28,0.7235542642263451,0.9832281365828877
n23,laplace,291001,Dlow,2.963152896700345,28,0.7235542642263451,0.9848617558796704
n23,laplace,291001,S,2.9690732880110153,28,0.7235542642263451,0.9849879746878776
n23,laplace,291014,CP_PAC,2.4805825631782015,16,0.9257300563149133,0.9700454337448576
n23,laplace,291014,Oracle,2.2341256144901185,16,0.9257300563149133,0.9575543457165236
n23,laplace,291014,Oracle04,2.2632996248700237,16,0.9257300563149133,0.9592699457428511
n23,laplace,291014,Plug,2.1767370175063103,16,0.9257300563149133,0.9539658152558126
n23,laplace,291014,Dlow,2.2847484517628787,16,0.9257300563149133,0.9604868695988589
n23,laplace,291014,S,2.289313388285711,16,0.9257300563149133,0.9607411366430756
n23,laplace,291013,CP_PAC,2.2718007948074135,19,0.6746935375896583,0.9597566897953356
n23,laplace,291013,Oracle,1.989144061146593,19,0.6746935375896583,0.9399798241301882
n23,laplace,291013,Oracle04,2.0170645101945586,19,0.6746935375896583,0.9423035704249882
n23,laplace,291013,Plug,2.039034320884265,19,0.6746935375896583,0.9440686364429831
n23,laplace,291013,Dlow,2.1221594764258356,19,0.6746935375896583,0.9502719795539829
n23,laplace,291013,S,2.12639955952721,19,0.6746935375896583,0.9505692755705726
n23,laplace,291011,CP_PAC,2.4366088211856116,21,0.6991819888347629,0.9681234688672069
n23,laplace,291011,Oracle,2.183552847153985,21,0.6991819888347629,0.954407408857322
n23,laplace,291011,Oracle04,2.2124402575730464,21,0.6991819888347629,0.9562324681391234
n23,laplace,291011,Plug,2.2161493241806207,21,0.6991819888347629,0.9564614458229013
n23,laplace,291011,Dlow,2.295273465349922,21,0.6991819888347629,0.9610706519433065
n23,laplace,291011,S,2.2998594308918965,21,0.6991819888347629,0.9613223126205159
n23,laplace,291010,CP_PAC,2.7741860788461734,22,0.8588475484914883,0.9802241063855768
n23,laplace,291010,Oracle,2.5615749515030473,22,0.8588475484914883,0.9732872430008448
n23,laplace,291010,Oracle04,2.592842518956373,22,0.8588475484914883,0.9744427195909526
n23,laplace,291010,Plug,2.5386268781510664,22,0.8588475484914883,0.9724061004334179
n23,laplace,291010,Dlow,2.623049048450549,22,0.8588475484914883,0.975511497054159
n23,laplace,291010,S,2.6282899109153917,22,0.8588475484914883,0.9756923275032672
n23,laplace,291012,CP_PAC,2.526012284554412,21,0.756693619295156,0.9719094155441639
n23,laplace,291012,Oracle,2.2859249654647646,21,0.756693619295156,0.9605525585271499
n23,laplace,291012,Oracle04,2.315401325250827,21,0.756693619295156,0.9621631565457629
n23,laplace,291012,Plug,2.295565875143151,21,0.756693619295156,0.9610867470643985
n23,laplace,291012,Dlow,2.3782736377941767,21,0.756693619295156,0.9653821846043198
n23,laplace,291012,S,2.3830254380118676,21,0.756693619295156,0.9656140385030825
n23,laplace,291007,CP_PAC,2.6735683192358493,28,0.6463429160990948,0.9772000418145377
n23,laplace,291007,Oracle,2.4512140912915523,28,0.6463429160990948,0.9687751245629606
n23,laplace,291007,Oracle04,2.48173838855795,28,0.6463429160990948,0.9700943570019438
n23,laplace,291007,Plug,2.491598267625723,28,0.6463429160990948,0.9705084666543251
n23,laplace,291007,Dlow,2.5574711119303615,28,0.6463429160990948,0.9731317592694817
n23,laplace,291007,S,2.56258094941638,28,0.6463429160990948,0.973325220109168
n23,laplace,291017,CP_PAC,2.0836621115504506,13,0.78295443215034,0.9474895571406199
n23,laplace,291017,Oracle,1.7552903270652773,13,0.78295443215034,0.9164537899506868
n23,laplace,291017,Oracle04,1.7823730907789235,13,0.78295443215034,0.9195931733796499
n23,laplace,291017,Plug,1.7536967714019827,13,0.78295443215034,0.916265295551447
n23,laplace,291017,Dlow,1.8728071902713637,13,0.78295443215034,0.9292462208396675
n23,laplace,291017,S,1.876549066510079,13,0.78295443215034,0.9296196476225345
n23,laplace,291009,CP_PAC,2.7341468291062117,29,0.6660417929858838,0.9790720046781201
n23,laplace,291009,Oracle,2.5178509912988534,29,0.6660417929858838,0.9715833210699125
n23,laplace,291009,Oracle04,2.5488196868900777,29,0.6660417929858838,0.9728010081102398
n23,laplace,291009,Plug,2.5512755304301074,29,0.6660417929858838,0.9728953087300203
n23,laplace,291009,Dlow,2.6171203340224634,29,0.6660417929858838,0.9753053108030767
n23,laplace,291009,S,2.622349350892223,29,0.6660417929858838,0.9754872531542638
n23,laplace,291015,CP_PAC,2.5398722872081105,22,0.7309887261633715,0.9724546580875175
n23,laplace,291015,Oracle,2.301615149646306,22,0.7309887261633715,0.96141822869323
n23,laplace,291015,Oracle04,2.3311865045230546,22,0.7309887261633715,0.9629984535445326
n23,laplace,291015,Plug,2.3207083639070882,22,0.7309887261633715,0.962446069878111
n23,laplace,291015,Dlow,2.399028653869505,22,0.7309887261633715,0.9663835200926905
n23,laplace,291015,S,2.4038219226921282,22,0.7309887261633715,0.9666106257085265
n23,laplace,291019,CP_PAC,2.1526352249366187,14,0.792946903211423,0.9523696887739921
n23,laplace,291019,Oracle,1.8427916001147608,14,0.792946903211423,0.9261781760424466
n23,laplace,291019,Oracle04,1.87014216591992,14,0.792946903211423,0.9289790528100677
n23,laplace,291019,Plug,1.8391209592225162,14,0.792946903211423,0.925793965407588
n23,laplace,291019,Dlow,1.9501874737087959,14,0.792946903211423,0.9365803529070389
n23,laplace,291019,S,1.9540839560625687,14,0.792946903211423,0.9369288631134447
n23,laplace,291020,CP_PAC,2.156114702231274,13,0.8765661437847883,0.9526034886844474
n23,laplace,291020,Oracle,1.8472054353024727,13,0.8765661437847883,0.9266375444573951
n23,laplace,291020,Oracle04,1.8745698017963053,13,0.8765661437847883,0.9294223697952573
n23,laplace,291020,Plug,1.790888205241404,13,0.8765661437847883,0.9205556409520952
n23,laplace,291020,Dlow,1.9236993903217874,13,0.8765661437847883,0.934159607928783
n23,laplace,291020,S,1.9275429493792646,13,0.8765661437847883,0.9345165199460528
n23,laplace,291018,CP_PAC,2.4723055917195134,22,0.6873357199238567,0.9696927432408677
n23,laplace,291018,Oracle,2.224672305482288,22,0.6873357199238567,0.9569830797391516
n23,laplace,291018,Oracle04,2.2537904979079895,22,0.6873357199238567,0.9587185110481409
n23,laplace,291018,Plug,2.260036893855367,22,0.6873357199238567,0.9590815749336423
n23,laplace,291018,Dlow,2.3364467627236323,22,0.6873357199238567,0.9632726914925276
n23,laplace,291018,S,2.3411149926780417,22,0.6873357199238567,0.9635143619431255
n23,laplace,291021,CP_PAC,2.5324224670992566,15,1.0178292061298244,0.9721629162296312
n23,laplace,291021,Oracle,2.2931938657020488,15,1.0178292061298244,0.960955992283234
n23,laplace,291021,Oracle04,2.322713848399995,15,1.0178292061298244,0.9625524288121479
n23,laplace,291021,Plug,2.1977804958777925,15,1.0178292061298244,0.9553156068289335
n23,laplace,291021,Dlow,2.317650000866228,15,1.0178292061298244,0.9622832906564609
n23,laplace,291021,S,2.322280674815447,15,1.0178292061298244,0.962529481403533
n23,laplace,291016,CP_PAC,2.671966149846535,26,0.5748266897891109,0.9771483228780802
n23,laplace,291016,Oracle,2.449354402939323,26,0.5748266897891109,0.9686928951660607
n23,laplace,291016,Oracle04,2.4798619352582856,26,0.5748266897891109,0.9700148908332138
n23,laplace,291016,Plug,2.510282320304281,26,0.5748266897891109,0.9712775233089588
n23,laplace,291016,Dlow,2.575130001062101,26,0.5748266897891109,0.9737944424996718
n23,laplace,291016,S,2.580275121079064,26,0.5748266897891109,0.973984429917798
n23,laplace,291024,CP_PAC,2.3017740386424,17,0.7726004533352986,0.9614268971580022
n23,laplace,291024,Oracle,2.025192696499108,17,0.7726004533352986,0.9429629930915826
n23,laplace,291024,Oracle04,2.053276245821943,17,0.7726004533352986,0.9451838880272139
n23,laplace,291024,Plug,2.0282280019843024,17,0.7726004533352986,0.9432073037113884
n23,laplace,291024,Dlow,2.127469388887888,17,0.7726004533352986,0.9506440060882104
n23,laplace,291024,S,2.1317200812155486,17,0.7726004533352986,0.95093981405667
n23,laplace,291022,CP_PAC,2.300023103362479,20,0.6696390216666949,0.9613312642247493
n23,laplace,291022,Oracle,2.0230989040076226,20,0.6696390216666949,0.9427938522411234
n23,laplace,291022,Oracle04,2.0511727638242636,20,0.6696390216666949,0.9450205797679454
n23,laplace,291022,Plug,2.071668324576658,20,0.6696390216666949,0.9465912901950773
n23,laplace,291022,Dlow,2.1545328740928538,20,0.6696390216666949,0.952497341976648
n23,laplace,291022,S,2.1588376393719377,20,0.6696390216666949,0.9527856528983967
n23,laplace,291028,CP_PAC,2.0744492755226434,12,0.8745322917970988,0.9468009265904087
n23,laplace,291028,Oracle,1.7434066128981955,12,0.8745322917970988,0.9150378381825486
n23,laplace,291028,Oracle04,1.7704585610569121,12,0.8745322917970988,0.918226864702941
n23,laplace,291028,Plug,1.6869809682065475,12,0.8745322917970988,0.9079801868416519
n23,laplace,291028,Dlow,1.8251989963739408,12,0.8745322917970988,0.9243184727972515
n23,laplace,291028,S,1.828845751251291,12,0.8745322917970988,0.9247077796491905
n23,laplace,291031,CP_PAC,1.94571382792751,11,0.8018284081216007,0.936177844495427
n23,laplace,291031,Oracle,1.572445136676218,11,0.8018284081216007,0.8917999270521162
n23,laplace,291031,Oracle04,1.599194293918673,11,0.8018284081216007,0.8958165779083702
n23,laplace,291031,Plug,1.5567837848751371,11,0.8018284081216007,0.8893767220415996
n23,laplace,291031,Dlow,1.6973642861620248,11,0.8018284081216007,0.9093215542813482
n23,laplace,291031,S,1.7007556267783075,11,0.8018284081216007,0.9097554141068509
n23,laplace,291029,CP_PAC,2.6049722045865114,16,1.0135605647580717,0.9748773894931657
n23,laplace,291029,Oracle,2.3748602905552985,16,1.0135605647580717,0.9652146734382117
n23,laplace,291029,Oracle04,2.404885313665381,16,1.0135605647580717,0.9666608009798097
n23,laplace,291029,Plug,2.287508950573802,16,1.0135605647580717,0.9606408255733729
n23,laplace,291029,Dlow,2.4012952685370945,16,1.0135605647580717,0.966491104431006
n23,laplace,291029,S,2.4060930660648667,16,1.0135605647580717,0.9667176963895547
n23,laplace,291023,CP_PAC,2.687764582946471,24,0.7503824929153766,0.9776532219168783
n23,laplace,291023,Oracle,2.4668824421527678,24,0.7503824929153766,0.9694594083514265
n23,laplace,291023,Oracle04,2.4975098304482266,24,0.7503824929153766,0.9707539943727053
n23,laplace,291023,Plug,2.4761354294703373,24,0.7503824929153766,0.9698564499272311
n23,laplace,291023,Dlow,2.5527346696261533,24,0.7503824929153766,0.972951182525376
n23,laplace,291023,S,2.557835043681549,24,0.7503824929153766,0.9731455841828924
n23,laplace,291025,CP_PAC,2.4783688222823996,22,0.713613787184084,0.9699515079623189
n23,laplace,291025,Oracle,2.2317066130260965,22,0.713613787184084,0.957408891126474
n23,laplace,291025,Oracle04,2.2608692098226637,22,0.713613787184084,0.9591297105526082
n23,laplace,291025,Plug,2.2560953268635484,22,0.713613787184084,0.9588528498432374
n23,laplace,291025,Dlow,2.3369873608851277,22,0.713613787184084,0.9633007595697143
n23,laplace,291025,S,2.3416566709568207,22,0.713613787184084,0.9635423010185058
n23,laplace,291027,CP_PAC,2.505264131062723,21,0.7395435955824063,0.9710729608768367
n23,laplace,291027,Oracle,2.2623803068842125,21,0.7395435955824063,0.9592169576742833
n23,laplace,291027,Oracle04,2.291718296724885,21,0.7395435955824063,0.9608744313627067
n23,laplace,291027,Plug,2.277539885573911,21,0.7395435955824063,0.9600819946521837
n23,laplace,291027,Dlow,2.3598982619277784,21,0.7395435955824063,0.9644707908495513
n23,laplace,291027,S,2.3646133480711704,21,0.7395435955824063,0.9647069164126809
n23,laplace,291026,CP_PAC,2.6079331543769464,24,0.7240235532419664,0.9749823683496297
n23,laplace,291026,Oracle,2.378291169903096,24,0.7240235532419664,0.9653830429128556
n23,laplace,291026,Oracle04,2.408345174325781,24,0.7240235532419664,0.9668235306348822
n23,laplace,291026,Plug,2.3962621031776306,24,0.7240235532419664,0.966251738203455
n23,laplace,291026,Dlow,2.473356011375102,24,0.7240235532419664,0.9697377317840101
n23,laplace,291026,S,2.478297786554589,24,0.7240235532419664,0.9699484891485013
n23,laplace,291030,CP_PAC,2.742382884821269,19,1.0036163579076143,0.9793143502711603
n23,laplace,291030,Oracle,2.52686196033289,19,1.0036163579076143,0.9719431495649506
n23,laplace,291030,Oracle04,2.557891588594683,19,1.0036163579076143,0.9731477315529047
n23,laplace,291030,Plug,2.4528479357415702,19,1.0036163579076143,0.9688471896266362
n23,laplace,291030,Dlow,2.557050402464801,19,1.0036163579076143,0.9731157686343026
n23,laplace,291030,S,2.562159399371628,19,1.0036163579076143,0.973309312883458
n23,laplace,291032,CP_PAC,2.6106801305485026,22,0.7720118132454498,0.9750793685834138
n23,laplace,291032,Oracle,2.381301378494999,22,0.7720118132454498,0.9655300967610152
n23,laplace,291032,Oracle04,2.4113701647145356,22,0.7720118132454498,0.9669651558369874
n23,laplace,291032,Plug,2.3839326451855056,22,0.7720118132454498,0.9656581268767923
n23,laplace,291032,Dlow,2.4660519131368592,22,0.7720118132454498,0.969423515965554
n23,laplace,291032,S,2.4709790946989227,22,0.7720118132454498,0.9696358349783774
n23,laplace,291034,CP_PAC,2.5300123916854114,18,0.896399331528182,0.9720678755150427
n23,laplace,291034,Oracle,2.290596167605827,18,0.896399331528182,0.960812292523544
n23,laplace,291034,Oracle04,2.320107800765969,18,0.896399331528182,0.9624141608550738
n23,laplace,291034,Plug,2.2436896922654426,18,0.896399331528182,0.9581245855912914
n23,laplace,291034,Dlow,2.348311785987133,18,0.896399331528182,0.9638838222325179
n23,laplace,291034,S,2.3530037223053646,18,0.896399331528182,0.9641226742020406
n23,laplace,291033,CP_PAC,2.83198270398026,21,0.9364685322276758,0.9817762273629844
n23,laplace,291033,Oracle,2.624353161199936,21,0.9364685322276758,0.9755566194294178
n23,laplace,291033,Oracle04,2.656061776201776,21,0.9364685322276758,0.976628514928928
n23,laplace,291033,Plug,2.577918659995251,21,0.9364685322276758,0.9738975873873681
n23,laplace,291033,Dlow,2.6693785979188505,21,0.9364685322276758,0.9770645473813893
n23,laplace,291033,S,2.6747120270083875,21,0.9364685322276758,0.9772368897316819
n23,laplace,291035,CP_PAC,2.4756761256869,17,0.8802816259352916,0.9698368637141057
n23,laplace,291035,Oracle,2.2285045709798745,17,0.8802816259352916,0.9572155854222109
n23,laplace,291035,Oracle04,2.2576463322714266,17,0.8802816259352916,0.9589430052663985
n23,laplace,291035,Plug,2.190284000183671,17,0.8802816259352916,0.9548393586696093
n23,laplace,291035,Dlow,2.2917941556340446,17,0.8802816259352916,0.960878628555883
n23,laplace,291035,S,2.296373169501324,17,0.8802816259352916,0.9611311484539515
n23,laplace,291036,CP_PAC,2.2512381823800305,16,0.7932759449674284,0.9585692354752613
n23,laplace,291036,Oracle,1.964328886403713,16,0.7932759449674284,0.9378360825030487
n23,laplace,291036,Oracle04,1.9921416274063721,16,0.7932759449674284,0.9402337230470044
n23,laplace,291036,Plug,1.95761419769258,16,0.7932759449674284,0.9372429620234641
n23,laplace,291036,Dlow,2.0639101792352683,16,0.7932759449674284,0.9460020808270411
n23,laplace,291036,S,2.0680338800084397,16,0.7932759449674284,0.9463160690970835
n23,laplace,291037,CP_PAC,2.6961682653023864,21,0.8504233214348177,0.9779172325326138
n23,laplace,291037,Oracle,2.4760668730866913,21,0.8504233214348177,0.9698535272668631
n23,laplace,291037,Oracle04,2.506752382349769,21,0.8504233214348177,0.9711337797398412
n23,laplace,291037,Plug,2.454879859080698,21,0.8504233214348177,0.9689365810204591
n23,laplace,291037,Dlow,2.540974782371064,21,0.8504233214348177,0.9724975723184575
n23,laplace,291037,S,2.5460516601248013,21,0.8504233214348177,0.9726943267834585
n23,laplace,291038,CP_PAC,2.576534903893109,22,0.768623336507084,0.9738464568675631
n23,laplace,291038,Oracle,2.3429587517729447,22,0.768623336507084,0.9636093731943178
n23,laplace,291038,Oracle04,2.372784180503722,22,0.768623336507084,0.965112391448526
n23,laplace,291038,Plug,2.34873952762518,22,0.768623336507084,0.9639056629528808
n23,laplace,291038,Dlow,2.430023175254792,22,0.768623336507084,0.9678251996718421
n23,laplace,291038,S,2.434878371254811,22,0.768623336507084,0.9680453642682296
n23,laplace,291039,CP_PAC,2.5779548148680957,19,0.8604595406586196,0.9738989219881775
n23,laplace,291039,Oracle,2.3446093555439482,19,0.8604595406586196,0.9636942209926131
n23,laplace,291039,Oracle04,2.3744453942968837,19,0.8604595406586196,0.9651942570921366
n23,laplace,291039,Plug,2.3154321339506647,19,0.8604595406586196,0.9621648050641893
n23,laplace,291039,Dlow,2.410228850554161,19,0.8604595406586196,0.9669117924972364
n23,laplace,291039,S,2.4150444974144487,19,0.8604595406586196,0.9671363692822157
n23,laplace,291041,CP_PAC,2.291620169197161,19,0.6733234682081031,0.9608690014024355
n23,laplace,291041,Oracle,2.012990812032212,19,0.6733234682081031,0.941970217410657
n23,laplace,291041,Oracle04,2.0410169388473807,19,0.6733234682081031,0.9442252396807034
n23,laplace,291041,Plug,2.061450711147586,19,0.6733234682081031,0.9458139375442678
n23,laplace,291041,Dlow,2.144300389423917,19,0.6733234682081031,0.9518049370948332
n23,laplace,291041,S,2.1485847101578046,19,0.6733234682081031,0.9520960654496438
n23,laplace,291040,CP_PAC,2.5684499270687224,20,0.8047333744622125,0.9735457041833293
n23,laplace,291040,Oracle,2.3338720182200063,20,0.8047333744622125,0.9631387148267638
n23,laplace,291040,Oracle04,2.3636404072334223,20,0.8047333744622125,0.9646583216067182
n23,laplace,291040,Plug,2.3264736160254635,20,0.8047333744622125,0.96275101341455
n23,laplace,291040,Dlow,2.413053048187747,20,0.8047333744622125,0.9670436838497318
n23,laplace,291040,S,2.417874337806175,20,0.8047333744622125,0.9672676266672304
n23,laplace,291044,CP_PAC,2.3754659946438714,18,0.7732646620397493,0.9652444576145125
n23,laplace,291044,Oracle,2.1123621350694832,18,0.7732646620397493,0.9495781759144106
n23,laplace,291044,Oracle04,2.140870929351203,18,0.7732646620397493,0.9515706238233821
n23,laplace,291044,Plug,2.1169935609607125,18,0.7732646620397493,0.9499073508579141
n23,laplace,291044,Dlow,2.2094080641786293,18,0.7732646620397493,0.9560443825817082
n23,laplace,291044,S,2.213822470306458,18,0.7732646620397493,0.9563179388952074
n23,laplace,291042,CP_PAC,2.519938261030542,21,0.7649536608975203,0.9716670790250821
n23,laplace,291042,Oracle,2.2791455950566784,21,0.7649536608975203,0.9601725382596653
n23,laplace,291042,Oracle04,2.3085873405934585,21,0.7649536608975203,0.9617967820347699
n23,laplace,291042,Plug,2.2837863618922825,21,0.7649536608975203,0.9604330714215554
n23,laplace,291042,Dlow,2.369889131902952,21,0.7649536608975203,0.9649692612054814
n23,laplace,291042,S,2.374624179844418,21,0.7649536608975203,0.9652030562966558
n23,laplace,291043,CP_PAC,2.444901983348246,20,0.7572006864722022,0.9684951426522961
n23,laplace,291043,Oracle,2.1931153481954464,20,0.7572006864722022,0.9550198262336311
n23,laplace,291043,Oracle04,2.2220590804419857,20,0.7572006864722022,0.9568238097786266
n23,laplace,291043,Plug,2.2047380625442483,20,0.7572006864722022,0.9557531222584335
n23,laplace,291043,Dlow,2.290016147049543,20,0.7572006864722022,0.9607801347203473
n23,laplace,291043,S,2.2945916084485765,20,0.7572006864722022,0.961033094607342
n23,laplace,291045,CP_PAC,2.3961344789693606,19,0.7391017471321185,0.966245646501297
n23,laplace,291045,Oracle,2.1366403185857257,19,0.7391017471321185,0.9512800029659083
n23,laplace,291045,Oracle04,2.165278270083233,19,0.7391017471321185,0.9532137487469445
n23,laplace,291045,Plug,2.1528212457017446,19,0.7391017471321185,0.952382217379051
n23,laplace,291045,Dlow,2.241411450166652,19,0.7391017471321185,0.9579894487362555
n23,laplace,291045,S,2.2458897991873794,19,0.7391017471321185,0.9582546751504175
n23,laplace,291046,CP_PAC,2.296323560485098,17,0.7425634038602767,0.9611284214073716
n23,laplace,291046,Oracle,2.0186049651609115,17,0.7425634038602767,0.9424291271463929
n23,laplace,291046,Oracle04,2.046657876566077,17,0.7425634038602767,0.9446684122555005
n23,laplace,291046,Plug,2.037819705165987,17,0.7425634038602767,0.9439724791220403
n23,laplace,291046,Dlow,2.130076270804905,17,0.7425634038602767,0.9508256312236758
n23,laplace,291046,S,2.1343321716930372,17,0.7425634038602767,0.9511207106953066
n23,laplace,291049,CP_PAC,2.6373503090366937,19,0.9097020512592071,0.9760018029834976
n23,laplace,291049,Oracle,2.4109879477485343,19,0.9097020512592071,0.9669472944737607
n23,laplace,291049,Oracle04,2.441245063362438,19,0.9097020512592071,0.9683317880140334
n23,laplace,291049,Plug,2.3658439616572675,19,0.9097020512592071,0.9647682853284496
n23,laplace,291049,Dlow,2.4635662768642943,19,0.9097020512592071,0.9693158437462843
n23,laplace,291049,S,2.4684884921151675,19,0.9097020512592071,0.9695286964084346
n23,laplace,291047,CP_PAC,2.544346721800493,21,0.7611012001916875,0.9726284093577324
n23,laplace,291047,Oracle,2.306764082744746,21,0.7611012001916875,0.961698148847985
n23,laplace,291047,Oracle04,2.336369184852424,21,0.7611012001916875,0.9632686618568524
n23,laplace,291047,Plug,2.3133058518344694,21,0.7611012001916875,0.9620508627622231
n23,laplace,291047,Dlow,2.39712648007924,21,0.7611012001916875,0.9662929673308782
n23,laplace,291047,S,2.40191594835104,21,0.7611012001916875,0.9665205047566587
n23,laplace,291052,CP_PAC,2.4272836419966404,15,0.9413733538630845,0.9677003035373226
n23,laplace,291052,Oracle,2.1727681163468877,15,0.9413733538630845,0.9537067046869678
n23,laplace,291052,Oracle04,2.2015963674861037,15,0.9413733538630845,0.9555560947771651
n23,laplace,291052,Plug,2.1033120112043675,15,0.9413733538630845,0.9489286892116144
n23,laplace,291052,Dlow,2.2195503517912427,15,0.9413733538630845,0.956670353859189
n23,laplace,291052,S,2.223985022250189,15,0.9413733538630845,0.9569412484607389
n23,laplace,291050,CP_PAC,3.2950394210754403,24,0.8965288598068133,0.9905324909078872
n23,laplace,291050,Oracle,3.113950477147171,24,0.8965288598068133,0.9877691153483388
n23,laplace,291050,Oracle04,3.1492171639603392,24,0.8965288598068133,0.988364163901001
n23,laplace,291050,Plug,3.0904138145331044,24,0.8965288598068133,0.9873551483375955
n23,laplace,291050,Dlow,3.1720540985665733,24,0.8965288598068133,0.988733954803696
n23,laplace,291050,S,3.178391875312094,24,0.8965288598068133,0.9888344808479521
n23,laplace,291053,CP_PAC,2.579067303992291,19,0.8621516829665625,0.9739399544547283
n23,laplace,291053,Oracle,2.345811717708703,19,0.8621516829665625,0.9637559027693612
n23,laplace,291053,Oracle04,2.375654220538545,19,0.8621516829665625,0.9652537080171577
n23,laplace,291053,Plug,2.3173901361113542,19,0.8621516829665625,0.9622694270577667
n23,laplace,291053,Dlow,2.410989003874046,19,0.8621516829665625,0.966947343840816
n23,laplace,291053,S,2.4158061695236994,19,0.8621516829665625,0.9671717498428041
n23,laplace,291051,CP_PAC,2.6276891489727903,22,0.7951131140334283,0.9756716667909902
n23,laplace,291051,Oracle,2.400200504627747,22,0.7951131140334283,0.966439184773271
n23,laplace,291051,Oracle04,2.4303877684520114,22,0.7951131140334283,0.9678417851295145
n23,laplace,291051,Plug,2.3966642918653043,22,0.7951131140334283,0.9662709281053732
n23,laplace,291051,Dlow,2.479219995678078,22,0.7951131140334283,0.9699876568016896
n23,laplace,291051,S,2.4841734871215997,22,0.7951131140334283,0.970197167414252
n23,laplace,291048,CP_PAC,2.737129536891419,28,0.5839270081999374,0.9791600969255072
n23,laplace,291048,Oracle,2.521074824573305,28,0.5839270081999374,0.9717125831834144
n23,laplace,291048,Oracle04,2.552064003494703,28,0.5839270081999374,0.9729255154947347
n23,laplace,291048,Plug,2.576419577423749,28,0.5839270081999374,0.973842190974703
n23,laplace,291048,Dlow,2.6416145790641083,28,0.5839270081999374,0.976146090727307
n23,laplace,291048,S,2.6468925355331945,28,0.5839270081999374,0.9763234772220282
n23,laplace,291058,CP_PAC,2.524055216581303,19,0.8176512705685341,0.9718315612050119
n23,laplace,291058,Oracle,2.28371108670934,19,0.8176512705685341,0.9604288590926604
n23,laplace,291058,Oracle04,2.313174254309759,19,0.8176512705685341,0.9620437995047386
n23,laplace,291058,Plug,2.270440045649915,19,0.8176512705685341,0.9596791714112154
n23,laplace,291058,Dlow,2.3615845447862056,19,0.8176512705685341,0.964555418682806
n23,laplace,291058,S,2.366303000129477,19,0.8176512705685341,0.9647911495754828
n23,laplace,291056,CP_PAC,2.7162908365499847,20,0.9214778670792201,0.9785367978994943
n23,laplace,291056,Oracle,2.498279596568396,20,0.9214778670792201,0.9707858146515831
n23,laplace,291056,Oracle04,2.5291169590791416,20,0.9214778670792201,0.9720324817404142
n23,laplace,291056,Plug,2.4514669553641495,20,0.9214778670792201,0.9687862887008116
n23,laplace,291056,Dlow,2.547251852848312,20,0.9214778670792201,0.9727406341791947
n23,laplace,291056,S,2.5523412722139094,20,0.9214778670792201,0.9729361297841748
n23,laplace,291055,CP_PAC,2.6411577561801196,22,0.7884203482134374,0.9761306750465963
n23,laplace,291055,Oracle,2.4151985897091435,22,0.7884203482134374,0.9671435301250595
n23,laplace,291055,Oracle04,2.4454824531877586,22,0.7884203482134374,0.9685209946392928
n23,laplace,291055,Plug,2.4135836056723665,22,0.7884203482134374,0.9670684024106837
n23,laplace,291055,Dlow,2.495143745503128,22,0.7884203482134374,0.9706559689555823
n23,laplace,291055,S,2.5001290526623365,22,0.7884203482134374,0.9708621252700458
n23,laplace,291057,CP_PAC,2.4289268767186045,22,0.6840134756640345,0.9677752771631678
n23,laplace,291057,Oracle,2.1746713502257125,22,0.6840134756640345,0.953831139218237
n23,laplace,291057,Oracle04,2.2035099930714073,22,0.6840134756640345,0.9556762096129381
n23,laplace,291057,Plug,2.2129996467341617,22,0.6840134756640345,0.9562670787550938
n23,laplace,291057,Dlow,2.290613634712935,22,0.6840134756640345,0.9608132605349502
n23,laplace,291057,S,2.295190289894704,22,0.6840134756640345,0.9610660724981972
n23,laplace,291059,CP_PAC,2.335328834177567,22,0.617424438570237,0.9632145800709666
n23,laplace,291059,Oracle,2.0650531629583564,22,0.617424438570237,0.9460892938044891
n23,laplace,291059,Oracle04,2.093326241032903,22,0.617424438570237,0.9482023429036723
n23,laplace,291059,Plug,2.1341821884229857,22,0.617424438570237,0.9511103418890825
n23,laplace,291059,Dlow,2.205962096837799,22,0.617424438570237,0.9558296493795913
n23,laplace,291059,S,2.210369617909131,22,0.617424438570237,0.9561041146684521
n23,laplace,291054,CP_PAC,2.8656283372155795,30,0.7039610228359174,0.9826230464481187
n23,laplace,291054,Oracle,2.6606769641982244,30,0.7039610228359174,0.9767805606436242
n23,laplace,291054,Oracle04,2.692643960952062,30,0.7039610228359174,0.9778068946513294
n23,laplace,291054,Plug,2.681197482453152,30,0.7039610228359174,0.9774447143383056
n23,laplace,291054,Dlow,2.74751001838597,30,0.7039610228359174,0.979463796596979
n23,laplace,291054,S,2.7529995543653474,30,0.7039610228359174,0.9796226096101737
n23,laplace,291061,CP_PAC,2.571662634296123,21,0.8025431609330236,0.9736656254283587
n23,laplace,291061,Oracle,2.337498872151142,21,0.8025431609330236,0.9633272976928673
n23,laplace,291061,Oracle04,2.367289533684922,21,0.8025431609330236,0.9648402376258045
n23,laplace,291061,Plug,2.3305152964267037,21,0.8025431609330236,0.9629633138324221
n23,laplace,291061,Dlow,2.4170599521573237,21,0.8025431609330236,0.9672299065771301
n23,laplace,291061,S,2.4218892475858707,21,0.8025431609330236,0.9674529524822499
n23,laplace,291062,CP_PAC,2.402192335371697,18,0.7707938383451363,0.9665335883389488
n23,laplace,291062,Oracle,2.143596832504047,18,0.7707938383451363,0.9517569601196707
n23,laplace,291062,Oracle04,2.172269542723598,18,0.7707938383451363,0.9536740522567322
n23,laplace,291062,Plug,2.149554323004071,18,0.7707938383451363,0.9521617082072273
n23,laplace,291062,Dlow,2.2396219326446496,18,0.7707938383451363,0.9578829954686356
n23,laplace,291062,S,2.2440967062022277,18,0.7707938383451363,0.9581486823379215
n23,laplace,291060,CP_PAC,2.8278004715773064,28,0.7331263941322498,0.9816681222053683
n23,laplace,291060,Oracle,2.6199004140317417,28,0.7331263941322498,0.9754022104947295
n23,laplace,291060,Oracle04,2.6515843242796455,28,0.7331263941322498,0.9764800554417599
n23,laplace,291060,Plug,2.6324885529928137,28,0.7331263941322498,0.9758362333682298
n23,laplace,291060,Dlow,2.70329687289539,28,0.7331263941322498,0.9781387387407661
n23,laplace,291060,S,2.708698070833665,28,0.7331263941322498,0.9783050886979818
n23,laplace,291065,CP_PAC,2.147293120400192,14,0.7877901956334382,0.9520084849389072
n23,laplace,291065,Oracle,1.8360878915455872,14,0.7877901956334382,0.9254749820033124
n23,laplace,291065,Oracle04,1.863414303032414,14,0.7877901956334382,0.9283000895024724
n23,laplace,291065,Plug,1.8343596531665163,14,0.7877901956334382,0.9252926127709795
n23,laplace,291065,Dlow,1.9457843369683923,14,0.7877901956334382,0.936184208194289
n23,laplace,291065,S,1.9496720218373889,14,0.7877901956334382,0.9365341057286813
n23,laplace,291063,CP_PAC,2.6155556859974407,21,0.8060092397722252,0.9752506072167784
n23,laplace,291063,Oracle,2.3867116418150607,21,0.8060092397722252,0.9657928288220603
n23,laplace,291063,Oracle04,2.4168129661426874,21,0.8060092397722252,0.9672184582800816
n23,laplace,291063,Plug,2.3782162227811994,21,0.8060092397722252,0.9653793736243261
n23,laplace,291063,Dlow,2.463786643008857,21,0.8060092397722252,0.9693254048138205
n23,laplace,291063,S,2.468709298552166,21,0.8060092397722252,0.9695382101194563
n23,laplace,291067,CP_PAC,2.3232974186112765,16,0.8172052609599474,0.9625833212776285
n23,laplace,291067,Oracle,2.0507891095341413,16,0.8172052609599474,0.9449907415394538
n23,laplace,291067,Oracle04,2.0789919008302045,16,0.8172052609599474,0.9471415948896322
n23,laplace,291067,Plug,2.035050046909944,16,0.8172052609599474,0.9437525952335917
n23,laplace,291067,Dlow,2.138351095683166,16,0.8172052609599474,0.9513977338533319
n23,laplace,291067,S,2.1426235297044216,16,0.8172052609599474,0.9516905098780488
n23,laplace,291066,CP_PAC,2.234105512710757,18,0.6965396296462983,0.9575531390454408
n23,laplace,291066,Oracle,1.9434669045614612,18,0.6965396296462983,0.9359747187732532
n23,laplace,291066,Oracle04,1.9711918791666154,18,0.6965396296462983,0.9384365106523438
n23,laplace,291066,Plug,1.984213140050864,18,0.6965396296462983,0.9395598181793583
n23,laplace,291066,Dlow,2.074275536731614,18,0.6965396296462983,0.9467878537723771
n23,laplace,291066,S,2.078419947530421,18,0.6965396296462983,0.9470988223263728
n23,laplace,291068,CP_PAC,2.447885046300277,18,0.8261410987504717,0.968627771861247
n23,laplace,291068,Oracle,2.1966156207236844,18,0.8261410987504717,0.9552419338860678
n23,laplace,291068,Oracle04,2.22557644583537,18,0.8261410987504717,0.9570380480687861
n23,laplace,291068,Plug,2.1778256635872566,18,0.8261410987504717,0.9540366339468604
n23,laplace,291068,Dlow,2.2754879493127507,18,0.8261410987504717,0.9599659893117618
n23,laplace,291068,S,2.280034383314738,18,0.8261410987504717,0.9602225673980804
n23,laplace,291064,CP_PAC,2.6880788807292966,23,0.8026795243144867,0.9776631524992119
n23,laplace,291064,Oracle,2.467167454959765,23,0.8026795243144867,0.9694717158359132
n23,laplace,291064,Oracle04,2.4977932046241356,23,0.8026795243144867,0.9707657124081683
n23,laplace,291064,Plug,2.4608525762525324,23,0.8026795243144867,0.9691978593051134
n23,laplace,291064,Dlow,2.5424057713060764,23,0.8026795243144867,0.9725531733607444
n23,laplace,291064,S,2.5474855081814156,23,0.8026795243144867,0.9727496402362088
n23,laplace,291069,CP_PAC,2.533498265714093,19,0.8212748109382497,0.9722052356184638
n23,laplace,291069,Oracle,2.294398268922238,19,0.8212748109382497,0.9610224386876276
n23,laplace,291069,Oracle04,2.3239305952117904,19,0.8212748109382497,0.9626168109315973
n23,laplace,291069,Plug,2.2819526043120817,19,0.8212748109382497,0.960330328357341
n23,laplace,291069,Dlow,2.371005399175599,19,0.8212748109382497,0.9650245185148654
n23,laplace,291069,S,2.3757426774235295,19,0.8212748109382497,0.9652580543996243
n23,laplace,291071,CP_PAC,2.4156350388182855,19,0.7487462014286143,0.9671638039403989
n23,laplace,291071,Oracle,2.159255994125636,19,0.7487462014286143,0.9528135786729217
n23,laplace,291071,Oracle04,2.188010999968514,19,0.7487462014286143,0.9546939558648757
n23,laplace,291071,Plug,2.1729818050822334,19,0.7487462014286143,0.9537206924769335
n23,laplace,291071,Dlow,2.2601868659870092,19,0.7487462014286143,0.9590902525094676
n23,laplace,291071,S,2.26470272836346,19,0.7487462014286143,0.9593506857681153
n23,laplace,291070,CP_PAC,2.602803453422782,24,0.7153891576260624,0.9748002182198983
n23,laplace,291070,Oracle,2.372460103629492,24,0.7153891576260624,0.9650963983075533
n23,laplace,291070,Oracle04,2.402470710993812,24,0.7153891576260624,0.9665467608891707
n23,laplace,291070,Plug,2.394549769439554,24,0.7153891576260624,0.9661699141910862
n23,laplace,291070,Dlow,2.469607219579296,24,0.7153891576260624,0.9695768675373424
n23,laplace,291070,S,2.474541504657817,24,0.7153891576260624,0.9697884252010365
n23,laplace,291072,CP_PAC,2.3307210014904567,19,0.7109766525588677,0.9629740866407555
n23,laplace,291072,Oracle,2.0596315387246014,19,0.7109766525588677,0.9456743536762049
n23,laplace,291072,Oracle04,2.0878770534635396,19,0.7109766525588677,0.9478016318238625
n23,laplace,291072,Plug,2.090157991545812,19,0.7109766525588677,0.9479697385728743
n23,laplace,291072,Dlow,2.1770230939948045,19,0.7109766525588677,0.9539844356886227
n23,laplace,291072,S,2.1813727948229893,19,0.7109766525588677,0.9542666272752451
n23,laplace,291073,CP_PAC,2.4531631234491424,20,0.7533292638747825,0.9688610726710394
n23,laplace,291073,Oracle,2.202644524997418,20,0.7533292638747825,0.9556219259996357
n23,laplace,291073,Oracle04,2.2316383965010824,20,0.7533292638747825,0.9574047820475167
n23,laplace,291073,Plug,2.2146973085157393,20,0.7533292638747825,0.956371949275375
n23,laplace,291073,Dlow,2.3000106909430484,20,0.7533292638747825,0.9613305854350775
n23,laplace,291073,S,2.3046061214806595,20,0.7533292638747825,0.9615810800203615
n23,laplace,291077,CP_PAC,2.4788211869767935,17,0.8809460796053842,0.9699707250455809
n23,laplace,291077,Oracle,2.2321081686156963,17,0.8809460796053842,0.957433071127322
n23,laplace,291077,Oracle04,2.2612712987057706,17,0.8809460796053842,0.9591529444092093
n23,laplace,291077,Plug,2.193970941518623,17,0.8809460796053842,0.9550742189557146
n23,laplace,291077,Dlow,2.295132513007973,17,0.8809460796053842,0.9610628911215184
n23,laplace,291077,S,2.299718196926606,17,0.8809460796053842,0.9613145865614892
n23,laplace,291076,CP_PAC,2.226734652481021,19,0.6527721824166275,0.9571083600648431
n23,laplace,291076,Oracle,1.9344687436723038,19,0.6527721824166275,0.9351547705192202
n23,laplace,291076,Oracle04,1.9621570703436448,19,0.6527721824166275,0.9376448580035865
n23,laplace,291076,Plug,1.9954090027830402,19,0.6527721824166275,0.9405092519939053
n23,laplace,291076,Dlow,2.07880152345508,19,0.6527721824166275,0.9471273616797893
n23,laplace,291076,S,2.0829549771934195,19,0.6527721824166275,0.9474370183839269
n23,laplace,291079,CP_PAC,1.9647072006007646,15,0.6394241006093566,0.9378693323645275
n23,laplace,291079,Oracle,1.598329891756433,15,0.6394241006093566,0.8956891410843508
n23,laplace,291079,Oracle04,1.6251060995428874,15,0.6394241006093566,0.899565257050315
n23,laplace,291079,Plug,1.6882243958568404,15,0.6394241006093566,0.9081418589396442
n23,laplace,291079,Dlow,1.7880941132868278,15,0.6394241006093566,0.9202411000807118
n23,laplace,291079,S,1.7916667324597204,15,0.6394241006093566,0.9206430613554615
n23,laplace,291078,CP_PAC,2.1570933706370194,17,0.6802879842069112,0.9526690422675701
n23,laplace,291078,Oracle,1.8484196655387946,17,0.6802879842069112,0.926763412962063
n23,laplace,291078,Oracle04,1.8757876936938789,17,0.6802879842069112,0.9295438252037633
n23,laplace,291078,Plug,1.8996317720320826,17,0.6802879842069112,0.9318800403498453
n23,laplace,291078,Dlow,1.9932013267113298,17,0.6802879842069112,0.9403232241659996
n23,laplace,291078,S,1.997183750915028,17,0.6802879842069112,0.94065837898564
n23,laplace,291074,CP_PAC,2.609939197682739,26,0.6681254267385774,0.9750532421303417
n23,laplace,291074,Oracle,2.3803965449199964,26,0.6681254267385774,0.9654859598772849
n23,laplace,291074,Oracle04,2.4104570966705987,26,0.6681254267385774,0.966922471274902
n23,laplace,291074,Plug,2.4180383161180807,26,0.6681254267385774,0.9672752164360796
n23,laplace,291074,Dlow,2.486619165864395,26,0.6681254267385774,0.9703000687746903
n23,laplace,291074,S,2.4915874408794716,26,0.6681254267385774,0.970508015096228
n23,laplace,291083,CP_PAC,2.200282233065725,13,0.9103635466431522,0.9554734204584587
n23,laplace,291083,Oracle,1.9019837987753947,13,0.9103635466431522,0.9321062491757597
n23,laplace,291083,Oracle04,1.929545262671291,13,0.9103635466431522,0.9347016871331779
n23,laplace,291083,Plug,1.833123106647395,13,0.9103635466431522,0.9251618546128049
n23,laplace,291083,Dlow,1.9639392105101552,13,0.9103635466431522,0.9378018154635452
n23,laplace,291083,S,1.9678631688889268,13,0.9103635466431522,0.9381460168674216
n23,laplace,291075,CP_PAC,2.484743838880608,28,0.5558455598643144,0.9702211966626733
n23,laplace,291075,Oracle,2.238913590439777,28,0.5558455598643144,0.9578407837400469
n23,laplace,291075,Oracle04,2.2681134537940473,28,0.5558455598643144,0.9595462853819463
n23,laplace,291075,Plug,2.3170336307480874,28,0.5558455598643144,0.9622503994605125
n23,laplace,291075,Dlow,2.3772677856074846,28,0.5558455598643144,0.9653329060740832
n23,laplace,291075,S,2.3820175761284936,28,0.5558455598643144,0.9655649921483551
n23,laplace,291082,CP_PAC,2.325260782868851,18,0.7373005845792864,0.962687068939559
n23,laplace,291082,Oracle,2.0531501375458707,18,0.7373005845792864,0.9451741110288485
n23,laplace,291082,Oracle04,2.08136441622199,18,0.7373005845792864,0.9473186505083846
n23,laplace,291082,Plug,2.072520017427005,18,0.7373005845792864,0.9466555809556951
n23,laplace,291082,Dlow,2.1637705114028716,18,0.7373005845792864,0.953113880324931
n23,laplace,291082,S,2.1680937335181594,18,0.7373005845792864,0.9533996656245529
n23,laplace,291080,CP_PAC,2.669164824239665,25,0.7349012424803196,0.9770576124495851
n23,laplace,291080,Oracle,2.4463290814997434,25,0.7349012424803196,0.9685586623147246
n23,laplace,291080,Oracle04,2.4768200490930106,25,0.7349012424803196,0.9698856207389941
n23,laplace,291080,Plug,2.4606045351922172,25,0.7349012424803196,0.9691870525415192
n23,laplace,291080,Dlow,2.53608875840214,25,0.7349012424803196,0.9723068757193039
n23,laplace,291080,S,2.5411558738604927,25,0.7349012424803196,0.9725046148444609
n23,laplace,291086,CP_PAC,2.1505806188554715,13,0.8855969303501445,0.9522310904133704
n23,laplace,291086,Oracle,1.840231779816265,13,0.8855969303501445,0.9259104469371358
n23,laplace,291086,Oracle04,1.867570911570424,13,0.8855969303501445,0.9287203290289177
n23,laplace,291086,Plug,1.7801025686717715,13,0.8855969303501445,0.9193345718424966
n23,laplace,291086,Dlow,1.9135350184814177,13,0.8855969303501445,0.9332063441471405
n23,laplace,291086,S,1.917358269083402,13,0.8855969303501445,0.9335665157056772
n23,laplace,291087,CP_PAC,2.060290450416368,14,0.7247724810691252,0.9457249530080778
n23,laplace,291087,Oracle,1.7250861730071065,14,0.7247724810691252,0.9128077878383973
n23,laplace,291087,Oracle04,1.7520920815847465,14,0.7247724810691252,0.9160750543991281
n23,laplace,291087,Plug,1.7585925197525907,14,0.7247724810691252,0.9168430416153173
n23,laplace,291087,Dlow,1.8671509483999198,14,0.7247724810691252,0.9286779822029734
n23,laplace,291087,S,1.8708815234448073,14,0.7247724810691252,0.929053274172785
n23,laplace,291081,CP_PAC,2.8385176020904055,26,0.7850666418227067,0.9819438709071573
n23,laplace,291081,Oracle,2.6314296731897255,26,0.7850666418227067,0.9758000214517517
n23,laplace,291081,Oracle04,2.6631892140247437,26,0.7850666418227067,0.9768629096355617
n23,laplace,291081,Plug,2.6303990252074025,26,0.7850666418227067,0.9757647229006723
n23,laplace,291081,Dlow,2.7053736270436697,26,0.7850666418227067,0.9782028505007496
n23,laplace,291081,S,2.7107789743450192,26,0.7850666418227067,0.978368839543108
n23,laplace,291085,CP_PAC,2.4387961359704624,20,0.7531242327886282,0.9682219211534906
n23,laplace,291085,Oracle,2.186208517375733,20,0.7531242327886282,0.954578319117481
n23,laplace,291085,Oracle04,2.2151164540323673,20,0.7531242327886282,0.9563978026311233
n23,laplace,291085,Plug,2.1957319309693015,20,0.7531242327886282,0.9551859635990652
n23,laplace,291085,Dlow,2.284527179218601,20,0.7531242327886282,0.9604745029531738
n23,laplace,291085,S,2.289091673638007,20,0.7531242327886282,0.9607288250233146
n23,laplace,291088,CP_PAC,2.0289158234542577,16,0.6444038610980143,0.9432625206094867
n23,laplace,291088,Oracle,1.6840796151274078,16,0.6444038610980143,0.9076018416517608
n23,laplace,291088,Oracle04,1.7109945234707502,16,0.6444038610980143,0.9110527392058179
n23,laplace,291088,Plug,1.7654814821405724,16,0.6444038610980143,0.9176492616303886
n23,laplace,291088,Dlow,1.8600188588699935,16,0.6444038610980143,0.9279549669519735
n23,laplace,291088,S,1.863735183971543,16,0.6444038610980143,0.9283326191228432
n23,laplace,291084,CP_PAC,2.935395484087674,30,0.7406519004712089,0.9842556877280972
n23,laplace,291084,Oracle,2.7355499544452266,30,0.7406519004712089,0.9791134913194688
n23,laplace,291084,Oracle04,2.7680567131924394,30,0.7406519004712089,0.9800519392366314
n23,laplace,291084,Plug,2.7459802840167695,30,0.7406519004712089,0.9794193210770217
n23,laplace,291084,Dlow,2.8140854520440555,30,0.7406519004712089,0.9813090870542405
n23,laplace,291084,S,2.819708006005519,30,0.7406519004712089,0.9814571183853309
n23,laplace,291090,CP_PAC,2.2175081243992674,16,0.7364120543359802,0.956545030640338
n23,laplace,291090,Oracle,1.9231575446274463,16,0.7364120543359802,0.9341091360536082
n23,laplace,291090,Oracle04,1.9508010204503115,16,0.7364120543359802,0.9366353573879835
n23,laplace,291090,Plug,1.9465638203095579,16,0.7364120543359802,0.9362545171498446
n23,laplace,291090,Dlow,2.0435130841601925,16,0.7364120543359802,0.94442178207957
n23,laplace,291090,S,2.0475960314560187,16,0.7364120543359802,0.9447417748375726
n23,laplace,291093,CP_PAC,2.227243063106665,14,0.8685830580926103,0.957139188121481
n23,laplace,291093,Oracle,1.9351596278872827,14,0.8685830580926103,0.9352180971163069
n23,laplace,291093,Oracle04,1.9628535112623227,14,0.8685830580926103,0.9377062423584452
n23,laplace,291093,Plug,1.8871158259300134,14,0.8685830580926103,0.9306635678723669
n23,laplace,291093,Dlow,2.0110785407027314,14,0.8685830580926103,0.9418130715913018
n23,laplace,291093,S,2.0150966836513153,14,0.8685830580926103,0.9421427818464709
n23,laplace,291092,CP_PAC,2.5794985806191972,17,0.9718161089550147,0.9739558440799989
n23,laplace,291092,Oracle,2.346315346785321,17,0.9718161089550147,0.9637817080406339
n23,laplace,291092,Oracle04,2.37616093332832,17,0.9718161089550147,0.9652785982941983
n23,laplace,291092,Plug,2.2739791046054783,17,0.9718161089550147,0.9598804723860543
n23,laplace,291092,Dlow,2.3836890760182365,17,0.9718161089550147,0.9656462954781113
n23,laplace,291092,S,2.3884516963031066,17,0.9718161089550147,0.9658769026377882
n23,laplace,291089,CP_PAC,2.6552782654540366,26,0.678063278789316,0.9766026037664364
n23,laplace,291089,Oracle,2.430863225800038,26,0.678063278789316,0.9678634009882234
n23,laplace,291089,Oracle04,2.46124976630782,26,0.678063278789316,0.9692151563652736
n23,laplace,291089,Plug,2.464177283852985,26,0.678063278789316,0.9693423463009514
n23,laplace,291089,Dlow,2.532383579609866,26,0.678063278789316,0.9721613852811299
n23,laplace,291089,S,2.5374432921062082,26,0.678063278789316,0.9723598738885242
n23,laplace,291094,CP_PAC,2.6366891113839306,21,0.8353499680950034,0.9759793523820524
n23,laplace,291094,Oracle,2.410451691969806,21,0.8353499680950034,0.9669222184491142
n23,laplace,291094,Oracle04,2.4407210566331705,21,0.8353499680950034,0.9683083113527557
n23,laplace,291094,Plug,2.3892985407367533,21,0.8353499680950034,0.9659177446420859
n23,laplace,291094,Dlow,2.4802588956901617,21,0.8353499680950034,0.9700317193543937
n23,laplace,291094,S,2.485214462860053,21,0.8353499680950034,0.9702410097326826
n23,laplace,291097,CP_PAC,2.141952411009541,14,0.7759415790281415,0.95164463732619
n23,laplace,291097,Oracle,1.8294606069765753,14,0.7759415790281415,0.924773220587815
n23,laplace,291097,Oracle04,1.856766771041074,14,0.7759415790281415,0.927622858151846
n23,laplace,291097,Plug,1.829936087612454,14,0.7759415790281415,0.924823788415055
n23,laplace,291097,Dlow,1.9438888279374482,14,0.7759415790281415,0.9360129106075095
n23,laplace,291097,S,1.9477727255718378,14,0.7759415790281415,0.9363634065205757
n23,laplace,291095,CP_PAC,2.4759826940965195,19,0.8105446903042348,0.9698499382039971
n23,laplace,291095,Oracle,2.2288807424121146,19,0.8105446903042348,0.9572383401103657
n23,laplace,291095,Oracle04,2.2580228889985823,19,0.8105446903042348,0.9589648635941075
n23,laplace,291095,Plug,2.2178218420803386,19,0.8105446903042348,0.9565643057609909
n23,laplace,291095,Dlow,2.31058789420667,19,0.8105446903042348,0.9619047142096666
n23,laplace,291095,S,2.3152044580386053,19,0.8105446903042348,0.9621526208372844
n23,laplace,291091,CP_PAC,2.954642355215541,28,0.788269122737393,0.9846784552990338
n23,laplace,291091,Oracle,2.7560821811432783,28,0.788269122737393,0.979711251335865
n23,laplace,291091,Oracle04,2.788736149084033,28,0.788269122737393,0.980626875025099
n23,laplace,291091,Plug,2.754891216035119,28,0.788269122737393,0.9796770506287045
n23,laplace,291091,Dlow,2.826452331055185,28,0.788269122737393,0.9816331380668566
n23,laplace,291091,S,2.832099594090257,28,0.788269122737393,0.9817792396417337
n23,laplace,291099,CP_PAC,2.2572665444404456,15,0.8369095695349472,0.9589209475862353
n23,laplace,291099,Oracle,1.9716570140290344,15,0.8369095695349472,0.9384769938011628
n23,laplace,291099,Oracle04,1.9995019875310072,15,0.8369095695349472,0.9408526108352417
n23,laplace,291099,Plug,1.9423595725622602,15,0.8369095695349472,0.9358743763833659
n23,laplace,291099,Dlow,2.0567396956171,15,0.8369095695349472,0.945451724031493
n23,laplace,291099,S,2.0608490697353914,15,0.8369095695349472,0.9457678137436885
n23,laplace,291096,CP_PAC,2.6549834463556765,25,0.7106314574536879,0.9765928464883828
n23,laplace,291096,Oracle,2.430605241351663,25,0.7106314574536879,0.9678516739682148
n23,laplace,291096,Oracle04,2.4609919139861014,25,0.7106314574536879,0.969203928370987
n23,laplace,291096,Plug,2.452803253205927,25,0.7106314574536879,0.9688452209981657
n23,laplace,291096,Dlow,2.5258596448938335,25,0.7106314574536879,0.9719033511134292
n23,laplace,291096,S,2.530906322542582,25,0.7106314574536879,0.9721031652506698
n23,trunc_laplace,292000,CP_PAC,2.5832875887261295,20,0.8333864365379193,0.9992432093546009
n23,trunc_laplace,292000,Oracle,2.3505990256611007,20,0.8333864365379193,0.9793501474748174
n23,trunc_laplace,292000,Oracle04,2.380472466616216,20,0.8333864365379193,0.9821821956783818
n23,trunc_laplace,292000,Plug,2.331662859769534,20,0.8333864365379193,0.9775087308019899
n23,trunc_laplace,292000,Dlow,2.422528089420651,20,0.8333864365379193,0.9860224954493275
n23,trunc_laplace,292000,S,2.427368310209268,20,0.8333864365379193,0.9864537663843094
n23,laplace,291098,CP_PAC,2.9320913484854794,23,0.9287766611102404,0.9841819462860946
n23,laplace,291098,Oracle,2.732073821898358,23,0.9287766611102404,0.9790105605762971
n23,laplace,291098,Oracle04,2.7645617997719802,23,0.9287766611102404,0.9799531008140308
n23,laplace,291098,Plug,2.690687459639846,23,0.9287766611102404,0.9777454032795474
n23,laplace,291098,Dlow,2.7782211541839827,23,0.9287766611102404,0.9803366353209988
n23,laplace,291098,S,2.783772051135222,23,0.9287766611102404,0.9804903914627299
n23,trunc_laplace,292004,CP_PAC,2.1181508669382163,14,0.7936806910986128,0.9540220994011448
n23,trunc_laplace,292004,Oracle,1.7993288044286533,14,0.7936806910986128,0.907611187368597
n23,trunc_laplace,292004,Oracle04,1.8265370647167498,14,0.7936806910986128,0.9122014432047485
n23,trunc_laplace,292004,Plug,1.7923039498962914,14,0.7936806910986128,0.9064047258185635
n23,trunc_laplace,292004,Dlow,1.9095147764797569,14,0.7936806910986128,0.9254223715770715
n23,trunc_laplace,292004,S,1.9133299946221805,14,0.7936806910986128,0.9260031713496
n23,trunc_laplace,292003,CP_PAC,2.4551696218840386,17,0.8968294090771676,0.9888891754052596
n23,trunc_laplace,292003,Oracle,2.2049885855146005,17,0.8968294090771676,0.964209169751215
n23,trunc_laplace,292003,Oracle04,2.233995514857865,17,0.8968294090771676,0.9674115472383362
n23,trunc_laplace,292003,Plug,2.1566927513221166,17,0.8968294090771676,0.958657565563684
n23,trunc_laplace,292003,Dlow,2.2642200163021675,17,0.8968294090771676,0.9706468557503043
n23,trunc_laplace,292003,S,2.2687439369290403,17,0.8968294090771676,0.9711223919690879
n23,trunc_laplace,292001,CP_PAC,2.653489876184727,23,0.782204479598479,1.0
n23,trunc_laplace,292001,Oracle,2.42897479375609,23,0.782204479598479,0.986596425898906
n23,trunc_laplace,292001,Oracle04,2.459352647998509,23,0.782204479598479,0.989249536610056
n23,trunc_laplace,292001,Plug,2.4279573464048934,23,0.782204479598479,0.9865061019406811
n23,trunc_laplace,292001,Dlow,2.5097528349890275,23,0.782204479598479,0.9934700611699971
n23,trunc_laplace,292001,S,2.5147673311673198,23,0.782204479598479,0.9938779679451113
n23,trunc_laplace,292008,CP_PAC,2.173644702744597,15,0.7714057292920848,0.9606381232582271
n23,trunc_laplace,292008,Oracle,1.869064153536621,15,0.7714057292920848,0.919120200302493
n23,trunc_laplace,292008,Oracle04,1.896504462502378,15,0.7714057292920848,0.9234243103703839
n23,trunc_laplace,292008,Plug,1.8728815779269983,15,0.7714057292920848,0.9197263791085528
n23,trunc_laplace,292008,Dlow,1.9821282923490127,15,0.7714057292920848,0.9360894517762104
n23,trunc_laplace,292008,S,1.9860885925858731,15,0.7714057292920848,0.9366483196140045
n23,trunc_laplace,292005,CP_PAC,2.5591901357146405,24,0.6853640408714399,0.9973998972394567
n23,trunc_laplace,292005,Oracle,2.323476764494306,24,0.6853640408714399,0.9767013579592227
n23,trunc_laplace,292005,Oracle04,2.353181521479508,24,0.6853640408714399,0.9795984715620145
n23,trunc_laplace,292005,Plug,2.3564797070539703,24,0.6853640408714399,0.9799146428625167
n23,trunc_laplace,292005,Dlow,2.4295359608998592,24,0.6853640408714399,0.9866462025515752
n23,trunc_laplace,292005,S,2.4343901834436537,24,0.6853640408714399,0.9870755679414172
n23,trunc_laplace,292009,CP_PAC,2.432146423225207,17,0.8375919848435942,0.9868773731791611
n23,trunc_laplace,292009,Oracle,2.1783785499149646,17,0.8375919848435942,0.9611849693179382
n23,trunc_laplace,292009,Oracle04,2.207238315642008,17,0.8375919848435942,0.9644610215761813
n23,trunc_laplace,292009,Plug,2.1564088946845623,17,0.8375919848435942,0.9586241025520725
n23,trunc_laplace,292009,Dlow,2.254810497511116,17,0.8375919848435942,0.9696505486296596
n23,trunc_laplace,292009,S,2.2593156178819,17,0.8375919848435942,0.9701287840056643
n23,trunc_laplace,292006,CP_PAC,2.4938569074375883,20,0.7740463309653907,0.9921628068729591
n23,trunc_laplace,292006,Oracle,2.249422508858487,20,0.7740463309653907,0.969075634628997
n23,trunc_laplace,292006,Oracle04,2.278687735740936,20,0.7740463309653907,0.9721597904980808
n23,trunc_laplace,292006,Plug,2.25093022332818,20,0.7740463309653907,0.9692368378265188
n23,trunc_laplace,292006,Dlow,2.3393708262629747,20,0.7740463309653907,0.978262671318342
n23,trunc_laplace,292006,S,2.3440448985080033,20,0.7740463309653907,0.9787169135135687
n23,trunc_laplace,292002,CP_PAC,2.8527829565178147,30,0.6963319958092212,1.0
n23,trunc_laplace,292002,Oracle,2.646791329783018,30,0.6963319958092212,1.0
n23,trunc_laplace,292002,Oracle04,2.6786574139292263,30,0.6963319958092212,1.0
n23,trunc_laplace,292002,Plug,2.670093329429158,30,0.6963319958092212,1.0
n23,trunc_laplace,292002,Dlow,2.7353827785234874,30,0.6963319958092212,1.0
n23,trunc_laplace,292002,S,2.740848084229231,30,0.6963319958092212,1.0
n23,trunc_laplace,292007,CP_PAC,2.3744883909162082,22,0.6446798350686396,0.9816219419171537
n23,trunc_laplace,292007,Oracle,2.1112649955352882,22,0.6446798350686396,0.9531741298957681
n23,trunc_laplace,292007,Oracle04,2.13976835524231,22,0.6446798350686396,0.9566449826110499
n23,trunc_laplace,292007,Plug,2.166148265769365,22,0.6446798350686396,0.9597666049523768
n23,trunc_laplace,292007,Dlow,2.241488360244167,22,0.6446798350686396,0.9682231341907674
n23,trunc_laplace,292007,S,2.2459668629315357,22,0.6446798350686396,0.9687052029211838
n23,trunc_laplace,292011,CP_PAC,2.545971175718362,19,0.857335892791741,0.996368872660593
n23,trunc_laplace,292011,Oracle,2.3085872798207245,19,0.857335892791741,0.9752150576722707
n23,trunc_laplace,292011,Oracle04,2.3382026700803764,19,0.857335892791741,0.9781487996199221
n23,trunc_laplace,292011,Plug,2.2792479231636205,19,0.857335892791741,0.9722179131752979
n23,trunc_laplace,292011,Dlow,2.3758754235343273,19,0.857335892791741,0.9817521131197604
n23,trunc_laplace,292011,S,2.3806224321103584,19,0.857335892791741,0.9821961911974317
n23,trunc_laplace,292010,CP_PAC,2.472219298613057,22,0.6946184635534901,0.9903481735768502
n23,trunc_laplace,292010,Oracle,2.2245481342560978,22,0.6946184635534901,0.9663791728347135
n23,trunc_laplace,292010,Oracle04,2.2536658609237303,22,0.6946184635534901,0.9695286827320038
n23,trunc_laplace,292010,Plug,2.257996874487268,22,0.6946184635534901,0.9699890270176326
n23,trunc_laplace,292010,Dlow,2.3346606471657503,22,0.6946184635534901,0.977802674351326
n23,trunc_laplace,292010,S,2.3393253084541485,22,0.6946184635534901,0.9782582368461596
n23,trunc_laplace,292013,CP_PAC,2.5327717258956683,20,0.8018037271873,0.9953250873239532
n23,trunc_laplace,292013,Oracle,2.2936909513176444,20,0.8018037271873,0.9737047950221291
n23,trunc_laplace,292013,Oracle04,2.3232188291919282,20,0.8018037271873,0.9766758062861407
n23,trunc_laplace,292013,Plug,2.2847645248170156,20,0.8018037271873,0.972788482095724
n23,trunc_laplace,292013,Dlow,2.3750561579558545,20,0.8018037271873,0.981675248881063
n23,trunc_laplace,292013,S,2.3798015296359907,20,0.8018037271873,0.9821195537187433
n23,trunc_laplace,292015,CP_PAC,2.57533679935056,19,0.8612601503917644,0.9986401352849805
n23,trunc_laplace,292015,Oracle,2.3416100537541458,19,0.8612601503917644,0.9784805633858205
n23,trunc_laplace,292015,Oracle04,2.3714276384720305,19,0.8612601503917644,0.9813340271130204
n23,trunc_laplace,292015,Plug,2.314080661731035,19,0.8612601503917644,0.9757661077766064
n23,trunc_laplace,292015,Dlow,2.407102448888327,19,0.8612601503917644,0.984633430453969
n23,trunc_laplace,292015,S,2.411911849185612,19,0.8612601503917644,0.9850689128304078
n23,trunc_laplace,292016,CP_PAC,2.3637933763030303,18,0.7789141373193446,0.9806118791455527
n23,trunc_laplace,292016,Oracle,2.098651874050172,18,0.7789141373193446,0.9516049868680123
n23,trunc_laplace,292016,Oracle04,2.127093892602743,18,0.7789141373193446,0.9551143474468047
n23,trunc_laplace,292016,Plug,2.102019873997632,18,0.7789141373193446,0.9520260072251434
n23,trunc_laplace,292016,Dlow,2.1948755096076193,18,0.7789141373193446,0.9630697074152939
n23,trunc_laplace,292016,S,2.19926087963343,18,0.7789141373193446,0.9635652929414786
n23,trunc_laplace,292014,CP_PAC,3.0069784068856884,23,0.9736966189237715,1.0
n23,trunc_laplace,292014,Oracle,2.8118086714015584,23,0.9736966189237715,1.0
n23,trunc_laplace,292014,Oracle04,2.8448735225158432,23,0.9736966189237715,1.0
n23,trunc_laplace,292014,Plug,2.761052796113424,23,0.9736966189237715,1.0
n23,trunc_laplace,292014,Dlow,2.8496958006627655,23,0.9736966189237715,1.0
n23,trunc_laplace,292014,S,2.8553895042428556,23,0.9736966189237715,1.0
n23,trunc_laplace,292017,CP_PAC,2.5105382627357318,18,0.8667620759791446,0.9935340931946577
n23,trunc_laplace,292017,Oracle,2.2683648649511245,18,0.8667620759791446,0.971082631535042
n23,trunc_laplace,292017,Oracle04,2.2977372553142263,18,0.8667620759791446,0.9741173531814717
n23,trunc_laplace,292017,Plug,2.2349505635869997,18,0.8667620759791446,0.9675153463193036
n23,trunc_laplace,292017,Dlow,2.334281363182955,18,0.8667620759791446,0.9777655349965075
n23,trunc_laplace,292017,S,2.3389452666604424,18,0.8667620759791446,0.9782212038937874
n23,trunc_laplace,292012,CP_PAC,2.767670746574833,28,0.6961264115453005,1.0
n23,trunc_laplace,292012,Oracle,2.5545681371419704,28,0.6961264115453005,0.9970410155111775
n23,trunc_laplace,292012,Oracle04,2.5857943879779146,28,0.6961264115453005,0.9994323175059785
n23,trunc_laplace,292012,Plug,2.578211167704637,28,0.6961264115453005,0.9988587359770142
n23,trunc_laplace,292012,Dlow,2.646891422174001,28,0.6961264115453005,1.0
n23,trunc_laplace,292012,S,2.6521799217966753,28,0.6961264115453005,1.0
n23,trunc_laplace,292018,CP_PAC,2.2797520071241575,16,0.8064464833905869,0.9722701857728584
n23,trunc_laplace,292018,Oracle,1.9987457683076129,16,0.8064464833905869,0.9384190681129225
n23,trunc_laplace,292018,Oracle04,2.02670770892537,16,0.8064464833905869,0.9422490752868318
n23,trunc_laplace,292018,Plug,1.986686953783172,16,0.8064464833905869,0.9367325583053607
n23,trunc_laplace,292018,Dlow,2.0922291592328977,16,0.8064464833905869,0.9507979975309317
n23,trunc_laplace,292018,S,2.096409441441098,16,0.8064464833905869,0.9513238479099386
n23,trunc_laplace,292019,CP_PAC,2.305124237745571,18,0.7448543438374817,0.9748660481367863
n23,trunc_laplace,292019,Oracle,2.0291380102941217,18,0.7448543438374817,0.9425767126619038
n23,trunc_laplace,292019,Oracle04,2.05723863134065,18,0.7448543438374817,0.9463053448811287
n23,trunc_laplace,292019,Plug,2.0464803801655416,18,0.7448543438374817,0.9448907434945664
n23,trunc_laplace,292019,Dlow,2.139235783674783,18,0.7448543438374817,0.9565810728974522
n23,trunc_laplace,292019,S,2.1435099853061756,18,0.7448543438374817,0.9570929866453493
n23,trunc_laplace,292022,CP_PAC,2.257072341695448,17,0.7611229612619526,0.9698909327501624
n23,trunc_laplace,292022,Oracle,1.9714104390987575,17,0.7611229612619526,0.9345653453466314
n23,trunc_laplace,292022,Oracle04,1.999253833721186,17,0.7611229612619526,0.9384896599837913
n23,trunc_laplace,292022,Plug,1.9801416780840613,17,0.7611229612619526,0.9358082349702124
n23,trunc_laplace,292022,Dlow,2.0805998507690653,17,0.7611229612619526,0.9493229921863393
n23,trunc_laplace,292022,S,2.0847568975725532,17,0.7611229612619526,0.9498523078265795
n23,trunc_laplace,292023,CP_PAC,2.36200109676017,17,0.8155443174826894,0.98044150689792
n23,trunc_laplace,292023,Oracle,2.0966055420158662,17,0.8155443174826894,0.9513484597386193
n23,trunc_laplace,292023,Oracle04,2.125034688821788,17,0.8155443174826894,0.9548637506688058
n23,trunc_laplace,292023,Plug,2.0806593249841496,17,0.8155443174826894,0.9493305812163784
n23,trunc_laplace,292023,Dlow,2.1825499090955987,17,0.8155443174826894,0.9616646048586159
n23,trunc_laplace,292023,S,2.1869106525224065,17,0.8155443174826894,0.9621637902373805
n23,trunc_laplace,292021,CP_PAC,2.5199872186783656,23,0.683870989920495,0.9943003220905622
n23,trunc_laplace,292021,Oracle,2.2790998411090446,23,0.683870989920495,0.9722025521097506
n23,trunc_laplace,292021,Oracle04,2.3085356599532805,23,0.683870989920495,0.975209864610328
n23,trunc_laplace,292021,Plug,2.3140372979008053,23,0.683870989920495,0.9757617702321935
n23,trunc_laplace,292021,Dlow,2.3881634191872103,23,0.683870989920495,0.9828971379353524
n23,trunc_laplace,292021,S,2.392934979227585,23,0.683870989920495,0.9833378224720928
n23,trunc_laplace,292020,CP_PAC,2.9316124157679058,25,0.8567847240748552,1.0
n23,trunc_laplace,292020,Oracle,2.7315047110223825,25,0.8567847240748552,1.0
n23,trunc_laplace,292020,Oracle04,2.7639820990716073,25,0.8567847240748552,1.0
n23,trunc_laplace,292020,Plug,2.711519132140826,25,0.8567847240748552,1.0
n23,trunc_laplace,292020,Dlow,2.790708846260069,25,0.8567847240748552,1.0
n23,trunc_laplace,292020,S,2.796284693669903,25,0.8567847240748552,1.0
n23,trunc_laplace,292025,CP_PAC,2.4987624762749316,19,0.8070935247747008,0.9925685473541288
n23,trunc_laplace,292025,Oracle,2.2549062826649946,19,0.8070935247747008,0.9696607399814792
n23,trunc_laplace,292025,Oracle04,2.284203264424793,19,0.8070935247747008,0.972730582180497
n23,trunc_laplace,292025,Plug,2.247325490514982,19,0.8070935247747008,0.9688510017750143
n23,trunc_laplace,292025,Dlow,2.336458903513824,19,0.8070935247747008,0.977978559152735
n23,trunc_laplace,292025,S,2.341127157725581,19,0.8070935247747008,0.9784336173483186
n23,trunc_laplace,292024,CP_PAC,2.585003686619248,20,0.8145149312623906,0.9993727218809974
n23,trunc_laplace,292024,Oracle,2.3524673858869876,20,0.8145149312623906,0.9795298695893977
n23,trunc_laplace,292024,Oracle04,2.382353315353998,20,0.8145149312623906,0.9823575674015772
n23,trunc_laplace,292024,Plug,2.342464605601325,20,0.8145149312623906,0.9785635830188355
n23,trunc_laplace,292024,Dlow,2.4287375557978255,20,0.8145149312623906,0.9865753736517264
n23,trunc_laplace,292024,S,2.43359018312504,20,0.8145149312623906,0.9870049558949825
n23,trunc_laplace,292026,CP_PAC,2.444328592553405,17,0.8535064025768545,0.987947886762091
n23,trunc_laplace,292026,Oracle,2.192524579680016,17,0.8535064025768545,0.9628030967464545
n23,trunc_laplace,292026,Oracle04,2.2214631693755624,17,0.8535064025768545,0.966039850078114
n23,trunc_laplace,292026,Plug,2.161792485772572,17,0.8535064025768545,0.9592570731534884
n23,trunc_laplace,292026,Dlow,2.2641264686453786,17,0.8535064025768545,0.9706369987000953
n23,trunc_laplace,292026,S,2.2686502023636597,17,0.8535064025768545,0.9711125617188068
n23,trunc_laplace,292030,CP_PAC,2.3076280974654133,17,0.7809306639240535,0.9751185163204903
n23,trunc_laplace,292030,Oracle,2.032123244933989,17,0.7809306639240535,0.9429780275256432
n23,trunc_laplace,292030,Oracle04,2.0602423476664824,17,0.7809306639240535,0.9466974768002872
n23,trunc_laplace,292030,Plug,2.0350040868483106,17,0.7809306639240535,0.9433641255238545
n23,trunc_laplace,292030,Dlow,2.131495350472387,17,0.7809306639240535,0.9556481857044439
n23,trunc_laplace,292030,S,2.135754086687357,17,0.7809306639240535,0.9561623860565063
n23,trunc_laplace,292031,CP_PAC,2.560231136421248,17,0.9285545059392091,0.9974804887922897
n23,trunc_laplace,292031,Oracle,2.324632616779839,17,0.9285545059392091,0.976815774997394
n23,trunc_laplace,292031,Oracle04,2.35434392932488,17,0.9285545059392091,0.9797100266661571
n23,trunc_laplace,292031,Plug,2.268791716938613,17,0.9285545059392091,0.9711274024450756
n23,trunc_laplace,292031,Dlow,2.373470874052159,17,0.9285545059392091,0.9815263294642405
n23,trunc_laplace,292031,S,2.3782130783287303,17,0.9285545059392091,0.9819710732624771
n23,trunc_laplace,292029,CP_PAC,2.4123921025037665,20,0.7171201369307434,0.9851122790436215
n23,trunc_laplace,292029,Oracle,2.1555905653849416,20,0.7171201369307434,0.9585275766825507
n23,trunc_laplace,292029,Oracle04,2.1843303778514653,20,0.7171201369307434,0.9618686939471808
n23,trunc_laplace,292029,Plug,2.1800395743796592,20,0.7171201369307434,0.9613762090334936
n23,trunc_laplace,292029,Dlow,2.26476770530813,20,0.7171201369307434,0.9707045460569026
n23,trunc_laplace,292029,S,2.2692927202198225,20,0.7171201369307434,0.9711799253854487
n23,trunc_laplace,292028,CP_PAC,2.707503440238331,23,0.8132168162355083,1.0
n23,trunc_laplace,292028,Oracle,2.4885515647858063,23,0.8132168162355083,0.99172165796702
n23,trunc_laplace,292028,Oracle04,2.519320494015102,23,0.8132168162355083,0.9942465037452553
n23,trunc_laplace,292028,Plug,2.479508581071958,23,0.8132168162355083,0.9909640676784801
n23,trunc_laplace,292028,Dlow,2.560987805824093,23,0.8132168162355083,0.9975390132635567
n23,trunc_laplace,292028,S,2.5661046696785426,23,0.8132168162355083,0.997933566277247
n23,trunc_laplace,292032,CP_PAC,2.379591288362166,17,0.80648929222274,0.9820999155422179
n23,trunc_laplace,292032,Oracle,2.1171926252986863,17,0.80648929222274,0.9539044599822168
n23,trunc_laplace,292032,Oracle04,2.145727197293154,17,0.80648929222274,0.9573576406491493
n23,trunc_laplace,292032,Plug,2.108001277444001,17,0.80648929222274,0.9527700827207659
n23,trunc_laplace,292032,Dlow,2.204763543111607,17,0.80648929222274,0.9641839442699984
n23,trunc_laplace,292032,S,2.2091686694678123,17,0.80648929222274,0.9646766494018237
n23,trunc_laplace,292033,CP_PAC,2.422922472388111,17,0.8301623289828736,0.9860577170971867
n23,trunc_laplace,292033,Oracle,2.1676940409682146,17,0.8301623289828736,0.95994687131319
n23,trunc_laplace,292033,Oracle04,2.1964955303048037,17,0.8301623289828736,0.9632530481403885
n23,trunc_laplace,292033,Plug,2.148694229213101,17,0.8301623289828736,0.9577108395469733
n23,trunc_laplace,292033,Dlow,2.246558514346883,17,0.8301623289828736,0.9687687204037423
n23,trunc_laplace,292033,S,2.2510471472223794,17,0.8301623289828736,0.9692493286135364
n23,trunc_laplace,292027,CP_PAC,2.726931091022696,28,0.679566595464216,1.0
n23,trunc_laplace,292027,Oracle,2.509987996518023,28,0.679566595464216,0.9934892382240157
n23,trunc_laplace,292027,Oracle04,2.540906892890313,28,0.679566595464216,0.9959700977621719
n23,trunc_laplace,292027,Plug,2.539329113015961,28,0.679566595464216,0.9958454282637337
n23,trunc_laplace,292027,Dlow,2.607247508301481,28,0.679566595464216,1.0
n23,trunc_laplace,292027,S,2.6124567992260577,28,0.679566595464216,1.0
n23,trunc_laplace,292039,CP_PAC,2.1303567869565856,12,0.8781306161771699,0.9555103280062898
n23,trunc_laplace,292039,Oracle,1.8147664482434482,12,0.8781306161771699,0.9102316214525743
n23,trunc_laplace,292039,Oracle04,1.8420233247873907,12,0.8781306161771699,0.914756512667495
n23,trunc_laplace,292039,Plug,1.760062617422251,12,0.8781306161771699,0.9007527248658054
n23,trunc_laplace,292039,Dlow,1.8919607047576124,12,0.8781306161771699,0.9227200890567411
n23,trunc_laplace,292039,S,1.895740849794694,12,0.8781306161771699,0.9233061938718377
n23,trunc_laplace,292035,CP_PAC,2.362853216707789,18,0.7626349328089052,0.980522548259636
n23,trunc_laplace,292035,Oracle,2.0975460993455117,18,0.7626349328089052,0.95146643551882
n23,trunc_laplace,292035,Oracle04,2.125982527879455,18,0.7626349328089052,0.9549791657096294
n23,trunc_laplace,292035,Plug,2.1078706571711177,18,0.7626349328089052,0.9527538833325124
n23,trunc_laplace,292035,Dlow,2.198339512945675,18,0.7626349328089052,0.963461358392796
n23,trunc_laplace,292035,S,2.2027318040639767,18,0.7626349328089052,0.9639559340776587
n23,trunc_laplace,292037,CP_PAC,2.2913552125750467,17,0.768726027649381,0.9734658509701968
n23,trunc_laplace,292037,Oracle,2.0126517386815155,17,0.768726027649381,0.9403377616014974
n23,trunc_laplace,292037,Oracle04,2.0406779649897806,17,0.768726027649381,0.9441211693024436
n23,trunc_laplace,292037,Plug,2.02028221053666,17,0.768726027649381,0.9413788201054909
n23,trunc_laplace,292037,Dlow,2.1168300129242192,17,0.768726027649381,0.953859912865064
n23,trunc_laplace,292037,S,2.1210594477362523,17,0.768726027649381,0.9543784547619296
n23,trunc_laplace,292038,CP_PAC,2.1998958679419873,16,0.761227609822843,0.9636368645275959
n23,trunc_laplace,292038,Oracle,1.9015160881470883,16,0.761227609822843,0.9241971839466292
n23,trunc_laplace,292038,Oracle04,1.9290750403337198,16,0.761227609822843,0.928375775456235
n23,trunc_laplace,292038,Plug,1.9124175072814718,16,0.761227609822843,0.925864471437331
n23,trunc_laplace,292038,Dlow,2.015578560990098,16,0.761227609822843,0.9407380605728741
n23,trunc_laplace,292038,S,2.0196056949971712,16,0.761227609822843,0.9412868545193098
n23,trunc_laplace,292034,CP_PAC,2.743059219523654,23,0.8317624622675843,1.0
n23,trunc_laplace,292034,Oracle,2.527661188302721,23,0.8317624622675843,0.9949170816928645
n23,trunc_laplace,292034,Oracle04,2.5587007443475773,23,0.8317624622675843,0.9973619795894684
n23,trunc_laplace,292034,Plug,2.511238291919425,23,0.8317624622675843,0.9935911189030919
n23,trunc_laplace,292034,Dlow,2.5953115356388996,23,0.8317624622675843,1.0
n23,trunc_laplace,292034,S,2.6004969784424716,23,0.8317624622675843,1.0
n23,trunc_laplace,292036,CP_PAC,2.6405702270114437,22,0.7972319537036374,1.0
n23,trunc_laplace,292036,Oracle,2.4145782164389877,22,0.7972319537036374,0.9853094078487383
n23,trunc_laplace,292036,Oracle04,2.444859062089507,22,0.7972319537036374,0.9879941936645451
n23,trunc_laplace,292036,Plug,2.4092573555554955,22,0.7972319537036374,0.9848288234486602
n23,trunc_laplace,292036,Dlow,2.492650399550102,22,0.7972319537036374,0.9920626978917455
n23,trunc_laplace,292036,S,2.497630724994148,22,0.7972319537036374,0.9924751241495469
n23,trunc_laplace,292042,CP_PAC,1.8754872646189447,10,0.8684408017599602,0.9201387590590095
n23,trunc_laplace,292042,Oracle,1.474431321702712,10,0.8684408017599602,0.8414361353424682
n23,trunc_laplace,292042,Oracle04,1.501145203572785,10,0.8684408017599602,0.8477625839037395
n23,trunc_laplace,292042,Plug,1.4065094890301797,10,0.8684408017599602,0.8245339181638554
n23,trunc_laplace,292042,Dlow,1.5742838642000558,10,0.8684408017599602,0.8642080097182281
n23,trunc_laplace,292042,S,1.5774292896421644,10,0.8684408017599602,0.8648875174888633
n23,trunc_laplace,292041,CP_PAC,2.3567515155830683,17,0.7862576496902992,0.9799406505440809
n23,trunc_laplace,292041,Oracle,2.0904035968754244,17,0.7862576496902992,0.9505676342379616
n23,trunc_laplace,292041,Oracle04,2.1188007484140976,17,0.7862576496902992,0.9541018158140657
n23,trunc_laplace,292041,Plug,2.088011606326895,17,0.7862576496902992,0.9502651300667526
n23,trunc_laplace,292041,Dlow,2.185021577154948,17,0.7862576496902992,0.961947821702734
n23,trunc_laplace,292041,S,2.189387258984401,17,0.7862576496902992,0.9624462843771402
n23,trunc_laplace,292044,CP_PAC,2.290935702413799,16,0.8258248904313613,0.9734228737431363
n23,trunc_laplace,292044,Oracle,2.0121773110545402,16,0.8258248904313613,0.9402727593662692
n23,trunc_laplace,292044,Oracle04,2.040199804834539,16,0.8258248904313613,0.9440575429626943
n23,trunc_laplace,292044,Plug,1.9908635281164957,16,0.8258248904313613,0.9373190842677825
n23,trunc_laplace,292044,Dlow,2.098916348950891,16,0.8258248904313613,0.9516381013673652
n23,trunc_laplace,292044,S,2.1031099921908294,16,0.8258248904313613,0.9521619620625708
n23,trunc_laplace,292043,CP_PAC,2.574373940434059,22,0.7586527510643969,0.9985667615316747
n23,trunc_laplace,292043,Oracle,2.3405482837489004,22,0.7586527510643969,0.9783773093846515
n23,trunc_laplace,292043,Oracle04,2.370357869720817,22,0.7586527510643969,0.9812331805549825
n23,trunc_laplace,292043,Plug,2.349078003316332,22,0.7586527510643969,0.9792035777892536
n23,trunc_laplace,292043,Dlow,2.4299393844002966,22,0.7586527510643969,0.9866819690289086
n23,trunc_laplace,292043,S,2.4347944129858545,22,0.7586527510643969,0.9871112248696012
n23,trunc_laplace,292040,CP_PAC,2.7651959253086784,29,0.6723748123613525,1.0
n23,trunc_laplace,292040,Oracle,2.551827276400585,29,0.6723748123613525,0.9968273787967248
n23,trunc_laplace,292040,Oracle04,2.5830309235225046,29,0.6723748123613525,0.9992238191015606
n23,trunc_laplace,292040,Plug,2.582397099152713,29,0.6723748123613525,0.9991759134100868
n23,trunc_laplace,292040,Dlow,2.6483808523140824,29,0.6723748123613525,1.0
n23,trunc_laplace,292040,S,2.6536723278241197,29,0.6723748123613525,1.0
n23,trunc_laplace,292047,CP_PAC,2.1220806899970115,17,0.6333954928690629,0.9545033197586874
n23,trunc_laplace,292047,Oracle,1.8043009618641601,17,0.6333954928690629,0.9084597878455116
n23,trunc_laplace,292047,Oracle04,1.8315260665277993,17,0.6333954928690629,0.9130290864432902
n23,trunc_laplace,292047,Plug,1.8837610640361935,17,0.6333954928690629,0.9214407782884944
n23,trunc_laplace,292047,Dlow,1.9686812118102017,17,0.6333954928690629,0.9341745127504126
n23,trunc_laplace,292047,S,1.9726146447264914,17,0.6333954928690629,0.9347374373552126
n23,trunc_laplace,292048,CP_PAC,2.3273817580555036,16,0.8550748105285728,0.9770873570609999
n23,trunc_laplace,292048,Oracle,2.0557558815763737,16,0.8550748105285728,0.9461113201134834
n23,trunc_laplace,292048,Oracle04,2.0839869339541743,16,0.8550748105285728,0.9497544416704753
n23,trunc_laplace,292048,Plug,2.0188471244959736,16,0.8550748105285728,0.9411836571660106
n23,trunc_laplace,292048,Dlow,2.131559313706864,16,0.8550748105285728,0.9556559255409085
n23,trunc_laplace,292048,S,2.135818177720631,16,0.8550748105285728,0.9561701069834965
n23,trunc_laplace,292046,CP_PAC,2.5319819092419418,22,0.7200558902053287,0.9952621734059006
n23,trunc_laplace,292046,Oracle,2.292694578096683,22,0.7200558902053287,0.973602938097659
n23,trunc_laplace,292046,Oracle04,2.3222115571649655,22,0.7200558902053287,0.9765759577018545
n23,trunc_laplace,292046,Plug,2.3152228678277815,22,0.7200558902053287,0.9758802883640096
n23,trunc_laplace,292046,Dlow,2.3930199155491527,22,0.7200558902053287,0.9833456470414845
n23,trunc_laplace,292046,S,2.397801178888636,22,0.7200558902053287,0.9837849943206987
n23,trunc_laplace,292045,CP_PAC,2.485506639721634,26,0.6107149437387372,0.9914673621006891
n23,trunc_laplace,292045,Oracle,2.2398243261141477,26,0.6107149437387372,0.9680434419738881
n23,trunc_laplace,292045,Oracle04,2.2690306760649994,26,0.6107149437387372,0.9711524572733612
n23,trunc_laplace,292045,Plug,2.3001817111149174,26,0.6107149437387372,0.9743657457117265
n23,trunc_laplace,292045,Dlow,2.367137366215648,26,0.6107149437387372,0.980928905145122
n23,trunc_laplace,292045,S,2.3718669161182913,26,0.6107149437387372,0.9813754050149182
n23,trunc_laplace,292052,CP_PAC,2.2753980017261046,16,0.8017578992836667,0.9718177754322217
n23,trunc_laplace,292052,Oracle,1.9935946857402482,16,0.8017578992836667,0.9377012476101014
n23,trunc_laplace,292052,Oracle04,2.0215376550147544,16,0.8017578992836667,0.9415493134851851
n23,trunc_laplace,292052,Plug,1.9814531462411233,16,0.8017578992836667,0.9359939462767479
n23,trunc_laplace,292052,Dlow,2.0888423719812064,16,0.8017578992836667,0.9503702787776178
n23,trunc_laplace,292052,S,2.093015887374964,16,0.8017578992836667,0.9508971376798414
n23,trunc_laplace,292051,CP_PAC,2.5875404970188884,18,0.9022769294263989,0.9995637487828115
n23,trunc_laplace,292051,Oracle,2.3554092679412455,18,0.9022769294263989,0.979812147418361
n23,trunc_laplace,292051,Oracle04,2.3853151047073076,18,0.9022769294263989,0.9826330303146955
n23,trunc_laplace,292051,Plug,2.309750504972999,18,0.9022769294263989,0.9753320063382689
n23,trunc_laplace,292051,Dlow,2.4105540304184765,18,0.9022769294263989,0.9849461860673578
n23,trunc_laplace,292051,S,2.4153703269894304,18,0.9022769294263989,0.9853807240923049
n23,trunc_laplace,292053,CP_PAC,2.609490690052289,17,0.9654911815297423,1.0
n23,trunc_laplace,292053,Oracle,2.379895363090583,17,0.9654911815297423,0.9821283171062045
n23,trunc_laplace,292053,Oracle04,2.4099527267466962,17,0.9654911815297423,0.9848917815413243
n23,trunc_laplace,292053,Plug,2.3131340281483714,17,0.9654911815297423,0.9756713744451297
n23,trunc_laplace,292053,Dlow,2.418892474996037,17,0.9654911815297423,0.9856971218060644
n23,trunc_laplace,292053,S,2.423725431812528,17,0.9654911815297423,0.9861293832246265
n23,trunc_laplace,292049,CP_PAC,2.4950131688398915,22,0.7033130080856667,0.9922586285453963
n23,trunc_laplace,292049,Oracle,2.2506326643354484,22,0.7033130080856667,0.9692050432172903
n23,trunc_laplace,292049,Oracle04,2.2799008360733493,22,0.7033130080856667,0.9722856138120086
n23,trunc_laplace,292049,Plug,2.280290888331918,22,0.7033130080856667,0.9723260363950983
n23,trunc_laplace,292049,Dlow,2.357134158466096,22,0.7033130080856667,0.9799772507871904
n23,trunc_laplace,292049,S,2.3618437219197426,22,0.7033130080856667,0.9804265317909828
n23,trunc_laplace,292050,CP_PAC,2.4331599682493446,21,0.7093540938237967,0.9869669585991543
n23,trunc_laplace,292050,Oracle,2.1795709702465556,21,0.7093540938237967,0.9613222905030012
n23,trunc_laplace,292050,Oracle04,2.2084364493861712,21,0.7093540938237967,0.9645949087523431
n23,trunc_laplace,292050,Plug,2.208266609934761,21,0.7093540938237967,0.9645759399754235
n23,trunc_laplace,292050,Dlow,2.2891023975105314,21,0.7093540938237967,0.9732348377792639
n23,trunc_laplace,292050,S,2.2936760332343398,21,0.7093540938237967,0.973703270761523
n23,trunc_laplace,292055,CP_PAC,2.1686639577170697,14,0.8307744095581175,0.9600598334749115
n23,trunc_laplace,292055,Oracle,1.8628081344197047,14,0.8307744095581175,0.918121556891403
n23,trunc_laplace,292055,Oracle04,1.890226137599939,14,0.8307744095581175,0.9224503730141926
n23,trunc_laplace,292055,Plug,1.8376436460214494,14,0.8307744095581175,0.9140380925417559
n23,trunc_laplace,292055,Dlow,1.9554596013461467,14,0.8307744095581175,0.9322653123675693
n23,trunc_laplace,292055,S,1.9593666174319748,14,0.8307744095581175,0.9328322286411534
n23,trunc_laplace,292054,CP_PAC,2.355299680654652,22,0.64292039998237,0.9798016478846048
n23,trunc_laplace,292054,Oracle,2.088738174611239,22,0.64292039998237,0.9503570956760348
n23,trunc_laplace,292054,Oracle04,2.1171289266188693,22,0.64292039998237,0.9538966357864209
n23,trunc_laplace,292054,Plug,2.14484490889363,22,0.64292039998237,0.9572524010016832
n23,trunc_laplace,292054,Dlow,2.2213124226230536,22,0.64292039998237,0.9660232410808614
n23,trunc_laplace,292054,S,2.2257506137065532,22,0.64292039998237,0.9665111410006957
n23,trunc_laplace,292057,CP_PAC,2.400609687111735,16,0.8789837938823971,0.984042046704452
n23,trunc_laplace,292057,Oracle,2.141765211987801,16,0.8789837938823971,0.9568842937830566
n23,trunc_laplace,292057,Oracle04,2.1704335840608784,16,0.8789837938823971,0.9602656402467149
n23,trunc_laplace,292057,Plug,2.102475243392228,16,0.8789837938823971,0.9520828177319551
n23,trunc_laplace,292057,Dlow,2.2076080408474565,16,0.8789837938823971,0.9645023549014768
n23,trunc_laplace,292057,S,2.2120188505214875,16,0.8789837938823971,0.9649942326968077
n23,trunc_laplace,292058,CP_PAC,2.2823086758851545,16,0.803277421718706,0.9725348849224453
n23,trunc_laplace,292058,Oracle,2.001869722689393,16,0.803277421718706,0.9388525265341028
n23,trunc_laplace,292058,Oracle04,2.0298474262134936,16,0.803277421718706,0.9426721949898778
n23,trunc_laplace,292058,Plug,1.9899610387565496,16,0.803277421718706,0.937192561925241
n23,trunc_laplace,292058,Dlow,2.0961845708866593,16,0.803277421718706,0.9512956190749131
n23,trunc_laplace,292058,S,2.100372756023126,16,0.803277421718706,0.9518202923083179
n23,trunc_laplace,292056,CP_PAC,2.720030665158684,23,0.8112117617094335,1.0
n23,trunc_laplace,292056,Oracle,2.502364999532149,23,0.8112117617094335,0.9928651933556518
n23,trunc_laplace,292056,Oracle04,2.533228458516408,23,0.8112117617094335,0.995361445336135
n23,trunc_laplace,292056,Plug,2.492988661961921,23,0.8112117617094335,0.9920907776422272
n23,trunc_laplace,292056,Dlow,2.5748312119807064,23,0.8112117617094335,0.9986016166656375
n23,trunc_laplace,292056,S,2.5799757350158923,23,0.8112117617094335,0.998992610070021
n23,trunc_laplace,292060,CP_PAC,2.4252781042173233,17,0.840935002966836,0.9862677929693744
n23,trunc_laplace,292060,Oracle,2.170599553937621,17,0.840935002966836,0.9602849229932602
n23,trunc_laplace,292060,Oracle04,2.1994241878790857,17,0.840935002966836,0.963583704470294
n23,trunc_laplace,292060,Plug,2.1428235459678793,17,0.840935002966836,0.9570109267440707
n23,trunc_laplace,292060,Dlow,2.2464060666389924,17,0.840935002966836,0.9687523579367205
n23,trunc_laplace,292060,S,2.2508943949233604,17,0.840935002966836,0.9692330100321258
n23,trunc_laplace,292059,CP_PAC,2.2924422695624713,20,0.6569905564929249,0.9735771283799437
n23,trunc_laplace,292059,Oracle,2.013976270859689,20,0.6569905564929249,0.9405190681155435
n23,trunc_laplace,292059,Oracle04,2.042006889342072,20,0.6569905564929249,0.9442978359429546
n23,trunc_laplace,292059,Plug,2.069227261103332,20,0.6569905564929249,0.9478631403661482
n23,trunc_laplace,292059,Dlow,2.149578731752281,20,0.6569905564929249,0.9578159204250745
n23,trunc_laplace,292059,S,2.1538735986352013,20,0.6569905564929249,0.9583247842319187
n23,trunc_laplace,292064,CP_PAC,2.084664386372015,14,0.7468342743942549,0.9498405533527927
n23,trunc_laplace,292064,Oracle,1.75656249939375,14,0.7468342743942549,0.900127628497331
n23,trunc_laplace,292064,Oracle04,1.783649264760256,14,0.7468342743942549,0.9049061481193597
n23,trunc_laplace,292064,Plug,1.7781188147053735,14,0.7468342743942549,0.903941429946904
n23,trunc_laplace,292064,Dlow,1.8874484980167514,14,0.7468342743942549,0.9220174470451186
n23,trunc_laplace,292064,S,1.8912196276467612,14,0.7468342743942549,0.9226049151787217
n23,trunc_laplace,292063,CP_PAC,2.444836291815956,18,0.831640255353075,0.987992206478475
n23,trunc_laplace,292063,Oracle,2.193078229356577,18,0.831640255353075,0.9628659430679567
n23,trunc_laplace,292063,Oracle04,2.2220186054305318,18,0.831640255353075,0.966101024457835
n23,trunc_laplace,292063,Plug,2.172423350701502,18,0.831640255353075,0.9604965959881901
n23,trunc_laplace,292063,Dlow,2.2706038811810383,18,0.831640255353075,0.9713172517911735
n23,trunc_laplace,292063,S,2.275140556795411,18,0.831640255353075,0.9717909607901867
n23,trunc_laplace,292066,CP_PAC,2.4025919433900884,18,0.7905868493855873,0.9842230225335775
n23,trunc_laplace,292066,Oracle,2.1441082406340883,18,0.7905868493855873,0.9571644567506272
n23,trunc_laplace,292066,Oracle04,2.17278274090269,18,0.7905868493855873,0.960538259963144
n23,trunc_laplace,292066,Plug,2.1399963856213917,18,0.7905868493855873,0.9566723358857108
n23,trunc_laplace,292066,Dlow,2.234803218258284,18,0.7905868493855873,0.9674993388974311
n23,trunc_laplace,292066,S,2.2392683640052913,18,0.7905868493855873,0.9679833363650592
n23,trunc_laplace,292062,CP_PAC,2.5583056672208966,24,0.6966893789491231,0.997331355208269
n23,trunc_laplace,292062,Oracle,2.322454230958769,24,0.6966893789491231,0.9766000229961427
n23,trunc_laplace,292062,Oracle04,2.352152072561511,24,0.6966893789491231,0.9794995633948402
n23,trunc_laplace,292062,Plug,2.3522364545852725,24,0.6966893789491231,0.9795076747108615
n23,trunc_laplace,292062,Dlow,2.4261913332423566,24,0.6966893789491231,0.9863490962357162
n23,trunc_laplace,292062,S,2.4310388732067456,24,0.6966893789491231,0.9867793704751511
n23,trunc_laplace,292069,CP_PAC,1.9959315879872208,13,0.763717258692217,0.9380273807088848
n23,trunc_laplace,292069,Oracle,1.6404166442962198,13,0.763717258692217,0.8780357554743579
n23,trunc_laplace,292069,Oracle04,1.6672567623778076,13,0.763717258692217,0.8833812661351785
n23,trunc_laplace,292069,Plug,1.6564927647685888,13,0.763717258692217,0.8812554519253599
n23,trunc_laplace,292069,Dlow,1.7755529315249807,13,0.763717258692217,0.9034919501535894
n23,trunc_laplace,292069,S,1.7791004933666734,13,0.763717258692217,0.9041130780574564
n23,trunc_laplace,292068,CP_PAC,2.251474593078967,17,0.7464287795096479,0.9692949789885699
n23,trunc_laplace,292068,Oracle,1.964597684531922,17,0.7464287795096479,0.9335876591529146
n23,trunc_laplace,292068,Oracle04,1.9924110081364272,17,0.7464287795096479,0.9375357525344952
n23,trunc_laplace,292068,Plug,1.981214628294215,17,0.7464287795096479,0.9359601896838008
n23,trunc_laplace,292068,Dlow,2.0787504127682443,17,0.7464287795096479,0.9490867650657369
n23,trunc_laplace,292068,S,2.0829037643872277,17,0.7464287795096479,0.9496166323749491
n23,trunc_laplace,292065,CP_PAC,2.7037460920235947,23,0.8159289298729775,1.0
n23,trunc_laplace,292065,Oracle,2.4844832204006413,23,0.8159289298729775,0.9913817100822875
n23,trunc_laplace,292065,Oracle04,2.5152275404035835,23,0.8159289298729775,0.993915297125934
n23,trunc_laplace,292065,Plug,2.4730607451334596,23,0.8159289298729775,0.9904195093144015
n23,trunc_laplace,292065,Dlow,2.5564722422603285,23,0.8159289298729775,0.9971890720872045
n23,trunc_laplace,292065,S,2.5615800840007603,23,0.8159289298729775,0.9975847907056727
n23,trunc_laplace,292067,CP_PAC,2.726912016736464,25,0.7639264281818351,1.0
n23,trunc_laplace,292067,Oracle,2.510067246968693,25,0.7639264281818351,0.9934956999143769
n23,trunc_laplace,292067,Oracle04,2.5409962352816584,25,0.7639264281818351,0.9959771510844655
n23,trunc_laplace,292067,Plug,2.513671081539356,25,0.7639264281818351,0.9937889750904869
n23,trunc_laplace,292067,Dlow,2.5916605785508624,25,0.7639264281818351,0.9998729240798736
n23,trunc_laplace,292067,S,2.596838726727605,25,0.7639264281818351,1.0
n23,trunc_laplace,292061,CP_PAC,2.9166280679494543,28,0.6597163743714729,1.0
n23,trunc_laplace,292061,Oracle,2.7155369295663516,28,0.6597163743714729,1.0
n23,trunc_laplace,292061,Oracle04,2.747906568845853,28,0.6597163743714729,1.0
n23,trunc_laplace,292061,Plug,2.7450361877520666,28,0.6597163743714729,1.0
n23,trunc_laplace,292061,Dlow,2.8155028153607877,28,0.6597163743714729,1.0
n23,trunc_laplace,292061,S,2.8211282012198136,28,0.6597163743714729,1.0
n23,trunc_laplace,292070,CP_PAC,2.5326685705272163,19,0.8282144064921996,0.9953168732852931
n23,trunc_laplace,292070,Oracle,2.2934975247148754,19,0.8282144064921996,0.9736850297483732
n23,trunc_laplace,292070,Oracle04,2.323019876573267,19,0.8282144064921996,0.9766560928786836
n23,trunc_laplace,292070,Plug,2.2758534007401616,19,0.8282144064921996,0.971865190709233
n23,trunc_laplace,292070,Dlow,2.3684401345134725,19,0.8282144064921996,0.9810521147170181
n23,trunc_laplace,292070,S,2.373172287352373,19,0.8282144064921996,0.9814982530672003
n23,trunc_laplace,292075,CP_PAC,2.506993441330564,16,0.9370138150804557,0.9932446851634835
n23,trunc_laplace,292075,Oracle,2.2642881409393945,16,0.9370138150804557,0.9706540333897671
n23,trunc_laplace,292075,Oracle04,2.2936401560067687,16,0.9370138150804557,0.9736996048955913
n23,trunc_laplace,292075,Plug,2.2043503535497355,16,0.9370138150804557,0.9641376135548612
n23,trunc_laplace,292075,Dlow,2.311440808226031,16,0.9370138150804557,0.9755016938317187
n23,trunc_laplace,292075,S,2.3160590761835804,16,0.9370138150804557,0.9759637936924754
n23,trunc_laplace,292076,CP_PAC,2.196842037565102,13,0.9030319315912806,0.9632922228027359
n23,trunc_laplace,292076,Oracle,1.8977497553680247,13,0.9030319315912806,0.9236167320179154
n23,trunc_laplace,292076,Oracle04,1.9252944049285479,13,0.9030319315912806,0.9278096252512278
n23,trunc_laplace,292076,Plug,1.8317599356063528,13,0.9030319315912806,0.91306777823761
n23,trunc_laplace,292076,Dlow,1.962544635769144,13,0.9030319315912806,0.9332916649303877
n23,trunc_laplace,292076,S,1.9664658077820183,13,0.9030319315912806,0.9338564418790303
n23,trunc_laplace,292071,CP_PAC,2.814681002475049,23,0.867299853485174,1.0
n23,trunc_laplace,292071,Oracle,2.6056070261748694,23,0.867299853485174,1.0
n23,trunc_laplace,292071,Oracle04,2.6371827460092923,23,0.867299853485174,1.0
n23,trunc_laplace,292071,Plug,2.580509603557681,23,0.867299853485174,0.999033065051103
n23,trunc_laplace,292071,Dlow,2.664675318863054,23,0.867299853485174,1.0
n23,trunc_laplace,292071,S,2.6699993507822715,23,0.867299853485174,1.0
n23,trunc_laplace,292073,CP_PAC,2.5010675229115207,23,0.6742489330469457,0.9927584824164293
n23,trunc_laplace,292073,Oracle,2.2575405384227696,23,0.6742489330469457,0.9699406209231134
n23,trunc_laplace,292073,Oracle04,2.286849075055472,23,0.6742489330469457,0.9730032289025132
n23,trunc_laplace,292073,Plug,2.2970653261929734,23,0.6742489330469457,0.9740489642932622
n23,trunc_laplace,292073,Dlow,2.370073978116581,23,0.6742489330469457,0.9812063993386335
n23,trunc_laplace,292073,S,2.3748093953815195,23,0.6742489330469457,0.9816520845185797
n23,trunc_laplace,292072,CP_PAC,2.5215176520150333,24,0.6794265926270593,0.9944237179618978
n23,trunc_laplace,292072,Oracle,2.2809235984775085,24,0.6794265926270593,0.9723915715632447
n23,trunc_laplace,292072,Oracle04,2.3103748387965792,24,0.6794265926270593,0.9753947172997264
n23,trunc_laplace,292072,Plug,2.3161389938377313,24,0.6794265926270593,0.9759717706063193
n23,trunc_laplace,292072,Dlow,2.3908294834844344,24,0.6794265926270593,0.9831436366245421
n23,trunc_laplace,292072,S,2.3956063703319126,24,0.6794265926270593,0.9835835867704668
n23,trunc_laplace,292074,CP_PAC,2.8416260626804215,26,0.7791028180093309,1.0
n23,trunc_laplace,292074,Oracle,2.634811544595121,26,0.7791028180093309,1.0
n23,trunc_laplace,292074,Oracle04,2.6665971232302663,26,0.7791028180093309,1.0
n23,trunc_laplace,292074,Plug,2.635136230815024,26,0.7791028180093309,1.0
n23,trunc_laplace,292074,Dlow,2.709724069649518,26,0.7791028180093309,1.0
n23,trunc_laplace,292074,S,2.7151381091525524,26,0.7791028180093309,1.0
n23,trunc_laplace,292080,CP_PAC,2.390619275213356,16,0.8750651122311593,0.9831242260935169
n23,trunc_laplace,292080,Oracle,2.130149484617594,16,0.8750651122311593,0.9554852101385531
n23,trunc_laplace,292080,Oracle04,2.158750757190074,16,0.8750651122311593,0.9588998816467091
n23,trunc_laplace,292080,Plug,2.0881570972854138,16,0.8750651122311593,0.9502835512118066
n23,trunc_laplace,292080,Dlow,2.1974753214345175,16,0.8750651122311593,0.9633637826552599
n23,trunc_laplace,292080,S,2.2018658858947315,16,0.8750651122311593,0.9638586101953592
n23,trunc_laplace,292081,CP_PAC,2.451175297992272,17,0.8625611277155518,0.9885435999950731
n23,trunc_laplace,292081,Oracle,2.2003976514445887,17,0.8625611277155518,0.9636933886482986
n23,trunc_laplace,292081,Oracle04,2.229379169490848,17,0.8625611277155518,0.9669083612198524
n23,trunc_laplace,292081,Plug,2.166530852196362,17,0.8625611277155518,0.95981124877021
n23,trunc_laplace,292081,Dlow,2.269274030693945,17,0.8625611277155518,0.9711779665520586
n23,trunc_laplace,292081,S,2.2738080492617385,17,0.8625611277155518,0.9716520559169948
n23,trunc_laplace,292079,CP_PAC,2.457615291314614,19,0.7998695938551097,0.9891000569070101
n23,trunc_laplace,292079,Oracle,2.207848917092689,19,0.7998695938551097,0.9645292750195267
n23,trunc_laplace,292079,Oracle04,2.2368739474832955,19,0.7998695938551097,0.967724074965675
n23,trunc_laplace,292079,Plug,2.199515798413023,19,0.7998695938551097,0.9635940313570523
n23,trunc_laplace,292079,Dlow,2.2931756515794657,19,0.7998695938551097,0.9736521303410406
n23,trunc_laplace,292079,S,2.297757425681157,19,0.7998695938551097,0.974119405378775
n23,trunc_laplace,292077,CP_PAC,2.4775333194624407,23,0.6812981252897269,0.9907976339588718
n23,trunc_laplace,292077,Oracle,2.230650906644409,23,0.6812981252897269,0.9670472236565577
n23,trunc_laplace,292077,Oracle04,2.259803199320946,23,0.6812981252897269,0.9701804079574479
n23,trunc_laplace,292077,Plug,2.268303355168697,23,0.6812981252897269,0.9710761783604809
n23,trunc_laplace,292077,Dlow,2.3433974734244862,23,0.6812981252897269,0.9786541265997262
n23,trunc_laplace,292077,S,2.3480795909266097,23,0.6812981252897269,0.9791072416721982
n23,trunc_laplace,292084,CP_PAC,1.9866615632440965,11,0.8885677999914424,0.9367289848338136
n23,trunc_laplace,292084,Oracle,1.6279455423682623,11,0.8885677999914424,0.8755006134929357
n23,trunc_laplace,292084,Oracle04,1.6547614769470105,11,0.8885677999914424,0.88091130104345
n23,trunc_laplace,292084,Plug,1.5546252187188654,11,0.8885677999914424,0.8599102607157048
n23,trunc_laplace,292084,Dlow,1.7090196251156906,11,0.8885677999914424,0.8914068557755965
n23,trunc_laplace,292084,S,1.712434253145708,11,0.8885677999914424,0.8920477162697424
n23,trunc_laplace,292083,CP_PAC,2.42779931169395,16,0.8971595982797761,0.9864920637957026
n23,trunc_laplace,292083,Oracle,2.1733730151999304,16,0.8971595982797761,0.9606066563645368
n23,trunc_laplace,292083,Oracle04,2.202204640214786,16,0.8971595982797761,0.9638966945676906
n23,trunc_laplace,292083,Plug,2.12389021691101,16,0.8971595982797761,0.9547242401822786
n23,trunc_laplace,292083,Dlow,2.2331675596899254,16,0.8971595982797761,0.9673214775550041
n23,trunc_laplace,292083,S,2.2376294373845873,16,0.8971595982797761,0.9678059474428904
n23,trunc_laplace,292078,CP_PAC,2.878728056470468,29,0.7172582820257495,1.0
n23,trunc_laplace,292078,Oracle,2.6747502869364577,29,0.7172582820257495,1.0
n23,trunc_laplace,292078,Oracle04,2.706816085323996,29,0.7172582820257495,1.0
n23,trunc_laplace,292078,Plug,2.692196513551189,29,0.7172582820257495,1.0
n23,trunc_laplace,292078,Dlow,2.758937761354496,29,0.7172582820257495,1.0
n23,trunc_laplace,292078,S,2.764450130009921,29,0.7172582820257495,1.0
n23,trunc_laplace,292088,CP_PAC,2.186773420018542,12,0.9432950727167724,0.9621481154618596
n23,trunc_laplace,292088,Oracle,1.885356315888794,12,0.9432950727167724,0.9216905280476373
n23,trunc_laplace,292088,Oracle04,1.912855907036652,12,0.9432950727167724,0.9259311255585878
n23,trunc_laplace,292088,Plug,1.7919365721630887,12,0.9432950727167724,0.9063413881145661
n23,trunc_laplace,292088,Dlow,1.935216486481425,12,0.9432950727167724,0.9292907113749376
n23,trunc_laplace,292088,S,1.9390830567429826,12,0.9432950727167724,0.9298637431708909
n23,trunc_laplace,292082,CP_PAC,2.6018763891989094,26,0.6545907828374161,1.0
n23,trunc_laplace,292082,Oracle,2.3714450214312546,26,0.6545907828374161,0.9813356648668616
n23,trunc_laplace,292082,Oracle04,2.401450368308924,26,0.6545907828374161,0.9841188448272826
n23,trunc_laplace,292082,Plug,2.412378865999616,26,0.6545907828374161,0.9851110840966164
n23,trunc_laplace,292082,Dlow,2.480829960397215,26,0.6545907828374161,0.9910752146127075
n23,trunc_laplace,292082,S,2.485786668556669,26,0.6545907828374161,0.9914907823492429
n23,trunc_laplace,292085,CP_PAC,2.434585104933764,17,0.8785003230693884,0.9870927637659186
n23,trunc_laplace,292085,Oracle,2.1812270716574647,17,0.8785003230693884,0.9615127268959927
n23,trunc_laplace,292085,Oracle04,2.210101728254182,17,0.8785003230693884,0.9647807200559886
n23,trunc_laplace,292085,Plug,2.1403582288536955,17,0.8785003230693884,0.9567157272664066
n23,trunc_laplace,292085,Dlow,2.246177726217055,17,0.8785003230693884,0.9687278449103878
n23,trunc_laplace,292085,S,2.250665598276348,17,0.8785003230693884,0.9692085627422391
n23,trunc_laplace,292086,CP_PAC,2.247389694779454,19,0.6707247323871841,0.9688578866372812
n23,trunc_laplace,292086,Oracle,1.9597652141457857,19,0.6707247323871841,0.9328899360986727
n23,trunc_laplace,292086,Oracle04,1.9875645791128413,19,0.6707247323871841,0.9368560173871021
n23,trunc_laplace,292086,Plug,2.009061481288519,19,0.6707247323871841,0.939845053305502
n23,trunc_laplace,292086,Dlow,2.0966026645908635,19,0.6707247323871841,0.9513480986404681
n23,trunc_laplace,292086,S,2.1007916850802193,19,0.6707247323871841,0.9518726474924155
n23,trunc_laplace,292087,CP_PAC,2.5022801119764906,20,0.7790287969721249,0.9928582161945472
n23,trunc_laplace,292087,Oracle,2.258923056272306,20,0.7790287969721249,0.9700872014426958
n23,trunc_laplace,292087,Oracle04,2.288239697266586,20,0.7790287969721249,0.9731462290064004
n23,trunc_laplace,292087,Plug,2.260840578902918,20,0.7790287969721249,0.9702901559026418
n23,trunc_laplace,292087,Dlow,2.3472204266520507,20,0.7790287969721249,0.9790242611596662
n23,trunc_laplace,292087,S,2.3519101824299766,20,0.7790287969721249,0.9794763074796045
n23,trunc_laplace,292090,CP_PAC,2.3905084201936564,17,0.8086025819227363,0.9831139880799977
n23,trunc_laplace,292090,Oracle,2.129966539693061,17,0.8086025819227363,0.9554630390344485
n23,trunc_laplace,292090,Oracle04,2.158566967315428,17,0.8086025819227363,0.9588782627946602
n23,trunc_laplace,292090,Plug,2.1197315013780793,17,0.8086025819227363,0.9542158906940676
n23,trunc_laplace,292090,Dlow,2.216363498721623,17,0.8086025819227363,0.9654765251155177
n23,trunc_laplace,292090,S,2.220791801835421,17,0.8086025819227363,0.9659658599610395
n23,trunc_laplace,292089,CP_PAC,2.8445824762317673,24,0.8542228619367197,1.0
n23,trunc_laplace,292089,Oracle,2.638031399805077,24,0.8542228619367197,1.0
n23,trunc_laplace,292089,Oracle04,2.6698424875149676,24,0.8542228619367197,1.0
n23,trunc_laplace,292089,Plug,2.616374005637618,24,0.8542228619367197,1.0
n23,trunc_laplace,292089,Dlow,2.6991074115393006,24,0.8542228619367197,1.0
n23,trunc_laplace,292089,S,2.7045002389170696,24,0.8542228619367197,1.0
n23,trunc_laplace,292093,CP_PAC,2.1887019979804885,15,0.7858576914073684,0.962368193083591
n23,trunc_laplace,292093,Oracle,1.887715925384701,15,0.7858576914073684,0.9220591831577418
n23,trunc_laplace,292093,Oracle04,1.9152231940212245,15,0.7858576914073684,0.9262905207372574
n23,trunc_laplace,292093,Plug,1.8847689063544546,15,0.7858576914073684,0.9215986126020197
n23,trunc_laplace,292093,Dlow,1.9945624656449525,15,0.7858576914073684,0.9378364053563613
n23,trunc_laplace,292093,S,1.998547609409671,15,0.7858576914073684,0.9383915252810624
n23,trunc_laplace,292091,CP_PAC,2.5599720895663554,20,0.8219936559239,0.9974604422398414
n23,trunc_laplace,292091,Oracle,2.324406078697606,20,0.8219936559239,0.976793361012525
n23,trunc_laplace,292091,Oracle04,2.3541191381027087,20,0.8219936559239,0.979688464227801
n23,trunc_laplace,292091,Plug,2.308651184454129,20,0.8219936559239,0.9752214862189239
n23,trunc_laplace,292091,Dlow,2.3998482766840783,20,0.8219936559239,0.9839724320046834
n23,trunc_laplace,292091,S,2.404643183116355,20,0.8219936559239,0.9844099028797806
n23,trunc_laplace,292092,CP_PAC,2.619389005571591,23,0.7473286110730255,1.0
n23,trunc_laplace,292092,Oracle,2.391011900641021,23,0.7473286110730255,0.9831604774886125
n23,trunc_laplace,292092,Oracle04,2.4211419713327613,23,0.7473286110730255,0.9858985886722529
n23,trunc_laplace,292092,Plug,2.402054832372884,23,0.7473286110730255,0.9841740223797353
n23,trunc_laplace,292092,Dlow,2.480628472379345,23,0.7473286110730255,0.9910582764803721
n23,trunc_laplace,292092,S,2.4855847779649354,23,0.7473286110730255,0.9914738978910753
n23,trunc_laplace,292094,CP_PAC,2.636331188523534,22,0.7941298348679594,1.0
n23,trunc_laplace,292094,Oracle,2.409822212794944,22,0.7941298348679594,0.984879968441843
n23,trunc_laplace,292094,Oracle04,2.4400769380107206,22,0.7941298348679594,0.98757581498278
n23,trunc_laplace,292094,Plug,2.407864187911231,22,0.7941298348679594,0.9847025502096809
n23,trunc_laplace,292094,Dlow,2.488718637522494,22,0.7941298348679594,0.9917355876295213
n23,trunc_laplace,292094,S,2.4936911072903207,22,0.7941298348679594,0.9921490572102454
n23,trunc_laplace,292096,CP_PAC,2.4049300156192506,23,0.6197234002074926,0.9844360032056962
n23,trunc_laplace,292096,Oracle,2.146787529758289,23,0.6197234002074926,0.9574839893808811
n23,trunc_laplace,292096,Oracle04,2.1754766811766735,23,0.6197234002074926,0.9608500706589362
n23,trunc_laplace,292096,Plug,2.2102148799150725,23,0.6197234002074926,0.9647933337773225
n23,trunc_laplace,292096,Dlow,2.2798032004898823,23,0.6197234002074926,0.9722754928953772
n23,trunc_laplace,292096,S,2.2843582563809397,23,0.6197234002074926,0.972746574619541
n23,trunc_laplace,292097,CP_PAC,2.719468486088253,22,0.833141383992726,1.0
n23,trunc_laplace,292097,Oracle,2.501758458796152,22,0.833141383992726,0.9928153263999797
n23,trunc_laplace,292097,Oracle04,2.532618522927882,22,0.833141383992726,0.9953128877848865
n23,trunc_laplace,292097,Plug,2.4851266661729543,22,0.833141383992726,0.9914355720222368
n23,trunc_laplace,292097,Dlow,2.5697355609851242,22,0.833141383992726,0.9982122638403492
n23,trunc_laplace,292097,S,2.574869902889289,22,0.833141383992726,0.9986045650844182
n23,trunc_laplace,292098,CP_PAC,2.53545830487481,20,0.8044929712892059,0.9955387028430547
n23,trunc_laplace,292098,Oracle,2.296627097130706,20,0.8044929712892059,0.9740043355460641
n23,trunc_laplace,292098,Oracle04,2.326167825488596,20,0.8044929712892059,0.9769675311467885
n23,trunc_laplace,292098,Plug,2.288877282554414,20,0.8044929712892059,0.9732117236931428
n23,trunc_laplace,292098,Dlow,2.3772283760465855,20,0.8044929712892059,0.9818789046376684
n23,trunc_laplace,292098,S,2.381978087827134,20,0.8044929712892059,0.9823226083769185
n23,trunc_laplace,292095,CP_PAC,2.8750072801629383,27,0.7850555103842737,1.0
n23,trunc_laplace,292095,Oracle,2.6708212159549714,27,0.7850555103842737,1.0
n23,trunc_laplace,292095,Oracle04,2.7028651711153397,27,0.7850555103842737,1.0
n23,trunc_laplace,292095,Plug,2.6693635793041723,27,0.7850555103842737,1.0
n23,trunc_laplace,292095,Dlow,2.7437385958722498,27,0.7850555103842737,1.0
n23,trunc_laplace,292095,S,2.749220596534396,27,0.7850555103842737,1.0
n23,trunc_laplace,292099,CP_PAC,2.479674521033041,21,0.7477880606778021,0.9909780340191781
n23,trunc_laplace,292099,Oracle,2.2331276062190613,21,0.7477880606778021,0.9673171292210387
n23,trunc_laplace,292099,Oracle04,2.2622944907209086,21,0.7477880606778021,0.9704437705129842
n23,trunc_laplace,292099,Plug,2.245974912532314,21,0.7477880606778021,0.9687060673592582
n23,trunc_laplace,292099,Dlow,2.3302346034089205,21,0.7477880606778021,0.9773683616707141
n23,trunc_laplace,292099,S,2.3348904214442325,21,0.7477880606778021,0.9778251666225932
n510,normal,300001,CP_PAC,2.3963032825394244,13,0.9281339076713361,0.9834386193614122
n510,normal,300001,Oracle,2.1361841951637124,13,0.9281339076713361,0.9673355968287065
n510,normal,300001,Oracle04,2.1647629730273747,13,0.9281339076713361,0.9695941582633547
n510,normal,300001,Plug,2.12032183648196,13,0.9281339076713361,0.9660210866302923
n510,normal,300001,Dlow,2.187349471899159,13,0.9281339076713361,0.9712829782150787
n510,normal,300001,S,2.1917198048715987,13,0.9281339076713361,0.971600255205977
n510,normal,300000,CP_PAC,2.6981531926758477,16,0.9378405557071932,0.9930274653735296
n510,normal,300000,Oracle,2.477440093648532,16,0.9378405557071932,0.9867671378870861
n510,normal,300000,Oracle04,2.5080394728681945,16,0.9378405557071932,0.9878596895583354
n510,normal,300000,Plug,2.462589326217319,16,0.9378405557071932,0.9862062191679872
n510,normal,300000,Dlow,2.5227610153793583,16,0.9378405557071932,0.9883562497633702
n510,normal,300000,S,2.5278015019539732,16,0.9378405557071932,0.9885220775003998
n510,normal,300002,CP_PAC,2.4871706009382297,16,0.8127164855202916,0.9871236365192861
n510,normal,300002,Oracle,2.2409739589639925,16,0.8127164855202916,0.974972238128289
n510,normal,300002,Oracle04,2.270126458109337,16,0.8127164855202916,0.9768000885640289
n510,normal,300002,Plug,2.2657940026319268,16,0.8127164855202916,0.9765360012377264
n510,normal,300002,Dlow,2.3215939983167546,16,0.8127164855202916,0.9797451926316401
n510,normal,300002,S,2.3262325523886163,16,0.8127164855202916,0.9799938520372196
n510,normal,300005,CP_PAC,2.416992592696046,14,0.8743599273898202,0.9843506644156015
n510,normal,300005,Oracle,2.16013894111677,14,0.8743599273898202,0.9692380847659168
n510,normal,300005,Oracle04,2.188835861563971,14,0.8743599273898202,0.9713912278129224
n510,normal,300005,Plug,2.1647945168584144,14,0.8743599273898202,0.9695965750846935
n510,normal,300005,Dlow,2.2267425181996643,14,0.8743599273898202,0.9740355129512188
n510,normal,300005,S,2.231191558635792,14,0.8743599273898202,0.9743315571047677
n510,normal,300007,CP_PAC,2.1956518623789467,12,0.8016312122323408,0.971883128887105
n510,normal,300007,Oracle,1.8956898069953423,12,0.8016312122323408,0.941998926052376
n510,normal,300007,Oracle04,1.9231712701222583,12,0.8016312122323408,0.9455414559156663
n510,normal,300007,Plug,1.93300153964126,12,0.8016312122323408,0.9467639918653055
n510,normal,300007,Dlow,1.9964675276535324,12,0.8016312122323408,0.9541169430924876
n510,normal,300007,S,2.0004564777397453,12,0.8016312122323408,0.9545490049570944
n510,normal,300006,CP_PAC,2.7367187148644105,16,0.9699652207067324,0.9937944671379086
n510,normal,300006,Oracle,2.52019595066667,16,0.9699652207067324,0.9882710479913115
n510,normal,300006,Oracle04,2.5511312664964794,16,0.9699652207067324,0.9892626123731165
n510,normal,300006,Plug,2.4969959647937254,16,0.9699652207067324,0.9874749618039154
n510,normal,300006,Dlow,2.5580748721625484,16,0.9699652207067324,0.9894746572200805
n510,normal,300006,S,2.5631859159639196,16,0.9699652207067324,0.9896283506059536
n510,normal,300003,CP_PAC,2.7064980430736645,18,0.8570794354856971,0.9932003016850672
n510,normal,300003,Oracle,2.4865237900925377,18,0.8570794354856971,0.9871002055611182
n510,normal,300003,Oracle04,2.5171676320651635,18,0.8570794354856971,0.9881697471685065
n510,normal,300003,Plug,2.4946149961956805,18,0.8570794354856971,0.987390613892976
n510,normal,300003,Dlow,2.5497673347204306,18,0.8570794354856971,0.9892205169055495
n510,normal,300003,S,2.5548617800288445,18,0.8570794354856971,0.9893770028009226
n510,normal,300004,CP_PAC,2.7045264260136523,17,0.9167930380339014,0.9931598171207698
n510,normal,300004,Oracle,2.484515232719222,17,0.9167930380339014,0.9870272042124721
n510,normal,300004,Oracle04,2.5151642203887055,17,0.9167930380339014,0.9881023049709019
n510,normal,300004,Plug,2.4755765699295247,17,0.9167930380339014,0.9866978765337704
n510,normal,300004,Dlow,2.534604474402364,17,0.9167930380339014,0.988742564715239
n510,normal,300004,S,2.5396686242553623,17,0.9167930380339014,0.9889042456860253
n510,normal,300011,CP_PAC,2.281510055514118,12,0.9037730961981277,0.9774817176299748
n510,normal,300011,Oracle,2.00052445342091,12,0.9037730961981277,0.9545563379050206
n510,normal,300011,Oracle04,2.0284670702842638,12,0.9037730961981277,0.957487399144036
n510,normal,300011,Plug,1.993261069980913,12,0.9037730961981277,0.9537671330692401
n510,normal,300011,Dlow,2.0621930112933877,12,0.9037730961981277,0.9608106361833553
n510,normal,300011,S,2.0663132811581595,12,0.9037730961981277,0.9612010918252216
n510,normal,300008,CP_PAC,2.7512996063272865,17,0.9408403943792273,0.9940640674395171
n510,normal,300008,Oracle,2.5355976201246007,17,0.9408403943792273,0.9887744363879731
n510,normal,300008,Oracle04,2.566566131581946,17,0.9408403943792273,0.9897288962278072
n510,normal,300008,Plug,2.520693671992229,17,0.9408403943792273,0.9882876235296136
n510,normal,300008,Dlow,2.5799518974116387,17,0.9408403943792273,0.9901185921735189
n510,normal,300008,S,2.5851066515967474,17,0.9408403943792273,0.9902651120226136
n510,normal,300013,CP_PAC,2.504601696370066,14,0.9489521620371462,0.9877410642345628
n510,normal,300013,Oracle,2.2607632580137422,14,0.9489521620371462,0.976226079067293
n510,normal,300013,Oracle04,2.2900078695051453,14,0.9489521620371462,0.9779791395369384
n510,normal,300013,Plug,2.239331367047166,14,0.9489521620371462,0.9748656366016692
n510,normal,300013,Dlow,2.304543519210228,14,0.9489521620371462,0.9788078476575173
n510,normal,300013,S,2.309148006356803,14,0.9489521620371462,0.9790646303960409
n510,normal,300012,CP_PAC,2.4986221687043875,15,0.8606215783960134,0.9875322839960614
n510,normal,300012,Oracle,2.253992456896284,15,0.8606215783960134,0.9758033574836915
n510,normal,300012,Oracle04,2.283210204655811,15,0.8606215783960134,0.9775820106928883
n510,normal,300012,Plug,2.2629422405133393,15,0.8606215783960134,0.9763607499418443
n510,normal,300012,Dlow,2.321817391555216,15,0.8606215783960134,0.9797572296120174
n510,normal,300012,S,2.3264563919676595,15,0.8606215783960134,0.9800057837403384
n510,normal,300009,CP_PAC,2.6981449357440774,17,0.8586281943470551,0.993027292421754
n510,normal,300009,Oracle,2.4775961573439926,17,0.8586281943470551,0.9867729237924459
n510,normal,300009,Oracle04,2.508208720731483,17,0.8586281943470551,0.9878655033309902
n510,normal,300009,Plug,2.4849940536381476,17,0.8586281943470551,0.9870446401341335
n510,normal,300009,Dlow,2.540689017450162,17,0.8586281943470551,0.9889365725303934
n510,normal,300009,S,2.5457653242444476,17,0.8586281943470551,0.9890961535198537
n510,normal,300010,CP_PAC,2.4666799798413357,16,0.7899465904634119,0.9863627824436281
n510,normal,300010,Oracle,2.2173921595178943,16,0.7899465904634119,0.9734036949717955
n510,normal,300010,Oracle04,2.246386676424066,16,0.7899465904634119,0.9753207490039482
n510,normal,300010,Plug,2.249128582527913,16,0.7899465904634119,0.9754956834574267
n510,normal,300010,Dlow,2.304792041848456,16,0.7899465904634119,0.9788217769752738
n510,normal,300010,S,2.309397025544254,16,0.7899465904634119,0.9790784400627572
n510,normal,300014,CP_PAC,2.309573988761042,12,0.9113400581346767,0.9790882489505799
n510,normal,300014,Oracle,2.0338599703011893,12,0.9113400581346767,0.9580342840483349
n510,normal,300014,Oracle04,2.0619303280912358,12,0.9113400581346767,0.9607856303722153
n510,normal,300014,Plug,2.023595263215323,12,0.9113400581346767,0.956988187180533
n510,normal,300014,Dlow,2.0921830934886922,12,0.9113400581346767,0.9635778597314315
n510,normal,300014,S,2.096363283657351,12,0.9113400581346767,0.9639500231435909
n510,normal,300015,CP_PAC,2.606053666517071,15,0.9185135637277346,0.9908407890445683
n510,normal,300015,Oracle,2.3755884101265687,15,0.9185135637277346,0.9824790055230193
n510,normal,300015,Oracle04,2.405562647284081,15,0.9185135637277346,0.9838524169093972
n510,normal,300015,Plug,2.364890475824813,15,0.9185135637277346,0.9819645962981891
n510,normal,300015,Dlow,2.4263956519902656,15,0.9185135637277346,0.9847503650007767
n510,normal,300015,S,2.4312436001843287,15,0.9185135637277346,0.9849529059123476
n510,normal,300016,CP_PAC,2.547865300776831,14,0.964161464828502,0.989161568872837
n510,normal,300016,Oracle,2.3099862791356127,14,0.964161464828502,0.9791110862340018
n510,normal,300016,Oracle04,2.3395353591776855,14,0.964161464828502,0.9806922561935556
n510,normal,300016,Plug,2.283977307479319,14,0.964161464828502,0.9776271353754071
n510,normal,300016,Dlow,2.349380316176291,14,0.964161464828502,0.9811953115179879
n510,normal,300016,S,2.3540743874221044,14,0.964161464828502,0.9814311052940217
n510,normal,300017,CP_PAC,2.4301679496751465,14,0.847059466212862,0.9849081723308177
n510,normal,300017,Oracle,2.1756315866205016,14,0.847059466212862,0.9704171804983914
n510,normal,300017,Oracle04,2.2044335348802497,14,0.847059466212862,0.9725061305619931
n510,normal,300017,Plug,2.189515660186613,14,0.847059466212862,0.9714406184105928
n510,normal,300017,Dlow,2.2494956874218133,14,0.847059466212862,0.9755190231102393
n510,normal,300017,S,2.2539901887808327,14,0.847059466212862,0.9758032147936446
n510,normal,300018,CP_PAC,2.3725740716351735,14,0.827199019310744,0.9823353791619449
n510,normal,300018,Oracle,2.1081750148497846,14,0.827199019310744,0.9649841463706603
n510,normal,300018,Oracle04,2.136581409837412,14,0.827199019310744,0.9673679470158443
n510,normal,300018,Plug,2.1294541212280156,14,0.827199019310744,0.966783293185788
n510,normal,300018,Dlow,2.1901410570394595,14,0.827199019310744,0.9714859915824396
n510,normal,300018,S,2.194516967610148,14,0.827199019310744,0.9718017345038619
n510,normal,300024,CP_PAC,2.0861941762795526,10,0.8788075812524594,0.9630389624350213
n510,normal,300024,Oracle,1.7580437321753557,10,0.8788075812524594,0.921259931434949
n510,normal,300024,Oracle04,1.7850860877089945,10,0.8788075812524594,0.9257526457694607
n510,normal,300024,Plug,1.762098994482898,10,0.8788075812524594,0.9219474268322732
n510,normal,300024,Dlow,1.837191728954404,10,0.8788075812524594,0.9338184037333226
n510,normal,300024,S,1.8408624453593012,10,0.8788075812524594,0.9343582809832234
n510,normal,300022,CP_PAC,2.22126898782701,12,0.8320731808155847,0.9736672519709648
n510,normal,300022,Oracle,1.927416864332621,12,0.8320731808155847,0.9460723004107647
n510,normal,300022,Oracle04,1.9550379526714037,12,0.8320731808155847,0.9494214091735895
n510,normal,300022,Plug,1.9497381241313168,12,0.8320731808155847,0.9487926601553416
n510,normal,300022,Dlow,2.016147294684398,12,0.8320731808155847,0.956215424208283
n510,normal,300022,S,2.0201755650236617,12,0.8320731808155847,0.9566348200959676
n510,normal,300021,CP_PAC,2.5014976092937586,14,0.9373969747028521,0.9876330722602131
n510,normal,300021,Oracle,2.257249215762036,14,0.9373969747028521,0.9760074933007303
n510,normal,300021,Oracle04,2.286475371716879,14,0.9373969747028521,0.9777735366693001
n510,normal,300021,Plug,2.2394792857616435,14,0.9373969747028521,0.9748752523618649
n510,normal,300021,Dlow,2.304279822052135,14,0.9373969747028521,0.9787930591050102
n510,normal,300021,S,2.308883782330736,14,0.9373969747028521,0.9790499688406757
n510,normal,300019,CP_PAC,2.6682030953903695,16,0.90500791026466,0.9923741854521075
n510,normal,300019,Oracle,2.4447047846716767,16,0.90500791026466,0.9855029247296374
n510,normal,300019,Oracle04,2.4751327488828907,16,0.90500791026466,0.9866813339187883
n510,normal,300019,Plug,2.4392160327634183,16,0.90500791026466,0.9852808340582611
n510,normal,300019,Dlow,2.4979374874625506,16,0.90500791026466,0.9875081779884094
n510,normal,300019,S,2.502928376529341,16,0.90500791026466,0.9876829532654099
n510,normal,300020,CP_PAC,2.707352415756693,16,0.9589051865500078,0.9932177781346514
n510,normal,300020,Oracle,2.4877572472527842,16,0.9589051865500078,0.9871448554224396
n510,normal,300020,Oracle04,2.5184481026915977,16,0.9589051865500078,0.988212674715883
n510,normal,300020,Plug,2.467337002993649,16,0.9589051865500078,0.9863877821117031
n510,normal,300020,Dlow,2.528169496855834,16,0.9589051865500078,0.9885341017140341
n510,normal,300020,S,2.533220789598019,16,0.9589051865500078,0.9886980260437417
n510,normal,300027,CP_PAC,2.250441251524668,11,0.9308045768031415,0.9755790511285769
n510,normal,300027,Oracle,1.962846217672761,11,0.9308045768031415,0.9503359543586845
n510,normal,300027,Oracle04,1.9906098976262894,11,0.9308045768031415,0.953476208724453
n510,normal,300027,Plug,1.9432802457451153,11,0.9308045768031415,0.9480176930299089
n510,normal,300027,Dlow,2.0159177612294212,11,0.9308045768031415,0.9561914239673448
n510,normal,300027,S,2.019945572959925,11,0.9308045768031415,0.9566109665924207
n510,normal,300026,CP_PAC,2.2725448609209473,13,0.8501033042689278,0.9769463783409142
n510,normal,300026,Oracle,1.989480925436351,13,0.8501033042689278,0.9533518548452056
n510,normal,300026,Oracle04,2.0173491725849972,13,0.8501033042689278,0.9563409125227937
n510,normal,300026,Plug,2.004516493624924,13,0.8501033042689278,0.9549852380935924
n510,normal,300026,Dlow,2.0693183005878377,13,0.8501033042689278,0.9614837725614158
n510,normal,300026,S,2.07345280680905,13,0.8501033042689278,0.9618698411795916
n510,normal,300023,CP_PAC,2.4494471760345524,15,0.8597959934058758,0.9856924305407089
n510,normal,300023,Oracle,2.197684370203308,15,0.8597959934058758,0.9720283938768868
n510,normal,300023,Oracle04,2.226575744196827,15,0.8597959934058758,0.9740243584531794
n510,normal,300023,Plug,2.2062201468459417,15,0.8597959934058758,0.9726314106923026
n510,normal,300023,Dlow,2.267328955444375,15,0.8597959934058758,0.9766298621005376
n510,normal,300023,S,2.2718590877440588,15,0.8597959934058758,0.9769049773527205
n510,normal,300025,CP_PAC,2.6092599328703887,17,0.8381377243108291,0.9909261711506796
n510,normal,300025,Oracle,2.3786158877836483,17,0.8381377243108291,0.9826222264247317
n510,normal,300025,Oracle04,2.408548327588585,17,0.8381377243108291,0.9839838943491019
n510,normal,300025,Plug,2.392858275314871,17,0.8381377243108291,0.9832823027180044
n510,normal,300025,Dlow,2.4486141091874742,17,0.8381377243108291,0.9856593002783554
n510,normal,300025,S,2.4535064499476698,17,0.8381377243108291,0.9858528997693043
n510,normal,300030,CP_PAC,1.9416932474269175,8,0.9295297821232227,0.9478257533378476
n510,normal,300030,Oracle,1.5667845520117747,8,0.9295297821232227,0.882834940565512
n510,normal,300030,Oracle04,1.5935040162290706,8,0.9295297821232227,0.8889528319327875
n510,normal,300030,Plug,1.539294722889361,8,0.9295297821232227,0.8762676383218184
n510,normal,300030,Dlow,1.6302284664339137,8,0.9295297821232227,0.8969467803331175
n510,normal,300030,S,1.6334856694145057,8,0.9295297821232227,0.8976331077253836
n510,normal,300028,CP_PAC,2.497328021035622,14,0.9252510438977406,0.9874866854052708
n510,normal,300028,Oracle,2.2527294977289443,14,0.9252510438977406,0.9757237901312705
n510,normal,300028,Oracle04,2.2819559609388906,14,0.9252510438977406,0.9775080595819183
n510,normal,300028,Plug,2.239471703265119,14,0.9252510438977406,0.9748747595235379
n510,normal,300028,Dlow,2.3031975823144553,14,0.9252510438977406,0.9787322711988424
n510,normal,300028,S,2.307799380273742,14,0.9252510438977406,0.9789897025785972
n510,normal,300031,CP_PAC,2.333778957000607,12,0.9228358465842552,0.9803927007848807
n510,normal,300031,Oracle,2.0626376602261085,12,0.9228358465842552,0.9608529331435789
n510,normal,300031,Oracle04,2.0908374460142216,12,0.9228358465842552,0.9634573618865978
n510,normal,300031,Plug,2.0466876643186733,12,0.9228358465842552,0.9593112387901999
n510,normal,300031,Dlow,2.116636360081295,12,0.9228358465842552,0.9657092782436589
n510,normal,300031,S,2.120865407974176,12,0.9228358465842552,0.966066869558424
n510,normal,300032,CP_PAC,2.3439843608672972,13,0.8795620899327057,0.9809210286191867
n510,normal,300032,Oracle,2.0745700337490067,13,0.8795620899327057,0.9619735982267204
n510,normal,300032,Oracle04,2.1028166761493368,13,0.8795620899327057,0.9645182022851129
n510,normal,300032,Plug,2.0770954389705154,13,0.8795620899327057,0.9622072485294093
n510,normal,300032,Dlow,2.142022639313139,13,0.8795620899327057,0.9678083397049997
n510,normal,300032,S,2.146302409093217,13,0.8795620899327057,0.9681511404723451
n510,normal,300034,CP_PAC,2.408988478224945,13,0.9055039043256454,0.9840031970127721
n510,normal,300034,Oracle,2.1511118695577265,13,0.9055039043256454,0.9685326291360741
n510,normal,300034,Oracle04,2.1797834851030893,13,0.9055039043256454,0.9707264853155029
n510,normal,300034,Plug,2.143791683748675,13,0.9055039043256454,0.967950418013958
n510,normal,300034,Dlow,2.2088628204747924,13,0.9055039043256454,0.9728158160739342
n510,normal,300034,S,2.2132761372035255,13,0.9055039043256454,0.973121386250168
n510,normal,300029,CP_PAC,2.748362579611965,18,0.8892634146511895,0.9940106264250106
n510,normal,300029,Oracle,2.532792462279792,18,0.8892634146511895,0.9886842071734474
n510,normal,300029,Oracle04,2.563790908538502,18,0.8892634146511895,0.9896464104063736
n510,normal,300029,Plug,2.531668780062921,18,0.8892634146511895,0.9886478831531733
n510,normal,300029,Dlow,2.58839059883052,18,0.8892634146511895,0.9903574428782089
n510,normal,300029,S,2.593562213574734,18,0.8892634146511895,0.9905012648019627
n510,normal,300035,CP_PAC,2.448698418651918,14,0.8563335205377165,0.9856626562590265
n510,normal,300035,Oracle,2.196824648807833,14,0.8563335205377165,0.9719670280292194
n510,normal,300035,Oracle04,2.225728788139191,14,0.8563335205377165,0.9739676467484069
n510,normal,300035,Plug,2.207964429698331,14,0.8563335205377165,0.9727532471617206
n510,normal,300035,Dlow,2.267431661021033,14,0.8563335205377165,0.9766361307963838
n510,normal,300035,S,2.2719619985268684,14,0.8563335205377165,0.9769111943206561
n510,normal,300033,CP_PAC,2.587345276703053,15,0.9095289979994194,0.9903281378518933
n510,normal,300033,Oracle,2.3545716511114123,15,0.9095289979994194,0.9814559317709568
n510,normal,300033,Oracle04,2.3844182424643785,15,0.9095289979994194,0.9828938514491725
n510,normal,300033,Plug,2.347353637697103,15,0.9095289979994194,0.9810927001007494
n510,normal,300033,Dlow,2.4078698007853956,15,0.9095289979994194,0.9839540976603063
n510,normal,300033,S,2.412680734254833,15,0.9095289979994194,0.9841643159079634
n510,normal,300036,CP_PAC,2.4470252444864755,14,0.8997139008393614,0.9855959250159181
n510,normal,300036,Oracle,2.195057601389027,14,0.8997139008393614,0.9718405339199672
n510,normal,300036,Oracle04,2.2239570499658186,14,0.8997139008393614,0.9738486659027474
n510,normal,300036,Plug,2.1897079708647476,14,0.8997139008393614,0.9714545773606182
n510,normal,300036,Dlow,2.253611040057266,14,0.8997139008393614,0.9757793518064499
n510,normal,300036,S,2.258113763907272,14,0.8997139008393614,0.9760614322541679
n510,normal,300037,CP_PAC,2.4908511779565874,14,0.9101040536616058,0.9872562513335792
n510,normal,300037,Oracle,2.245451595714672,14,0.9101040536616058,0.9752608436874399
n510,normal,300037,Oracle04,2.274647370318436,14,0.9101040536616058,0.977072907985886
n510,normal,300037,Plug,2.23679753859774,14,0.9101040536616058,0.9747004244969748
n510,normal,300037,Dlow,2.300207696404458,14,0.9101040536616058,0.9785635439942653
n510,normal,300037,S,2.3048035205597674,14,0.9101040536616058,0.97882242014693
n510,normal,300039,CP_PAC,2.2674244503448886,12,0.9104756701788446,0.97663569073613
n510,normal,300039,Oracle,1.983538053515797,12,0.9104756701788446,0.95269263914798
n510,normal,300039,Oracle04,2.0114012199831457,12,0.9104756701788446,0.9557169054032888
n510,normal,300039,Plug,1.9724944554012587,12,0.9104756701788446,0.9514468113581493
n510,normal,300039,Dlow,2.043332681800989,12,0.9104756701788446,0.958980483540711
n510,normal,300039,S,2.0474152686521814,12,0.9104756701788446,0.9593826715272973
n510,normal,300040,CP_PAC,2.4407829055979686,13,0.9362377167206539,0.9853445380698058
n510,normal,300040,Oracle,2.187832189649586,13,0.9362377167206539,0.9713181718055754
n510,normal,300040,Oracle04,2.2166942613022256,13,0.9362377167206539,0.9733560087884929
n510,normal,300040,Plug,2.1695294466528376,13,0.9362377167206539,0.9699574887413529
n510,normal,300040,Dlow,2.2359198230371895,13,0.9362377167206539,0.9746429764344384
n510,normal,300040,S,2.2403871997650007,13,0.9362377167206539,0.9749342034439898
n510,normal,300038,CP_PAC,2.7009017189101803,17,0.9108139866724574,0.9930848230401763
n510,normal,300038,Oracle,2.480868788828182,17,0.9108139866724574,0.986893739196181
n510,normal,300038,Oracle04,2.511542573721138,17,0.9108139866724574,0.9879795214286691
n510,normal,300038,Plug,2.473725118719689,17,0.9108139866724574,0.9866287467247841
n510,normal,300038,Dlow,2.5323681387271337,17,0.9108139866724574,0.9886705026842357
n510,normal,300038,S,2.53742782037253,17,0.9108139866724574,0.9888329606662083
n510,normal,300041,CP_PAC,2.52582863888021,15,0.849578243140236,0.9884574232773908
n510,normal,300041,Oracle,2.285340344707615,15,0.849578243140236,0.9777071209853678
n510,normal,300041,Oracle04,2.3147804771253155,15,0.849578243140236,0.9793750511183295
n510,normal,300041,Plug,2.297403411668539,15,0.849578243140236,0.9784042326618929
n510,normal,300041,Dlow,2.355169190413958,15,0.849578243140236,0.9814857261998353
n510,normal,300041,S,2.359874827853596,15,0.849578243140236,0.9817188977303042
n510,normal,300042,CP_PAC,2.557449742094479,15,0.873943667789191,0.9894557206597088
n510,normal,300042,Oracle,2.320848990355472,15,0.873943667789191,0.9797050046076494
n510,normal,300042,Oracle04,2.3504739647077133,15,0.873943667789191,0.9812504807138822
n510,normal,300042,Plug,2.3246248984531586,15,0.873943667789191,0.9799079737562792
n510,normal,300042,Dlow,2.383644923846716,15,0.873943667789191,0.9828578666495622
n510,normal,300042,S,2.3884074559153716,15,0.873943667789191,0.9830784305269424
n510,normal,300043,CP_PAC,2.5581233468310454,16,0.8557833538060193,0.989476124359429
n510,normal,300043,Oracle,2.3216154834647593,16,0.8557833538060193,0.9797463505759274
n510,normal,300043,Oracle04,2.351237734280556,16,0.8557833538060193,0.9812889251231329
n510,normal,300043,Plug,2.330485000290531,16,0.8557833538060193,0.9802194681087157
n510,normal,300043,Dlow,2.388910025593659,16,0.8557833538060193,0.9831015597688535
n510,normal,300043,S,2.3936830773566125,16,0.8557833538060193,0.9833198454545165
n510,normal,300047,CP_PAC,2.139694697526079,11,0.8464130758571593,0.9676205521419041
n510,normal,300047,Oracle,1.8258428589148472,11,0.8464130758571593,0.9321260646135676
n510,normal,300047,Oracle04,1.8530665151181678,11,0.8464130758571593,0.9361271744628936
n510,normal,300047,Plug,1.8444935330421148,11,0.8464130758571593,0.9348887525697993
n510,normal,300047,Dlow,1.9144747250441092,11,0.8464130758571593,0.9444404743879373
n510,normal,300047,S,1.918299853183555,11,0.8464130758571593,0.9449269989569593
n510,normal,300044,CP_PAC,2.6837676742525223,16,0.910606223505204,0.9927202325786975
n510,normal,300044,Oracle,2.4617294041786013,16,0.910606223505204,0.9861731058298531
n510,normal,300044,Oracle04,2.4922373286831676,16,0.910606223505204,0.9873058814881637
n510,normal,300044,Plug,2.4541503152721655,16,0.910606223505204,0.9858782062735936
n510,normal,300044,Dlow,2.5134635229622098,16,0.910606223505204,0.9880447859401378
n510,normal,300044,S,2.518485433109878,16,0.910606223505204,0.988213924136222
n510,normal,300045,CP_PAC,2.4972086810572836,15,0.8595493238620654,0.9874824730985075
n510,normal,300045,Oracle,2.2522153270941474,15,0.8595493238620654,0.9756913321005434
n510,normal,300045,Oracle04,2.2813892359611154,15,0.8595493238620654,0.9774745755750331
n510,normal,300045,Plug,2.2604720815179404,15,0.8595493238620654,0.9762080327409828
n510,normal,300045,Dlow,2.3203667308373315,15,0.8595493238620654,0.9796789529693433
n510,normal,300045,S,2.3250028328238725,15,0.8595493238620654,0.9799281912746922
n510,normal,300046,CP_PAC,2.4858039842808894,15,0.8670399027240501,0.9870740859924234
n510,normal,300046,Oracle,2.2393443067625527,15,0.8670399027240501,0.9748664779016118
n510,normal,300046,Oracle04,2.2684800144099313,15,0.8670399027240501,0.976700034224455
n510,normal,300046,Plug,2.246771000018231,15,0.8670399027240501,0.9753453339750384
n510,normal,300046,Dlow,2.305854923679212,15,0.8670399027240501,0.9788812599347825
n510,normal,300046,S,2.3104620310171486,15,0.8670399027240501,0.9791374117149096
n510,normal,300050,CP_PAC,2.3532711481038726,13,0.8811824280676792,0.9813909411876574
n510,normal,300050,Oracle,2.0858372854719556,13,0.8811824280676792,0.9630066352756497
n510,normal,300050,Oracle04,2.114175988055379,13,0.8811824280676792,0.9654997610657647
n510,normal,300050,Plug,2.0876563492597775,13,0.8811824280676792,0.9631711549584598
n510,normal,300050,Dlow,2.1524990812502285,13,0.8811824280676792,0.9686419324343722
n510,normal,300050,S,2.156799783003098,13,0.8811824280676792,0.9689787319531453
n510,normal,300048,CP_PAC,2.6118270521142515,15,0.949245305490838,0.9909940199176592
n510,normal,300048,Oracle,2.382157778721507,15,0.949245305490838,0.9827884787016554
n510,normal,300048,Oracle04,2.4121831739435904,15,0.949245305490838,0.9841426874162051
n510,normal,300048,Plug,2.361440454417009,15,0.949245305490838,0.9817959048782425
n510,normal,300048,Dlow,2.4252359302789164,15,0.949245305490838,0.9847015590061448
n510,normal,300048,S,2.4300815613443727,15,0.949245305490838,0.9849045745828278
n510,normal,300053,CP_PAC,2.1988783208955134,11,0.944621476383641,0.9721134244975473
n510,normal,300053,Oracle,1.899798601893739,11,0.944621476383641,0.9425404455090909
n510,normal,300053,Oracle04,1.9273092031272077,11,0.944621476383641,0.9460588926483178
n510,normal,300053,Plug,1.8731210250293422,11,0.944621476383641,0.9389483253558586
n510,normal,300053,Dlow,1.9488260195435807,11,0.944621476383641,0.9486837946624933
n510,normal,300053,S,1.952719781706499,11,0.944621476383641,0.9491471916314012
n510,normal,300049,CP_PAC,2.7322510790731966,16,0.942457476531313,0.9937096816113913
n510,normal,300049,Oracle,2.5150214217520674,16,0.942457476531313,0.9880974848538853
n510,normal,300049,Oracle04,2.545886171738195,16,0.942457476531313,0.9890999274753305
n510,normal,300049,Plug,2.4994427270176134,16,0.942457476531313,0.98756111963788
n510,normal,300049,Dlow,2.55912161676814,16,0.942457476531313,0.9895062976795213
n510,normal,300049,S,2.5642347519694093,16,0.942457476531313,0.9896596418972838
n510,normal,300052,CP_PAC,2.5224600397720347,15,0.8575228440553399,0.9883462810058601
n510,normal,300052,Oracle,2.281362520567557,15,0.8575228440553399,0.9774729960714093
n510,normal,300052,Oracle04,2.3107646553152854,15,0.8575228440553399,0.9791541422207339
n510,normal,300052,Plug,2.290641991818157,15,0.8575228440553399,0.9780158718353245
n510,normal,300052,Dlow,2.3492725618649635,15,0.8575228440553399,0.9811898681660753
n510,normal,300052,S,2.353966417817233,15,0.8575228440553399,0.9814257109426019
n510,normal,300055,CP_PAC,2.1529837978107076,11,0.8473730208590773,0.9686800480912319
n510,normal,300055,Oracle,1.842623610336446,11,0.8473730208590773,0.9346160157586838
n510,normal,300055,Oracle04,1.869910325521455,11,0.8473730208590773,0.9385037283049016
n510,normal,300055,Plug,1.8602266338907179,11,0.8473730208590773,0.9371465316221841
n510,normal,300055,Dlow,1.930082942774596,11,0.8473730208590773,0.9464034384353357
n510,normal,300055,S,1.9339392561953446,11,0.8473730208590773,0.9468794032011412
n510,normal,300054,CP_PAC,2.40208111840527,14,0.8570713413199235,0.9836979070285969
n510,normal,300054,Oracle,2.142785239264698,14,0.8570713413199235,0.9678696528954669
n510,normal,300054,Oracle04,2.171384150388396,14,0.8570713413199235,0.9700978540080953
n510,normal,300054,Plug,2.152955343160797,14,0.8570713413199235,0.9686778116603239
n510,normal,300054,Dlow,2.2148775357969983,14,0.8570713413199235,0.9732315285971487
n510,normal,300054,S,2.2193028699509436,14,0.8570713413199235,0.9735338734999843
n510,normal,300051,CP_PAC,2.8672681996038154,19,0.8904817790398666,0.9958596802081925
n510,normal,300051,Oracle,2.6617701990256935,19,0.8904817790398666,0.9922269073846304
n510,normal,300051,Oracle04,2.6936590365926,19,0.8904817790398666,0.9929327579661726
n510,normal,300051,Plug,2.6608994578972527,19,0.8904817790398666,0.9922067775701062
n510,normal,300051,Dlow,2.7156126131123064,19,0.8904817790398666,0.993384672613941
n510,normal,300051,S,2.721038417948675,19,0.8904817790398666,0.9934922802061543
n510,normal,300057,CP_PAC,2.5223662360154617,15,0.8551694375083871,0.988343172539309
n510,normal,300057,Oracle,2.2811624857474935,15,0.8551694375083871,0.9774611662828814
n510,normal,300057,Oracle04,2.3105530230645015,15,0.8551694375083871,0.9791424434166425
n510,normal,300057,Plug,2.2913097882891815,15,0.8551694375083871,0.9780544971122549
n510,normal,300057,Dlow,2.349672573748352,15,0.8551694375083871,0.9812100683611029
n510,normal,300057,S,2.3543672289259603,15,0.8551694375083871,0.9814457292700711
n510,normal,300056,CP_PAC,2.8849629801908976,19,0.870361422812782,0.9960854030911199
n510,normal,300056,Oracle,2.680505714099503,19,0.870361422812782,0.9926488990590756
n510,normal,300056,Oracle04,2.7124759012583266,19,0.870361422812782,0.9933217362894984
n510,normal,300056,Plug,2.684490932626104,19,0.870361422812782,0.9927359646320406
n510,normal,300056,Dlow,2.7379389098170748,19,0.870361422812782,0.9938174440630809
n510,normal,300056,S,2.7434093226833425,19,0.870361422812782,0.9939195161023493
n510,normal,300058,CP_PAC,2.462132007197395,13,0.9482426101049419,0.9861886177426016
n510,normal,300058,Oracle,2.212175360959665,13,0.9482426101049419,0.9730454493974297
n510,normal,300058,Oracle04,2.241150899049274,13,0.9482426101049419,0.9749836978613888
n510,normal,300058,Plug,2.190685274064056,13,0.9482426101049419,0.9715254245373557
n510,normal,300058,Dlow,2.256498685994141,13,0.9482426101049419,0.9759605824952606
n510,normal,300058,S,2.2610071793722506,13,0.9482426101049419,0.9762411875075283
n510,normal,300059,CP_PAC,2.4527725649704655,14,0.9068973840796681,0.9858240063360011
n510,normal,300059,Oracle,2.201631016512124,14,0.9068973840796681,0.9723086168492345
n510,normal,300059,Oracle04,2.2305612704716413,14,0.9068973840796681,0.9742897953466629
n510,normal,300059,Plug,2.1940960335179804,14,0.9068973840796681,0.9717714936303441
n510,normal,300059,Dlow,2.2580111838867496,14,0.9068973840796681,0.9760550378148047
n510,normal,300059,S,2.262522699241683,14,0.9068973840796681,0.9763348719863647
n510,normal,300060,CP_PAC,2.44432406211693,14,0.8961091072229302,0.9854876155258632
n510,normal,300060,Oracle,2.192139109004601,14,0.8961091072229302,0.9716305364288778
n510,normal,300060,Oracle04,2.221045698941181,14,0.8961091072229302,0.9736521336839943
n510,normal,300060,Plug,2.188729010591787,14,0.8961091072229302,0.9713834578961478
n510,normal,300060,Dlow,2.2517972890112117,14,0.8961091072229302,0.9756649149086281
n510,normal,300060,S,2.2562963889793903,14,0.8961091072229302,0.975947924605487
n510,normal,300064,CP_PAC,2.1618490335425267,11,0.8865743865103302,0.9693701854362671
n510,normal,300064,Oracle,1.854100532162796,11,0.8865743865103302,0.9362752213984182
n510,normal,300064,Oracle04,1.8814671687877533,11,0.8865743865103302,0.9400916027185613
n510,normal,300064,Plug,1.8545092013642301,11,0.8865743865103302,0.9363336550193584
n510,normal,300064,Dlow,1.9264216153453386,11,0.8865743865103302,0.9459482494040843
n510,normal,300064,S,1.9302706134192746,11,0.8865743865103302,0.9464266838057553
n510,normal,300065,CP_PAC,2.106333559701512,10,0.9042326319928413,0.9648246118710471
n510,normal,300065,Oracle,1.7839418008659411,10,0.9042326319928413,0.9255668773882719
n510,normal,300065,Oracle04,1.8110703996348605,10,0.9042326319928413,0.9298700451671973
n510,normal,300065,Plug,1.7752412443430599,10,0.9042326319928413,0.9241419377121289
n510,normal,300065,Dlow,1.8517127372073465,10,0.9042326319928413,0.9359329159942387
n510,normal,300065,S,1.8554124666446725,10,0.9042326319928413,0.9364626515061159
n510,normal,300063,CP_PAC,2.4412468320309952,13,0.9234666537929673,0.9853633531349628
n510,normal,300063,Oracle,2.187925938548921,13,0.9234666537929673,0.9713250024647018
n510,normal,300063,Oracle04,2.2167433332766207,13,0.9234666537929673,0.9733593642040348
n510,normal,300063,Plug,2.1745226794445185,13,0.9234666537929673,0.9703340959408806
n510,normal,300063,Dlow,2.2397078866778397,13,0.9234666537929673,0.9748901067705091
n510,normal,300063,S,2.244182831971919,13,0.9234666537929673,0.97517935982197
n510,normal,300061,CP_PAC,2.4890722032534542,15,0.846759782591204,0.9871923048083662
n510,normal,300061,Oracle,2.2433384392645155,15,0.846759782591204,0.9751250016178608
n510,normal,300061,Oracle04,2.272511820342457,15,0.846759782591204,0.9769443851186144
n510,normal,300061,Plug,2.255991289381728,15,0.846759782591204,0.9759288233431331
n510,normal,300061,Dlow,2.31512343243976,15,0.846759782591204,0.9793938220137124
n510,normal,300061,S,2.3197490582951814,15,0.846759782591204,0.9796455437179346
n510,normal,300062,CP_PAC,2.492303987165555,15,0.8810109487550314,0.9873082638311188
n510,normal,300062,Oracle,2.2469186118881286,15,0.8810109487550314,0.975354770984997
n510,normal,300062,Oracle04,2.2760985264026234,15,0.8810109487550314,0.9771598867331077
n510,normal,300062,Plug,2.248825520240011,15,0.8810109487550314,0.9754764009539509
n510,normal,300062,Dlow,2.3095278621962447,15,0.8810109487550314,0.9790856925891374
n510,normal,300062,S,2.3141423080799934,15,0.8810109487550314,0.9793400826705836
n510,normal,300066,CP_PAC,2.3016398443170054,12,0.9025492975633879,0.9786445087988471
n510,normal,300066,Oracle,2.024752686061548,12,0.9025492975633879,0.9571072343514282
n510,normal,300066,Oracle04,2.0528125594466218,12,0.9025492975633879,0.9599092400162952
n510,normal,300066,Plug,2.017812572598992,12,0.9025492975633879,0.956389215008745
n510,normal,300066,Dlow,2.0862451945885527,12,0.9025492975633879,0.9630435817061489
n510,normal,300066,S,2.0904135208115173,12,0.9025492975633879,0.9634193306344143
n510,normal,300068,CP_PAC,2.2326998229930775,11,0.9310299660102758,0.974431253854686
n510,normal,300068,Oracle,1.9412094726977576,11,0.9310299660102758,0.9477671253995712
n510,normal,300068,Oracle04,1.9688746417134624,11,0.9310299660102758,0.9510325118082135
n510,normal,300068,Plug,1.9204625528593922,11,0.9310299660102758,0.9452005011497564
n510,normal,300068,Dlow,1.9945883238180995,11,0.9310299660102758,0.9539122018993005
n510,normal,300068,S,1.9985735192475511,11,0.9310299660102758,0.9543454820710631
n510,normal,300067,CP_PAC,2.2617088556921794,12,0.9072767042190963,0.9762846027637417
n510,normal,300067,Oracle,1.9764056571260864,12,0.9072767042190963,0.9518911486475001
n510,normal,300067,Oracle04,2.0042159482765807,12,0.9072767042190963,0.954953067096441
n510,normal,300067,Plug,1.9673125787979786,12,0.9072767042190963,0.9508528142297048
n510,normal,300067,Dlow,2.03744270732863,12,0.9072767042190963,0.9583943022038941
n510,normal,300067,S,2.0415135259873254,12,0.9072767042190963,0.9588001891802957
n510,normal,300069,CP_PAC,2.5245673336408707,13,0.9945596729587145,0.9884159188985107
n510,normal,300069,Oracle,2.283242894993885,13,0.9945596729587145,0.9775839353088955
n510,normal,300069,Oracle04,2.3125923286326793,13,0.9945596729587145,0.9792549362935483
n510,normal,300069,Plug,2.245907837561443,13,0.9945596729587145,0.9752900882313182
n510,normal,300069,Dlow,2.314137676283239,13,0.9945596729587145,0.9793398286826309
n510,normal,300069,S,2.318761332593926,13,0.9945596729587145,0.9795920191092555
n510,normal,300074,CP_PAC,2.034184740017471,9,0.912395456367967,0.9580670274529626
n510,normal,300074,Oracle,1.69076466872118,9,0.912395456367967,0.9091182423778075
n510,normal,300074,Oracle04,1.7176662912662601,9,0.912395456367967,0.9141424988098945
n510,normal,300074,Plug,1.676147712000393,9,0.912395456367967,0.9062907368734621
n510,normal,300074,Dlow,1.7582305899993627,9,0.912395456367967,0.9212917176764848
n510,normal,300074,S,1.7617435417335703,9,0.912395456367967,0.9218873624089616
n510,normal,300070,CP_PAC,2.477871446538994,15,0.8685806065205005,0.986783124411706
n510,normal,300070,Oracle,2.230449255281568,15,0.8685806065205005,0.9742823672751322
n510,normal,300070,Oracle04,2.259545332733665,15,0.8685806065205005,0.9761505162534487
n510,normal,300070,Plug,2.2361976627683804,15,0.8685806065205005,0.9746611737438804
n510,normal,300070,Dlow,2.2968011261602364,15,0.8685806065205005,0.9783698827005172
n510,normal,300070,S,2.301390143974605,15,0.8685806065205005,0.9786304114804751
n510,normal,300076,CP_PAC,2.2758164484690853,11,0.9419860462057504,0.9771430021525616
n510,normal,300076,Oracle,1.9933739971872255,11,0.9419860462057504,0.9537794909585953
n510,normal,300076,Oracle04,2.021253983264816,11,0.9419860462057504,0.9567465199447815
n510,normal,300076,Plug,1.9695402234517971,11,0.9419860462057504,0.9511089116936722
n510,normal,300076,Dlow,2.0419931508264,11,0.9419860462057504,0.958847789265123
n510,normal,300076,S,2.046073061289361,11,0.9419860462057504,0.9592508170497445
n510,normal,300073,CP_PAC,2.1804702273722523,12,0.8361888378771519,0.9707773765772665
n510,normal,300073,Oracle,1.877079329811201,12,0.8361888378771519,0.9394927780610374
n510,normal,300073,Oracle04,1.9045051950809766,12,0.8361888378771519,0.9431555792763884
n510,normal,300073,Plug,1.8986919793134793,12,0.8361888378771519,0.9423950132538046
n510,normal,300073,Dlow,1.9669134208284706,12,0.8361888378771519,0.9508068069728628
n510,normal,300073,S,1.9708433216913255,12,0.8361888378771519,0.951258200243623
n510,normal,300075,CP_PAC,2.1894245993900148,12,0.8492629214322477,0.9714340066742606
n510,normal,300075,Oracle,1.8883133221291053,12,0.8492629214322477,0.9410161001121431
n510,normal,300075,Oracle04,1.9157977703577416,12,0.8492629214322477,0.9446091583357055
n510,normal,300075,Plug,1.904921092739364,12,0.8492629214322477,0.9432096710330775
n510,normal,300075,Dlow,1.9729433065616149,12,0.8492629214322477,0.9514979781191137
n510,normal,300075,S,1.9768852551602238,12,0.8492629214322477,0.9519453981254731
n510,normal,300071,CP_PAC,2.6258424452612386,16,0.8787523004693428,0.991356518436745
n510,normal,300071,Oracle,2.3974693005390333,16,0.8787523004693428,0.9834912357042975
n510,normal,300071,Oracle04,2.427562563239195,16,0.8787523004693428,0.9847993351400219
n510,normal,300071,Plug,2.399673852588397,16,0.8787523004693428,0.9835903145962259
n510,normal,300071,Dlow,2.457552116109879,16,0.8787523004693428,0.9860112487840993
n510,normal,300071,S,2.462462315043568,16,0.8787523004693428,0.9862013327134012
n510,normal,300072,CP_PAC,2.54722415753947,16,0.863240972780752,0.9891416340207899
n510,normal,300072,Oracle,2.3092399477822236,16,0.863240972780752,0.9790697300461488
n510,normal,300072,Oracle04,2.338777346704963,16,0.863240972780752,0.9806530402897853
n510,normal,300072,Plug,2.3161740605793333,16,0.863240972780752,0.979451233120453
n510,normal,300072,Dlow,2.3749864324470105,16,0.863240972780752,0.9824504047450822
n510,normal,300072,S,2.3797316648153015,16,0.863240972780752,0.9826747510068454
n510,normal,300077,CP_PAC,2.412002265247762,13,0.9051743317155241,0.9841348170430908
n510,normal,300077,Oracle,2.154346434250658,13,0.9051743317155241,0.9687869860534288
n510,normal,300077,Oracle04,2.1830027805278913,13,0.9051743317155241,0.9709643947497413
n510,normal,300077,Plug,2.146400656296402,13,0.9051743317155241,0.9681589729820421
n510,normal,300077,Dlow,2.2121022078738632,13,0.9051743317155241,0.9730403963881709
n510,normal,300077,S,2.2165219969115446,13,0.9051743317155241,0.9733442269020496
n510,normal,300080,CP_PAC,2.253151273378624,12,0.8715431907314225,0.9757503874928992
n510,normal,300080,Oracle,1.966221996940345,12,0.8715431907314225,0.9507270273990114
n510,normal,300080,Oracle04,1.9940074259934017,12,0.8715431907314225,0.9538487570151686
n510,normal,300080,Plug,1.9726075125721239,12,0.8715431907314225,0.9514597035724206
n510,normal,300080,Dlow,2.0398450105805987,12,0.8715431907314225,0.9586342348538772
n510,normal,300080,S,2.043920629050777,12,0.8715431907314225,0.9590386111626985
n510,normal,300078,CP_PAC,2.520496122495808,15,0.8650338025033496,0.9882810470571239
n510,normal,300078,Oracle,2.279067694580472,15,0.8650338025033496,0.9773369584606229
n510,normal,300078,Oracle04,2.308446535489144,15,0.8650338025033496,0.9790256867476932
n510,normal,300078,Plug,2.2860331410198937,15,0.8650338025033496,0.9777476801929796
n510,normal,300078,Dlow,2.345108804885293,15,0.8650338025033496,0.9809784722153956
n510,normal,300078,S,2.349794341634503,15,0.8650338025033496,0.9812162137476728
n510,normal,300079,CP_PAC,2.41958111860434,14,0.8786409107053209,0.9844616053778368
n510,normal,300079,Oracle,2.1633735181282145,14,0.8786409107053209,0.9694875373105074
n510,normal,300079,Oracle04,2.192107389859073,14,0.8786409107053209,0.9716282467148396
n510,normal,300079,Plug,2.166149233929352,14,0.8786409107053209,0.9697002150079992
n510,normal,300079,Dlow,2.228686828450886,14,0.8786409107053209,0.9741652507531064
n510,normal,300079,S,2.2331397536266535,14,0.8786409107053209,0.9744602702304608
n510,normal,300082,CP_PAC,2.3636129443819596,12,0.988189294821741,0.9819022907287007
n510,normal,300082,Oracle,2.0976855445232854,12,0.988189294821741,0.9640670673300902
n510,normal,300082,Oracle04,2.126042652072373,12,0.988189294821741,0.9665002917207894
n510,normal,300082,Plug,2.0560305257037443,12,0.988189294821741,0.9602204260590386
n510,normal,300082,Dlow,2.1299631679786524,12,0.988189294821741,0.9668253456964164
n510,normal,300082,S,2.1342188428868862,12,0.988189294821741,0.9671751290381225
n510,normal,300081,CP_PAC,2.527964104379377,15,0.9175318351560797,0.988527391905268
n510,normal,300081,Oracle,2.287804223399194,15,0.9175318351560797,0.9778510752155278
n510,normal,300081,Oracle04,2.3172524777606136,15,0.9175318351560797,0.9795100176281373
n510,normal,300081,Plug,2.2764071159500117,15,0.9175318351560797,0.9771783458295165
n510,normal,300081,Dlow,2.3399405477449906,15,0.9175318351560797,0.9807131901884922
n510,normal,300081,S,2.344615758295813,15,0.9175318351560797,0.980953302970597
n510,normal,300083,CP_PAC,2.7893342653950413,18,0.880078982098792,0.9947183478682091
n510,normal,300083,Oracle,2.5776347757695173,18,0.880078982098792,0.9900520920770828
n510,normal,300083,Oracle04,2.6089589490300678,18,0.880078982098792,0.9909181863548786
n510,normal,300083,Plug,2.579271266110848,18,0.880078982098792,0.9900990996389212
n510,normal,300083,Dlow,2.6345451547978835,18,0.880078982098792,0.991574990315907
n510,normal,300083,S,2.6398089865290784,18,0.880078982098792,0.9917047233269698
n510,normal,300084,CP_PAC,2.3203790528128914,13,0.8338849495340379,0.9796796189649319
n510,normal,300084,Oracle,2.0467403680183125,13,0.8338849495340379,0.9593164165638712
n510,normal,300084,Oracle04,2.0748693082248644,13,0.8338849495340379,0.9620013510877448
n510,normal,300084,Plug,2.0671195904556354,13,0.8338849495340379,0.9612771134423406
n510,normal,300084,Dlow,2.1293141571225593,13,0.8338849495340379,0.9667717227148438
n510,normal,300084,S,2.133568535304513,13,0.8338849495340379,0.9671218840848217
n510,normal,300090,CP_PAC,2.2409772751904304,11,0.9603481597498571,0.9749724529493893
n510,normal,300090,Oracle,1.9512088704719819,11,0.9603481597498571,0.9489677957908798
n510,normal,300090,Oracle04,1.9789087289179643,11,0.9603481597498571,0.952173716693993
n510,normal,300090,Plug,1.9180643737440917,11,0.9603481597498571,0.9448971508640969
n510,normal,300090,Dlow,1.9937120538788942,11,0.9603481597498571,0.9538164686713229
n510,normal,300090,S,1.997695498517511,11,0.9603481597498571,0.9542503174552979
n510,normal,300088,CP_PAC,2.3743316248894515,13,0.8910339655454155,0.9824192474825166
n510,normal,300088,Oracle,2.1103080875594267,13,0.8910339655454155,0.9651681725720642
n510,normal,300088,Oracle04,2.138733680157591,13,0.8910339655454155,0.9675427567192822
n510,normal,300088,Plug,2.108397736433954,13,0.8910339655454155,0.9650033999199719
n510,normal,300088,Dlow,2.1732745983285646,13,0.8910339655454155,0.9702403438669365
n510,normal,300088,S,2.1776168096474513,13,0.8910339655454155,0.9705654229847172
n510,normal,300087,CP_PAC,2.4416000450575037,15,0.8367858371735254,0.9853776638107812
n510,normal,300087,Oracle,2.1889481120611722,15,0.8367858371735254,0.9713993884116554
n510,normal,300087,Oracle04,2.217830862968447,15,0.8367858371735254,0.9734336330726396
n510,normal,300087,Plug,2.2060809787352667,15,0.8367858371735254,0.9726216697181405
n510,normal,300087,Dlow,2.2651843820922903,15,0.8367858371735254,0.9764986328623546
n510,normal,300087,S,2.2697102295258595,15,0.8367858371735254,0.9767748296626768
n510,normal,300091,CP_PAC,2.333881434216688,12,0.9051894214558471,0.9803980688495675
n510,normal,300091,Oracle,2.0626626773594654,12,0.9051894214558471,0.9608553117308134
n510,normal,300091,Oracle04,2.090856741432622,12,0.9051894214558471,0.9634590921186641
n510,normal,300091,Plug,2.0551875695438797,12,0.9051894214558471,0.9601391087077911
n510,normal,300091,Dlow,2.1223392944026913,12,0.9051894214558471,0.9661907440286435
n510,normal,300091,S,2.126579736781101,12,0.9051894214558471,0.9665449823958547
n510,normal,300089,CP_PAC,2.5804099616172302,15,0.9108868905023974,0.990131691374617
n510,normal,300089,Oracle,2.346685447177764,15,0.9108868905023974,0.9810587622237457
n510,normal,300089,Oracle04,2.376470156666154,15,0.9108868905023974,0.982520824735585
n510,normal,300089,Plug,2.3392870492083033,15,0.9108868905023974,0.9806794174927476
n510,normal,300089,Dlow,2.3997393349263083,15,0.9108868905023974,0.983593249554499
n510,normal,300089,S,2.4045340236925177,15,0.9108868905023974,0.9838069012249837
n510,normal,300085,CP_PAC,2.751697891438328,18,0.8643167907708864,0.9940712812990906
n510,normal,300085,Oracle,2.5365562277871714,18,0.8643167907708864,0.9888051236500803
n510,normal,300085,Oracle04,2.5675901306435494,18,0.8643167907708864,0.9897591837165711
n510,normal,300085,Plug,2.5417739781477335,18,0.8643167907708864,0.9889708531166035
n510,normal,300085,Dlow,2.5973440317381016,18,0.8643167907708864,0.9906052224700239
n510,normal,300085,S,2.6025335354769896,18,0.8643167907708864,0.9907462235604734
n510,normal,300086,CP_PAC,2.6289919748069286,17,0.8469758895333692,0.99143616181199
n510,normal,300086,Oracle,2.4006875713523175,17,0.8469758895333692,0.983635698428245
n510,normal,300086,Oracle04,2.430768154182274,17,0.8469758895333692,0.9849331477394898
n510,normal,300086,Plug,2.4120915579063906,17,0.8469758895333692,0.9841387021199663
n510,normal,300086,Dlow,2.4680803326008163,17,0.8469758895333692,0.9864160169126426
n510,normal,300086,S,2.473011566953062,17,0.8469758895333692,0.9866020193513194
n510,normal,300094,CP_PAC,2.355399559323229,12,0.9574012513325257,0.9814972016317112
n510,normal,300094,Oracle,2.08803477543224,12,0.9574012513325257,0.9632053021424369
n510,normal,300094,Oracle04,2.1163474191137963,12,0.9574012513325257,0.9656847294650306
n510,normal,300094,Plug,2.059406527541575,12,0.9574012513325257,0.960544689026946
n510,normal,300094,Dlow,2.130450321641505,12,0.9574012513325257,0.9668655469386831
n510,normal,300094,S,2.134706969884701,12,0.9574012513325257,0.9672150466787313
n510,normal,300093,CP_PAC,2.373685574602398,14,0.8650172716652167,0.9823884594008372
n510,normal,300093,Oracle,2.10942248842767,14,0.8650172716652167,0.965091869943018
n510,normal,300093,Oracle04,2.137825593702571,14,0.8650172716652167,0.967469099036216
n510,normal,300093,Plug,2.116726443787919,14,0.8650172716652167,0.965716928796267
n510,normal,300093,Dlow,2.1802362752759357,14,0.8650172716652167,0.9707600480367427
n510,normal,300093,S,2.184592396053141,14,0.8650172716652167,0.9710812540382641
n510,normal,300092,CP_PAC,2.5170447475060582,16,0.7956583873941901,0.988165620203646
n510,normal,300092,Oracle,2.275089420095815,16,0.7956583873941901,0.9770994337918162
n510,normal,300092,Oracle04,2.304442960737937,16,0.7956583873941901,0.978802209239827
n510,normal,300092,Plug,2.304260569979773,16,0.7956583873941901,0.9787919790664013
n510,normal,300092,Dlow,2.358628621163472,16,0.7956583873941901,0.98165739791562
n510,normal,300092,S,2.363341170559551,16,0.7956583873941901,0.9818890119530346
n510,normal,300095,CP_PAC,2.5385011646647464,16,0.8217892646228265,0.9888671567656402
n510,normal,300095,Oracle,2.299319867130595,16,0.8217892646228265,0.9785132175068341
n510,normal,300095,Oracle04,2.3287942642900115,16,0.8217892646228265,0.9801300325829763
n510,normal,300095,Plug,2.319270964840635,16,0.8217892646228265,0.9796196512641346
n510,normal,300095,Dlow,2.3756089408904666,16,0.8217892646228265,0.9824799802465105
n510,normal,300095,S,2.380355417033112,16,0.8217892646228265,0.98270405308081
n510,normal,300096,CP_PAC,2.475996194098019,15,0.8436393067495104,0.9867135005472145
n510,normal,300096,Oracle,2.228317656509256,15,0.8436393067495104,0.974140660256549
n510,normal,300096,Oracle04,2.2574009698174615,15,0.8436393067495104,0.9760169688196618
n510,normal,300096,Plug,2.242523903274133,15,0.8436393067495104,0.9750724677925684
n510,normal,300096,Dlow,2.3013850837717396,15,0.8436393067495104,0.9786301257131229
n510,normal,300096,S,2.3059832603517063,15,0.8436393067495104,0.9788884322914537
n510,normal,300097,CP_PAC,2.291141037062544,12,0.9292950882622578,0.9780447421382894
n510,normal,300097,Oracle,2.0120751214795187,12,0.9292950882622578,0.9557879812395698
n510,normal,300097,Oracle04,2.0400644857469517,12,0.9292950882622578,0.9586560966371236
n510,normal,300097,Plug,1.9927661892000152,12,0.9292950882622578,0.9537129442878984
n510,normal,300097,Dlow,2.064833550471971,12,0.9292950882622578,0.9610612478191933
n510,normal,300097,S,2.068959096144557,12,0.9292950882622578,0.9614500747499108
n510,normal,300098,CP_PAC,2.242552676496879,12,0.8406853911260547,0.9750743251687664
n510,normal,300098,Oracle,1.952988224091621,12,0.8406853911260547,0.9491790094220542
n510,normal,300098,Oracle04,1.9806759402261556,12,0.8406853911260547,0.9523723733989429
n510,normal,300098,Plug,1.9714148688053448,12,0.8406853911260547,0.9513235582959287
n510,normal,300098,Dlow,2.0375077145048257,12,0.8406853911260547,0.9584008103438684
n510,normal,300098,S,2.041578663048119,12,0.8406853911260547,0.9588066564051887
n510,laplace,301001,CP_PAC,2.2979206291210703,12,0.9080672934023053,0.9612161175318112
n510,laplace,301001,Oracle,2.0198766606307057,12,0.9080672934023053,0.9425325723756226
n510,laplace,301001,Oracle04,2.04787229809036,12,0.9080672934023053,0.9447633600103722
n510,laplace,301001,Plug,2.010886087549202,12,0.9080672934023053,0.9417972327078166
n510,laplace,301001,Dlow,2.0795909442646607,12,0.9080672934023053,0.9471863562644096
n510,laplace,301001,S,2.0837459752689274,12,0.9080672934023053,0.947495784573281
n510,laplace,301003,CP_PAC,2.3262952542272397,12,0.8944022340850906,0.9627416164827178
n510,laplace,301003,Oracle,2.0537305135159274,12,0.8944022340850906,0.9452190923167207
n510,laplace,301003,Oracle04,2.081894667822443,12,0.8944022340850906,0.9473581408645855
n510,laplace,301003,Plug,2.051168575048994,12,0.8944022340850906,0.9450202540786379
n510,laplace,301003,Dlow,2.1170792611286817,12,0.8944022340850906,0.9499134216359366
n510,laplace,301003,S,2.1213091939396223,12,0.8944022340850906,0.9502121465862485
n510,laplace,301008,CP_PAC,1.9805798096173581,8,0.9897710859980458,0.9392484588356755
n510,laplace,301008,Oracle,1.6196382513231509,8,0.9897710859980458,0.8987856143115303
n510,laplace,301008,Oracle04,1.646421959280736,8,0.9897710859980458,0.9025477012419043
n510,laplace,301008,Plug,1.5567170759166782,8,0.9897710859980458,0.8893662852702973
n510,laplace,301008,Dlow,1.6516176848707924,8,0.9897710859980458,0.9032611432870952
n510,laplace,301008,S,1.6549176235951648,8,0.9897710859980458,0.9037115541242917
n510,laplace,301000,CP_PAC,2.5093119428539103,15,0.8533478933908748,0.9712380797940423
n510,laplace,301000,Oracle,2.266186042917789,15,0.8533478933908748,0.9594358674172647
n510,laplace,301000,Oracle04,2.2954690323937705,15,0.8533478933908748,0.9610814172831386
n510,laplace,301000,Plug,2.2767622274431907,15,0.8533478933908748,0.960038069691459
n510,laplace,301000,Dlow,2.3355725406459085,15,0.8533478933908748,0.9632272560914956
n510,laplace,301000,S,2.340239023901119,15,0.8533478933908748,0.9634691352742828
n510,normal,300099,CP_PAC,2.5911716975403096,16,0.8515038341305415,0.9904350243502833
n510,normal,300099,Oracle,2.358364201529321,16,0.8515038341305415,0.9816443256433818
n510,normal,300099,Oracle04,2.388173042880552,16,0.8515038341305415,0.9830676328807428
n510,normal,300099,Plug,2.3691259861213414,16,0.8515038341305415,0.9821698213518955
n510,normal,300099,Dlow,2.425743973204329,16,0.8515038341305415,0.9847229565017999
n510,normal,300099,S,2.4305906193415776,16,0.8515038341305415,0.9849257640430307
n510,laplace,301009,CP_PAC,1.7506530271866536,8,0.8419790037542868,0.9159040822876294
n510,laplace,301009,Oracle,1.289586013008985,8,0.8419790037542868,0.8385807125641025
n510,laplace,301009,Oracle04,1.3165781683003852,8,0.8419790037542868,0.8446263940778276
n510,laplace,301009,Plug,1.3246164546542865,8,0.8419790037542868,0.846382657096544
n510,laplace,301009,Dlow,1.4191908090094152,8,0.8419790037542868,0.8656139820878073
n510,laplace,301009,S,1.4220263579084267,8,0.8419790037542868,0.8661518005903357
n510,laplace,301002,CP_PAC,2.3967647350857555,15,0.8126767407328025,0.9662757189178588
n510,laplace,301002,Oracle,2.1366249681486753,15,0.8126767407328025,0.9512789453019384
n510,laplace,301002,Oracle04,2.1651941756818567,15,0.8126767407328025,0.9532081842468387
n510,laplace,301002,Plug,2.162974170570247,15,0.8126767407328025,0.9530610476198202
n510,laplace,301002,Dlow,2.2215206215039807,15,0.8126767407328025,0.9567909187637769
n510,laplace,301002,S,2.225959228569675,15,0.8126767407328025,0.9570612986491891
n510,laplace,301007,CP_PAC,2.530951778948544,14,0.9472269305003631,0.972104958542886
n510,laplace,301007,Oracle,2.2912830889805913,14,0.9472269305003631,0.9608503430749247
n510,laplace,301007,Oracle04,2.3207711372880406,14,0.9472269305003631,0.9624494035790301
n510,laplace,301007,Plug,2.27066631467077,14,0.9472269305003631,0.9596920717186368
n510,laplace,301007,Dlow,2.335401518986602,14,0.9472269305003631,0.9632183611177325
n510,laplace,301007,S,2.3400676605398547,14,0.9472269305003631,0.9634602811513395
n510,laplace,301005,CP_PAC,2.689574789133483,16,0.9156970769690373,0.977710356909637
n510,laplace,301005,Oracle,2.4679672080340986,16,0.9156970769690373,0.969506224467382
n510,laplace,301005,Oracle04,2.4985010664463716,16,0.9156970769690373,0.9707949632683297
n510,laplace,301005,Plug,2.459614630249454,16,0.9156970769690373,0.9691438861483657
n510,laplace,301005,Dlow,2.5184584186185153,16,0.9156970769690373,0.971607721423287
n510,laplace,301005,S,2.5234903085876343,16,0.9156970769690373,0.971809048432339
n510,laplace,301004,CP_PAC,2.75160837757986,18,0.8797490174129322,0.9795824792390879
n510,laplace,301004,Oracle,2.536018090920692,18,0.8797490174129322,0.9723041079603287
n510,laplace,301004,Oracle04,2.566994189039645,18,0.8797490174129322,0.9734911859776276
n510,laplace,301004,Plug,2.537667698729036,18,0.8797490174129322,0.972368644336489
n510,laplace,301004,Dlow,2.593575818352825,18,0.8797490174129322,0.9744692098247931
n510,laplace,301004,S,2.598757793186334,18,0.8797490174129322,0.9746556262517287
n510,laplace,301011,CP_PAC,2.404148167471389,14,0.8776370106414786,0.9666260273378016
n510,laplace,301011,Oracle,2.1454914353515946,14,0.8776370106414786,0.9518860482054095
n510,laplace,301011,Oracle04,2.1741385956363866,14,0.8776370106414786,0.9537963411631656
n510,laplace,301011,Plug,2.1487810254163344,14,0.8776370106414786,0.9521093632544515
n510,laplace,301011,Dlow,2.211574190142333,14,0.8776370106414786,0.9561788286353756
n510,laplace,301011,S,2.2159929241984804,14,0.8776370106414786,0.956451814770849
n510,laplace,301006,CP_PAC,3.065870625746877,23,0.8109148082120861,0.9869085485049411
n510,laplace,301006,Oracle,2.8736175337150014,23,0.8109148082120861,0.9828182737841675
n510,laplace,301006,Oracle04,2.9070484289183853,23,0.8109148082120861,0.9836116951042295
n510,laplace,301006,Plug,2.8886910224780054,23,0.8109148082120861,0.9831806626454365
n510,laplace,301006,Dlow,2.938270426926123,23,0.8109148082120861,0.9843195707324675
n510,laplace,301006,S,2.9441411029629023,23,0.8109148082120861,0.9844492168355252
n510,laplace,301012,CP_PAC,2.7471607449539297,18,0.8440383585152735,0.9794536502906412
n510,laplace,301012,Oracle,2.531582904349588,18,0.8440383585152735,0.972129845045568
n510,laplace,301012,Oracle04,2.562590456006026,18,0.8440383585152735,0.9733255787317812
n510,laplace,301012,Plug,2.5429465160922566,18,0.8440383585152735,0.9725741547107982
n510,laplace,301012,Dlow,2.5966438387317052,18,0.8440383585152735,0.9745797437693304
n510,laplace,301012,S,2.6018319434821726,18,0.8440383585152735,0.9747655718766131
n510,laplace,301014,CP_PAC,2.1781543481173853,11,0.8805064862507412,0.954057994139015
n510,laplace,301014,Oracle,1.8743961461101109,11,0.8805064862507412,0.9294050347728386
n510,laplace,301014,Oracle04,1.9018331379675353,11,0.8805064862507412,0.932091781746768
n510,laplace,301014,Plug,1.877102325984548,11,0.8805064862507412,0.9296746935766556
n510,laplace,301014,Dlow,1.9482487534565367,11,0.8805064862507412,0.9364062325822764
n510,laplace,301014,S,1.9521413622395096,11,0.8805064862507412,0.9367553531759152
n510,laplace,301010,CP_PAC,3.205866315131776,21,0.80457669071535,0.9892599939008919
n510,laplace,301010,Oracle,3.020425769621095,21,0.80457669071535,0.9860395519590548
n510,laplace,301010,Oracle04,3.0548693035854417,21,0.80457669071535,0.9867032761399237
n510,laplace,301010,Plug,3.043712750975213,21,0.80457669071535,0.9864918200173749
n510,laplace,301010,Dlow,3.0927916236584725,21,0.80457669071535,0.9873975981449166
n510,laplace,301010,S,3.098971033662867,21,0.80457669071535,0.9875072507779041
n510,laplace,301013,CP_PAC,2.5629436157571734,15,0.8980752665073444,0.973338897766697
n510,laplace,301013,Oracle,2.3271213340282193,15,0.8980752665073444,0.9627851182951406
n510,laplace,301013,Oracle04,2.356786153891601,15,0.8980752665073444,0.9643140755997732
n510,laplace,301013,Plug,2.3226891094577313,15,0.8980752665073444,0.9625511186429738
n510,laplace,301013,Dlow,2.3837179828843977,15,0.8980752665073444,0.9656476998454107
n510,laplace,301013,S,2.388480660925302,15,0.8980752665073444,0.9658783003649873
n510,laplace,301018,CP_PAC,2.3979270178752197,13,0.924442478911711,0.9663311065278775
n510,laplace,301018,Oracle,2.138447326344664,13,0.924442478911711,0.9514043477200214
n510,laplace,301018,Oracle04,2.167076397563693,13,0.924442478911711,0.9533325720580963
n510,laplace,301018,Plug,2.124362822572171,13,0.924442478911711,0.950426690999518
n510,laplace,301018,Dlow,2.19074915838217,13,0.924442478911711,0.9548690570619038
n510,laplace,301018,S,2.195126283941768,13,0.924442478911711,0.9551475632958646
n510,laplace,301016,CP_PAC,2.5460163007220045,16,0.8494132824648446,0.9726929613087316
n510,laplace,301016,Oracle,2.30780864162946,16,0.8494132824648446,0.9617546876956351
n510,laplace,301016,Oracle04,2.3373253516351653,16,0.8494132824648446,0.9633182972883438
n510,laplace,301016,Plug,2.3183640128108296,16,0.8494132824648446,0.9623213564616429
n510,laplace,301016,Dlow,2.377041530622907,16,0.8494132824648446,0.9653218117697797
n510,laplace,301016,S,2.381790869085554,16,0.8494132824648446,0.9655539500955845
n510,laplace,301019,CP_PAC,2.6242145159023593,15,0.9592155860726407,0.9755518262466505
n510,laplace,301019,Oracle,2.39574682292665,15,0.9592155860726407,0.9662271363315298
n510,laplace,301019,Oracle04,2.425838796274723,15,0.9592155860726407,0.9676342374340043
n510,laplace,301019,Plug,2.3728405945694138,15,0.9592155860726407,0.9651151747245235
n510,laplace,301019,Dlow,2.436248546457275,15,0.9592155860726407,0.9681072234640298
n510,laplace,301019,S,2.4411161807737964,15,0.9592155860726407,0.968326015401989
n510,laplace,301020,CP_PAC,2.389388030126342,14,0.8457143160522487,0.965922057720842
n510,laplace,301020,Oracle,2.1279075144710835,14,0.8457143160522487,0.9506745777449783
n510,laplace,301020,Oracle04,2.1564239573111337,14,0.8457143160522487,0.9526242131456968
n510,laplace,301020,Plug,2.1424810557492764,14,0.8457143160522487,0.9516807750858423
n510,laplace,301020,Dlow,2.203768949995462,14,0.8457143160522487,0.9556924389169879
n510,laplace,301020,S,2.2081720891506524,14,0.8457143160522487,0.9559674839357417
n510,laplace,301021,CP_PAC,2.3301460530735625,14,0.8260484451328907,0.9629439686333858
n510,laplace,301021,Oracle,2.058488263042388,14,0.8260484451328907,0.9455864469706343
n510,laplace,301021,Oracle04,2.0866848157349116,14,0.8260484451328907,0.947713547025606
n510,laplace,301021,Plug,2.0813592874582376,14,0.8260484451328907,0.9473182684003596
n510,laplace,301021,Dlow,2.142957913366854,14,0.8260484451328907,0.9517133495477561
n510,laplace,301021,S,2.147239551828223,14,0.8260484451328907,0.952004849088737
n510,laplace,301015,CP_PAC,2.7539159826611477,19,0.821351604535575,0.9796490021178001
n510,laplace,301015,Oracle,2.538726439709883,19,0.821351604535575,0.9724099854170241
n510,laplace,301015,Oracle04,2.5697453438191418,19,0.821351604535575,0.9735941239798138
n510,laplace,301015,Plug,2.5553321847067334,19,0.821351604535575,0.9730503624845919
n510,laplace,301015,Dlow,2.6082301812877957,19,0.821351604535575,0.9749928750362433
n510,laplace,301015,S,2.61344143559692,19,0.821351604535575,0.9751764957515026
n510,laplace,301022,CP_PAC,2.3914093044451388,13,0.8902767204034243,0.9660193308862042
n510,laplace,301022,Oracle,2.1306210649867556,13,0.8902767204034243,0.9508635032865007
n510,laplace,301022,Oracle04,2.159188954538128,13,0.8902767204034243,0.9528091047967449
n510,laplace,301022,Plug,2.1294286359040764,13,0.8902767204034243,0.9507805720798472
n510,laplace,301022,Dlow,2.1933532404783027,13,0.8902767204034243,0.9550349563903919
n510,laplace,301022,S,2.197735569004319,13,0.8902767204034243,0.955312767662476
n510,laplace,301017,CP_PAC,2.8085485069590606,20,0.8183792175414372,0.9811621547825955
n510,laplace,301017,Oracle,2.598535706229099,20,0.8183792175414372,0.9746476648815219
n510,laplace,301017,Oracle04,2.630007199278529,20,0.8183792175414372,0.9757512897931269
n510,laplace,301017,Plug,2.6149984688751307,20,0.8183792175414372,0.975231096414513
n510,laplace,301017,Dlow,2.667191940471787,20,0.8183792175414372,0.9769935119952124
n510,laplace,301017,S,2.6725210006110203,20,0.8183792175414372,0.9771662470411486
n510,laplace,301023,CP_PAC,2.3089506052236506,12,0.8973406514410688,0.9618164032773582
n510,laplace,301023,Oracle,2.0335299967017857,12,0.8973406514410688,0.9436315515031193
n510,laplace,301023,Oracle04,2.0616370625349467,12,0.8973406514410688,0.9458282158933509
n510,laplace,301023,Plug,2.029202279881007,12,0.8973406514410688,0.9432855009066528
n510,laplace,301023,Dlow,2.096518636433834,12,0.8973406514410688,0.94843566818518
n510,laplace,301023,S,2.1007074890345967,12,0.8973406514410688,0.9487402287997935
n510,laplace,301024,CP_PAC,2.4868795162789916,14,0.9494891962103501,0.9703110020117769
n510,laplace,301024,Oracle,2.240841860432225,14,0.9494891962103501,0.9579555946995868
n510,laplace,301024,Oracle04,2.269999038020371,14,0.9494891962103501,0.959654016314802
n510,laplace,301024,Plug,2.218460863567084,14,0.9494891962103501,0.9566035414246055
n510,laplace,301024,Dlow,2.284631131608831,14,0.9494891962103501,0.9604803132041857
n510,laplace,301024,S,2.2891958337255276,14,0.9494891962103501,0.9607346094223224
n510,laplace,301025,CP_PAC,2.128828485337479,10,0.9367861539618572,0.9507387797969882
n510,laplace,301025,Oracle,1.8126569407356985,10,0.9367861539618572,0.9229641229183878
n510,laplace,301025,Oracle04,1.839888035208427,10,0.9367861539618572,0.9258744211537986
n510,laplace,301025,Plug,1.7867785416843693,10,0.9367861539618572,0.9200925705843614
n510,laplace,301025,Dlow,1.8663761023101633,10,0.9367861539618572,0.928599784852874
n510,laplace,301025,S,1.8701051292094715,10,0.9367861539618572,0.9289753327903834
n510,laplace,301026,CP_PAC,2.2780943114184304,12,0.898712063739939,0.9601132811569355
n510,laplace,301026,Oracle,1.99629395467205,12,0.898712063739939,0.9405836587471152
n510,laplace,301026,Oracle04,2.0242069932951225,12,0.898712063739939,0.9428834283547569
n510,laplace,301026,Plug,1.9913060384611083,12,0.898712063739939,0.9401630554188884
n510,laplace,301026,Dlow,2.059762313254479,12,0.898712063739939,0.9456843999013747
n510,laplace,301026,S,2.0638777265748702,12,0.898712063739939,0.9459996025360771
n510,laplace,301028,CP_PAC,2.319539846802865,12,0.9000435736717969,0.9623839594735906
n510,laplace,301028,Oracle,2.0455859141073858,12,0.9000435736717969,0.9445844668483632
n510,laplace,301028,Oracle04,2.0736948222144918,12,0.9000435736717969,0.9467441351164179
n510,laplace,301028,Plug,2.0402116038499036,12,0.9000435736717969,0.944161680744604
n510,laplace,301028,Dlow,2.1073126225848995,12,0.9000435736717969,0.9492168204790472
n510,laplace,301028,S,2.1115230416130606,12,0.9000435736717969,0.9495183069715172
n510,laplace,301031,CP_PAC,2.1383635237453835,10,0.9272234489259568,0.951398588076054
n510,laplace,301031,Oracle,1.824294338812132,10,0.9272234489259568,0.9242215854765883
n510,laplace,301031,Oracle04,1.8515256232697317,10,0.9272234489259568,0.9270843982805337
n510,laplace,301031,Plug,1.803682856367536,10,0.9272234489259568,0.9219802093110876
n510,laplace,301031,Dlow,1.8815614554464726,10,0.9272234489259568,0.9301167809046758
n510,laplace,301031,S,1.8853208227419374,10,0.9272234489259568,0.930487332507872
n510,laplace,301029,CP_PAC,2.397151460920271,14,0.8465974929225165,0.9662941581201248
n510,laplace,301029,Oracle,2.137564949477338,14,0.8465974929225165,0.9513436688440489
n510,laplace,301029,Oracle04,2.166185250197919,14,0.8465974929225165,0.9532737212968991
n510,laplace,301029,Plug,2.1513727347003235,14,0.8465974929225165,0.9522845721863451
n510,laplace,301029,Dlow,2.2128968007065444,14,0.8465974929225165,0.9562607175032254
n510,laplace,301029,S,2.217318177343876,14,0.8465974929225165,0.9565333559507034
n510,laplace,301027,CP_PAC,2.627844126712626,17,0.8280580054514449,0.9756769982869513
n510,laplace,301027,Oracle,2.399887154495924,17,0.8280580054514449,0.966424309203394
n510,laplace,301027,Oracle04,2.430013881664576,17,0.8280580054514449,0.9678247767917587
n510,laplace,301027,Plug,2.4160053682076326,17,0.8280580054514449,0.9671809965695928
n510,laplace,301027,Dlow,2.4716116729788333,17,0.8280580054514449,0.9696629866374136
n510,laplace,301027,S,2.4765499629632446,17,0.8280580054514449,0.969874116069702
n510,laplace,301032,CP_PAC,2.57362499590233,14,0.9563006906962384,0.9737386072261518
n510,laplace,301032,Oracle,2.339266233952484,14,0.9563006906962384,0.96341884398195
n510,laplace,301032,Oracle04,2.3690226537835257,14,0.9563006906962384,0.9649263087485649
n510,laplace,301032,Plug,2.3164943655126558,14,0.9563006906962384,0.9622215992676015
n510,laplace,301032,Dlow,2.380699334057963,14,0.9563006906962384,0.9655007359189838
n510,laplace,301032,S,2.3854559808264675,14,0.9563006906962384,0.9657320306920678
n510,laplace,301030,CP_PAC,2.52308894668411,16,0.8217811475766834,0.9717930423833379
n510,laplace,301030,Oracle,2.28194139190617,16,0.8217811475766834,0.9603296993208232
n510,laplace,301030,Oracle04,2.311325238740151,16,0.8217811475766834,0.9619444178460936
n510,laplace,301030,Plug,2.3023131292622327,16,0.8217811475766834,0.9614562936703455
n510,laplace,301030,Dlow,2.358822138016982,16,0.8217811475766834,0.9644166788812845
n510,laplace,301030,S,2.363535074060506,16,0.8217811475766834,0.9646530565908764
n510,laplace,301034,CP_PAC,2.5626192421076306,15,0.8968330770944583,0.97332666461724
n510,laplace,301034,Oracle,2.326563304417679,15,0.8968330770944583,0.9627557377220313
n510,laplace,301034,Oracle04,2.356202636308647,15,0.8968330770944583,0.9642846147613509
n510,laplace,301034,Plug,2.3225757618694485,15,0.8968330770944583,0.9625451151923947
n510,laplace,301034,Dlow,2.383469984457321,15,0.8968330770944583,0.9656356495995848
n510,laplace,301034,S,2.3882321669963784,15,0.8968330770944583,0.9658663070911706
n510,laplace,301033,CP_PAC,2.673886795465245,17,0.874982374093102,0.9772103084531043
n510,laplace,301033,Oracle,2.4506064667392895,17,0.874982374093102,0.9687482811559243
n510,laplace,301033,Oracle04,2.4810086346106934,17,0.874982374093102,0.9700634776116672
n510,laplace,301033,Plug,2.452903646261293,17,0.874982374093102,0.9688496439531058
n510,laplace,301033,Dlow,2.5105882123543957,17,0.874982374093102,0.971289945870013
n510,laplace,301033,S,2.515604377619997,17,0.874982374093102,0.9714928922594341
n510,laplace,301035,CP_PAC,2.829361957984408,17,1.000551160991378,0.9817085593728379
n510,laplace,301035,Oracle,2.620772745018977,17,1.000551160991378,0.9754325371503536
n510,laplace,301035,Oracle04,2.652356848333488,17,1.000551160991378,0.976505737278895
n510,laplace,301035,Plug,2.590597920977106,17,1.000551160991378,0.9743614631707882
n510,laplace,301035,Dlow,2.652237880265704,17,1.000551160991378,0.9765017841246371
n510,laplace,301035,S,2.6575370621329784,17,1.000551160991378,0.9766772256476199
n510,laplace,301037,CP_PAC,2.2322992982719776,12,0.8965094955735018,0.9574445753346832
n510,laplace,301037,Oracle,1.9407038203038713,12,0.8965094955735018,0.9357240446988249
n510,laplace,301037,Oracle04,1.9683596812559339,12,0.8965094955735018,0.9381894339135866
n510,laplace,301037,Plug,1.9342329680362413,12,0.8965094955735018,0.9351331451086542
n510,laplace,301037,Dlow,2.006488168962822,12,0.8965094955735018,0.9414341069254373
n510,laplace,301037,S,2.010497140330353,12,0.8965094955735018,0.9417652092111903
n510,laplace,301038,CP_PAC,2.1247481992553445,10,0.8935762990626388,0.9504537013363652
n510,laplace,301038,Oracle,1.8070866184587262,10,0.8935762990626388,0.9223548665472527
n510,laplace,301038,Oracle04,1.8342623224931938,10,0.8935762990626388,0.9252823288634384
n510,laplace,301038,Plug,1.8035439746762842,10,0.8935762990626388,0.9219648840661125
n510,laplace,301038,Dlow,1.878298813042628,10,0.8935762990626388,0.9297935895799239
n510,laplace,301038,S,1.8820516615655518,10,0.8935762990626388,0.9301652110863334
n510,laplace,301036,CP_PAC,3.0301876044234146,20,0.9444796472333538,0.9862309561620577
n510,laplace,301036,Oracle,2.8359918253221097,20,0.9444796472333538,0.9818792593077998
n510,laplace,301036,Oracle04,2.869168422258301,20,0.9444796472333538,0.9827098256502771
n510,laplace,301036,Plug,2.823023159436039,20,0.9444796472333538,0.9815438501524905
n510,laplace,301036,Dlow,2.879078825826351,20,0.9444796472333538,0.9829504645613674
n510,laplace,301036,S,2.884831236807957,20,0.9444796472333538,0.9830886022323129
n510,laplace,301042,CP_PAC,2.3148228088792564,13,0.8282147635493265,0.9621321878283031
n510,laplace,301042,Oracle,2.0403753453536773,13,0.8282147635493265,0.9441746094734478
n510,laplace,301042,Oracle04,2.068499539276586,13,0.8282147635493265,0.9463514105634596
n510,laplace,301042,Plug,2.06327349188017,13,0.8282147635493265,0.9459534385626933
n510,laplace,301042,Dlow,2.124999225925469,13,0.8282147635493265,0.9504712874142864
n510,laplace,301042,S,2.1292449828576743,13,0.8282147635493265,0.9507677869219531
n510,laplace,301043,CP_PAC,2.304445888302292,12,0.907685283224822,0.9615723731554868
n510,laplace,301043,Oracle,2.02793499336589,12,0.907685283224822,0.9431837652612356
n510,laplace,301043,Oracle04,2.0559961956571433,12,0.907685283224822,0.9453943381153167
n510,laplace,301043,Plug,2.0191326956643794,12,0.907685283224822,0.942472077620037
n510,laplace,301043,Dlow,2.087625887738167,12,0.907685283224822,0.9477830875670994
n510,laplace,301043,S,2.0917969725915535,12,0.907685283224822,0.9480901982556929
n510,laplace,301040,CP_PAC,2.813069353926016,18,0.9088126181686036,0.9812822092842493
n510,laplace,301040,Oracle,2.603345221170954,18,0.9088126181686036,0.9748195182756341
n510,laplace,301040,Oracle04,2.634840835029416,18,0.9088126181686036,0.9759164837033312
n510,laplace,301040,Plug,2.597227811577967,18,0.9088126181686036,0.9746007287345582
n510,laplace,301040,Dlow,2.654114042351783,18,0.9088126181686036,0.9765640491564704
n510,laplace,301040,S,2.659416972798391,18,0.9088126181686036,0.9767391491114252
n510,laplace,301039,CP_PAC,2.923908060790348,21,0.8205073535826541,0.9839978218991094
n510,laplace,301039,Oracle,2.722784658313739,21,0.8205073535826541,0.9787330061199513
n510,laplace,301039,Oracle04,2.7551351461550198,21,0.8205073535826541,0.9796840602128793
n510,laplace,301039,Plug,2.7376031952291853,21,0.8205073535826541,0.9791740519444485
n510,laplace,301039,Dlow,2.788474440236384,21,0.8205073535826541,0.9806197034681015
n510,laplace,301039,S,2.7940458232940677,21,0.8205073535826541,0.9807718032627881
n510,laplace,301045,CP_PAC,2.3880938185885565,13,0.9019516257533777,0.9658596280376022
n510,laplace,301045,Oracle,2.126532515722537,13,0.9019516257533777,0.9505785690795492
n510,laplace,301045,Oracle04,2.1550512618913755,13,0.9019516257533777,0.952532153938322
n510,laplace,301045,Plug,2.119595620311587,13,0.9019516257533777,0.9500913464283962
n510,laplace,301045,Dlow,2.1858302188030243,13,0.9019516257533777,0.9545540122451348
n510,laplace,301045,S,2.1901975163017164,13,0.9019516257533777,0.9548338348837653
n510,laplace,301047,CP_PAC,2.4383487411078777,13,0.911780679877211,0.9682018084232937
n510,laplace,301047,Oracle,2.185114622648345,13,0.911780679877211,0.9545079973627886
n510,laplace,301047,Oracle04,2.213971701380857,13,0.911780679877211,0.9563271567860012
n510,laplace,301047,Plug,2.1761815735557897,13,0.911780679877211,0.9539296404441169
n510,laplace,301047,Dlow,2.240393221237765,13,0.911780679877211,0.9579289102527127
n510,laplace,301047,S,2.2448695358330295,13,0.911780679877211,0.9581943985869854
n510,laplace,301046,CP_PAC,2.7199079773861694,17,0.912846669196942,0.9786463106301135
n510,laplace,301046,Oracle,2.501449793463141,17,0.912846669196942,0.9709164984756129
n510,laplace,301046,Oracle04,2.532217366846989,17,0.912846669196942,0.9721548407576428
n510,laplace,301046,Plug,2.4936995262731854,17,0.912846669196942,0.9705959744499302
n510,laplace,301046,Dlow,2.552267116698564,17,0.912846669196942,0.9729332914003046
n510,laplace,301046,S,2.557366556581345,17,0.912846669196942,0.9731277861411471
n510,laplace,301049,CP_PAC,2.5058841763795563,14,0.903471582687042,0.9710983151996233
n510,laplace,301049,Oracle,2.2623164422333923,14,0.903471582687042,0.9592132740547064
n510,laplace,301049,Oracle04,2.2915798516411163,14,0.903471582687042,0.9608667701818485
n510,laplace,301049,Plug,2.25622074439055,14,0.903471582687042,0.9588601473495293
n510,laplace,301049,Dlow,2.3185733265971447,14,0.903471582687042,0.9623325082319056
n510,laplace,301049,S,2.3232058453548583,14,0.903471582687042,0.9625784753490076
n510,laplace,301041,CP_PAC,3.1271252370205898,24,0.844826304963541,0.9879948904193578
n510,laplace,301041,Oracle,2.9382578249657962,24,0.844826304963541,0.9843192912755119
n510,laplace,301041,Oracle04,2.9721776573601963,24,0.844826304963541,0.9850537366394005
n510,laplace,301041,Plug,2.9458183233279374,24,0.844826304963541,0.9844860587703972
n510,laplace,301041,Dlow,2.9969069483048845,24,0.844826304963541,0.9855674102358309
n510,laplace,301041,S,3.00289478034534,24,0.844826304963541,0.9856891104531649
n510,laplace,301044,CP_PAC,3.245416232362645,21,1.0087304039297496,0.9898442136415355
n510,laplace,301044,Oracle,3.0619776109554984,21,1.0087304039297496,0.9868362740347025
n510,laplace,301044,Oracle04,3.0967873581722465,21,1.0087304039297496,0.9874686112436759
n510,laplace,301044,Plug,3.0381514605600493,21,1.0087304039297496,0.9863851612988255
n510,laplace,301044,Dlow,3.095436026536992,21,1.0087304039297496,0.9874446399653265
n510,laplace,301044,S,3.1016207200688894,21,1.0087304039297496,0.9875539762881533
n510,laplace,301050,CP_PAC,2.49842018215187,14,0.9143480166277048,0.97079162238126
n510,laplace,301050,Oracle,2.254008256598083,14,0.9143480166277048,0.9587312220264037
n510,laplace,301050,Oracle04,2.283244072988172,14,0.9143480166277048,0.9604027154177399
n510,laplace,301050,Plug,2.244270127058561,14,0.9143480166277048,0.9581589452877328
n510,laplace,301050,Dlow,2.3074611758395367,14,0.9143480166277048,0.9617358896815722
n510,laplace,301050,S,2.3120714924756984,14,0.9143480166277048,0.9619845590817429
n510,laplace,301051,CP_PAC,2.5163966857115287,15,0.877476840052866,0.9715248163810772
n510,laplace,301051,Oracle,2.2744525273623735,15,0.877476840052866,0.9599073242576821
n510,laplace,301051,Oracle04,2.303801590270585,15,0.877476840052866,0.9615373429051131
n510,laplace,301051,Plug,2.276286192166458,15,0.877476840052866,0.9600111576409973
n510,laplace,301051,Dlow,2.3373823577571997,15,0.877476840052866,0.9633212544051313
n510,laplace,301051,S,2.3420524570342196,15,0.877476840052866,0.9635627016320181
n510,laplace,301048,CP_PAC,2.7526431877434443,17,0.9032684822161846,0.9796123372550243
n510,laplace,301048,Oracle,2.5373216114636157,17,0.9032684822161846,0.972355117099603
n510,laplace,301048,Oracle04,2.5683269682756698,17,0.9032684822161846,0.9735411036460393
n510,laplace,301048,Plug,2.5320579719576077,17,0.9032684822161846,0.9721485632384919
n510,laplace,301048,Dlow,2.589867753811735,17,0.9032684822161846,0.974334974828357
n510,laplace,301048,S,2.595042319917496,17,0.9032684822161846,0.9745221044459531
n510,laplace,301056,CP_PAC,2.1014048257973057,10,0.8946595404902643,0.9487907554019026
n510,laplace,301056,Oracle,1.7774806749981702,10,0.8946595404902643,0.9190349158758471
n510,laplace,301056,Oracle04,1.8045694175146623,10,0.8946595404902643,0.92207796819744
n510,laplace,301056,Plug,1.7715789954418912,10,0.8946595404902643,0.9183563343738592
n510,laplace,301056,Dlow,1.8493824215456722,10,0.8946595404902643,0.9268630598432228
n510,laplace,301056,S,1.853077495003008,10,0.8946595404902643,0.9272442490766164
n510,laplace,301053,CP_PAC,2.3946716559181094,14,0.851900304521665,0.9661757450991946
n510,laplace,301053,Oracle,2.13423078771937,14,0.851900304521665,0.9511137019492582
n510,laplace,301053,Oracle04,2.1628015680154387,14,0.851900304521665,0.9530495885697774
n510,laplace,301053,Plug,2.1470118917116783,14,0.851900304521665,0.9519893940809632
n510,laplace,301053,Dlow,2.208095623155739,14,0.851900304521665,0.9559627220351385
n510,laplace,301053,S,2.212507407021168,14,0.851900304521665,0.9562366242668048
n510,laplace,301055,CP_PAC,2.418740671554089,14,0.8554205537516196,0.9673077051902879
n510,laplace,301055,Oracle,2.162223599188483,14,0.8554205537516196,0.953011196960466
n510,laplace,301055,Oracle04,2.19093450149929,14,0.8554205537516196,0.9548808849975199
n510,laplace,301055,Plug,2.1732641705873417,14,0.8554205537516196,0.9537391692779107
n510,laplace,301055,Dlow,2.234169622244475,14,0.8554205537516196,0.9575569872974719
n510,laplace,301055,S,2.238633502064119,14,0.8554205537516196,0.9578240809651795
n510,laplace,301054,CP_PAC,2.559553501372533,15,0.9120827441622514,0.9732107683217608
n510,laplace,301054,Oracle,2.3234204003513836,15,0.9120827441622514,0.9625898283119916
n510,laplace,301054,Oracle04,2.353086344771153,15,0.9120827441622514,0.9641268660723881
n510,laplace,301054,Plug,2.3153761841329334,15,0.9120827441622514,0.9621618112362869
n510,laplace,301054,Dlow,2.3764986697660877,15,0.9120827441622514,0.9652951783677712
n510,laplace,301054,S,2.3812469235905764,15,0.9120827441622514,0.9655274421017546
n510,laplace,301052,CP_PAC,3.233146598581972,23,0.9058805959797497,0.9896664538566049
n510,laplace,301052,Oracle,3.0490449112871714,23,0.9058805959797497,0.9865932995822924
n510,laplace,301052,Oracle04,3.083726837384629,23,0.9058805959797497,0.9872350011206974
n510,laplace,301052,Plug,3.0449821546753166,23,0.9058805959797497,0.9865160482553144
n510,laplace,301052,Dlow,3.097931665911062,23,0.9058805959797497,0.9874888743337507
n510,laplace,301052,S,3.104121345740386,23,0.9058805959797497,0.9875979129047074
n510,laplace,301058,CP_PAC,2.4357365020834605,14,0.8792749316198063,0.9680841202617358
n510,laplace,301058,Oracle,2.1816609452751576,14,0.8792749316198063,0.9542852601149625
n510,laplace,301058,Oracle04,2.2104475838645414,14,0.8792749316198063,0.9561089543844039
n510,laplace,301058,Plug,2.1838611340114804,14,0.8792749316198063,0.9544272821402033
n510,laplace,301058,Dlow,2.2462838284190476,14,0.8792749316198063,0.9582779308970264
n510,laplace,301058,S,2.250771912470964,14,0.8792749316198063,0.9585419068031424
n510,laplace,301057,CP_PAC,2.641679914453761,16,0.8903016981128623,0.9761482946836249
n510,laplace,301057,Oracle,2.4149428481638964,16,0.8903016981128623,0.9671316446725209
n510,laplace,301057,Oracle04,2.4451272761394724,16,0.8903016981128623,0.9685051788827956
n510,laplace,301057,Plug,2.41393409754504,16,0.8903016981128623,0.9670847215827119
n510,laplace,301057,Dlow,2.472000811984972,16,0.8903016981128623,0.9696796772812526
n510,laplace,301057,S,2.4769398794706703,16,0.8903016981128623,0.9698907236623215
n510,laplace,301062,CP_PAC,2.2951529694829036,11,0.9624516746576158,0.9610640175489427
n510,laplace,301062,Oracle,2.0168376717598466,11,0.9624516746576158,0.9422850585571758
n510,laplace,301062,Oracle04,2.0448497128939414,11,0.9624516746576158,0.9445267411568399
n510,laplace,301062,Plug,1.9847117093720832,11,0.9624516746576158,0.9396024185338778
n510,laplace,301062,Dlow,2.0581011903211177,11,0.9624516746576158,0.9455566526476773
n510,laplace,301062,S,2.0622132847112606,11,0.9624516746576158,0.9458723425642483
n510,laplace,301060,CP_PAC,2.336049266241605,13,0.8855274235011711,0.963252039618647
n510,laplace,301060,Oracle,2.065537111645434,13,0.8855274235011711,0.9461261780348784
n510,laplace,301060,Oracle04,2.0937733623099044,13,0.8855274235011711,0.9482350855027746
n510,laplace,301060,Plug,2.0655305808191153,13,0.8855274235011711,0.9461256804548686
n510,laplace,301060,Dlow,2.131429721051816,13,0.8855274235011711,0.9509196642728617
n510,laplace,301060,S,2.135688326138941,13,0.8855274235011711,0.9512143660545815
n510,laplace,301061,CP_PAC,2.5654383407601893,16,0.8591103829556633,0.9734327943720493
n510,laplace,301061,Oracle,2.330099268478444,16,0.8591103829556633,0.9629415167989193
n510,laplace,301061,Oracle04,2.3598027800839385,16,0.8591103829556633,0.9644659929554555
n510,laplace,301061,Plug,2.3377582103040915,16,0.8591103829556633,0.9633407452898766
n510,laplace,301061,Dlow,2.3963736614954474,16,0.8591103829556633,0.9662570621551438
n510,laplace,301061,S,2.4011616256327133,16,0.8591103829556633,0.9664847706643618
n510,laplace,301065,CP_PAC,2.4099488819614363,14,0.8819066251859204,0.9668986891113207
n510,laplace,301065,Oracle,2.152168940535105,14,0.8819066251859204,0.9523382697633882
n510,laplace,301065,Oracle04,2.1808433365874027,14,0.8819066251859204,0.9542323708106959
n510,laplace,301065,Plug,2.1537794805027004,14,0.8819066251859204,0.952446702849387
n510,laplace,301065,Dlow,2.2168245361116488,14,0.8819066251859204,0.9565030006780124
n510,laplace,301065,S,2.2212537603799913,14,0.8819066251859204,0.9567746086385958
n510,laplace,301059,CP_PAC,2.837403357464164,18,0.9109597767842054,0.9819153959933371
n510,laplace,301059,Oracle,2.6295572754940144,18,0.9109597767842054,0.9757358557123514
n510,laplace,301059,Oracle04,2.6612167170046384,18,0.9109597767842054,0.9767982778764634
n510,laplace,301059,Plug,2.6233986237557874,18,0.9109597767842054,0.9755236005446144
n510,laplace,301059,Dlow,2.6796733136503357,18,0.9109597767842054,0.9773960439800857
n510,laplace,301059,S,2.68502731162298,18,0.9109597767842054,0.9775665479590194
n510,laplace,301064,CP_PAC,2.6016108386143424,17,0.8116372280480078,0.9747576801020568
n510,laplace,301064,Oracle,2.370435519705319,17,0.8116372280480078,0.9649963193186699
n510,laplace,301064,Oracle04,2.4003572006585987,17,0.8116372280480078,0.9664466210813882
n510,laplace,301064,Plug,2.3916839528812384,17,0.8116372280480078,0.9660325268074443
n510,laplace,301064,Dlow,2.4467748802050457,17,0.8116372280480078,0.9685784784026883
n510,laplace,301064,S,2.4516635461783958,17,0.8116372280480078,0.9687949655741592
n510,laplace,301066,CP_PAC,2.504676836513633,14,0.9160036239004263,0.9710489252575107
n510,laplace,301066,Oracle,2.261107610502103,14,0.9160036239004263,0.9591434876266063
n510,laplace,301066,Oracle04,2.2903755382497017,14,0.9160036239004263,0.9608000633837845
n510,laplace,301066,Plug,2.2500051537863763,14,0.9160036239004263,0.9584969269003889
n510,laplace,301066,Dlow,2.3140020010957527,14,0.9160036239004263,0.9620882054442395
n510,laplace,301066,S,2.3186253863268744,14,0.9160036239004263,0.9623352813452579
n510,laplace,301063,CP_PAC,3.219673074825115,23,0.9287043634292996,0.9894676660405421
n510,laplace,301063,Oracle,3.035014590544957,23,0.9287043634292996,0.9863246289275986
n510,laplace,301063,Oracle04,3.0696030326193515,23,0.9287043634292996,0.9869774686351009
n510,laplace,301063,Plug,3.0266561826220983,23,0.9287043634292996,0.9861620190161531
n510,laplace,301063,Dlow,3.0805542314023304,23,0.9287043634292996,0.9871775991813225
n510,laplace,301063,S,3.0867091910481697,23,0.9287043634292996,0.9872887264870014
n510,laplace,301068,CP_PAC,2.166384467191244,11,0.8635941563487667,0.9532868838882258
n510,laplace,301068,Oracle,1.8595205549577043,11,0.8635941563487667,0.9279041783364759
n510,laplace,301068,Oracle04,1.886882633515787,11,0.8635941563487667,0.9306406980642725
n510,laplace,301068,Plug,1.8702425195743646,11,0.8635941563487667,0.9289891314941561
n510,laplace,301068,Dlow,1.9401930145648536,11,0.8635941563487667,0.9356775957189862
n510,laplace,301068,S,1.9440695279493785,11,0.8635941563487667,0.9360292603171501
n510,laplace,301069,CP_PAC,2.4110297987238987,13,0.9309697781505908,0.9669492506804704
n510,laplace,301069,Oracle,2.1531373948749075,13,0.9309697781505908,0.9524035026475468
n510,laplace,301069,Oracle04,2.181785790387022,13,0.9309697781505908,0.9542933306895431
n510,laplace,301069,Plug,2.136375582512924,13,0.9309697781505908,0.9512617591082932
n510,laplace,301069,Dlow,2.2031869778725492,13,0.9309697781505908,0.9556559573271504
n510,laplace,301069,S,2.207588954245116,13,0.9309697781505908,0.9559311563424175
n510,laplace,301070,CP_PAC,2.4551258341129296,15,0.836072317681168,0.9689473849002528
n510,laplace,301070,Oracle,2.204657607211736,15,0.836072317681168,0.9557480875170221
n510,laplace,301070,Oracle04,2.2336299627572505,15,0.836072317681168,0.9575245826908474
n510,laplace,301070,Plug,2.2199850463202773,15,0.836072317681168,0.95669698261222
n510,laplace,301070,Dlow,2.2805544003788465,15,0.836072317681168,0.960251809572138
n510,laplace,301070,S,2.285110957170279,15,0.836072317681168,0.9605071212112626
n510,laplace,301071,CP_PAC,2.1766303547618215,12,0.7987403309714943,0.9539588707561044
n510,laplace,301071,Oracle,1.8720599853921216,12,0.7987403309714943,0.9291714152897355
n510,laplace,301071,Oracle04,1.89944398117067,12,0.7987403309714943,0.9318619468948537
n510,laplace,301071,Plug,1.911334489326891,12,0.7987403309714943,0.9329981573035677
n510,laplace,301071,Dlow,1.9752925698812371,12,0.7987403309714943,0.9387924996344739
n510,laplace,301071,S,1.979239212317332,12,0.7987403309714943,0.9391331712908608
n510,laplace,301067,CP_PAC,3.0074774368186326,21,0.8521131302088604,0.9857815573612505
n510,laplace,301067,Oracle,2.811573862170444,21,0.8521131302088604,0.981242580299762
n510,laplace,301067,Oracle04,2.844517315498365,21,0.8521131302088604,0.982096426800676
n510,laplace,301067,Plug,2.8190546758220947,21,0.8521131302088604,0.9814399778021305
n510,laplace,301067,Dlow,2.8705554511753886,21,0.8521131302088604,0.9827437080381061
n510,laplace,301067,S,2.876290832420433,21,0.8521131302088604,0.9828831086458718
n510,laplace,301072,CP_PAC,2.5059625568766584,15,0.8778380709831526,0.9711015186802496
n510,laplace,301072,Oracle,2.262460293093705,15,0.8778380709831526,0.9592215706925171
n510,laplace,301072,Oracle04,2.291732482781454,15,0.8778380709831526,0.9608752162964354
n510,laplace,301072,Plug,2.264870732451297,15,0.8778380709831526,0.9593603426401909
n510,laplace,301072,Dlow,2.3255562094812543,15,0.8778380709831526,0.9627026548888142
n510,laplace,301072,S,2.330202680066832,15,0.8778380709831526,0.962946936060195
n510,laplace,301075,CP_PAC,2.2015756515925298,11,0.9510532992251739,0.9555547926984382
n510,laplace,301075,Oracle,1.903037292799685,11,0.9510532992251739,0.9322073264208437
n510,laplace,301075,Oracle04,1.930553394532809,11,0.9510532992251739,0.9347947175026667
n510,laplace,301075,Plug,1.8730604527082562,11,0.9510532992251739,0.9292715579829978
n510,laplace,301075,Dlow,1.9495541706067037,11,0.9510532992251739,0.9365235271890957
n510,laplace,301075,S,1.9534493876183514,11,0.9510532992251739,0.936872236705308
n510,laplace,301073,CP_PAC,2.7619647821885844,18,0.8813754996835407,0.9798793384438731
n510,laplace,301073,Oracle,2.547350274947363,18,0.8813754996835407,0.9727444281426596
n510,laplace,301073,Oracle04,2.5784028941536916,18,0.8813754996835407,0.9739154564748043
n510,laplace,301073,Plug,2.5485568386033695,18,0.8813754996835407,0.9727908957233442
n510,laplace,301073,Dlow,2.6044036084692475,18,0.8813754996835407,0.9748571798671837
n510,laplace,301073,S,2.609607217270612,18,0.8813754996835407,0.9750415270971844
n510,laplace,301074,CP_PAC,2.7254351627341302,17,0.9034600483058892,0.9788125736617257
n510,laplace,301074,Oracle,2.5075203281258442,17,0.9034600483058892,0.9711651125729768
n510,laplace,301074,Oracle04,2.5383221675631473,17,0.9034600483058892,0.9723942069464804
n510,laplace,301074,Plug,2.5022911081240746,17,0.9034600483058892,0.970951081407676
n510,laplace,301074,Dlow,2.560349621065773,17,0.9034600483058892,0.9732409128966348
n510,laplace,301074,S,2.565465209824529,17,0.9034600483058892,0.9734338038693617
n510,laplace,301077,CP_PAC,2.6817304651020937,16,0.9209637018045271,0.9774617090083022
n510,laplace,301077,Oracle,2.459740618615028,16,0.9209637018045271,0.9691493834298917
n510,laplace,301077,Oracle04,2.4902696552651498,16,0.9209637018045271,0.9704530016935065
n510,laplace,301077,Plug,2.4490216421011013,16,0.9209637018045271,0.9686781587353188
n510,laplace,301077,Dlow,2.509126043695206,16,0.9209637018045271,0.9712305172591962
n510,laplace,301077,S,2.5141392875419917,16,0.9209637018045271,0.9714337657177101
n510,laplace,301079,CP_PAC,2.077063579984454,10,0.8941577047253086,0.9469972502513175
n510,laplace,301079,Oracle,1.7465479677401974,10,0.8941577047253086,0.9154144493717207
n510,laplace,301079,Oracle04,1.7735825835655215,10,0.8941577047253086,0.9185873443845352
n510,laplace,301079,Plug,1.7419556784630987,10,0.8941577047253086,0.9148633226899587
n510,laplace,301079,Dlow,1.8198911098968744,10,0.8941577047253086,0.923748232974513
n510,laplace,301079,S,1.823527259595865,10,0.8941577047253086,0.9241393353994729
n510,laplace,301078,CP_PAC,2.518978818131617,15,0.8705809846748881,0.971628609205271
n510,laplace,301078,Oracle,2.277356866372621,15,0.8705809846748881,0.9600716614080393
n510,laplace,301078,Oracle04,2.3067159677400846,15,0.8705809846748881,0.9616955425139815
n510,laplace,301078,Plug,2.281350815797644,15,0.8705809846748881,0.9602965528161833
n510,laplace,301078,Dlow,2.3420119758660096,15,0.8705809846748881,0.9635606155727887
n510,laplace,301078,S,2.346691325138483,15,0.8705809846748881,0.9638009606832592
n510,laplace,301076,CP_PAC,2.728370689417514,18,0.8435948460029659,0.9789003501232232
n510,laplace,301076,Oracle,2.5108038499040437,18,0.8435948460029659,0.9712986998828335
n510,laplace,301076,Oracle04,2.5416472696112344,18,0.8435948460029659,0.9725237158093785
n510,laplace,301076,Plug,2.5225341046743153,18,0.8435948460029659,0.9717709006824797
n510,laplace,301076,Dlow,2.5763993009666266,18,0.8435948460029659,0.9738414408824796
n510,laplace,301076,S,2.5815469570498633,18,0.8435948460029659,0.9740311807058428
n510,laplace,301082,CP_PAC,2.2334448718747604,11,0.9046772724243597,0.9575134629537452
n510,laplace,301082,Oracle,1.9418674685652428,11,0.9046772724243597,0.9358297332547894
n510,laplace,301082,Oracle04,1.9695086189357132,11,0.9046772724243597,0.938289784845268
n510,laplace,301082,Plug,1.9331952774823926,11,0.9046772724243597,0.9350378820747576
n510,laplace,301082,Dlow,2.004669521929946,11,0.9046772724243597,0.9412832841948797
n510,laplace,301082,S,2.0086748596334494,11,0.9046772724243597,0.9416149391299298
n510,laplace,301080,CP_PAC,2.6929745357787613,17,0.8573902540266966,0.9778172675787313
n510,laplace,301080,Oracle,2.4718925757893127,17,0.8573902540266966,0.9696750358216455
n510,laplace,301080,Oracle04,2.5024720750382694,17,0.8573902540266966,0.9709585148260338
n510,laplace,301080,Plug,2.4796639188336913,17,0.8573902540266966,0.9700064927019676
n510,laplace,301080,Dlow,2.535368025153831,17,0.8573902540266966,0.9722786345379146
n510,laplace,301080,S,2.540433700584278,17,0.8573902540266966,0.972476519263823
n510,laplace,301081,CP_PAC,2.802285607433306,18,0.8802345411067711,0.9809945654482572
n510,laplace,301081,Oracle,2.5916185470391424,18,0.8802345411067711,0.9743984427103647
n510,laplace,301081,Oracle04,2.6230258948684235,18,0.8802345411067711,0.9755106951868
n510,laplace,301081,Plug,2.592868668928879,18,0.8802345411067711,0.9744436647237671
n510,laplace,301081,Dlow,2.6483065526820484,18,0.8802345411067711,0.9763707763825873
n510,laplace,301081,S,2.6535978797411244,18,0.8802345411067711,0.9765469355067808
n510,laplace,301084,CP_PAC,2.453570946829854,14,0.8786720958572913,0.9688790268492966
n510,laplace,301084,Oracle,2.202466690153145,14,0.8786720958572913,0.9556107636680429
n510,laplace,301084,Oracle04,2.23139512971572,14,0.8786720958572913,0.9573901254430983
n510,laplace,301084,Plug,2.2049653928072526,14,0.8786720958572913,0.9557673450574486
n510,laplace,301084,Dlow,2.26676030920567,14,0.8786720958572913,0.9594687976023959
n510,laplace,301084,S,2.2712893053478997,14,0.8786720958572913,0.959727569051323
n510,laplace,301083,CP_PAC,2.6563534750568727,16,0.9106781990538805,0.9766381542502192
n510,laplace,301083,Oracle,2.4315525703332637,16,0.9106781990538805,0.9678947150621198
n510,laplace,301083,Oracle04,2.4618786873764016,16,0.9106781990538805,0.9692425251157963
n510,laplace,301083,Plug,2.4235296907037918,16,0.9106781990538805,0.9675283720607986
n510,laplace,301083,Dlow,2.483616537719689,16,0.9106781990538805,0.9701736841032795
n510,laplace,301083,S,2.4885788134717517,16,0.9106781990538805,0.9703822640337938
n510,laplace,301086,CP_PAC,2.3174052974542123,13,0.8660887697605008,0.9622702360445212
n510,laplace,301086,Oracle,2.0432901459018615,13,0.8660887697605008,0.9444042564881123
n510,laplace,301086,Oracle04,2.0714087877286658,13,0.8660887697605008,0.9465716834358868
n510,laplace,301086,Plug,2.0507172554247846,13,0.8660887697605008,0.944985151376535
n510,laplace,301086,Dlow,2.1159879562288664,13,0.8660887697605008,0.9498360614256127
n510,laplace,301086,S,2.1202157086082627,13,0.8660887697605008,0.9501350940025164
n510,laplace,301087,CP_PAC,2.478494405917331,15,0.853269106140471,0.9699568441631232
n510,laplace,301087,Oracle,2.2314104844289004,15,0.853269106140471,0.9573910506998153
n510,laplace,301087,Oracle04,2.26053136054494,15,0.853269106140471,0.9591101784291272
n510,laplace,301087,Plug,2.241896801399194,15,0.853269106140471,0.9580182744769687
n510,laplace,301087,Dlow,2.301851702958087,15,0.853269106140471,0.9614311335607693
n510,laplace,301087,S,2.3064508118450497,15,0.853269106140471,0.9616811761445399
n510,laplace,301085,CP_PAC,2.7202218769572104,18,0.8686693320548895,0.978655787878175
n510,laplace,301085,Oracle,2.5020803343829527,18,0.8686693320548895,0.9709424212420086
n510,laplace,301085,Oracle04,2.532886359877009,18,0.8686693320548895,0.9721811725771892
n510,laplace,301085,Plug,2.5063475178967867,18,0.8686693320548895,0.9711172472256855
n510,laplace,301085,Dlow,2.562550525573027,18,0.8686693320548895,0.9733240723804155
n510,laplace,301085,S,2.56767051174777,18,0.8686693320548895,0.9735165286021128
n510,laplace,301089,CP_PAC,2.4869623276591057,15,0.8400101519002824,0.9703144787751208
n510,laplace,301089,Oracle,2.2409714617354144,15,0.8400101519002824,0.957963300056877
n510,laplace,301089,Oracle04,2.2701334977411562,15,0.8400101519002824,0.9596616875662902
n510,laplace,301089,Plug,2.2555891420254874,15,0.8400101519002824,0.9588233839679368
n510,laplace,301089,Dlow,2.3145962550507204,15,0.8400101519002824,0.9621200532079699
n510,laplace,301089,S,2.3192208276036155,15,0.8400101519002824,0.9623669847437821
n510,laplace,301091,CP_PAC,2.301987896732915,12,0.9501205130979351,0.9614385614822889
n510,laplace,301091,Oracle,2.024955191976326,12,0.9501205130979351,0.9429438321632146
n510,laplace,301091,Oracle04,2.052995020048172,12,0.9501205130979351,0.9451620825943761
n510,laplace,301091,Plug,1.9975706014799655,12,0.9501205130979351,0.9406908352734105
n510,laplace,301091,Dlow,2.070399043272996,12,0.9501205130979351,0.9464953336035862
n510,laplace,301091,S,2.0745357088224052,12,0.9501205130979351,0.9468074289894293
n510,laplace,301092,CP_PAC,2.3170243635785033,13,0.8387586923423946,0.9622499047201822
n510,laplace,301092,Oracle,2.0429023012566816,13,0.8387586923423946,0.9443737541275954
n510,laplace,301092,Oracle04,2.071030845958184,13,0.8387586923423946,0.9465431188817321
n510,laplace,301092,Plug,2.0616751992786138,13,0.8387586923423946,0.9458311374884887
n510,laplace,301092,Dlow,2.1241550892697743,13,0.8387586923423946,0.9504121252503483
n510,laplace,301092,S,2.1283991596135734,13,0.8387586923423946,0.9507088613584795
n510,laplace,301093,CP_PAC,2.683180887266105,17,0.8597259279946312,0.977507892319738
n510,laplace,301093,Oracle,2.4610973658473387,17,0.8597259279946312,0.9692085206914371
n510,laplace,301093,Oracle04,2.4915997467752167,17,0.8597259279946312,0.9705085283456314
n510,laplace,301093,Plug,2.468110901731127,17,0.8597259279946312,0.9695124205869392
n510,laplace,301093,Dlow,2.524282716039405,17,0.8597259279946312,0.971840622458505
n510,laplace,301093,S,2.5293262429780103,17,0.8597259279946312,0.9720407581214636
n510,laplace,301094,CP_PAC,2.4637086026420696,14,0.8795912297585335,0.9693220192024421
n510,laplace,301094,Oracle,2.214427906835653,14,0.8795912297585335,0.9563553241916571
n510,laplace,301094,Oracle04,2.243463143012431,14,0.8795912297585335,0.9581111670185822
n510,laplace,301094,Plug,2.2176746988176372,14,0.8795912297585335,0.9565552662001067
n510,laplace,301094,Dlow,2.278197472713027,14,0.8795912297585335,0.9601190998897227
n510,laplace,301094,S,2.2827493203535796,14,0.8795912297585335,0.9603750000617082
n510,laplace,301088,CP_PAC,3.1199215604977755,23,0.8724543228266817,0.987871962819304
n510,laplace,301088,Oracle,2.9305282139341013,23,0.8724543228266817,0.9841469401221796
n510,laplace,301088,Oracle04,2.964360719387146,23,0.8724543228266817,0.984887591733838
n510,laplace,301088,Plug,2.9330806550106594,23,0.8724543228266817,0.9842040617036758
n510,laplace,301088,Dlow,2.9850502796079916,23,0.8724543228266817,0.9853233662369836
n510,laplace,301088,S,2.991014421977082,23,0.8724543228266817,0.9854466367491312
n510,laplace,301096,CP_PAC,2.2343807185469653,12,0.8538833838047031,0.9575696561419049
n510,laplace,301096,Oracle,1.943269448481008,12,0.8538833838047031,0.9359568375328025
n510,laplace,301096,Oracle04,1.9709470139324996,12,0.8538833838047031,0.9384151880330922
n510,laplace,301096,Plug,1.9573100025077446,12,0.8538833838047031,0.9372159583287216
n510,laplace,301096,Dlow,2.02377665026509,12,0.8538833838047031,0.9428486568036285
n510,laplace,301096,S,2.027820164087245,12,0.8538833838047031,0.9431745379462209
n510,trunc_laplace,302001,CP_PAC,2.069066643994727,10,0.9131934200982308,0.9478423983542361
n510,trunc_laplace,302001,Oracle,1.736166738218798,10,0.9131934200982308,0.8964393436572751
n510,trunc_laplace,302001,Oracle04,1.76316886828295,10,0.9131934200982308,0.9013055712212492
n510,trunc_laplace,302001,Plug,1.720378825579847,10,0.9131934200982308,0.8935299573223705
n510,trunc_laplace,302001,Dlow,1.801771407984345,10,0.9131934200982308,0.9080286176469625
n510,trunc_laplace,302001,S,1.805371354446616,10,0.9131934200982308,0.9086418972685708
n510,laplace,301095,CP_PAC,2.830111942272488,20,0.8140261433901592,0.9817279496840918
n510,laplace,301095,Oracle,2.621984208086118,20,0.8140261433901592,0.9754745917503316
n510,laplace,301095,Oracle04,2.653634193868051,20,0.8140261433901592,0.9765481399298106
n510,laplace,301095,Plug,2.639317954434955,20,0.8140261433901592,0.9760684892398039
n510,laplace,301095,Dlow,2.6909137053461682,20,0.8140261433901592,0.977752522715641
n510,laplace,301095,S,2.696290161666271,20,0.8140261433901592,0.9779210389973891
n510,laplace,301098,CP_PAC,2.648366707725473,16,0.9055467311300839,0.9763727864842451
n510,laplace,301098,Oracle,2.42269214873056,16,0.9055467311300839,0.9674898878248073
n510,laplace,301098,Oracle04,2.4529718137817995,16,0.9055467311300839,0.9688526468095919
n510,laplace,301098,Plug,2.417307966762531,16,0.9055467311300839,0.9672413985283177
n510,laplace,301098,Dlow,2.476071820353434,16,0.9055467311300839,0.9698537381856724
n510,laplace,301098,S,2.481019021730096,16,0.9055467311300839,0.9700639173641303
n510,laplace,301099,CP_PAC,2.623345112246514,17,0.8568073872205844,0.9755217481813336
n510,laplace,301099,Oracle,2.3948188974329723,17,0.8568073872205844,0.9661827876225719
n510,laplace,301099,Oracle04,2.4249063189162863,17,0.8568073872205844,0.9675915278318952
n510,laplace,301099,Plug,2.4026446518143465,17,0.8568073872205844,0.9665549890215854
n510,laplace,301099,Dlow,2.4600972610600698,17,0.8568073872205844,0.969164939588298
n510,laplace,301099,S,2.4650125452035243,17,0.8568073872205844,0.9693785389041012
n510,laplace,301097,CP_PAC,2.869024595328783,20,0.8568780065878361,0.9827063084366396
n510,laplace,301097,Oracle,2.6637550873852796,20,0.8568780065878361,0.9768814180504402
n510,laplace,301097,Oracle04,2.695663801000992,20,0.8568780065878361,0.9779014726179243
n510,laplace,301097,Plug,2.6703405796983843,20,0.8568780065878361,0.9770957286496282
n510,laplace,301097,Dlow,2.723935276687437,20,0.8568780065878361,0.9787675840594661
n510,laplace,301097,S,2.729377710238836,20,0.8568780065878361,0.9789303776446037
n510,trunc_laplace,302000,CP_PAC,2.3954915734549966,14,0.8746008430543629,0.9835730396915547
n510,trunc_laplace,302000,Oracle,2.1351381488279233,14,0.8746008430543629,0.9560881588523937
n510,trunc_laplace,302000,Oracle04,2.163705144708328,14,0.8746008430543629,0.9594810978738526
n510,trunc_laplace,302000,Plug,2.1393678469499853,14,0.8746008430543629,0.9565969240799446
n510,trunc_laplace,302000,Dlow,2.202365332939026,14,0.8746008430543629,0.9639147557031296
n510,trunc_laplace,302000,S,2.2067656676617378,14,0.8746008430543629,0.964408158809559
n510,trunc_laplace,302003,CP_PAC,2.5605622705196818,15,0.8831198338933172,0.9975061059889816
n510,trunc_laplace,302003,Oracle,2.324265991150553,15,0.8831198338933172,0.9767794979103577
n510,trunc_laplace,302003,Oracle04,2.3538911281958983,15,0.8831198338933172,0.9796665878811441
n510,trunc_laplace,302003,Plug,2.3243567101694413,15,0.8831198338933172,0.9767884757205492
n510,trunc_laplace,302003,Dlow,2.384684275593327,15,0.8831198338933172,0.9825744309940834
n510,trunc_laplace,302003,S,2.3894488842909194,15,0.8831198338933172,0.983016074907493
n510,trunc_laplace,302002,CP_PAC,2.6186799393640516,17,0.8246650133790417,1.0
n510,trunc_laplace,302002,Oracle,2.3896512447560165,17,0.8246650133790417,0.9830347836776094
n510,trunc_laplace,302002,Oracle04,2.4197126972610157,17,0.8246650133790417,0.9857706363948231
n510,trunc_laplace,302002,Plug,2.407267405146088,17,0.8246650133790417,0.9846484031477689
n510,trunc_laplace,302002,Dlow,2.462434540543282,17,0.8246650133790417,0.9895140327389798
n510,trunc_laplace,302002,S,2.46735449458047,17,0.8246650133790417,0.98993451800601
n510,laplace,301090,CP_PAC,3.48613068802571,25,0.8578936049600195,0.9927744599416095
n510,laplace,301090,Oracle,3.322356779047028,25,0.8578936049600195,0.9908912702850792
n510,laplace,301090,Oracle04,3.3559426868144158,25,0.8578936049600195,0.9913137995019639
n510,laplace,301090,Plug,3.327404106840767,25,0.8578936049600195,0.990956056894031
n510,laplace,301090,Dlow,3.3770706672641593,25,0.8578936049600195,0.9915694995109559
n510,laplace,301090,S,3.3838180679319594,25,0.8578936049600195,0.991649562984243
n510,trunc_laplace,302004,CP_PAC,2.544724138451573,17,0.8012281189764096,0.9962708730767633
n510,trunc_laplace,302004,Oracle,2.3064953337616574,17,0.8012281189764096,0.9750043796125207
n510,trunc_laplace,302004,Oracle04,2.336035805627575,17,0.8012281189764096,0.9779372062462384
n510,trunc_laplace,302004,Plug,2.332729675577035,17,0.8012281189764096,0.9776134411849604
n510,trunc_laplace,302004,Dlow,2.38748338120649,17,0.8012281189764096,0.9828341532579423
n510,trunc_laplace,302004,S,2.392253582528266,17,0.8012281189764096,0.9832750252253579
n510,trunc_laplace,302006,CP_PAC,2.4842166969099377,14,0.9285851341327139,0.9913593891860195
n510,trunc_laplace,302006,Oracle,2.237656777661601,14,0.9285851341327139,0.9678089091005708
n510,trunc_laplace,302006,Oracle04,2.266786037061382,14,0.9285851341327139,0.9709168608523493
n510,trunc_laplace,302006,Plug,2.2227636853096073,14,0.9285851341327139,0.9661830301099612
n510,trunc_laplace,302006,Dlow,2.287367933161994,14,0.9285851341327139,0.9730566082444285
n510,trunc_laplace,302006,S,2.2919381034191137,14,0.9285851341327139,0.9735255347204035
n510,trunc_laplace,302007,CP_PAC,2.2617583864972817,12,0.8715425664794795,0.9703871549577656
n510,trunc_laplace,302007,Oracle,1.976650842173864,12,0.8715425664794795,0.9353126730412704
n510,trunc_laplace,302007,Oracle04,2.0044800460937933,12,0.8715425664794795,0.9392136354692684
n510,trunc_laplace,302007,Plug,1.9827406593285821,12,0.8715425664794795,0.9361760184556669
n510,trunc_laplace,302007,Dlow,2.049906079922658,12,0.8715425664794795,0.9453429121322929
n510,trunc_laplace,302007,S,2.0540018004495257,12,0.8715425664794795,0.9458814025608613
n510,trunc_laplace,302005,CP_PAC,2.6513872744627873,15,0.9581073697337339,1.0
n510,trunc_laplace,302005,Oracle,2.4259449495059977,15,0.9581073697337339,0.9863271687280284
n510,trunc_laplace,302005,Oracle04,2.456237857811229,15,0.9581073697337339,0.9889813518169135
n510,trunc_laplace,302005,Plug,2.405262365940071,15,0.9581073697337339,0.9844662356616509
n510,trunc_laplace,302005,Dlow,2.466658116520713,15,0.9581073697337339,0.9898751328733182
n510,trunc_laplace,302005,S,2.471586509279556,15,0.9581073697337339,0.9902944860141765
n510,trunc_laplace,302008,CP_PAC,2.5068940851450217,14,0.8999368073896218,0.9932365580510032
n510,trunc_laplace,302008,Oracle,2.263432597383098,14,0.8999368073896218,0.970563855945531
n510,trunc_laplace,302008,Oracle04,2.2926992284772783,14,0.8999368073896218,0.9736034137412077
n510,trunc_laplace,302008,Plug,2.258885997220339,14,0.8999368073896218,0.9700832750382093
n510,trunc_laplace,302008,Dlow,2.3206171684711028,14,0.8999368073896218,0.9764176949773282
n510,trunc_laplace,302008,S,2.325253770833035,14,0.8999368073896218,0.9768772056581461
n510,trunc_laplace,302011,CP_PAC,2.2562796592114234,11,0.9383279257814277,0.9698067526366612
n510,trunc_laplace,302011,Oracle,1.9698256036213768,11,0.9383279257814277,0.934338528159234
n510,trunc_laplace,302011,Oracle04,1.9976055295133295,11,0.9383279257814277,0.938260504246581
n510,trunc_laplace,302011,Plug,1.9464736650180143,11,0.9383279257814277,0.9309526333543394
n510,trunc_laplace,302011,Dlow,2.0200862771633448,11,0.9383279257814277,0.9413521915796528
n510,trunc_laplace,302011,S,2.024122417605318,11,0.9383279257814277,0.9418996302977805
n510,trunc_laplace,302012,CP_PAC,2.0517021354094926,9,0.9610948582399995,0.9455793342043934
n510,trunc_laplace,302012,Oracle,1.7135518178210623,9,0.9610948582399995,0.8922569665462274
n510,trunc_laplace,302012,Oracle04,1.7404927361651028,9,0.9610948582399995,0.8972282087644694
n510,trunc_laplace,302012,Plug,1.672248995335766,9,0.9610948582399995,0.8843591247268425
n510,trunc_laplace,302012,Dlow,1.7584451286229796,9,0.9610948582399995,0.9004641363981483
n510,trunc_laplace,302012,S,1.7619585090062135,9,0.9610948582399995,0.9010903660731233
n510,trunc_laplace,302010,CP_PAC,2.3052753585872585,13,0.8549589359340826,0.9748813045972113
n510,trunc_laplace,302010,Oracle,2.028834774277028,13,0.8549589359340826,0.942535877695222
n510,trunc_laplace,302010,Oracle04,2.0568919213300276,13,0.8549589359340826,0.946260003124531
n510,trunc_laplace,302010,Plug,2.0414628956010374,13,0.8549589359340826,0.944225547248446
n510,trunc_laplace,302010,Dlow,2.1055675996058794,13,0.8549589359340826,0.9524678977487773
n510,trunc_laplace,302010,S,2.109774532071165,13,0.8549589359340826,0.9529897816663191
n510,trunc_laplace,302009,CP_PAC,2.3957043472842363,14,0.8637535434911903,0.9835925875029945
n510,trunc_laplace,302009,Oracle,2.1355990157806137,14,0.8637535434911903,0.9561437028188462
n510,trunc_laplace,302009,Oracle04,2.1641825077187606,14,0.8637535434911903,0.9595369404927867
n510,trunc_laplace,302009,Plug,2.1431513194786045,14,0.8637535434911903,0.9570501175241344
n510,trunc_laplace,302009,Dlow,2.2060134329510674,14,0.8637535434911903,0.9643239722254422
n510,trunc_laplace,302009,S,2.2104210565921587,14,0.8637535434911903,0.9648163137500667
n510,trunc_laplace,302013,CP_PAC,2.533045810860907,15,0.9023887330813612,0.9953469078230222
n510,trunc_laplace,302013,Oracle,2.2934461699209976,15,0.9023887330813612,0.9736797813950884
n510,trunc_laplace,302013,Oracle04,2.322921293110467,15,0.9023887330813612,0.9766463231276297
n510,trunc_laplace,302013,Plug,2.287791391661485,15,0.9023887330813612,0.9731001516137652
n510,trunc_laplace,302013,Dlow,2.349492615813134,15,0.9023887330813612,0.9792435539888023
n510,trunc_laplace,302013,S,2.3541869114340694,15,0.9023887330813612,0.9796949657180996
n510,trunc_laplace,302014,CP_PAC,2.5233479464131867,15,0.8586237125820841,0.994571032630684
n510,trunc_laplace,302014,Oracle,2.28273282817151,15,0.8586237125820841,0.9725787303820352
n510,trunc_laplace,302014,Oracle04,2.31217432412643,15,0.8586237125820841,0.9755752375715481
n510,trunc_laplace,302014,Plug,2.2914226589062343,15,0.8586237125820841,0.9734727588367675
n510,trunc_laplace,302014,Dlow,2.3503519903378005,15,0.8586237125820841,0.9793263583194483
n510,trunc_laplace,302014,S,2.3550480029924654,15,0.8586237125820841,0.9797775301596925
n510,trunc_laplace,302015,CP_PAC,2.3754504664822216,14,0.8666039534756732,0.9817122514631287
n510,trunc_laplace,302015,Oracle,2.1120040980646477,14,0.8666039534756732,0.9532654396777613
n510,trunc_laplace,302015,Oracle04,2.1404769346970656,14,0.8666039534756732,0.9567299586219473
n510,trunc_laplace,302015,Plug,2.1187543173328396,14,0.8666039534756732,0.9540961222304836
n510,trunc_laplace,302015,Dlow,2.182321034439119,14,0.8666039534756732,0.9616383422307513
n510,trunc_laplace,302015,S,2.18668132057345,14,0.8666039534756732,0.9621375945520267
n510,trunc_laplace,302016,CP_PAC,2.523829533097054,16,0.844432605092545,0.9946097473238711
n510,trunc_laplace,302016,Oracle,2.2834176905191703,16,0.844432605092545,0.9726494850217473
n510,trunc_laplace,302016,Oracle04,2.3128824591713686,16,0.844432605092545,0.9756461832160421
n510,trunc_laplace,302016,Plug,2.296741343905566,16,0.844432605092545,0.9740159722730692
n510,trunc_laplace,302016,Dlow,2.3546192115240285,16,0.844432605092545,0.9797364254176442
n510,trunc_laplace,302016,S,2.35932375010365,16,0.844432605092545,0.9801864070862925
n510,trunc_laplace,302017,CP_PAC,2.5351811821448575,16,0.847770120957742,0.9955166959128343
n510,trunc_laplace,302017,Oracle,2.2958286957211973,16,0.847770120957742,0.9739229748014291
n510,trunc_laplace,302017,Oracle04,2.3253179828735746,16,0.847770120957742,0.9768835538068985
n510,trunc_laplace,302017,Plug,2.308099447568935,16,0.847770120957742,0.9751659696051536
n510,trunc_laplace,302017,Dlow,2.3658105514445964,16,0.847770120957742,0.9808032491674068
n510,trunc_laplace,302017,S,2.3705374503660326,16,0.847770120957742,0.9812501173917281
n510,trunc_laplace,302020,CP_PAC,2.362885538346976,12,0.9309293311037602,0.9805256208102064
n510,trunc_laplace,302020,Oracle,2.0970658854236746,12,0.9309293311037602,0.9514062158928138
n510,trunc_laplace,302020,Oracle04,2.1254442686299004,12,0.9309293311037602,0.9549136377673273
n510,trunc_laplace,302020,Plug,2.0791806587180575,12,0.9309293311037602,0.9491417606913166
n510,trunc_laplace,302020,Dlow,2.147923451765356,12,0.9309293311037602,0.9576191903809077
n510,trunc_laplace,302020,S,2.152215011392258,12,0.9309293311037602,0.9581285418701015
n510,trunc_laplace,302021,CP_PAC,2.3216905621191977,12,0.9270492382097414,0.9765242714710882
n510,trunc_laplace,302021,Oracle,2.0483156246496614,12,0.9270492382097414,0.9451331839732311
n510,trunc_laplace,302021,Oracle04,2.076455456779451,12,0.9270492382097414,0.9487929980291758
n510,trunc_laplace,302021,Plug,2.031900940509414,12,0.9270492382097414,0.942948185457708
n510,trunc_laplace,302021,Dlow,2.1011805513904607,12,0.9270492382097414,0.951921225149396
n510,trunc_laplace,302021,S,2.1053787185159076,12,0.9270492382097414,0.9524444126637692
n510,trunc_laplace,302019,CP_PAC,2.4148520976746193,14,0.88004533296114,0.9853340729160944
n510,trunc_laplace,302019,Oracle,2.1577638351415582,14,0.88004533296114,0.958783743250772
n510,trunc_laplace,302019,Oracle04,2.186453479353702,14,0.88004533296114,0.9621115629409025
n510,trunc_laplace,302019,Plug,2.159913559588907,14,0.88004533296114,0.9590365638579548
n510,trunc_laplace,302019,Dlow,2.22280728559315,14,0.88004533296114,0.9661878269100768
n510,trunc_laplace,302019,S,2.2272484634188285,14,0.88004533296114,0.9666752937505732
n510,trunc_laplace,302022,CP_PAC,2.359116527450041,13,0.8607977609447031,0.9801666330210299
n510,trunc_laplace,302022,Oracle,2.092836580148033,13,0.8607977609447031,0.9508745492998052
n510,trunc_laplace,302022,Oracle04,2.121214285183539,13,0.8607977609447031,0.954397394944067
n510,trunc_laplace,302022,Plug,2.102264555549598,13,0.8607977609447031,0.9520565363087834
n510,trunc_laplace,302022,Dlow,2.165513842605782,13,0.8607977609447031,0.9596925351556407
n510,trunc_laplace,302022,S,2.169840547903769,13,0.8607977609447031,0.9601967127173618
n510,trunc_laplace,302018,CP_PAC,2.9127028181421286,19,0.9107266698762535,1.0
n510,trunc_laplace,302018,Oracle,2.7103720745226685,19,0.9107266698762535,1.0
n510,trunc_laplace,302018,Oracle04,2.74256815880493,19,0.9107266698762535,1.0
n510,trunc_laplace,302018,Plug,2.704894331825069,19,0.9107266698762535,1.0
n510,trunc_laplace,302018,Dlow,2.7599537826049994,19,0.9107266698762535,1.0
n510,trunc_laplace,302018,S,2.765468181274936,19,0.9107266698762535,1.0
n510,trunc_laplace,302023,CP_PAC,2.47499873224273,14,0.9143179452636447,0.9905835690671525
n510,trunc_laplace,302023,Oracle,2.2272469037427154,14,0.9143179452636447,0.9666751229554773
n510,trunc_laplace,302023,Oracle04,2.256333783532972,14,0.9143179452636447,0.9698125026649107
n510,trunc_laplace,302023,Plug,2.2176872573223037,14,0.9143179452636447,0.9656230395489991
n510,trunc_laplace,302023,Dlow,2.28111295979354,14,0.9143179452636447,0.9724111769168813
n510,trunc_laplace,302023,S,2.2856706325889116,14,0.9143179452636447,0.9728818851431631
n510,trunc_laplace,302024,CP_PAC,2.5560012904278704,15,0.9135581738900905,0.9971524798802975
n510,trunc_laplace,302024,Oracle,2.3193697981994337,15,0.9135581738900905,0.9762936944744267
n510,trunc_laplace,302024,Oracle04,2.3489975329073474,15,0.9135581738900905,0.9791958169720276
n510,trunc_laplace,302024,Plug,2.310237077538924,15,0.9135581738900905,0.9753808834363951
n510,trunc_laplace,302024,Dlow,2.372118165093805,15,0.9135581738900905,0.981399062973003
n510,trunc_laplace,302024,S,2.37685766665248,15,0.9135581738900905,0.9818441815183545
n510,trunc_laplace,302026,CP_PAC,2.6421728121918293,16,0.8931271311436747,1.0
n510,trunc_laplace,302026,Oracle,2.4155596088698394,16,0.8931271311436747,0.9853977570242494
n510,trunc_laplace,302026,Oracle04,2.445754693387338,16,0.8931271311436747,0.988072318937911
n510,trunc_laplace,302026,Plug,2.4129335421506175,16,0.8931271311436747,0.9851611442540196
n510,trunc_laplace,302026,Dlow,2.471948471936679,16,0.8931271311436747,0.9903252002448404
n510,trunc_laplace,302026,S,2.476887434846752,16,0.8931271311436747,0.9907431378812581
n510,trunc_laplace,302025,CP_PAC,2.7641056321045427,19,0.8488754005644,1.0
n510,trunc_laplace,302025,Oracle,2.549882182145362,19,0.8488754005644,0.9966753972556668
n510,trunc_laplace,302025,Oracle04,2.580984333420383,19,0.8488754005644,0.9990690197602152
n510,trunc_laplace,302025,Plug,2.5594402793036735,19,0.8488754005644,0.997419270690137
n510,trunc_laplace,302025,Dlow,2.613591493056198,19,0.8488754005644,1.0
n510,trunc_laplace,302025,S,2.6188134592876273,19,0.8488754005644,1.0
n510,trunc_laplace,302027,CP_PAC,2.472771663080648,16,0.8144137804144218,0.9903950087185285
n510,trunc_laplace,302027,Oracle,2.2245195482979496,16,0.8144137804144218,0.9663760336051672
n510,trunc_laplace,302027,Oracle04,2.253568801802334,16,0.8144137804144218,0.9695183424558782
n510,trunc_laplace,302027,Plug,2.248088010413784,16,0.8144137804144218,0.9689327398507357
n510,trunc_laplace,302027,Dlow,2.3053535817885913,16,0.8144137804144218,0.9748892007049079
n510,trunc_laplace,302027,S,2.3099596874434303,16,0.8144137804144218,0.9753530221372735
n510,trunc_laplace,302029,CP_PAC,2.4262028986895636,13,0.9454606001729233,0.9863501253917868
n510,trunc_laplace,302029,Oracle,2.1708552348386103,13,0.9454606001729233,0.9603146220330585
n510,trunc_laplace,302029,Oracle04,2.19961259264586,13,0.9454606001729233,0.9636049415092649
n510,trunc_laplace,302029,Plug,2.1492181381207844,13,0.9454606001729233,0.9577730928006072
n510,trunc_laplace,302029,Dlow,2.216353211676685,13,0.9454606001729233,0.9654753857465865
n510,trunc_laplace,302029,S,2.220781494236926,13,0.9454606001729233,0.96596472357666
n510,trunc_laplace,302033,CP_PAC,2.15678236802666,11,0.8847584602129248,0.9586681281518843
n510,trunc_laplace,302033,Oracle,1.8473039190315939,11,0.8847584602129248,0.9156183616965496
n510,trunc_laplace,302033,Oracle04,1.8746022585184747,11,0.8847584602129248,0.9199988223140978
n510,trunc_laplace,302033,Plug,1.84797555003444,11,0.8847584602129248,0.9157276391192379
n510,trunc_laplace,302033,Dlow,1.9204628102828312,11,0.8847584602129248,0.9270828365456327
n510,trunc_laplace,302033,S,1.9242999026404763,11,0.8847584602129248,0.927660327267684
n510,trunc_laplace,302030,CP_PAC,2.4217541452962976,13,0.9116943675321076,0.985953333733842
n510,trunc_laplace,302030,Oracle,2.165980680482873,13,0.9116943675321076,0.9597470438978408
n510,trunc_laplace,302030,Oracle04,2.1947429203894466,13,0.9116943675321076,0.9630546883295175
n510,trunc_laplace,302030,Plug,2.156905533549214,13,0.9116943675321076,0.9586826433289684
n510,trunc_laplace,302030,Dlow,2.2216257686609504,13,0.9116943675321076,0.9660577620380635
n510,trunc_laplace,302030,S,2.2260645858110837,13,0.9116943675321076,0.9665455711643038
n510,trunc_laplace,302028,CP_PAC,2.9138920488459004,19,0.9207161016994497,1.0
n510,trunc_laplace,302028,Oracle,2.7116186717440742,19,0.9207161016994497,1.0
n510,trunc_laplace,302028,Oracle04,2.743810390864555,19,0.9207161016994497,1.0
n510,trunc_laplace,302028,Plug,2.7029214118978775,19,0.9207161016994497,1.0
n510,trunc_laplace,302028,Dlow,2.7593038090981037,19,0.9207161016994497,1.0
n510,trunc_laplace,302028,S,2.7648169091183807,19,0.9207161016994497,1.0
n510,trunc_laplace,302032,CP_PAC,2.5519093341698866,14,0.97677264422687,0.9968337836721171
n510,trunc_laplace,302032,Oracle,2.314668392607791,14,0.97677264422687,0.9758248772600138
n510,trunc_laplace,302032,Oracle04,2.3442556172702944,14,0.97677264422687,0.9787373397544519
n510,trunc_laplace,302032,Plug,2.2838344595770383,14,0.97677264422687,0.9726925176212704
n510,trunc_laplace,302032,Dlow,2.3506405047010404,14,0.97677264422687,0.9793541412472351
n510,trunc_laplace,302032,S,2.3553370938085543,14,0.97677264422687,0.9798052325655529
n510,trunc_laplace,302034,CP_PAC,2.6673084634864477,15,0.9780344126807964,1.0
n510,trunc_laplace,302034,Oracle,2.443581554183778,15,0.9780344126807964,0.9878826311982365
n510,trunc_laplace,302034,Oracle04,2.473972308826375,15,0.9780344126807964,0.9904967187913267
n510,trunc_laplace,302034,Plug,2.4154710127886494,15,0.9780344126807964,0.985389784936388
n510,trunc_laplace,302034,Dlow,2.47940012713514,15,0.9780344126807964,0.9909549383440199
n510,trunc_laplace,302034,S,2.4843539784820314,15,0.9780344126807964,0.991370887062851
n510,trunc_laplace,302035,CP_PAC,2.281945524499395,13,0.8252174869393284,0.9724973298296329
n510,trunc_laplace,302035,Oracle,2.000761768638313,13,0.8252174869393284,0.9386989560586261
n510,trunc_laplace,302035,Oracle04,2.028676777712426,13,0.8252174869393284,0.9425145961317107
n510,trunc_laplace,302035,Plug,2.0255964076094717,13,0.8252174869393284,0.942098979950321
n510,trunc_laplace,302035,Dlow,2.0881037053535585,13,0.8252174869393284,0.9502767913877568
n510,trunc_laplace,302035,S,2.0922757448884473,13,0.8252174869393284,0.9508038703242785
n510,trunc_laplace,302031,CP_PAC,2.5880293885724215,16,0.8779305286429994,0.9996005052385786
n510,trunc_laplace,302031,Oracle,2.3554321773273523,16,0.8779305286429994,0.9798143422099237
n510,trunc_laplace,302031,Oracle04,2.385287582616691,16,0.8779305286429994,0.982630474522034
n510,trunc_laplace,302031,Plug,2.357834496102972,16,0.8779305286429994,0.9800442010850303
n510,trunc_laplace,302031,Dlow,2.4165334618172376,16,0.8779305286429994,0.9854853381102195
n510,trunc_laplace,302031,S,2.4213617053159844,16,0.8779305286429994,0.9859182429098499
n510,trunc_laplace,302036,CP_PAC,2.326558824596341,13,0.8949825564408814,0.9770061427930923
n510,trunc_laplace,302036,Oracle,2.0540977318983926,13,0.8949825564408814,0.9458939877271528
n510,trunc_laplace,302036,Oracle04,2.0822628116886874,13,0.8949825564408814,0.9495350120097061
n510,trunc_laplace,302036,Plug,2.0504483953687815,13,0.8949825564408814,0.9454143459978814
n510,trunc_laplace,302036,Dlow,2.117266394388359,13,0.8949825564408814,0.9539135204906064
n510,trunc_laplace,302036,S,2.1214967010922994,13,0.8949825564408814,0.9544319330304143
n510,trunc_laplace,302038,CP_PAC,2.3152615128582106,13,0.8484202246999722,0.9758841491343646
n510,trunc_laplace,302038,Oracle,2.0407622472101674,13,0.8484202246999722,0.9441323810195192
n510,trunc_laplace,302038,Oracle04,2.0688727614201956,13,0.8484202246999722,0.9478173558274792
n510,trunc_laplace,302038,Plug,2.054970149307521,13,0.8484202246999722,0.9460083816534803
n510,trunc_laplace,302038,Dlow,2.119102637653936,13,0.8484202246999722,0.9541388280776095
n510,trunc_laplace,302038,S,2.1233366131792475,13,0.8484202246999722,0.9546566964102703
n510,trunc_laplace,302039,CP_PAC,2.08811927399389,10,0.938467384599665,0.950278762534738
n510,trunc_laplace,302039,Oracle,1.7607564664332414,10,0.938467384599665,0.9008763705935214
n510,trunc_laplace,302039,Oracle04,1.7878278617284795,10,0.938467384599665,0.9056313704348953
n510,trunc_laplace,302039,Plug,1.7329957435903078,10,0.938467384599665,0.8958588335222835
n510,trunc_laplace,302039,Dlow,1.814841102567084,10,0.938467384599665,0.9102441912719257
n510,trunc_laplace,302039,S,1.8184671623312798,10,0.938467384599665,0.9108535472748052
n510,trunc_laplace,302037,CP_PAC,2.5689108949837784,15,0.9020705925571167,0.9981490572780032
n510,trunc_laplace,302037,Oracle,2.333775302552146,15,0.9020705925571167,0.9777159588309852
n510,trunc_laplace,302037,Oracle04,2.3634792123302883,15,0.9020705925571167,0.9805820380586148
n510,trunc_laplace,302037,Plug,2.328481749178257,15,0.9020705925571167,0.9771958049920542
n510,trunc_laplace,302037,Dlow,2.389245828361194,15,0.9020705925571167,0.9829972978701034
n510,trunc_laplace,302037,S,2.3940195510594173,15,0.9020705925571167,0.9834376841661414
n510,trunc_laplace,302041,CP_PAC,2.5589271776051303,14,0.9766521878268416,0.9973795258623328
n510,trunc_laplace,302041,Oracle,2.3224115231286038,14,0.9766521878268416,0.9765957882194725
n510,trunc_laplace,302041,Oracle04,2.3520242427381883,14,0.9766521878268416,0.9794872742506784
n510,trunc_laplace,302041,Plug,2.292015316749124,14,0.9766521878268416,0.9735334380780698
n510,trunc_laplace,302041,Dlow,2.3584016047125664,14,0.9766521878268416,0.9800983792403382
n510,trunc_laplace,302041,S,2.3631137005288703,14,0.9766521878268416,0.9805473073531088
n510,trunc_laplace,302040,CP_PAC,2.6629531092657213,16,0.9362900127150751,1.0
n510,trunc_laplace,302040,Oracle,2.438548230254184,16,0.9362900127150751,0.9874416305469036
n510,trunc_laplace,302040,Oracle04,2.4688898104174255,16,0.9362900127150751,0.9900652930727281
n510,trunc_laplace,302040,Plug,2.423753745212066,16,0.9362900127150751,0.9861319091706338
n510,trunc_laplace,302040,Dlow,2.4844595286573687,16,0.9362900127150751,0.9913797261897086
n510,trunc_laplace,302040,S,2.489423488708689,16,0.9362900127150751,0.9917943277678951
n510,trunc_laplace,302044,CP_PAC,2.270649738581926,12,0.862700600785239,0.9713220513363903
n510,trunc_laplace,302044,Oracle,1.987265181763499,12,0.862700600785239,0.9368139126591981
n510,trunc_laplace,302044,Oracle04,2.0151258418589113,12,0.862700600785239,0.9406762224314764
n510,trunc_laplace,302044,Plug,1.9961708236111646,12,0.862700600785239,0.9380607230884732
n510,trunc_laplace,302044,Dlow,2.0630686597514196,12,0.862700600785239,0.9470653286140844
n510,trunc_laplace,302044,S,2.0671906791653045,12,0.862700600785239,0.9475998797207477
n510,trunc_laplace,302043,CP_PAC,2.2184739131047175,12,0.8704109524054017,0.9657100113240211
n510,trunc_laplace,302043,Oracle,1.9238441556934165,12,0.8704109524054017,0.9275918572590596
n510,trunc_laplace,302043,Oracle04,1.9514432878836196,12,0.8704109524054017,0.9316801236581433
n510,trunc_laplace,302043,Plug,1.9306268578748047,12,0.8704109524054017,0.9286075146649284
n510,trunc_laplace,302043,Dlow,1.9994121104063631,12,0.8704109524054017,0.9385116436984731
n510,trunc_laplace,302043,S,2.003406943780665,12,0.8704109524054017,0.9390653028164944
n510,trunc_laplace,302045,CP_PAC,2.316493197874659,13,0.8346589436337851,0.9760071171828191
n510,trunc_laplace,302045,Oracle,2.041851589795618,13,0.8346589436337851,0.9442772031213362
n510,trunc_laplace,302045,Oracle04,2.0699328234911496,13,0.8346589436337851,0.9479542151860143
n510,trunc_laplace,302045,Plug,2.062220643572544,13,0.8346589436337851,0.9469550709704428
n510,trunc_laplace,302045,Dlow,2.124356600484932,13,0.8346589436337851,0.9547811121852006
n510,trunc_laplace,302045,S,2.1286010734489436,13,0.8346589436337851,0.9552974244161727
n510,trunc_laplace,302047,CP_PAC,2.135830290494739,11,0.853976593212667,0.9561715661287631
n510,trunc_laplace,302047,Oracle,1.82127799212701,11,0.853976593212667,0.9113243214779567
n510,trunc_laplace,302047,Oracle04,1.8485147096511152,11,0.853976593212667,0.9158153074672417
n510,trunc_laplace,302047,Plug,1.8364832241932523,11,0.853976593212667,0.9138471922567502
n510,trunc_laplace,302047,Dlow,1.9073558845138494,11,0.853976593212667,0.925092692879854
n510,trunc_laplace,302047,S,1.9111667891815114,11,0.853976593212667,0.9256741451643795
n510,trunc_laplace,302042,CP_PAC,2.8468174143724223,19,0.859930115291606,1.0
n510,trunc_laplace,302042,Oracle,2.6399384901135723,19,0.859930115291606,1.0
n510,trunc_laplace,302042,Oracle04,2.6717028310375412,19,0.859930115291606,1.0
n510,trunc_laplace,302042,Plug,2.646319577766949,19,0.859930115291606,1.0
n510,trunc_laplace,302042,Dlow,2.6999037735716884,19,0.859930115291606,1.0
n510,trunc_laplace,302042,S,2.7052981920839763,19,0.859930115291606,1.0
n510,trunc_laplace,302048,CP_PAC,2.5781093912696287,14,0.9654694454209842,0.9988510068898848
n510,trunc_laplace,302048,Oracle,2.344328554571797,14,0.9654694454209842,0.9787444089612505
n510,trunc_laplace,302048,Oracle04,2.374118379021068,14,0.9654694454209842,0.9815871849514166
n510,trunc_laplace,302048,Plug,2.3184366122881332,14,0.9654694454209842,0.9762008213401161
n510,trunc_laplace,302048,Dlow,2.3833367862893167,14,0.9654694454209842,0.9824491300664191
n510,trunc_laplace,302048,S,2.388098702697903,14,0.9654694454209842,0.9828911458593417
n510,trunc_laplace,302046,CP_PAC,2.6793891743241542,16,0.9556137124826518,1.0
n510,trunc_laplace,302046,Oracle,2.457024889145301,16,0.9556137124826518,0.9890491978439631
n510,trunc_laplace,302046,Oracle04,2.4875229727521653,16,0.9556137124826518,0.9916358457748624
n510,trunc_laplace,302046,Plug,2.4368243215746466,16,0.9556137124826518,0.9872900551737129
n510,trunc_laplace,302046,Dlow,2.4982761996221727,16,0.9556137124826518,0.9925284199591486
n510,trunc_laplace,302046,S,2.5032677654372097,16,0.9556137124826518,0.9929393561676938
n510,trunc_laplace,302050,CP_PAC,2.408510303881615,14,0.8766119194650963,0.9847611353656358
n510,trunc_laplace,302050,Oracle,2.150164268901822,14,0.8766119194650963,0.9578854302345237
n510,trunc_laplace,302050,Oracle04,2.1787915892082976,14,0.8766119194650963,0.9612325549717362
n510,trunc_laplace,302050,Plug,2.153813887916215,14,0.8766119194650963,0.9583177252096795
n510,trunc_laplace,302050,Dlow,2.2163788213690383,14,0.8766119194650963,0.9654782221932834
n510,trunc_laplace,302050,S,2.2208071550975474,14,0.8766119194650963,0.9659675525933022
n510,trunc_laplace,302053,CP_PAC,2.179980371469558,11,0.9370646777200261,0.9613693984823946
n510,trunc_laplace,302053,Oracle,1.8764442209800385,11,0.9370646777200261,0.9202899272596934
n510,trunc_laplace,302053,Oracle04,1.9038670017495043,11,0.9370646777200261,0.9245583430284705
n510,trunc_laplace,302053,Plug,1.8511508359775088,11,0.9370646777200261,0.9162432373646208
n510,trunc_laplace,302053,Dlow,1.928770819784809,11,0.9370646777200261,0.9283303009757038
n510,trunc_laplace,302053,S,1.9326245115785885,11,0.9370646777200261,0.9289052807019753
n510,trunc_laplace,302049,CP_PAC,2.8538748210463813,18,0.913692505572346,1.0
n510,trunc_laplace,302049,Oracle,2.6473201248592777,18,0.913692505572346,1.0
n510,trunc_laplace,302049,Oracle04,2.679094717384675,18,0.913692505572346,1.0
n510,trunc_laplace,302049,Plug,2.6401687746565394,18,0.913692505572346,1.0
n510,trunc_laplace,302049,Dlow,2.6967601377680412,18,0.913692505572346,1.0
n510,trunc_laplace,302049,S,2.70214827528345,18,0.913692505572346,1.0
n510,trunc_laplace,302051,CP_PAC,2.564521547091741,15,0.8823617717055845,0.9978117191745375
n510,trunc_laplace,302051,Oracle,2.3286438905081632,15,0.8823617717055845,0.9772117799576461
n510,trunc_laplace,302051,Oracle04,2.358294526456056,15,0.8823617717055845,0.9800881520800249
n510,trunc_laplace,302051,Plug,2.3297296819035074,15,0.8823617717055845,0.9773186878993569
n510,trunc_laplace,302051,Dlow,2.3891586058720993,15,0.8823617717055845,0.9829892309897299
n510,trunc_laplace,302051,S,2.393932154299441,15,0.8823617717055845,0.9834296413144137
n510,trunc_laplace,302054,CP_PAC,2.191437238586536,11,0.9010830064583729,0.9626795639401482
n510,trunc_laplace,302054,Oracle,1.8907841242492514,11,0.9010830064583729,0.9225371902400168
n510,trunc_laplace,302054,Oracle04,1.918273073967568,11,0.9010830064583729,0.9267522391472842
n510,trunc_laplace,302054,Plug,1.8826988863617475,11,0.9010830064583729,0.9212742550469288
n510,trunc_laplace,302054,Dlow,1.9564374549781256,11,0.9010830064583729,0.9324074178185051
n510,trunc_laplace,302054,S,1.960346424819412,11,0.9010830064583729,0.9329740387892607
n510,trunc_laplace,302055,CP_PAC,2.634584527927031,15,0.9374142141852294,1.0
n510,trunc_laplace,302055,Oracle,2.407245296657648,15,0.9374142141852294,0.9846463965614654
n510,trunc_laplace,302055,Oracle04,2.437400045772177,15,0.9374142141852294,0.9873407062734589
n510,trunc_laplace,302055,Plug,2.3911902351006327,15,0.9374142141852294,0.9831769383383384
n510,trunc_laplace,302055,Dlow,2.4531005461886517,15,0.9374142141852294,0.9887103457068234
n510,trunc_laplace,302055,S,2.458001850867876,15,0.9374142141852294,0.9891333393763224
n510,trunc_laplace,302052,CP_PAC,2.9926283331303085,23,0.7781169236390801,1.0
n510,trunc_laplace,302052,Oracle,2.79588759495918,23,0.7781169236390801,1.0
n510,trunc_laplace,302052,Oracle04,2.8287253345931913,23,0.7781169236390801,1.0
n510,trunc_laplace,302052,Plug,2.818279248067101,23,0.7781169236390801,1.0
n510,trunc_laplace,302052,Dlow,2.867121965091041,23,0.7781169236390801,1.0
n510,trunc_laplace,302052,S,2.8728504862171893,23,0.7781169236390801,1.0
n510,trunc_laplace,302058,CP_PAC,2.204558854627571,12,0.8293277554730507,0.9641609951601571
n510,trunc_laplace,302058,Oracle,1.9067426911973062,12,0.8293277554730507,0.9249989182912897
n510,trunc_laplace,302058,Oracle04,1.934271925441794,12,0.8293277554730507,0.9291503743506588
n510,trunc_laplace,302058,Plug,1.9317677260152273,12,0.8293277554730507,0.92877764604044
n510,trunc_laplace,302058,Dlow,1.9974174706215828,12,0.8293277554730507,0.9382343342832258
n510,trunc_laplace,302058,S,2.0014083186976364,12,0.8293277554730507,0.9387885941549867
n510,trunc_laplace,302056,CP_PAC,2.5178842074733563,14,0.9286771297377845,0.9941304387481376
n510,trunc_laplace,302056,Oracle,2.2759460665526845,14,0.9286771297377845,0.9718748361395162
n510,trunc_laplace,302056,Oracle04,2.3052827441561123,14,0.9286771297377845,0.9748820501484101
n510,trunc_laplace,302056,Plug,2.261361426924452,14,0.9286771297377845,0.9703452134389483
n510,trunc_laplace,302056,Dlow,2.3251874698300705,14,0.9286771297377845,0.9768706505436409
n510,trunc_laplace,302056,S,2.329833203672354,14,0.9286771297377845,0.9773288744197726
n510,trunc_laplace,302057,CP_PAC,2.479469963463602,14,0.9209731009887401,0.9909608170798141
n510,trunc_laplace,302057,Oracle,2.232194783721077,14,0.9209731009887401,0.9672155540093028
n510,trunc_laplace,302057,Oracle04,2.261286787130274,14,0.9209731009887401,0.9703373252897027
n510,trunc_laplace,302057,Plug,2.2194858896139724,14,0.9209731009887401,0.9658217894057777
n510,trunc_laplace,302057,Dlow,2.2841075599333878,14,0.9209731009887401,0.972720705872038
n510,trunc_laplace,302057,S,2.288671215951788,14,0.9209731009887401,0.9731905606728186
n510,trunc_laplace,302059,CP_PAC,2.4011595618564257,14,0.866979878821306,0.9840922866201915
n510,trunc_laplace,302059,Oracle,2.1420928998376256,14,0.866979878821306,0.9569235175977249
n510,trunc_laplace,302059,Oracle04,2.1707245496990666,14,0.866979878821306,0.9602994430731338
n510,trunc_laplace,302059,Plug,2.1487204598333287,14,0.866979878821306,0.957713957198338
n510,trunc_laplace,302059,Dlow,2.211386809496163,14,0.866979878821306,0.9649238885574767
n510,trunc_laplace,302059,S,2.2158051691650313,14,0.866979878821306,0.9654146681672997
n510,trunc_laplace,302061,CP_PAC,2.2744329650477426,12,0.8704268608648406,0.9717172231893605
n510,trunc_laplace,302061,Oracle,1.9917912980618406,12,0.8704268608648406,0.9374490266694844
n510,trunc_laplace,302061,Oracle04,2.0196713073536183,12,0.8704268608648406,0.9412957767112098
n510,trunc_laplace,302061,Plug,1.9976892216415116,12,0.8704268608648406,0.9382721490537904
n510,trunc_laplace,302061,Dlow,2.064859439759757,12,0.8704268608648406,0.9472978426532119
n510,trunc_laplace,302061,S,2.0689850371592438,12,0.8704268608648406,0.947831858357528
n510,trunc_laplace,302062,CP_PAC,2.2700536067187436,12,0.904398431535587,0.9712596408412169
n510,trunc_laplace,302062,Oracle,1.986521082498948,12,0.904398431535587,0.9367092118241569
n510,trunc_laplace,302062,Oracle04,2.0143767815770897,12,0.904398431535587,0.9405738420945646
n510,trunc_laplace,302062,Plug,1.977665896939834,12,0.904398431535587,0.9354569571520783
n510,trunc_laplace,302062,Dlow,2.048303486870883,12,0.904398431535587,0.9451315820657411
n510,trunc_laplace,302062,S,2.052396005410439,12,0.904398431535587,0.945670552587774
n510,trunc_laplace,302060,CP_PAC,2.5705859461691167,15,0.9091927840981768,0.9982773847375506
n510,trunc_laplace,302060,Oracle,2.335680199563061,15,0.9091927840981768,0.977902435763983
n510,trunc_laplace,302060,Oracle04,2.3654002280905617,15,0.9091927840981768,0.9807643542804114
n510,trunc_laplace,302060,Plug,2.328383606186146,15,0.9091927840981768,0.9771861341464971
n510,trunc_laplace,302060,Dlow,2.389316444479072,15,0.9091927840981768,0.9830038283519928
n510,trunc_laplace,302060,S,2.3940903082685807,15,0.9091927840981768,0.9834441951947515
n510,trunc_laplace,302065,CP_PAC,2.0866268903359764,10,0.9250438958099232,0.9500896660986868
n510,trunc_laplace,302065,Oracle,1.7588625546961634,10,0.9250438958099232,0.9005386591739373
n510,trunc_laplace,302065,Oracle04,1.7859314361018366,10,0.9250438958099232,0.9053026253139616
n510,trunc_laplace,302065,Plug,1.737815259032786,10,0.9250438958099232,0.8967403786583201
n510,trunc_laplace,302065,Dlow,1.818740691445397,10,0.9250438958099232,0.9108994201751495
n510,trunc_laplace,302065,S,1.822374542603731,10,0.9250438958099232,0.9115076042319239
n510,trunc_laplace,302064,CP_PAC,2.2839563200547,12,0.8832736350885713,0.9727050965306849
n510,trunc_laplace,302064,Oracle,2.003377047342419,12,0.8832736350885713,0.9390611679176923
n510,trunc_laplace,302064,Oracle04,2.0313239482633563,12,0.8832736350885713,0.9428706979259474
n510,trunc_laplace,302064,Plug,2.0047000065633904,12,0.8832736350885713,0.9392440196392273
n510,trunc_laplace,302064,Dlow,2.071817035901951,12,0.8832736350885713,0.9481971032919929
n510,trunc_laplace,302064,S,2.075956534606291,12,0.8832736350885713,0.948729040127454
n510,trunc_laplace,302066,CP_PAC,2.4252282566653047,13,0.940739329973687,0.9862633528950653
n510,trunc_laplace,302066,Oracle,2.1696458489155286,13,0.940739329973687,0.960174073904698
n510,trunc_laplace,302066,Oracle04,2.1983941035670735,13,0.940739329973687,0.9634675192588988
n510,trunc_laplace,302066,Plug,2.150431034218814,13,0.940739329973687,0.9579170841880893
n510,trunc_laplace,302066,Dlow,2.216566302580765,13,0.940739329973687,0.9654989846984559
n510,trunc_laplace,302066,S,2.220995010897483,13,0.940739329973687,0.9659882607066246
n510,trunc_laplace,302063,CP_PAC,2.6871157988206336,17,0.8677713821650552,1.0
n510,trunc_laplace,302063,Oracle,2.4655810187510596,17,0.8677713821650552,0.9897831960539047
n510,trunc_laplace,302063,Oracle04,2.4961403265261555,17,0.8677713821650552,0.9923519271633094
n510,trunc_laplace,302063,Plug,2.470884633581187,17,0.8677713821650552,0.9902348955125988
n510,trunc_laplace,302063,Dlow,2.5269051615748594,17,0.8677713821650552,0.9948565385496217
n510,trunc_laplace,302063,S,2.5319539281701084,17,0.8677713821650552,0.9952599435848719
n510,trunc_laplace,302067,CP_PAC,2.4867473666158477,15,0.861844767181933,0.9915710784872334
n510,trunc_laplace,302067,Oracle,2.2404428550286744,15,0.861844767181933,0.9681102707947522
n510,trunc_laplace,302067,Oracle04,2.2695721767152697,15,0.861844767181933,0.9712092104304368
n510,trunc_laplace,302067,Plug,2.248565962756043,15,0.861844767181933,0.9689839406633913
n510,trunc_laplace,302067,Dlow,2.308318499113626,15,0.861844767181933,0.9751880147327254
n510,trunc_laplace,302067,S,2.3129305286851096,15,0.861844767181933,0.9756509972382901
n510,trunc_laplace,302071,CP_PAC,2.2498082668844788,12,0.8745158096628363,0.9691169035957528
n510,trunc_laplace,302071,Oracle,1.9618905617316134,12,0.8745158096628363,0.9331972318935842
n510,trunc_laplace,302071,Oracle04,1.9896312595396246,12,0.8745158096628363,0.9371462995949238
n510,trunc_laplace,302071,Plug,1.9666896457209584,12,0.8745158096628363,0.933888612218249
n510,trunc_laplace,302071,Dlow,2.0346050188441693,12,0.8745158096628363,0.9433107105817731
n510,trunc_laplace,302071,S,2.0386701677899506,12,0.8745158096628363,0.9438537886794847
n510,trunc_laplace,302072,CP_PAC,2.337315850229091,12,0.9225840293543774,0.978062259852577
n510,trunc_laplace,302072,Oracle,2.066884891530393,12,0.9225840293543774,0.9475603034900135
n510,trunc_laplace,302072,Oracle04,2.095120392460359,12,0.9225840293543774,0.951161938963148
n510,trunc_laplace,302072,Plug,2.052900898694719,12,0.9225840293543774,0.9457368859995512
n510,trunc_laplace,302072,Dlow,2.1208945286383174,12,0.9225840293543774,0.9543582779975539
n510,trunc_laplace,302072,S,2.1251320843689654,12,0.9225840293543774,0.9548756154440152
n510,trunc_laplace,302070,CP_PAC,2.464747619749523,14,0.9136906696324159,0.9897119894893183
n510,trunc_laplace,302070,Oracle,2.215499907088693,14,0.9136906696324159,0.965380833156475
n510,trunc_laplace,302070,Oracle04,2.244515680038233,14,0.9136906696324159,0.9685492432732561
n510,trunc_laplace,302070,Plug,2.204929532474006,14,0.9136906696324159,0.9642025509434065
n510,trunc_laplace,302070,Dlow,2.269728823952257,14,0.9136906696324159,0.9712256222090407
n510,trunc_laplace,302070,S,2.2742637511987946,14,0.9136906696324159,0.9716995814772482
n510,trunc_laplace,302074,CP_PAC,2.2424211572410577,11,0.991262596155037,0.9683237267758926
n510,trunc_laplace,302074,Oracle,1.953115523731768,11,0.991262596155037,0.931924071244945
n510,trunc_laplace,302074,Oracle04,1.9808341688303193,11,0.991262596155037,0.9359063272301806
n510,trunc_laplace,302074,Plug,1.9046246474775874,11,0.991262596155037,0.9246745477780585
n510,trunc_laplace,302074,Dlow,1.9841286578457948,11,0.991262596155037,0.9363720269778621
n510,trunc_laplace,302074,S,1.9880929548208994,11,0.991262596155037,0.9369302916369133
n510,trunc_laplace,302068,CP_PAC,2.7055534625790134,17,0.8984443641586128,1.0
n510,trunc_laplace,302068,Oracle,2.4857961296863547,17,0.8984443641586128,0.9914915735126135
n510,trunc_laplace,302068,Oracle04,2.516477134847953,17,0.8984443641586128,0.9940165657662576
n510,trunc_laplace,302068,Plug,2.4824123754301377,17,0.8984443641586128,0.9912081169749407
n510,trunc_laplace,302068,Dlow,2.540000001551966,17,0.8984443641586128,0.9958984641141906
n510,trunc_laplace,302068,S,2.545074931689738,17,0.8984443641586128,0.996298453376347
n510,trunc_laplace,302075,CP_PAC,2.495846313105244,14,0.934341535549555,0.9923276012607825
n510,trunc_laplace,302075,Oracle,2.2511846806049682,14,0.934341535549555,0.9692640191286097
n510,trunc_laplace,302075,Oracle04,2.2804141586943802,14,0.934341535549555,0.9723388079469406
n510,trunc_laplace,302075,Plug,2.2337261030606466,14,0.934341535549555,0.9673822476239797
n510,trunc_laplace,302075,Dlow,2.299161618605212,14,0.934341535549555,0.9742621663590452
n510,trunc_laplace,302075,S,2.3037553526929044,14,0.934341535549555,0.9747277422343488
n510,trunc_laplace,302069,CP_PAC,2.791840811067757,19,0.8558826157258286,1.0
n510,trunc_laplace,302069,Oracle,2.5800497175554438,19,0.8558826157258286,0.9989982175930143
n510,trunc_laplace,302069,Oracle04,2.6113493816540294,19,0.8558826157258286,1.0
n510,trunc_laplace,302069,Plug,2.587836498954367,19,0.8558826157258286,0.9995860054089278
n510,trunc_laplace,302069,Dlow,2.6417924966764414,19,0.8558826157258286,1.0
n510,trunc_laplace,302069,S,2.647070808625627,19,0.8558826157258286,1.0
n510,trunc_laplace,302076,CP_PAC,2.3144339114337917,14,0.8167000330433044,0.9758014349000264
n510,trunc_laplace,302076,Oracle,2.0396360674260077,14,0.8167000330433044,0.9439824885211991
n510,trunc_laplace,302076,Oracle04,2.067724953425052,14,0.8167000330433044,0.9476689972960741
n510,trunc_laplace,302076,Plug,2.0662615796692223,14,0.8167000330433044,0.9474795929332793
n510,trunc_laplace,302076,Dlow,2.1277808412040358,14,0.8167000330433044,0.9551978266576788
n510,trunc_laplace,302076,S,2.1320321558146667,14,0.8167000330433044,0.9557131255282614
n510,trunc_laplace,302073,CP_PAC,2.5476569522875816,17,0.8136713222378933,0.9965011485132191
n510,trunc_laplace,302073,Oracle,2.3099600610801074,17,0.8136713222378933,0.975353059671084
n510,trunc_laplace,302073,Oracle04,2.33953135547966,17,0.8136713222378933,0.9782783088429374
n510,trunc_laplace,302073,Plug,2.3322137237285805,17,0.8136713222378933,0.9775628138935146
n510,trunc_laplace,302073,Dlow,2.387857119649966,17,0.8136713222378933,0.9828687742000533
n510,trunc_laplace,302073,S,2.392628067702643,17,0.8136713222378933,0.983309543153005
n510,trunc_laplace,302077,CP_PAC,2.531161667602093,16,0.8333580985432325,0.9951967810582154
n510,trunc_laplace,302077,Oracle,2.2910523709117347,16,0.8333580985432325,0.9734348278766403
n510,trunc_laplace,302077,Oracle04,2.320486563500189,16,0.8333580985432325,0.9764047191579466
n510,trunc_laplace,302077,Plug,2.3078595213893056,16,0.8333580985432325,0.9751418178948086
n510,trunc_laplace,302077,Dlow,2.364759892615714,16,0.8333580985432325,0.9807036230871315
n510,trunc_laplace,302077,S,2.369484692316618,16,0.8333580985432325,0.9811507831144977
n510,trunc_laplace,302078,CP_PAC,2.5138305766004243,15,0.8592404752393159,0.9938019291254627
n510,trunc_laplace,302078,Oracle,2.2714345700233625,15,0.8592404752393159,0.9714041580954149
n510,trunc_laplace,302078,Oracle04,2.3007589978373066,15,0.8592404752393159,0.974424314115804
n510,trunc_laplace,302078,Plug,2.279962492420095,15,0.8592404752393159,0.9722920045855865
n510,trunc_laplace,302078,Dlow,2.3391634183894707,15,0.8592404752393159,0.9782424633573736
n510,trunc_laplace,302078,S,2.3438370762327403,15,0.8592404752393159,0.9786967636488293
n510,trunc_laplace,302079,CP_PAC,2.3815636742114266,13,0.8888630597845579,0.9822839825773162
n510,trunc_laplace,302079,Oracle,2.1187883179890226,13,0.8888630597845579,0.9541002915676504
n510,trunc_laplace,302079,Oracle04,2.147259239295371,13,0.8888630597845579,0.9575401531786913
n510,trunc_laplace,302079,Plug,2.1173810249939997,13,0.8888630597845579,0.9539275983316817
n510,trunc_laplace,302079,Dlow,2.1822015953663594,13,0.8888630597845579,0.9616246344929675
n510,trunc_laplace,302079,S,2.1865616428609465,13,0.8888630597845579,0.9621239217498201
n510,trunc_laplace,302080,CP_PAC,2.596806737032572,17,0.8326957033152605,1.0
n510,trunc_laplace,302080,Oracle,2.3652630686841194,17,0.8326957033152605,0.9807513491151809
n510,trunc_laplace,302080,Oracle04,2.395179449882889,17,0.8326957033152605,0.9835443566377287
n510,trunc_laplace,302080,Plug,2.3809870412618723,17,0.8326957033152605,0.9822302091902708
n510,trunc_laplace,302080,Dlow,2.436908302092619,17,0.8326957033152605,0.9872974455119647
n510,trunc_laplace,302080,S,2.441777254603532,17,0.8326957033152605,0.9877248115014128
n510,trunc_laplace,302081,CP_PAC,2.4411597313093303,12,0.9920580166075751,0.9876707292981695
n510,trunc_laplace,302081,Oracle,2.187782214471142,12,0.9920580166075751,0.9622632881870588
n510,trunc_laplace,302081,Oracle04,2.216587759995311,12,0.9920580166075751,0.9655013607292733
n510,trunc_laplace,302081,Plug,2.14838021702163,12,0.9920580166075751,0.9576735108729428
n510,trunc_laplace,302081,Dlow,2.219031004039921,12,0.9920580166075751,0.9657715595200083
n510,trunc_laplace,302081,S,2.2234646368399886,12,0.9920580166075751,0.9662601207087613
n510,trunc_laplace,302082,CP_PAC,2.585750188470537,14,0.9592829857665286,0.9994289874599902
n510,trunc_laplace,302082,Oracle,2.3528054511017635,14,0.9592829857665286,0.9795623515011131
n510,trunc_laplace,302082,Oracle04,2.382644491928786,14,0.9592829857665286,0.982384686179282
n510,trunc_laplace,302082,Plug,2.3300719470866715,14,0.9592829857665286,0.9773523625288938
n510,trunc_laplace,302082,Dlow,2.393410314752829,14,0.9592829857665286,0.9833816027840758
n510,trunc_laplace,302082,S,2.398192358111479,14,0.9592829857665286,0.9838208426628821
n510,trunc_laplace,302083,CP_PAC,2.57195748975263,15,0.932230592115965,0.9983822933323308
n510,trunc_laplace,302083,Oracle,2.337212547138655,15,0.932230592115965,0.9780521738778849
n510,trunc_laplace,302083,Oracle04,2.3669359904205076,15,0.932230592115965,0.980909845044726
n510,trunc_laplace,302083,Plug,2.3223032687165635,15,0.932230592115965,0.9765850532008344
n510,trunc_laplace,302083,Dlow,2.3849191745164506,15,0.932230592115965,0.982596255858158
n510,trunc_laplace,302083,S,2.3896842525430286,15,0.932230592115965,0.9830378349618605
n510,trunc_laplace,302086,CP_PAC,2.296296346776803,11,0.9599212668281384,0.9739706387968146
n510,trunc_laplace,302086,Oracle,2.017975446495666,11,0.9599212668281384,0.9410649715901731
n510,trunc_laplace,302086,Oracle04,2.045970163312161,11,0.9599212668281384,0.944823260059698
n510,trunc_laplace,302086,Plug,1.9867629964031912,11,0.9599212668281384,0.9367432599987686
n510,trunc_laplace,302086,Dlow,2.060082560048719,11,0.9599212668281384,0.9466766476243347
n510,trunc_laplace,302086,S,2.0641986132234833,11,0.9599212668281384,0.9472120918031608
n510,trunc_laplace,302084,CP_PAC,2.4184512429948954,15,0.8273403039755295,0.9856575491969886
n510,trunc_laplace,302084,Oracle,2.161966367091956,15,0.8273403039755295,0.959277457889439
n510,trunc_laplace,302084,Oracle04,2.190684626034078,15,0.8273403039755295,0.9625939775534063
n510,trunc_laplace,302084,Plug,2.1829709549952665,15,0.8273403039755295,0.9617129021433368
n510,trunc_laplace,302084,Dlow,2.2417654586371873,15,0.8273403039755295,0.9682530266285585
n510,trunc_laplace,302084,S,2.246244514968251,15,0.8273403039755295,0.9687350154864247
n510,trunc_laplace,302085,CP_PAC,2.472640337219479,15,0.8661767208684188,0.9903838760060388
n510,trunc_laplace,302085,Oracle,2.2245968029770085,15,0.8661767208684188,0.9663845172814653
n510,trunc_laplace,302085,Oracle04,2.2536725965006967,15,0.8661767208684188,0.9695294002735872
n510,trunc_laplace,302085,Plug,2.2312886143695603,15,0.8661767208684188,0.9671167863832073
n510,trunc_laplace,302085,Dlow,2.2917637143863643,15,0.8661767208684188,0.973507682365599
n510,trunc_laplace,302085,S,2.296342667431909,15,0.8661767208684188,0.9739753586316506
n510,trunc_laplace,302087,CP_PAC,2.391547315207138,13,0.9015550516200443,0.9832098887897578
n510,trunc_laplace,302087,Oracle,2.1309563837013377,13,0.9015550516200443,0.9555829478116977
n510,trunc_laplace,302087,Oracle04,2.1595410935223684,13,0.9015550516200443,0.9589928001855457
n510,trunc_laplace,302087,Plug,2.1249481585812338,13,0.9015550516200443,0.9548532084996144
n510,trunc_laplace,302087,Dlow,2.1903213574847387,13,0.9015550516200443,0.96255264295075
n510,trunc_laplace,302087,S,2.1946976282964363,13,0.9015550516200443,0.9630495573773348
n510,trunc_laplace,302089,CP_PAC,2.3327830347318534,12,0.9119358576600951,0.9776186754476093
n510,trunc_laplace,302089,Oracle,2.0616203744619357,12,0.9119358576600951,0.9468769660153997
n510,trunc_laplace,302089,Oracle04,2.089835173066869,12,0.9119358576600951,0.9504958166139421
n510,trunc_laplace,302089,Plug,2.051204706723605,12,0.9119358576600951,0.945513899988101
n510,trunc_laplace,302089,Dlow,2.119186054995672,12,0.9119358576600951,0.9541490531663626
n510,trunc_laplace,302089,S,2.123420197189165,12,0.9119358576600951,0.9546668967809702
n510,trunc_laplace,302088,CP_PAC,2.332370802701071,14,0.8230644352971092,0.9775782300052906
n510,trunc_laplace,302088,Oracle,2.0606920805980358,14,0.8230644352971092,0.9467560832760706
n510,trunc_laplace,302088,Oracle04,2.088862178900418,14,0.8230644352971092,0.950372784596544
n510,trunc_laplace,302088,Plug,2.0852426486346647,14,0.8230644352971092,0.9499140087501217
n510,trunc_laplace,302088,Dlow,2.1458954721055097,14,0.8230644352971092,0.957377701528602
n510,trunc_laplace,302088,S,2.1501829798209595,14,0.8230644352971092,0.9578876507300353
n510,trunc_laplace,302090,CP_PAC,2.646381787465776,17,0.8698475881516534,1.0
n510,trunc_laplace,302090,Oracle,2.4203535502234663,17,0.8698475881516534,0.9858280307845897
n510,trunc_laplace,302090,Oracle04,2.450597308000439,17,0.8698475881516534,0.9884934749043066
n510,trunc_laplace,302090,Plug,2.4249761489861874,17,0.8698475881516534,0.9862408933543867
n510,trunc_laplace,302090,Dlow,2.4820739229591737,17,0.8698475881516534,0.9911797097905177
n510,trunc_laplace,302090,S,2.48703311656079,17,0.8698475881516534,0.991594946242087
n510,trunc_laplace,302092,CP_PAC,2.694306070605128,16,0.9152035997883664,1.0
n510,trunc_laplace,302092,Oracle,2.4734248265989143,16,0.9152035997883664,0.9904503558325888
n510,trunc_laplace,302092,Oracle04,2.504023835701811,16,0.9152035997883664,0.99300141412481
n510,trunc_laplace,302092,Plug,2.4651055173506196,16,0.9152035997883664,0.9897425762533505
n510,trunc_laplace,302092,Dlow,2.523991807772591,16,0.9152035997883664,0.9946227881848695
n510,trunc_laplace,302092,S,2.529034753475319,16,0.9152035997883664,0.9950269556508624
n510,trunc_laplace,302093,CP_PAC,2.4772432128853894,15,0.855263216801205,0.990773160954324
n510,trunc_laplace,302093,Oracle,2.2295816706485163,15,0.855263216801205,0.9669304848851032
n510,trunc_laplace,302093,Oracle04,2.258648441059285,15,0.855263216801205,0.9700581023712138
n510,trunc_laplace,302093,Plug,2.239291700650187,15,0.855263216801205,0.9679858600135047
n510,trunc_laplace,302093,Dlow,2.299517448750195,15,0.855263216801205,0.9742983095760871
n510,trunc_laplace,302093,S,2.304111893787937,15,0.855263216801205,0.9747637845415547
n510,trunc_laplace,302091,CP_PAC,2.8911133983734336,20,0.8373835961975395,1.0
n510,trunc_laplace,302091,Oracle,2.6873497109832143,20,0.8373835961975395,1.0
n510,trunc_laplace,302091,Oracle04,2.7194042178782425,20,0.8373835961975395,1.0
n510,trunc_laplace,302091,Plug,2.6986703343605116,20,0.8373835961975395,1.0
n510,trunc_laplace,302091,Dlow,2.750724002573836,20,0.8373835961975395,1.0
n510,trunc_laplace,302091,S,2.7562199601064443,20,0.8373835961975395,1.0
n510,trunc_laplace,302095,CP_PAC,2.5661952165053012,14,0.9446999059964093,0.9979405292511836
n510,trunc_laplace,302095,Oracle,2.3303289009014256,14,0.9446999059964093,0.9773776356833861
n510,trunc_laplace,302095,Oracle04,2.359962823871195,14,0.9446999059964093,0.9802473633092208
n510,trunc_laplace,302095,Plug,2.3111260496053068,14,0.9446999059964093,0.9754701182593095
n510,trunc_laplace,302095,Dlow,2.3747976008750697,14,0.9446999059964093,0.9816509771826469
n510,trunc_laplace,302095,S,2.379542455957127,14,0.9446999059964093,0.9820953535979782
n510,trunc_laplace,302096,CP_PAC,2.2142185137802763,12,0.8608373670141545,0.9652386869356324
n510,trunc_laplace,302096,Oracle,1.918513118463989,12,0.8608373670141545,0.9267885169409475
n510,trunc_laplace,302096,Oracle04,1.9460770154596125,12,0.8608373670141545,0.9308944061815221
n510,trunc_laplace,302096,Plug,1.9291202368029046,12,0.8608373670141545,0.9283825301329238
n510,trunc_laplace,302096,Dlow,1.9976438990505616,12,0.8608373670141545,0.9382658430572266
n510,trunc_laplace,302096,S,2.0016351995315196,12,0.8608373670141545,0.9388200347273514
n510,trunc_laplace,302097,CP_PAC,2.180799950566154,11,0.9183417688421536,0.9614636433840775
n510,trunc_laplace,302097,Oracle,1.8775107034483125,11,0.9183417688421536,0.9204582193621262
n510,trunc_laplace,302097,Oracle04,1.9049392141355284,11,0.9183417688421536,0.9247227678138419
n510,trunc_laplace,302097,Plug,1.860823777839497,11,0.9183417688421536,0.9178034318899733
n510,trunc_laplace,302097,Dlow,1.937013799017848,11,0.9183417688421536,0.9295573633861838
n510,trunc_laplace,302097,S,1.9408839603170247,11,0.9183417688421536,0.9301298520637902
n510,trunc_laplace,302098,CP_PAC,2.1106296535958347,11,0.8391206754354485,0.9530955825626926
n510,trunc_laplace,302098,Oracle,1.789372563298699,11,0.8391206754354485,0.9058986641000666
n510,trunc_laplace,302098,Oracle04,1.816512936902527,11,0.8391206754354485,0.9105254278435724
n510,trunc_laplace,302098,Plug,1.8126776839096055,11,0.8391206754354485,0.9098795315227644
n510,trunc_laplace,302098,Dlow,1.882815263238534,11,0.8391206754354485,0.9212925090694757
n510,trunc_laplace,302098,S,1.8865771356469703,11,0.8391206754354485,0.9218813768867213
n510,trunc_laplace,302099,CP_PAC,2.26215949627409,12,0.9145126099175126,0.9704295173388582
n510,trunc_laplace,302099,Oracle,1.9772780767009235,12,0.9145126099175126,0.9354018488006433
n510,trunc_laplace,302099,Oracle04,2.0051255851455636,12,0.9145126099175126,0.9393027870143333
n510,trunc_laplace,302099,Plug,1.964905731315362,12,0.9145126099175126,0.9336320165230898
n510,trunc_laplace,302099,Dlow,2.035833480495083,12,0.9145126099175126,0.943475068120621
n510,trunc_laplace,302099,S,2.0399010839121443,12,0.9145126099175126,0.944017777581039
n510,trunc_laplace,302094,CP_PAC,3.143419315637259,22,0.9095112605357343,1.0
n510,trunc_laplace,302094,Oracle,2.9552306626394316,22,0.9095112605357343,1.0
n510,trunc_laplace,302094,Oracle04,2.9892521628774924,22,0.9095112605357343,1.0
n510,trunc_laplace,302094,Plug,2.9510184190587196,22,0.9095112605357343,1.0
n510,trunc_laplace,302094,Dlow,3.003857985795182,22,0.9095112605357343,1.0
n510,trunc_laplace,302094,S,3.009859706036278,22,0.9095112605357343,1.0
n23_het,normal,310000,CP_PAC,2.5652207780144294,19,,0.98968898264885
n23_het,normal,310000,Oracle,2.322249492582377,19,,0.9797804945739386
n23_het,normal,310000,Oracle04,2.350651060771662,19,,0.9812594010079176
n23_het,normal,310000,Plug,2.3005944729502197,19,,0.978585436255893
n23_het,normal,310000,Dlow,2.3969470917147895,19,,0.9834676893102949
n23_het,normal,310000,S,2.4017362015679216,19,,0.9836825291595288
n23_het,normal,310001,CP_PAC,2.6471376717537103,24,,0.9918823702206137
n23_het,normal,310001,Oracle,2.4158207728708927,24,,0.9843002129639002
n23_het,normal,310001,Oracle04,2.445176219277024,24,,0.9855218618126123
n23_het,normal,310001,Plug,2.4347344099498445,24,,0.9850972763396693
n23_het,normal,310001,Dlow,2.510855093065755,24,,0.9879560875530164
n23_het,normal,310001,S,2.515871791560082,24,,0.988126163256448
n23_het,normal,310003,CP_PAC,2.5325349051420374,24,,0.9886758905396225
n23_het,normal,310003,Oracle,2.288675144372425,24,,0.9779017657703304
n23_het,normal,310003,Oracle04,2.3173132239204817,24,,0.9795133245328203
n23_het,normal,310003,Plug,2.3278200604013817,24,,0.9800783395861701
n23_het,normal,310003,Dlow,2.4012893634430266,24,,0.9836625882523868
n23_het,normal,310003,S,2.4060871491723974,24,,0.9838755823377441
n23_het,normal,310002,CP_PAC,2.6788644623345745,29,,0.9926127710746806
n23_het,normal,310002,Oracle,2.453602125016196,29,,0.9858566627149836
n23_het,normal,310002,Oracle04,2.4832008333243927,29,,0.986979234550843
n23_het,normal,310002,Plug,2.5050583578383594,29,,0.9877568809023562
n23_het,normal,310002,Dlow,2.567474764712907,29,,0.9897557754415731
n23_het,normal,310002,S,2.5726045895370997,29,,0.9899063547049309
n23_het,normal,310004,CP_PAC,2.6295758042962647,20,,0.9914508530434325
n23_het,normal,310004,Oracle,2.3967041719376883,20,,0.9834567260100022
n23_het,normal,310004,Oracle04,2.4258787968748496,20,,0.9847286305112026
n23_het,normal,310004,Plug,2.3667217707173553,20,,0.9820535813653044
n23_het,normal,310004,Dlow,2.461488153206337,20,,0.986163803289303
n23_het,normal,310004,S,2.46640621635785,20,,0.9863523538046388
n23_het,normal,310006,CP_PAC,2.2005714206868605,15,,0.9722336213308083
n23_het,normal,310006,Oracle,1.8989654331619616,15,,0.9424309789748322
n23_het,normal,310006,Oracle04,1.9257004768080535,15,,0.9458582156726059
n23_het,normal,310006,Plug,1.8902421166962144,15,,0.9412744137262394
n23_het,normal,310006,Dlow,2.001934134044291,15,,0.9547081840801341
n23_het,normal,310006,S,2.0059340064318847,15,,0.9551367105525028
n23_het,normal,310005,CP_PAC,2.7514167053797873,25,,0.9940661891932503
n23_het,normal,310005,Oracle,2.5315119111303166,25,,0.9886428040005235
n23_het,normal,310005,Oracle04,2.5617458636139205,25,,0.9895852503835953
n23_het,normal,310005,Plug,2.5440610996705173,25,,0.9890428083640761
n23_het,normal,310005,Dlow,2.6191953738392026,25,,0.9911862547384998
n23_het,normal,310005,S,2.624428536646796,25,,0.9913205495545778
n23_het,normal,310007,CP_PAC,2.2827790173115607,18,,0.9775566114554315
n23_het,normal,310007,Oracle,1.9984640266283047,18,,0.9543336237816826
n23_het,normal,310007,Oracle04,2.0257483345064684,18,,0.9572094191770124
n23_het,normal,310007,Plug,2.032883217796941,18,,0.9579356770683516
n23_het,normal,310007,Dlow,2.122086409369975,18,,0.966169517538608
n23_het,normal,310007,S,2.12632634648308,18,,0.9665239042161624
n23_het,normal,310009,CP_PAC,2.246991490661841,16,,0.9753594290613992
n23_het,normal,310009,Oracle,1.9554021927909155,16,,0.9494643824831765
n23_het,normal,310009,Oracle04,1.9823137602788354,16,,0.9525558651024668
n23_het,normal,310009,Plug,1.9629887398883141,16,,0.9503525175695282
n23_het,normal,310009,Dlow,2.0671367326695274,16,,0.9612787282943207
n23_het,normal,310009,S,2.0712668801093344,16,,0.9616661374200366
n23_het,normal,310008,CP_PAC,2.6674153041787876,24,,0.9923562847678795
n23_het,normal,310008,Oracle,2.436728449913073,24,,0.985179195561104
n23_het,normal,310008,Oracle04,2.465834503364274,24,,0.9863305524739681
n23_het,normal,310008,Plug,2.502526322438665,24,,0.9876689544428479
n23_het,normal,310008,Dlow,2.5685919807442894,24,,0.9897887391239097
n23_het,normal,310008,S,2.5737240377705706,24,,0.9899389514631582
n23_het,normal,310011,CP_PAC,2.572468080637114,21,,0.9899023733314005
n23_het,normal,310011,Oracle,2.3324310631321405,21,,0.9803219744461626
n23_het,normal,310011,Oracle04,2.3610885169841933,21,,0.9817786192209852
n23_het,normal,310011,Plug,2.3271210547874195,21,,0.9800411767991131
n23_het,normal,310011,Dlow,2.4170347783256356,21,,0.9843524780099457
n23_het,normal,310011,S,2.4218640234567665,21,,0.9845588728655768
n23_het,normal,310010,CP_PAC,2.6029054982535724,22,,0.990756257045734
n23_het,normal,310010,Oracle,2.365064573157427,22,,0.9819730725117253
n23_het,normal,310010,Oracle04,2.393803507941897,22,,0.9833253209277422
n23_het,normal,310010,Plug,2.3705221324559114,22,,0.9822370195940175
n23_het,normal,310010,Dlow,2.4540512501036673,22,,0.9858743152151082
n23_het,normal,310010,S,2.458954454293108,22,,0.9860657705887419
n23_het,normal,310012,CP_PAC,2.6260793796529143,22,,0.991362532836654
n23_het,normal,310012,Oracle,2.392951287116079,22,,0.9832865400693138
n23_het,normal,310012,Oracle04,2.4220724207014075,22,,0.9845677252753267
n23_het,normal,310012,Plug,2.3949476412435384,22,,0.9833772611973497
n23_het,normal,310012,Dlow,2.4781507576508295,22,,0.9867934669509084
n23_het,normal,310012,S,2.4831021127525066,22,,0.986975625368014
n23_het,normal,310014,CP_PAC,2.472204405255049,17,,0.9865717287439337
n23_het,normal,310014,Oracle,2.2198336396761014,17,,0.9735699375072433
n23_het,normal,310014,Oracle04,2.2480325560655925,17,,0.9754258859587368
n23_het,normal,310014,Plug,2.190395015232281,17,,0.9715043987711811
n23_het,normal,310014,Dlow,2.290959139391288,17,,0.9780342229853716
n23_het,normal,310014,S,2.295536484892782,17,,0.9782976020028309
n23_het,normal,310013,CP_PAC,2.75238006120846,24,,0.9940836186098734
n23_het,normal,310013,Oracle,2.5318366386108653,24,,0.9886533158975226
n23_het,normal,310013,Oracle04,2.5618767259781148,24,,0.9895891736171969
n23_het,normal,310013,Plug,2.529233757172958,24,,0.9885688134638702
n23_het,normal,310013,Dlow,2.609780367971781,24,,0.9909399629780935
n23_het,normal,310013,S,2.614994719560085,24,,0.9910771165046728
n23_het,normal,310015,CP_PAC,2.1488230892217075,15,,0.9683515736192354
n23_het,normal,310015,Oracle,1.8359710969943794,15,,0.9336380685669119
n23_het,normal,310015,Oracle04,1.8624102398446358,15,,0.937454713115004
n23_het,normal,310015,Plug,1.8627713482348622,15,,0.9375055572405644
n23_het,normal,310015,Dlow,1.9665025686113762,15,,0.9507594140893769
n23_het,normal,310015,S,1.970431648589862,15,,0.951211078609906
n23_het,normal,310016,CP_PAC,2.361935649790996,15,,0.98182020243611
n23_het,normal,310016,Oracle,2.0915757971682676,15,,0.9635235205393353
n23_het,normal,310016,Oracle04,2.119249787369225,15,,0.9659306372803282
n23_het,normal,310016,Plug,2.034046072039371,15,,0.958053049541425
n23_het,normal,310016,Dlow,2.1512480520274737,15,,0.9685433738801743
n23_het,normal,310016,S,2.1555462542189647,15,,0.9688808868426193
n23_het,normal,310018,CP_PAC,2.2253135568992,16,,0.973939804015346
n23_het,normal,310018,Oracle,1.9284716025715438,16,,0.9462035068808547
n23_het,normal,310018,Oracle04,1.9553809195678156,16,,0.9494618734945637
n23_het,normal,310018,Plug,1.9542376219079736,16,,0.9493268780264654
n23_het,normal,310018,Dlow,2.0512362723701187,16,,0.9597560568628207
n23_het,normal,310018,S,2.055334650626804,16,,0.9601533073104316
n23_het,normal,310017,CP_PAC,2.5475952461679774,26,,0.9891531761241252
n23_het,normal,310017,Oracle,2.303660033179832,26,,0.9787582649680602
n23_het,normal,310017,Oracle04,2.3321059974537004,26,,0.9803048843748887
n23_het,normal,310017,Plug,2.3643244959520717,26,,0.9819370165168382
n23_het,normal,310017,Dlow,2.429990368715056,26,,0.9849007759343933
n23_het,normal,310017,S,2.434845499167478,26,,0.9851018505827098
n23_het,normal,310019,CP_PAC,2.220253177469151,20,,0.9735984136295055
n23_het,normal,310019,Oracle,1.9221682060176937,20,,0.9454154039814555
n23_het,normal,310019,Oracle04,1.9489087393641698,20,,0.9486936757824243
n23_het,normal,310019,Plug,2.0106343394355997,20,,0.9556359058600037
n23_het,normal,310019,Dlow,2.086094329825584,20,,0.9630299207706248
n23_het,normal,310019,S,2.0902623546201498,20,,0.9634057610324644
n23_het,normal,310021,CP_PAC,2.263600005337448,15,,0.9764012724708422
n23_het,normal,310021,Oracle,1.975354813716138,15,,0.9517721031446515
n23_het,normal,310021,Oracle04,2.0023507163192495,15,,0.9547529750030213
n23_het,normal,310021,Plug,1.9443464185549533,15,,0.948146309431847
n23_het,normal,310021,Dlow,2.0588444217877138,15,,0.96049085531774
n23_het,normal,310021,S,2.062958001157292,15,,0.9608833813489259
n23_het,normal,310020,CP_PAC,2.406255527708316,19,,0.9838830128368643
n23_het,normal,310020,Oracle,2.144048803824691,19,,0.9679710234484034
n23_het,normal,310020,Oracle04,2.17207414289045,19,,0.9701499290456777
n23_het,normal,310020,Plug,2.1566481075782145,19,,0.9689669068762414
n23_het,normal,310020,Dlow,2.2460588466415925,19,,0.9752997611300807
n23_het,normal,310020,S,2.2505464811790197,19,,0.9755857236143761
n23_het,normal,310023,CP_PAC,2.345124480223179,17,,0.9809792719392891
n23_het,normal,310023,Oracle,2.070303101917419,17,,0.9615760307030781
n23_het,normal,310023,Oracle04,2.09751821744421,17,,0.9640522737652215
n23_het,normal,310023,Plug,2.0612044175254964,17,,0.9607164577243827
n23_het,normal,310023,Dlow,2.164385589478387,17,,0.9695652311364731
n23_het,normal,310023,S,2.168710040522124,17,,0.9698952953735538
n23_het,normal,310024,CP_PAC,2.5658582705361686,19,,0.989707912777531
n23_het,normal,310024,Oracle,2.3236597278811635,19,,0.9798562614949446
n23_het,normal,310024,Oracle04,2.351992501409476,19,,0.9813268486312521
n23_het,normal,310024,Plug,2.2971500937662457,19,,0.9783897910515005
n23_het,normal,310024,Dlow,2.3944967213822066,19,,0.9833568077558406
n23_het,normal,310024,S,2.399280935385637,19,,0.9835726941189817
n23_het,normal,310022,CP_PAC,2.4852219169095546,26,,0.9870529303297999
n23_het,normal,310022,Oracle,2.233176747285876,26,,0.9744627089113829
n23_het,normal,310022,Oracle04,2.261156823253825,26,,0.9762504522965822
n23_het,normal,310022,Plug,2.306969478743938,26,,0.9789434783368491
n23_het,normal,310022,Dlow,2.3709206213423903,26,,0.9822561585983407
n23_het,normal,310022,S,2.375657730203872,26,,0.9824822963889881
n23_het,normal,310025,CP_PAC,2.548079084706694,22,,0.9891682087491898
n23_het,normal,310025,Oracle,2.3032331345480883,22,,0.9787342705268722
n23_het,normal,310025,Oracle04,2.331384948450897,22,,0.9802669295221267
n23_het,normal,310025,Plug,2.322267114775173,22,,0.979781442883674
n23_het,normal,310025,Dlow,2.4039281023321752,22,,0.9837800370012808
n23_het,normal,310025,S,2.4087311602723753,22,,0.9839919149022005
n23_het,normal,310028,CP_PAC,2.473878259526829,19,,0.9866344767450073
n23_het,normal,310028,Oracle,2.21946109167222,19,,0.9735446285757956
n23_het,normal,310028,Oracle04,2.2473393154259926,19,,0.975381649917128
n23_het,normal,310028,Plug,2.220295667047697,19,,0.9736012961302394
n23_het,normal,310028,Dlow,2.3118631540019194,19,,0.9792147742069375
n23_het,normal,310028,S,2.3164822658080135,19,,0.9794680483748255
n23_het,normal,310029,CP_PAC,2.4660776283527612,18,,0.9863398274003157
n23_het,normal,310029,Oracle,2.213338721568529,18,,0.9731256980665346
n23_het,normal,310029,Oracle04,2.2414491687306675,18,,0.975003005364637
n23_het,normal,310029,Plug,2.195658746013619,18,,0.9718836219612839
n23_het,normal,310029,Dlow,2.291885412747703,18,,0.978087743774918
n23_het,normal,310029,S,2.2964646089470593,18,,0.97835066951662
n23_het,normal,310027,CP_PAC,2.9187238546987735,25,,0.9964853257851853
n23_het,normal,310027,Oracle,2.713508673981701,25,,0.9933425174697699
n23_het,normal,310027,Oracle04,2.7447022058495625,25,,0.9939434170497763
n23_het,normal,310027,Plug,2.692594689354663,25,,0.9929101600033736
n23_het,normal,310027,Dlow,2.7745512497107887,25,,0.9944722076244694
n23_het,normal,310027,S,2.7800948141782476,25,,0.9945656970758416
n23_het,normal,310030,CP_PAC,2.1783904814886683,14,,0.9706230220653651
n23_het,normal,310030,Oracle,1.872250520137171,14,,0.9388280473108594
n23_het,normal,310030,Oracle04,1.8989581441856214,14,,0.942430020542363
n23_het,normal,310030,Plug,1.8355926544401078,14,,0.9335820756385682
n23_het,normal,310030,Dlow,1.9595703247022689,14,,0.9499539672915971
n23_het,normal,310030,S,1.963485554029764,14,,0.9504102185764531
n23_het,normal,310032,CP_PAC,2.274784205653064,16,,0.9770811218293527
n23_het,normal,310032,Oracle,1.9878648774272953,16,,0.9531733638841382
n23_het,normal,310032,Oracle04,2.0150093618858707,16,,0.9560963318425644
n23_het,normal,310032,Plug,1.990836654997845,16,,0.9535011518853023
n23_het,normal,310032,Dlow,2.094017665204503,16,,0.963741593354605
n23_het,normal,310032,S,2.098201520854771,16,,0.9641126526643247
n23_het,normal,310031,CP_PAC,2.70343469862324,24,,0.9931373068878389
n23_het,normal,310031,Oracle,2.477296232421572,24,,0.9867618023941485
n23_het,normal,310031,Oracle04,2.506779685503985,24,,0.9878163374288447
n23_het,normal,310031,Plug,2.488729310436104,24,,0.9871799466913365
n23_het,normal,310031,Dlow,2.566676850860504,24,,0.989732174884149
n23_het,normal,310031,S,2.5718050814496354,24,,0.9898830166196639
n23_het,normal,310033,CP_PAC,2.425875509793636,20,,0.9847284921975508
n23_het,normal,310033,Oracle,2.1666272817026972,20,,0.9697367145718949
n23_het,normal,310033,Oracle04,2.1942638370638696,20,,0.9717835523712464
n23_het,normal,310033,Plug,2.194436030706701,20,,0.9717959219794137
n23_het,normal,310033,Dlow,2.277621355778824,20,,0.9772508530024475
n23_het,normal,310033,S,2.2821720523354427,20,,0.9775208155856376
n23_het,normal,310026,CP_PAC,2.9463481283517843,35,,0.9967844972115796
n23_het,normal,310026,Oracle,2.741503727075303,35,,0.9938841333092112
n23_het,normal,310026,Oracle04,2.7729305972560865,35,,0.9944446032536958
n23_het,normal,310026,Plug,2.8117148648708397,35,,0.9950721834342584
n23_het,normal,310026,Dlow,2.8653686552160593,35,,0.9958347597667279
n23_het,normal,310026,S,2.871093673222082,35,,0.9959094571068827
n23_het,normal,310035,CP_PAC,2.3166202139700767,18,,0.9794755707490137
n23_het,normal,310035,Oracle,2.0405695327705655,18,,0.9587063668882299
n23_het,normal,310035,Oracle04,2.0676089095273866,18,,0.9613231863911527
n23_het,normal,310035,Plug,2.0628916311385814,18,,0.9608770745724999
n23_het,normal,310035,Dlow,2.1541939228871794,18,,0.968775032749045
n23_het,normal,310035,S,2.1584980109404017,18,,0.9691108671083566
n23_het,normal,310034,CP_PAC,2.4762025570788366,22,,0.9867211781799232
n23_het,normal,310034,Oracle,2.2227607347664304,22,,0.9737680619294495
n23_het,normal,310034,Oracle04,2.2507651933418855,22,,0.9755995868351672
n23_het,normal,310034,Plug,2.264441280205827,22,,0.9764530125380297
n23_het,normal,310034,Dlow,2.3396956024081854,22,,0.9807005375038558
n23_het,normal,310034,S,2.3443703235572477,22,,0.9809407630659612
n23_het,normal,310036,CP_PAC,2.5774359185866063,20,,0.9900463664543551
n23_het,normal,310036,Oracle,2.3396863533199053,20,,0.9807000595988535
n23_het,normal,310036,Oracle04,2.3687999673581666,20,,0.9821540976254421
n23_het,normal,310036,Plug,2.3215762473692854,20,,0.9797442358989057
n23_het,normal,310036,Dlow,2.414421656614744,20,,0.9842397881485181
n23_het,normal,310036,S,2.41924568071827,20,,0.9844472680729788
n23_het,normal,310037,CP_PAC,2.622758586528335,19,,0.9912778948839502
n23_het,normal,310037,Oracle,2.388493235690054,19,,0.9830823802456932
n23_het,normal,310037,Oracle04,2.4176114307730336,19,,0.9843772502323083
n23_het,normal,310037,Plug,2.354060937924801,19,,0.981430433408228
n23_het,normal,310037,Dlow,2.4498710461108124,19,,0.9857092615131864
n23_het,normal,310037,S,2.454765898235996,19,,0.985902363804138
n23_het,normal,310038,CP_PAC,2.483008712512318,19,,0.9869722098796956
n23_het,normal,310038,Oracle,2.230906890133745,19,,0.9743127027540881
n23_het,normal,310038,Oracle04,2.259032435791843,19,,0.9761186326941989
n23_het,normal,310038,Plug,2.227073601359165,19,,0.9740576448177196
n23_het,normal,310038,Dlow,2.3181905241900425,19,,0.9795610312032357
n23_het,normal,310038,S,2.322822278107019,19,,0.9798112982360356
n23_het,normal,310039,CP_PAC,2.393199191669754,16,,0.9832978292851204
n23_het,normal,310039,Oracle,2.127509342647806,16,,0.9666222141143794
n23_het,normal,310039,Oracle04,2.1550803698022536,16,,0.9688444544416797
n23_het,normal,310039,Plug,2.102365492908402,16,,0.9644787284678435
n23_het,normal,310039,Dlow,2.206609280656503,16,,0.9726586319716861
n23_het,normal,310039,S,2.2110180948036873,16,,0.9729654159562895
n23_het,normal,310040,CP_PAC,2.382057423457242,17,,0.9827837874150673
n23_het,normal,310040,Oracle,2.1139638734873154,17,,0.9654816469889267
n23_het,normal,310040,Oracle04,2.1413172023457614,17,,0.9677515331843376
n23_het,normal,310040,Plug,2.1086100308314046,17,,0.9650217436589976
n23_het,normal,310040,Dlow,2.20715010783943,17,,0.9726964259388042
n23_het,normal,310040,S,2.211560002561484,17,,0.9730029183538143
n23_het,normal,310042,CP_PAC,2.266742358447928,13,,0.976594030815052
n23_het,normal,310042,Oracle,1.9786445213687327,13,,0.9521439566956187
n23_het,normal,310042,Oracle04,2.0057824676132223,13,,0.955120537978615
n23_het,normal,310042,Plug,1.8860092540861788,13,,0.9407062923744274
n23_het,normal,310042,Dlow,2.0211761202886205,13,,0.956738463244553
n23_het,normal,310042,S,2.0252144382415063,13,,0.9571546502602508
n23_het,normal,310041,CP_PAC,2.5287394073719014,19,,0.9885527014450906
n23_het,normal,310041,Oracle,2.281810524774134,19,,0.9774994708565092
n23_het,normal,310041,Oracle04,2.309928569131795,19,,0.9791078909130659
n23_het,normal,310041,Plug,2.2738937065435234,19,,0.9770276218084617
n23_het,normal,310041,Dlow,2.366220051155124,19,,0.9820292404733606
n23_het,normal,310041,S,2.370947768258616,19,,0.9822574617785951
n23_het,normal,310043,CP_PAC,2.3894118076605855,18,,0.9831246250763759
n23_het,normal,310043,Oracle,2.1243186029224117,18,,0.9663564888091125
n23_het,normal,310043,Oracle04,2.1521247201237284,18,,0.9686124673400318
n23_het,normal,310043,Plug,2.123476820060053,18,,0.9662860841033338
n23_het,normal,310043,Dlow,2.218244096378873,18,,0.9734618064125171
n23_het,normal,310043,S,2.222676156934294,18,,0.9737623552221368
n23_het,normal,310044,CP_PAC,2.8154626903023505,22,,0.9951292947834205
n23_het,normal,310044,Oracle,2.598141343241486,22,,0.9906270096279823
n23_het,normal,310044,Oracle04,2.6280033904943716,22,,0.9914112340334285
n23_het,normal,310044,Plug,2.563345114769262,22,,0.989633105609165
n23_het,normal,310044,Dlow,2.655097489291029,22,,0.9920714508822601
n23_het,normal,310044,S,2.6604023846685454,22,,0.9921952652888117
n23_het,normal,310046,CP_PAC,2.33221948835739,15,,0.9803108525416797
n23_het,normal,310046,Oracle,2.056934863674992,15,,0.9603075081608938
n23_het,normal,310046,Oracle04,2.084195493464842,15,,0.962857611484901
n23_het,normal,310046,Plug,2.013534708732827,15,,0.9559415926456971
n23_het,normal,310046,Dlow,2.1276578973093976,15,,0.9666345418986981
n23_het,normal,310046,S,2.1319089662776363,15,,0.9669856690207344
n23_het,normal,310047,CP_PAC,2.6229417874468233,19,,0.9912825834208387
n23_het,normal,310047,Oracle,2.3898262077787025,19,,0.9831436528780564
n23_het,normal,310047,Oracle04,2.4191206801428824,19,,0.9844419223149175
n23_het,normal,310047,Plug,2.345185896604234,19,,0.9809824049950544
n23_het,normal,310047,Dlow,2.4468489106050257,19,,0.9855888763569978
n23_het,normal,310047,S,2.45173772449141,19,,0.9857831756547222
n23_het,normal,310045,CP_PAC,2.431009231699761,20,,0.9849431690840231
n23_het,normal,310045,Oracle,2.1720631560355246,20,,0.9701491004582399
n23_het,normal,310045,Oracle04,2.2000108268457703,20,,0.9721938731197455
n23_het,normal,310045,Plug,2.1946266022883294,20,,0.9718096063272248
n23_het,normal,310045,Dlow,2.279066842334164,20,,0.9773369078070171
n23_het,normal,310045,S,2.283620426978688,20,,0.9776061517785521
n23_het,normal,310048,CP_PAC,2.7210265504279025,23,,0.9934920465710866
n23_het,normal,310048,Oracle,2.5001227313998995,23,,0.9875849712341476
n23_het,normal,310048,Oracle04,2.5303031692657383,23,,0.9886035992547855
n23_het,normal,310048,Plug,2.4922464048873283,23,,0.9873062058907278
n23_het,normal,310048,Dlow,2.574238965003696,23,,0.9899539139160214
n23_het,normal,310048,S,2.5793823047270585,23,,0.9901022819998502
n23_het,normal,310049,CP_PAC,2.377147362435464,22,,0.9825528836076975
n23_het,normal,310049,Oracle,2.1073614389243915,22,,0.9649137385358255
n23_het,normal,310049,Oracle04,2.1348020632646207,22,,0.9672228183060689
n23_het,normal,310049,Plug,2.165213266562293,22,,0.9696286431641115
n23_het,normal,310049,Dlow,2.2413919781834823,22,,0.974999304323457
n23_het,normal,310049,S,2.24587028829911,22,,0.9752876825009638
n23_het,normal,310050,CP_PAC,2.4352177447051098,13,,0.9851171692605822
n23_het,normal,310050,Oracle,2.1770962523123134,13,,0.9705266133709267
n23_het,normal,310050,Oracle04,2.205247473718125,13,,0.972563266491363
n23_het,normal,310050,Plug,2.050149704901981,13,,0.959650175755798
n23_het,normal,310050,Dlow,2.1883874909312233,13,,0.9713586113114636
n23_het,normal,310050,S,2.192759897869831,13,,0.971675317356608
n23_het,normal,310052,CP_PAC,2.300968960878368,17,,0.9786066144058094
n23_het,normal,310052,Oracle,2.022886726747621,17,,0.956915172671178
n23_het,normal,310052,Oracle04,2.049797578587781,17,,0.9596158119911362
n23_het,normal,310052,Plug,2.0283787173396624,17,,0.9574783894739247
n23_het,normal,310052,Dlow,2.1267618191304036,17,,0.9665601218380884
n23_het,normal,310052,S,2.131011097730865,17,,0.9669117720744007
n23_het,normal,310051,CP_PAC,2.3521136045077475,17,,0.9813329272294071
n23_het,normal,310051,Oracle,2.0803159833721945,17,,0.9625034402824288
n23_het,normal,310051,Oracle04,2.107937672537749,17,,0.9649636189551434
n23_het,normal,310051,Plug,2.073293089990117,17,,0.9618549886034946
n23_het,normal,310051,Dlow,2.172758640747562,17,,0.9702015123336942
n23_het,normal,310051,S,2.177099821181143,17,,0.9705268795940287
n23_het,normal,310053,CP_PAC,2.5580699177395934,18,,0.9894745072587534
n23_het,normal,310053,Oracle,2.316198037933068,18,,0.9794525417226345
n23_het,normal,310053,Oracle04,2.344833433439551,18,,0.9809644185283464
n23_het,normal,310053,Plug,2.271297375608226,18,,0.9768710179974742
n23_het,normal,310053,Dlow,2.37364594400516,18,,0.9823865692331346
n23_het,normal,310053,S,2.3783884980721957,18,,0.9826115050685993
n23_het,normal,310055,CP_PAC,2.054164995240593,11,,0.9600402748705281
n23_het,normal,310055,Oracle,1.715415050517521,11,,0.9137308420446444
n23_het,normal,310055,Oracle04,1.7416876992653012,11,,0.9184368939299477
n23_het,normal,310055,Plug,1.654415627455921,11,,0.9019569066098168
n23_het,normal,310055,Dlow,1.7967353578753782,11,,0.9276223571021314
n23_het,normal,310055,S,1.8003252422894376,11,,0.9281907026038632
n23_het,normal,310054,CP_PAC,2.715125069412458,21,,0.9933749254665634
n23_het,normal,310054,Oracle,2.492478571160512,21,,0.9873145015059019
n23_het,normal,310054,Oracle04,2.5223256463291057,21,,0.9883418272512938
n23_het,normal,310054,Plug,2.4652837115110016,21,,0.9863095198483824
n23_het,normal,310054,Dlow,2.5549513612347607,21,,0.9893797362942531
n23_het,normal,310054,S,2.5600561642488353,21,,0.9895344751753596
n23_het,normal,310057,CP_PAC,2.7411598996384776,21,,0.9938777294646777
n23_het,normal,310057,Oracle,2.5204904325608313,21,,0.9882808575892337
n23_het,normal,310057,Oracle04,2.5506133764031023,21,,0.9892466458064362
n23_het,normal,310057,Plug,2.485458153283214,21,,0.9870615202032309
n23_het,normal,310057,Dlow,2.577227084638061,21,,0.9900403504142403
n23_het,normal,310057,S,2.582376394636376,21,,0.9901877495905043
n23_het,normal,310056,CP_PAC,2.5807720571896424,21,,0.9901420352220138
n23_het,normal,310056,Oracle,2.3418676343400473,21,,0.980812481489491
n23_het,normal,310056,Oracle04,2.37063331540423,21,,0.9822423614134079
n23_het,normal,310056,Plug,2.344013715506509,21,,0.9809225301625693
n23_het,normal,310056,Dlow,2.429641141474738,21,,0.984886221012671
n23_het,normal,310056,S,2.4344955741697403,21,,0.9850874377755015
n23_het,normal,310059,CP_PAC,2.565154974452602,20,,0.9896870268705997
n23_het,normal,310059,Oracle,2.325915983561605,20,,0.9799769668186804
n23_het,normal,310059,Oracle04,2.354683728484563,20,,0.9814615233534205
n23_het,normal,310059,Plug,2.3077836310239928,20,,0.9789888261932933
n23_het,normal,310059,Dlow,2.4013336361115707,20,,0.9836645649502609
n23_het,normal,310059,S,2.40613151029791,20,,0.9838775402742759
n23_het,normal,310058,CP_PAC,2.646326155665483,25,,0.9918628681993904
n23_het,normal,310058,Oracle,2.4169883815778066,25,,0.9843504833660703
n23_het,normal,310058,Oracle04,2.4464834852797477,25,,0.9855742593913766
n23_het,normal,310058,Plug,2.44431541328673,25,,0.9854872675829196
n23_het,normal,310058,Dlow,2.516319842359055,25,,0.988141248940656
n23_het,normal,310058,S,2.521347459444275,25,,0.9883093649387682
n23_het,normal,310060,CP_PAC,2.587454031332091,23,,0.9903311904235463
n23_het,normal,310060,Oracle,2.3498252144824257,23,,0.9812177715604018
n23_het,normal,310060,Oracle04,2.378944271539642,23,,0.9826376993887933
n23_het,normal,310060,Plug,2.3750490538069178,23,,0.9824533818771402
n23_het,normal,310060,Dlow,2.4517230238906587,23,,0.98578259488091
n23_het,normal,310060,S,2.4566215762748356,23,,0.9859749662732726
n23_het,normal,310062,CP_PAC,2.6126259148631856,23,,0.9910150411786594
n23_het,normal,310062,Oracle,2.3771612102167716,23,,0.9825535386224127
n23_het,normal,310062,Oracle04,2.4062329973594783,23,,0.9838820187531343
n23_het,normal,310062,Plug,2.395484495424893,23,,0.9834015837791685
n23_het,normal,310062,Dlow,2.4727648644534557,23,,0.986592767684312
n23_het,normal,310062,S,2.4777054585190346,23,,0.9867769746922594
n23_het,normal,310061,CP_PAC,3.0192248579293866,28,,0.9974657763510788
n23_het,normal,310061,Oracle,2.820080703670882,28,,0.9951988427047567
n23_het,normal,310061,Oracle04,2.852108634420171,28,,0.9956569744556474
n23_het,normal,310061,Plug,2.842744894552248,28,,0.9955273145291388
n23_het,normal,310061,Dlow,2.91497623451609,28,,0.9964428437090411
n23_het,normal,310061,S,2.92080036866349,28,,0.9965086653596129
n23_het,normal,310064,CP_PAC,2.622691239206513,19,,0.9912761707432163
n23_het,normal,310064,Oracle,2.390381861034007,19,,0.9831691369727105
n23_het,normal,310064,Oracle04,2.419640866503738,19,,0.9844641579052331
n23_het,normal,310064,Plug,2.349818190076799,19,,0.9812174171259189
n23_het,normal,310064,Dlow,2.4486742513952127,19,,0.9856616943400425
n23_het,normal,310064,S,2.453566712319779,19,,0.9858552700198575
n23_het,normal,310066,CP_PAC,2.03072156178516,12,,0.9577167521877792
n23_het,normal,310066,Oracle,1.6852517552079371,12,,0.9080599904954558
n23_het,normal,310066,Oracle04,1.7115895434071275,12,,0.9130276633259247
n23_het,normal,310066,Plug,1.6440190753001673,12,,0.8998277377755755
n23_het,normal,310066,Dlow,1.780473789226361,12,,0.9250015448508855
n23_het,normal,310066,S,1.7840311829613753,12,,0.9255814017176829
n23_het,normal,310067,CP_PAC,2.301448977594487,16,,0.9786337337764706
n23_het,normal,310067,Oracle,2.0217195624730175,16,,0.956794668278341
n23_het,normal,310067,Oracle04,2.0490072543375306,16,,0.9595385944303148
n23_het,normal,310067,Plug,2.007301561343144,16,,0.9552824369838113
n23_het,normal,310067,Dlow,2.1132374000764353,16,,0.965419546318729
n23_het,normal,310067,S,2.1174596568336645,16,,0.9657791442575296
n23_het,normal,310068,CP_PAC,2.265511030534113,16,,0.9765186620990638
n23_het,normal,310068,Oracle,1.9774902158217784,16,,0.9520137546116183
n23_het,normal,310068,Oracle04,2.0045099546726597,16,,0.9549845383568081
n23_het,normal,310068,Plug,1.9651166428356968,16,,0.9505992612189853
n23_het,normal,310068,Dlow,2.0742490957525317,16,,0.9619438172719528
n23_het,normal,310068,S,2.0783934537221573,16,,0.9623268648330336
n23_het,normal,310069,CP_PAC,2.033669133385897,11,,0.9580150337079556
n23_het,normal,310069,Oracle,1.68886587404693,11,,0.9087548636265259
n23_het,normal,310069,Oracle04,1.7151474583701232,11,,0.9136818049156628
n23_het,normal,310069,Plug,1.60655573112762,11,,0.8918481398210774
n23_het,normal,310069,Dlow,1.7566952828752311,11,,0.9210302379933588
n23_het,normal,310069,S,1.760205167059679,11,,0.9216269737784835
n23_het,normal,310065,CP_PAC,2.737576553876789,23,,0.9938106287161355
n23_het,normal,310065,Oracle,2.5156532367601976,23,,0.9881187984341064
n23_het,normal,310065,Oracle04,2.5456614400332938,23,,0.9890929083838456
n23_het,normal,310065,Plug,2.5662229520253463,23,,0.989718727958681
n23_het,normal,310065,Dlow,2.6346472632457254,23,,0.9915775240534954
n23_het,normal,310065,S,2.6399112989900066,23,,0.9917072271263656
n23_het,normal,310063,CP_PAC,3.0489674221922285,29,,0.9977037061855485
n23_het,normal,310063,Oracle,2.850236723834362,29,,0.9956313298881161
n23_het,normal,310063,Oracle04,2.8821800072868013,29,,0.9960506595477152
n23_het,normal,310063,Plug,2.874407280360608,29,,0.9959521339714272
n23_het,normal,310063,Dlow,2.946417840459271,29,,0.9967852219070994
n23_het,normal,310063,S,2.952304795060798,29,,0.9968458857450633
n23_het,normal,310070,CP_PAC,2.1450618721071013,15,,0.9680520996044097
n23_het,normal,310070,Oracle,1.8297912943024537,15,,0.9327188469106042
n23_het,normal,310070,Oracle04,1.8564178256161306,15,,0.9366059741267883
n23_het,normal,310070,Plug,1.840979646171504,15,,0.9343754585161974
n23_het,normal,310070,Dlow,1.9492802977266075,15,,0.9487380398518028
n23_het,normal,310070,S,1.953174967539148,15,,0.9492011338100217
n23_het,normal,310071,CP_PAC,2.1420390294726377,16,,0.9678096585307054
n23_het,normal,310071,Oracle,1.8254914112815175,16,,0.9320730939027426
n23_het,normal,310071,Oracle04,1.8517796583484172,16,,0.9359425301982025
n23_het,normal,310071,Plug,1.8799560728248252,16,,0.9398859351216649
n23_het,normal,310071,Dlow,1.9729737569940455,16,,0.9515014476734724
n23_het,normal,310071,S,1.9769157664327401,16,,0.9519488476521918
n23_het,normal,310072,CP_PAC,2.63380609031108,22,,0.9915566307019863
n23_het,normal,310072,Oracle,2.401806186220195,22,,0.9836856504052107
n23_het,normal,310072,Oracle04,2.4311745097289132,22,,0.984950036129087
n23_het,normal,310072,Plug,2.4088503534675185,22,,0.9839971417995461
n23_het,normal,310072,Dlow,2.489946581435092,22,,0.9872237703581539
n23_het,normal,310072,S,2.4949215046397555,22,,0.9874015003512986
n23_het,normal,310074,CP_PAC,2.279072582005436,17,,0.9773372489448129
n23_het,normal,310074,Oracle,1.993295313421984,17,,0.9537708807032776
n23_het,normal,310074,Oracle04,2.0204059656811726,17,,0.9566587048667119
n23_het,normal,310074,Plug,2.0110725501987536,17,,0.9556822059022019
n23_het,normal,310074,Dlow,2.107637965779725,17,,0.9649376830466114
n23_het,normal,310074,S,2.1118490348448873,17,,0.9653006000647055
n23_het,normal,310073,CP_PAC,2.8822250569655075,26,,0.9960512241852879
n23_het,normal,310073,Oracle,2.672146311782567,26,,0.9924632221087504
n23_het,normal,310073,Oracle04,2.7030229465685087,26,,0.9931287997375737
n23_het,normal,310073,Plug,2.674422314508551,26,,0.992514188247061
n23_het,normal,310073,Dlow,2.7493773880328822,26,,0.9940291403094439
n23_het,normal,310073,S,2.7548706550242645,26,,0.9941284657797032
n23_het,normal,310075,CP_PAC,2.263209098542399,14,,0.9763771973796269
n23_het,normal,310075,Oracle,1.975601211410352,14,,0.951800038660237
n23_het,normal,310075,Oracle04,2.0025870892389586,14,,0.9547783732086552
n23_het,normal,310075,Plug,1.9272623506472093,14,,0.9460530569300369
n23_het,normal,310075,Dlow,2.0468613115374414,14,,0.9593282963161647
n23_het,normal,310075,S,2.050950948604927,14,,0.9597282761856716
n23_het,normal,310076,CP_PAC,2.459662992827009,19,,0.98609324660532
n23_het,normal,310076,Oracle,2.2055096282840734,19,,0.9725816470894775
n23_het,normal,310076,Oracle04,2.2338039831456014,19,,0.9745040266431606
n23_het,normal,310076,Plug,2.2147924687625116,19,,0.9732256876019587
n23_het,normal,310076,Dlow,2.301861387586288,19,,0.9786570096736262
n23_het,normal,310076,S,2.3064605158231766,19,,0.9789150860697935
n23_het,normal,310077,CP_PAC,2.473474787890118,23,,0.9866193755013448
n23_het,normal,310077,Oracle,2.221811213314109,23,,0.9737039333935062
n23_het,normal,310077,Oracle04,2.250016520604088,23,,0.9755521033868635
n23_het,normal,310077,Plug,2.2679225287257694,23,,0.9766660710436197
n23_het,normal,310077,Dlow,2.341280125848342,23,,0.9807822581247025
n23_het,normal,310077,S,2.3459580128815603,23,,0.981021754760681
n23_het,normal,310078,CP_PAC,2.504936059723383,21,,0.9877526468278399
n23_het,normal,310078,Oracle,2.2546627393603624,21,,0.9758454938626417
n23_het,normal,310078,Oracle04,2.28291114693843,21,,0.9775643972532253
n23_het,normal,310078,Plug,2.275290074573119,21,,0.9771114655404032
n23_het,normal,310078,Dlow,2.3573433981392427,21,,0.9815937830300803
n23_het,normal,310078,S,2.362053379654591,21,,0.9818259748613707
n23_het,normal,310081,CP_PAC,2.214724163395073,17,,0.9732209967238332
n23_het,normal,310081,Oracle,1.9149112863771074,17,,0.9444961817823148
n23_het,normal,310081,Oracle04,1.9414502404411453,17,,0.9477963105664462
n23_het,normal,310081,Plug,1.9434811546658772,17,,0.9480419498071908
n23_het,normal,310081,Dlow,2.0422284783415545,17,,0.9588711271637698
n23_het,normal,310081,S,2.0463088589898293,17,,0.9592740073516062
n23_het,normal,310080,CP_PAC,2.416834904473875,21,,0.9843438836336698
n23_het,normal,310080,Oracle,2.1540321740053145,21,,0.9687623511485988
n23_het,normal,310080,Oracle04,2.1815459207163657,21,,0.9708569381660079
n23_het,normal,310080,Plug,2.1889110658633815,21,,0.9713966953788442
n23_het,normal,310080,Dlow,2.271088317340181,21,,0.9768583679218978
n23_het,normal,310080,S,2.2756259608599323,21,,0.9771315938395451
n23_het,normal,310083,CP_PAC,2.479572689609865,19,,0.9868460084396251
n23_het,normal,310083,Oracle,2.2276624839308665,19,,0.9740969694579682
n23_het,normal,310083,Oracle04,2.2558999413035195,19,,0.9759231017883481
n23_het,normal,310083,Plug,2.2275545626293343,19,,0.9740897665051558
n23_het,normal,310083,Dlow,2.3196269242969785,19,,0.9796389319488907
n23_het,normal,310083,S,2.3242615481471,19,,0.9798885196547809
n23_het,normal,310079,CP_PAC,2.575309316772514,25,,0.9899849521750925
n23_het,normal,310079,Oracle,2.3349284260284144,25,,0.9804528399150207
n23_het,normal,310079,Oracle04,2.363612571410447,25,,0.9819022725112849
n23_het,normal,310079,Plug,2.379263697948578,25,,0.9826527387026669
n23_het,normal,310079,Dlow,2.449708145942942,25,,0.9857027951640951
n23_het,normal,310079,S,2.45460267259294,25,,0.9858959618406444
n23_het,normal,310082,CP_PAC,2.506519178548113,25,,0.9878073556986335
n23_het,normal,310082,Oracle,2.257815759847472,25,,0.9760428517412394
n23_het,normal,310082,Oracle04,2.286132953692763,25,,0.9777535183546062
n23_het,normal,310082,Plug,2.3194683410388146,25,,0.9796303441901644
n23_het,normal,310082,Dlow,2.3865846158792605,25,,0.982994306547152
n23_het,normal,310082,S,2.3913530214643264,25,,0.9832135963965012
n23_het,normal,310084,CP_PAC,2.452594514768527,21,,0.9858169885630483
n23_het,normal,310084,Oracle,2.1971650020720364,21,,0.9719913358860608
n23_het,normal,310084,Oracle04,2.225253054862902,21,,0.9739357449904373
n23_het,normal,310084,Plug,2.221342445569939,21,,0.973672223957271
n23_het,normal,310084,Dlow,2.3049823849849846,21,,0.978832440025823
n23_het,normal,310084,S,2.309587748987129,21,,0.9790890114976931
n23_het,normal,310085,CP_PAC,2.7223532031017785,25,,0.9935181176206569
n23_het,normal,310085,Oracle,2.500315876322724,25,,0.987591738527281
n23_het,normal,310085,Oracle04,2.5304052886115396,25,,0.9886069160684217
n23_het,normal,310085,Plug,2.51921298767213,25,,0.9882382513854329
n23_het,normal,310085,Dlow,2.591435600589608,25,,0.9904423571922749
n23_het,normal,310085,S,2.596613299259486,25,,0.9905852149719485
n23_het,normal,310087,CP_PAC,2.141316065252749,14,,0.9677514415486792
n23_het,normal,310087,Oracle,1.825793369397793,14,,0.9321186075357422
n23_het,normal,310087,Oracle04,1.8521777464580458,14,,0.935999696778556
n23_het,normal,310087,Plug,1.8053203255155181,14,,0.928975429178398
n23_het,normal,310087,Dlow,1.9263891933434578,14,,0.9459442042201589
n23_het,normal,310087,S,1.9302381266381048,14,,0.9464226605118187
n23_het,normal,310086,CP_PAC,2.512289370582381,18,,0.988004931384368
n23_het,normal,310086,Oracle,2.264953184016568,18,,0.9764844474352934
n23_het,normal,310086,Oracle04,2.293507913754437,18,,0.9781812197253386
n23_het,normal,310086,Plug,2.234238778149135,18,,0.9745326338186604
n23_het,normal,310086,Dlow,2.3336418490726047,18,,0.9803855166511957
n23_het,normal,310086,S,2.338304474798348,18,,0.9806285409435078
n23_het,normal,310089,CP_PAC,2.2713059891447864,14,,0.9768715390720883
n23_het,normal,310089,Oracle,1.9841009150204423,14,,0.9527554088443793
n23_het,normal,310089,Oracle04,2.0113200408679206,14,,0.9557083370045707
n23_het,normal,310089,Plug,1.9228559035820638,14,,0.9455018509853701
n23_het,normal,310089,Dlow,2.0477477466063423,14,,0.9594152772299638
n23_het,normal,310089,S,2.051839154774632,14,,0.9598147033313797
n23_het,normal,310088,CP_PAC,2.410064303807368,19,,0.984050290927518
n23_het,normal,310088,Oracle,2.1458813089355524,19,,0.968117550611868
n23_het,normal,310088,Oracle04,2.1732735738089604,19,,0.970240266803601
n23_het,normal,310088,Plug,2.164905282622921,19,,0.9696050604151767
n23_het,normal,310088,Dlow,2.253722222719627,19,,0.9757863515706473
n23_het,normal,310088,S,2.2582251687130355,19,,0.976068375118702
n23_het,normal,310090,CP_PAC,2.255136776214024,14,,0.975875255115142
n23_het,normal,310090,Oracle,1.9639693633216362,14,,0.9504663551038699
n23_het,normal,310090,Oracle04,1.9908882065258593,14,,0.9535068209485384
n23_het,normal,310090,Plug,1.9150493496838439,14,,0.9445137896558979
n23_het,normal,310090,Dlow,2.0378456828422866,14,,0.9584346318783057
n23_het,normal,310090,S,2.041917306647666,14,,0.9588402652567387
n23_het,normal,310092,CP_PAC,2.4487794564622125,17,,0.9856658813568933
n23_het,normal,310092,Oracle,2.1926506580894376,17,,0.9716674417066353
n23_het,normal,310092,Oracle04,2.220654009026452,17,,0.9736255953002437
n23_het,normal,310092,Plug,2.151260215926149,17,,0.9685443334539399
n23_het,normal,310092,Dlow,2.2584428617812136,17,,0.9760819369390821
n23_het,normal,310092,S,2.2629552396303025,17,,0.9763615513551935
n23_het,normal,310093,CP_PAC,2.3086845737453863,16,,0.9790389090186142
n23_het,normal,310093,Oracle,2.029277097658197,16,,0.9575699253431602
n23_het,normal,310093,Oracle04,2.056539504732736,16,,0.9602694574863191
n23_het,normal,310093,Plug,2.0099404582352296,16,,0.9555625089556115
n23_het,normal,310093,Dlow,2.1188811472723437,16,,0.9658994874044495
n23_het,normal,310093,S,2.1231146802589884,16,,0.9662557568556089
n23_het,normal,310091,CP_PAC,2.841980615875069,24,,0.9955165782531485
n23_het,normal,310091,Oracle,2.6294621850946234,24,,0.9914479957463573
n23_het,normal,310091,Oracle04,2.660110439180572,24,,0.9921884966928098
n23_het,normal,310091,Plug,2.6659933773329527,24,,0.9923238794900282
n23_het,normal,310091,Dlow,2.7361965731804707,24,,0.9937846114624445
n23_het,normal,310091,S,2.7416635048511857,24,,0.9938871071438427
n23_het,normal,310096,CP_PAC,2.0697647733437727,12,,0.9615256223175392
n23_het,normal,310096,Oracle,1.737445662062719,12,,0.9176914626475741
n23_het,normal,310096,Oracle04,1.7637141756902373,12,,0.9222198867451727
n23_het,normal,310096,Plug,1.6739861978720427,12,,0.9058666880545301
n23_het,normal,310096,Dlow,1.8148991088974447,12,,0.9304605844764144
n23_het,normal,310096,S,1.81852528455852,12,,0.931016114213558
n23_het,normal,310094,CP_PAC,2.1961935716822154,16,,0.9719219087037307
n23_het,normal,310094,Oracle,1.8930145744625508,16,,0.9416440686974157
n23_het,normal,310094,Oracle04,1.9194321942732595,16,,0.9450703401726221
n23_het,normal,310094,Plug,1.921886951108883,16,,0.9453800159008716
n23_het,normal,310094,Dlow,2.0206911628061506,16,,0.9566882547860844
n23_het,normal,310094,S,2.0247285118120515,16,,0.9571047507507411
n23_het,normal,310095,CP_PAC,2.3085732274598785,22,,0.9790327249897199
n23_het,normal,310095,Oracle,2.0285446247591663,22,,0.9574953063243947
n23_het,normal,310095,Oracle04,2.0555410748546503,22,,0.9601732274181358
n23_het,normal,310095,Plug,2.1048656976276012,22,,0.9646969996289962
n23_het,normal,310095,Dlow,2.1777645552775806,22,,0.9705764299950881
n23_het,normal,310095,S,2.182115737548367,22,,0.9708990079926365
n23_het,normal,310098,CP_PAC,2.1252164488395406,11,,0.9664314438676909
n23_het,normal,310098,Oracle,1.8060829409881234,11,,0.929094614957475
n23_het,normal,310098,Oracle04,1.832659603882793,11,,0.9331467917341076
n23_het,normal,310098,Plug,1.7084173055804122,11,,0.9124410615669825
n23_het,normal,310098,Dlow,1.8579156644554429,11,,0.9368190084492927
n23_het,normal,310098,S,1.8616277873661602,11,,0.9373444262872686
n23_het,normal,310097,CP_PAC,2.562849286177501,25,,0.989618289643496
n23_het,normal,310097,Oracle,2.3206099371810676,25,,0.9796920946096483
n23_het,normal,310097,Oracle04,2.349214390832232,25,,0.9811869290064352
n23_het,normal,310097,Plug,2.365360784212708,25,,0.9819874860133668
n23_het,normal,310097,Dlow,2.436228868299753,25,,0.985158709073136
n23_het,normal,310097,S,2.441096463299237,25,,0.9853572570934104
n23_het,normal,310099,CP_PAC,2.4765311398371765,23,,0.9867333948451347
n23_het,normal,310099,Oracle,2.2227074269233826,23,,0.9737644652223933
n23_het,normal,310099,Oracle04,2.2507612502830137,23,,0.9755993369620717
n23_het,normal,310099,Plug,2.271562921676779,23,,0.9768870774808776
n23_het,normal,310099,Dlow,2.3453384785721325,23,,0.9809901867605004
n23_het,normal,310099,S,2.3500244742102856,23,,0.9812278232868603
n23_het,laplace,311001,CP_PAC,2.3788699502223296,16,,0.9654113659561052
n23_het,laplace,311001,Oracle,2.111006673209466,16,,0.9494814289891709
n23_het,laplace,311001,Oracle04,2.138587602329868,16,,0.9514139871791059
n23_het,laplace,311001,Plug,2.0833450186695934,16,,0.9474660042317873
n23_het,laplace,311001,Dlow,2.1894321551237734,16,,0.9547849212752857
n23_het,laplace,311001,S,2.193806649305606,16,,0.9550637794949237
n23_het,laplace,311000,CP_PAC,2.6855944659394715,22,,0.9775845341081475
n23_het,laplace,311000,Oracle,2.4598995920034437,22,,0.9691563185575278
n23_het,laplace,311000,Oracle04,2.489644125413223,22,,0.9704268518848713
n23_het,laplace,311000,Plug,2.4465508337797988,22,,0.9685685209320687
n23_het,laplace,311000,Dlow,2.5341068618855886,22,,0.972229147862196
n23_het,laplace,311000,S,2.5391700175067933,22,,0.9724272875846471
n23_het,laplace,311003,CP_PAC,2.17098388154645,13,,0.9535897458232121
n23_het,laplace,311003,Oracle,1.8643657042966515,13,,0.9283964957546929
n23_het,laplace,311003,Oracle04,1.8910252305406134,13,,0.931045852744967
n23_het,laplace,311003,Plug,1.8149248601988872,13,,0.9232108060098472
n23_het,laplace,311003,Dlow,1.9444142746504385,13,,0.9360604413591642
n23_het,laplace,311003,S,1.9482992221294573,13,,0.9364107713288976
n23_het,laplace,311004,CP_PAC,2.0177588254227783,14,,0.9423601953220362
n23_het,laplace,311004,Oracle,1.6680200363371431,14,,0.9054793129348953
n23_het,laplace,311004,Oracle04,1.6945079071215476,14,,0.9089545151477945
n23_het,laplace,311004,Plug,1.7153201022754054,14,,0.9115951947203733
n23_het,laplace,311004,Dlow,1.8245262174426302,14,,0.9242464311076946
n23_het,laplace,311004,S,1.8281716281049911,14,,0.9246359652756821
n23_het,laplace,311005,CP_PAC,2.53231526753196,23,,0.9721586957220263
n23_het,laplace,311005,Oracle,2.288264417695336,23,,0.9606828541390353
n23_het,laplace,311005,Oracle04,2.3169177185559025,23,,0.962244210865344
n23_het,laplace,311005,Plug,2.3226122752199374,23,,0.9625470492256463
n23_het,laplace,311005,Dlow,2.398654154313852,23,,0.9663657113380384
n23_het,laplace,311005,S,2.403446674884868,23,,0.9665929019149846
n23_het,laplace,311007,CP_PAC,2.479480498689642,20,,0.9699987115193265
n23_het,laplace,311007,Oracle,2.226176267666874,20,,0.9570744762160392
n23_het,laplace,311007,Oracle04,2.254227634354303,20,,0.958744023554966
n23_het,laplace,311007,Plug,2.235302120405719,20,,0.9576249093766256
n23_het,laplace,311007,Dlow,2.323060176531335,20,,0.9625707654653792
n23_het,laplace,311007,S,2.3277016600331195,20,,0.9628156482014234
n23_het,laplace,311008,CP_PAC,2.7051802402061527,22,,0.9781968883767924
n23_het,laplace,311008,Oracle,2.481747498640746,22,,0.9700947422918831
n23_het,laplace,311008,Oracle04,2.511526805084777,22,,0.9713280294697788
n23_het,laplace,311008,Plug,2.470624679171809,22,,0.9696206120598141
n23_het,laplace,311008,Dlow,2.555441135368619,22,,0.9730545145514817
n23_het,laplace,311008,S,2.560546916953367,22,,0.9732483781359973
n23_het,laplace,311006,CP_PAC,2.8255355154726343,24,,0.9816093086440543
n23_het,laplace,311006,Oracle,2.6099468247894455,24,,0.9750535112135454
n23_het,laplace,311006,Oracle04,2.640199009142827,24,,0.9760982893213548
n23_het,laplace,311006,Plug,2.600557642733638,24,,0.9747200550694732
n23_het,laplace,311006,Dlow,2.680852331027479,24,,0.977433702013838
n23_het,laplace,311006,S,2.686208684681548,24,,0.9776039965453169
n23_het,laplace,311010,CP_PAC,2.536650683691359,17,,0.9723288742147371
n23_het,laplace,311010,Oracle,2.291747090698761,17,,0.9608760245558337
n23_het,laplace,311010,Oracle04,2.3200852491949018,17,,0.962412962120651
n23_het,laplace,311010,Plug,2.2397126945355637,17,,0.9578884011212947
n23_het,laplace,311010,Dlow,2.3453145796480013,17,,0.9637304120568579
n23_het,laplace,311010,S,2.3500005275360087,17,,0.9639699734604081
n23_het,laplace,311011,CP_PAC,2.3790661985935944,16,,0.965420964253572
n23_het,laplace,311011,Oracle,2.111572490327952,16,,0.9495218370855414
n23_het,laplace,311011,Oracle04,2.139102138347167,16,,0.9514493286026049
n23_het,laplace,311011,Plug,2.0683070225063975,16,,0.9463368022192178
n23_het,laplace,311011,Dlow,2.1822623485724213,16,,0.9543241245520953
n23_het,laplace,311011,S,2.186622517452157,16,,0.9546049050250638
n23_het,laplace,311009,CP_PAC,2.8753710645022696,30,,0.9828608293924472
n23_het,laplace,311009,Oracle,2.664515779177696,30,,0.9769062752007303
n23_het,laplace,311009,Oracle04,2.6948844262436507,30,,0.9778771021409367
n23_het,laplace,311009,Plug,2.694012952356759,30,,0.9778498199627552
n23_het,laplace,311009,Dlow,2.759060298979688,30,,0.9797965216574323
n23_het,laplace,311009,S,2.764572912465777,30,,0.9799534158630554
n23_het,laplace,311002,CP_PAC,3.0665607893765516,41,,0.9869213200353266
n23_het,laplace,311002,Oracle,2.87061776214782,41,,0.9827452286131966
n23_het,laplace,311002,Oracle04,2.9029810596712364,41,,0.9835171558240461
n23_het,laplace,311002,Plug,2.950010149288301,41,,0.9845777554774773
n23_het,laplace,311002,Dlow,2.998880891911443,41,,0.9856076437496777
n23_het,laplace,311002,S,3.004872667899101,41,,0.9857290843025903
n23_het,laplace,311012,CP_PAC,2.931949177280553,25,,0.9841787655814109
n23_het,laplace,311012,Oracle,2.7257488872985745,25,,0.9788219718770192
n23_het,laplace,311012,Oracle04,2.756783301121093,25,,0.979731358337405
n23_het,laplace,311012,Plug,2.714826736986323,25,,0.9784923112379609
n23_het,laplace,311012,Dlow,2.79173194578895,25,,0.9807087794479883
n23_het,laplace,311012,S,2.7973098373557246,25,,0.9808603563297151
n23_het,laplace,311013,CP_PAC,2.2774811674245288,17,,0.9600786797232572
n23_het,laplace,311013,Oracle,1.9905241407956793,17,,0.940096852908116
n23_het,laplace,311013,Oracle04,2.0174019019107097,17,,0.9423310933600435
n23_het,laplace,311013,Plug,2.00047051136704,17,,0.9409335695300325
n23_het,laplace,311013,Dlow,2.1011392833625275,17,,0.9487715209927983
n23_het,laplace,311013,S,2.1053373680342906,17,,0.9490747628099303
n23_het,laplace,311017,CP_PAC,2.2055723866336003,13,,0.9558052989120311
n23_het,laplace,311017,Oracle,1.9048074949022544,13,,0.9323768293116563
n23_het,laplace,311017,Oracle04,1.931611835626678,13,,0.9348922477830464
n23_het,laplace,311017,Plug,1.861155166676273,13,,0.9280706490424273
n23_het,laplace,311017,Dlow,1.9835027744175096,13,,0.9394990689365899
n23_het,laplace,311017,S,1.987465820875027,13,,0.9398372036557328
n23_het,laplace,311014,CP_PAC,2.8415997876475214,25,,0.9820224039197136
n23_het,laplace,311014,Oracle,2.6266674411106647,25,,0.9756364890549947
n23_het,laplace,311014,Oracle04,2.656857001153592,25,,0.9766547841454845
n23_het,laplace,311014,Plug,2.6245899435240463,25,,0.9755648031884705
n23_het,laplace,311014,Dlow,2.703460850665536,25,,0.9781438077704361
n23_het,laplace,311014,S,2.70886237623205,25,,0.9783101292053449
n23_het,laplace,311015,CP_PAC,2.923594822329486,25,,0.9839907315866285
n23_het,laplace,311015,Oracle,2.715870425021012,25,,0.9785240331222134
n23_het,laplace,311015,Oracle04,2.746944587385342,25,,0.979447368455969
n23_het,laplace,311015,Plug,2.7000933321871887,25,,0.978039471805392
n23_het,laplace,311015,Dlow,2.7795501225837995,25,,0.9803735568292393
n23_het,laplace,311015,S,2.7851036748192044,25,,0.9805270973897164
n23_het,laplace,311016,CP_PAC,3.087797381669397,28,,0.9873082732527192
n23_het,laplace,311016,Oracle,2.8893562693293906,28,,0.983196478855729
n23_het,laplace,311016,Oracle04,2.921281932324677,28,,0.9839382808093817
n23_het,laplace,311016,Plug,2.908867292049766,28,,0.9836537959299019
n23_het,laplace,311016,Dlow,2.982289129062668,28,,0.9852659440477756
n23_het,laplace,311016,S,2.9882477546419515,28,,0.985389582865777
n23_het,laplace,311019,CP_PAC,2.2002200735176025,15,,0.9554695060939058
n23_het,laplace,311019,Oracle,1.8983002807038976,15,,0.9317516487302135
n23_het,laplace,311019,Oracle04,1.9247581384297185,15,,0.934258116713278
n23_het,laplace,311019,Plug,1.9017924661414805,15,,0.9320878756455293
n23_het,laplace,311019,Dlow,2.0092286401669885,15,,0.9416606463038613
n23_het,laplace,311019,S,2.0132430870069205,15,,0.9419909170435405
n23_het,laplace,311020,CP_PAC,2.4163300618864767,16,,0.9671960631437586
n23_het,laplace,311020,Oracle,2.1538193398923378,16,,0.9524493833384282
n23_het,laplace,311020,Oracle04,2.1815518074504108,16,,0.9542782037658366
n23_het,laplace,311020,Plug,2.103846305189425,16,,0.948967264414599
n23_het,laplace,311020,Dlow,2.218008210855988,16,,0.9565757523920742
n23_het,laplace,311020,S,2.222439800111193,16,,0.956847050399164
n23_het,laplace,311021,CP_PAC,2.0190945030625556,16,,0.9424689703094733
n23_het,laplace,311021,Oracle,1.6699613350301716,16,,0.9057384551745093
n23_het,laplace,311021,Oracle04,1.6964408546899536,16,,0.9092030572836323
n23_het,laplace,311021,Plug,1.7670514364526744,16,,0.9178318980889053
n23_het,laplace,311021,Dlow,1.8575264617657294,16,,0.9277005758584285
n23_het,laplace,311021,S,1.8612378070479196,16,,0.9280790550160516
n23_het,laplace,311022,CP_PAC,2.4294912507752233,17,,0.9678009869174939
n23_het,laplace,311022,Oracle,2.169450421209705,17,,0.9534889894580967
n23_het,laplace,311022,Oracle04,2.197249124873171,17,,0.9552820151349624
n23_het,laplace,311022,Plug,2.1408382825958454,17,,0.9515683878124468
n23_het,laplace,311022,Dlow,2.244839659722793,17,,0.9581926322128316
n23_het,laplace,311022,S,2.249324858319892,17,,0.9584569782823309
n23_het,laplace,311023,CP_PAC,2.3907814122243733,19,,0.9659891435451171
n23_het,laplace,311023,Oracle,2.124203579424031,19,,0.950415525643777
n23_het,laplace,311023,Oracle04,2.151747340275746,19,,0.9523098438028901
n23_het,laplace,311023,Plug,2.135353603310057,19,,0.9511912669535252
n23_het,laplace,311023,Dlow,2.2282004753499844,19,,0.9571971817639768
n23_het,laplace,311023,S,2.232652428790316,19,,0.9574658222916961
n23_het,laplace,311018,CP_PAC,2.9668476044196117,29,,0.9849406485156289
n23_het,laplace,311018,Oracle,2.7618634904781,29,,0.9798764559906707
n23_het,laplace,311018,Oracle04,2.7930983810534973,29,,0.9807460224097528
n23_het,laplace,311018,Plug,2.7704006259798097,29,,0.9801179534616586
n23_het,laplace,311018,Dlow,2.841403649725316,29,,0.9820174165860955
n23_het,laplace,311018,S,2.8470807855547466,29,,0.9821612150102155
n23_het,laplace,311027,CP_PAC,2.0281874120088665,14,,0.9432040435527067
n23_het,laplace,311027,Oracle,1.6851007067391115,14,,0.9077351721461457
n23_het,laplace,311027,Oracle04,1.7114289388740667,14,,0.9111073677205632
n23_het,laplace,311027,Plug,1.7128944685607055,14,,0.9112914133078358
n23_het,laplace,311027,Dlow,1.8265095127779423,14,,0.9244586072619383
n23_het,laplace,311027,S,1.8301588860722964,14,,0.9248474715505897
n23_het,laplace,311025,CP_PAC,2.5402346230339603,22,,0.9724687692624705
n23_het,laplace,311025,Oracle,2.2953486878340743,22,,0.9610747930526695
n23_het,laplace,311025,Oracle04,2.3237764556131424,22,,0.9626086610198701
n23_het,laplace,311025,Plug,2.313140486377327,22,,0.9620419868605212
n23_het,laplace,311025,Dlow,2.396322988821094,22,,0.9662546439826507
n23_het,laplace,311025,S,2.401110851714154,22,,0.9664823640114109
n23_het,laplace,311026,CP_PAC,2.741644310552578,25,,0.9792927327860832
n23_het,laplace,311026,Oracle,2.5194364187069547,25,,0.9716469636676193
n23_het,laplace,311026,Oracle04,2.5492809181899045,25,,0.9728187436717903
n23_het,laplace,311026,Plug,2.5313439839127407,25,,0.9721204265604895
n23_het,laplace,311026,Dlow,2.6066034122241306,25,,0.9749352774436684
n23_het,laplace,311026,S,2.611811416242175,25,,0.9751192067159069
n23_het,laplace,311029,CP_PAC,2.050709456079354,13,,0.9449845445627043
n23_het,laplace,311029,Oracle,1.7120677315503046,13,,0.911187636108157
n23_het,laplace,311029,Oracle04,1.7380952041932274,13,,0.9143972448880986
n23_het,laplace,311029,Plug,1.7106813575172874,13,,0.911013337203598
n23_het,laplace,311029,Dlow,1.8343366755692032,13,,0.9252901850978237
n23_het,laplace,311029,S,1.838001687566045,13,,0.9256764124679879
n23_het,laplace,311028,CP_PAC,2.3162574807672636,17,,0.9622089411709063
n23_het,laplace,311028,Oracle,2.036559315284631,17,,0.9438725232239207
n23_het,laplace,311028,Oracle04,2.063761089180203,17,,0.9459906944258256
n23_het,laplace,311028,Plug,2.0408128251043496,17,,0.9442091373908248
n23_het,laplace,311028,Dlow,2.1402243227427857,17,,0.9515263178181144
n23_het,laplace,311028,S,2.1445004994791805,17,,0.9518185742885694
n23_het,laplace,311030,CP_PAC,2.6958581095628684,21,,0.9779075443220437
n23_het,laplace,311030,Oracle,2.470295895940396,21,,0.9696064832802944
n23_het,laplace,311030,Oracle04,2.5000183088721606,21,,0.9708575614736425
n23_het,laplace,311030,Plug,2.4500973552841274,21,,0.9687257720560072
n23_het,laplace,311030,Dlow,2.5399835720518444,21,,0.9724589928470602
n23_het,laplace,311030,S,2.545058469363409,21,,0.9726559467282947
n23_het,laplace,311024,CP_PAC,3.3477916429106322,33,,0.9912130915858532
n23_het,laplace,311024,Oracle,3.1733890212442737,33,,0.9887552035209486
n23_het,laplace,311024,Oracle04,3.19782775030032,33,,0.9891372022137019
n23_het,laplace,311024,Plug,3.1832049088165637,33,,0.9889102226432793
n23_het,laplace,311024,Dlow,3.248075702360868,33,,0.9898823384088693
n23_het,laplace,311024,S,3.254565370574098,33,,0.9899747712359745
n23_het,laplace,311031,CP_PAC,2.2251686047977364,15,,0.9570132615704658
n23_het,laplace,311031,Oracle,1.930038763182571,15,,0.9347472439135509
n23_het,laplace,311031,Oracle04,1.9566778316030446,15,,0.9371598027482664
n23_het,laplace,311031,Plug,1.9321634444392304,15,,0.9349430180575755
n23_het,laplace,311031,Dlow,2.0374839984544364,15,,0.9439458731258268
n23_het,laplace,311031,S,2.0415548996129664,15,,0.9442676565020665
n23_het,laplace,311032,CP_PAC,2.6904110513954214,24,,0.977736702250773
n23_het,laplace,311032,Oracle,2.462944769224482,24,,0.969288862218989
n23_het,laplace,311032,Oracle04,2.492359047676408,24,,0.9705401796930675
n23_het,laplace,311032,Plug,2.477218914327933,24,,0.9699026028867621
n23_het,laplace,311032,Dlow,2.553103535145357,24,,0.9729652889863059
n23_het,laplace,311032,S,2.5582046461955317,24,,0.9731596172346324
n23_het,laplace,311033,CP_PAC,2.443440325020542,21,,0.9684299517004245
n23_het,laplace,311033,Oracle,2.1841198760814264,21,,0.9544439549010395
n23_het,laplace,311033,Oracle04,2.2117542705812623,21,,0.9561899872484976
n23_het,laplace,311033,Plug,2.2204340163013736,21,,0.9567244686787559
n23_het,laplace,311033,Dlow,2.3013413057653005,21,,0.9614032840930884
n23_het,laplace,311033,S,2.3059393948766354,21,,0.9616534519228026
n23_het,laplace,311034,CP_PAC,2.919074531628398,23,,0.9838880620182047
n23_het,laplace,311034,Oracle,2.7113448232108057,23,,0.9783861425471807
n23_het,laplace,311034,Oracle04,2.742135844388172,23,,0.9793071221059435
n23_het,laplace,311034,Plug,2.679020994914687,23,,0.977375181802332
n23_het,laplace,311034,Dlow,2.765933787164548,23,,0.9799919597644171
n23_het,laplace,311034,S,2.771460133907456,23,,0.9801477218256995
n23_het,laplace,311036,CP_PAC,2.5533682043430224,19,,0.9729754061518159
n23_het,laplace,311036,Oracle,2.311007980368821,19,,0.9619273395755339
n23_het,laplace,311036,Oracle04,2.3396609029221267,19,,0.9634392559185687
n23_het,laplace,311036,Plug,2.28493052516741,19,,0.9604970425518207
n23_het,laplace,311036,Dlow,2.38092868618412,19,,0.9655119240403527
n23_het,laplace,311036,S,2.385685791199088,19,,0.9657431660049096
n23_het,laplace,311035,CP_PAC,2.6274974326433407,26,,0.9756650698084486
n23_het,laplace,311035,Oracle,2.3945781348054864,26,,0.9661712712471098
n23_het,laplace,311035,Oracle04,2.423834605984097,26,,0.9675423713058253
n23_het,laplace,311035,Plug,2.438455645749755,26,,0.9682066155011175
n23_het,laplace,311035,Dlow,2.5064588478777736,26,,0.9711217942945067
n23_het,laplace,311035,S,2.5114667626566747,26,,0.9713255947486488
n23_het,laplace,311037,CP_PAC,2.6757209036957317,25,,0.977269344230359
n23_het,laplace,311037,Oracle,2.446646997501955,25,,0.9685727951981076
n23_het,laplace,311037,Oracle04,2.4759012448323325,25,,0.9698464651192364
n23_het,laplace,311037,Plug,2.4743187794834682,25,,0.9697789076312875
n23_het,laplace,311037,Dlow,2.5463920853547424,25,,0.9727074694983853
n23_het,laplace,311037,S,2.5514797869014565,25,,0.972903137122004
n23_het,laplace,311039,CP_PAC,2.6172627958314925,20,,0.975310285576082
n23_het,laplace,311039,Oracle,2.384275927912263,20,,0.9656747949543703
n23_het,laplace,311039,Oracle04,2.4130630728614313,20,,0.9670441510690857
n23_het,laplace,311039,Plug,2.3675409409913737,20,,0.9648527362330523
n23_het,laplace,311039,Dlow,2.4568877631299952,20,,0.9690246637453455
n23_het,laplace,311039,S,2.46179663468378,20,,0.9692389558103782
n23_het,laplace,311038,CP_PAC,2.325935976694136,20,,0.9627226808682448
n23_het,laplace,311038,Oracle,2.0491911528926825,20,,0.9448662881891006
n23_het,laplace,311038,Oracle04,2.076405500536416,20,,0.9469478994926077
n23_het,laplace,311038,Plug,2.0975029111163215,20,,0.9485073944934128
n23_het,laplace,311038,Dlow,2.180394714416804,20,,0.9542033244368933
n23_het,laplace,311038,S,2.1847511517560445,20,,0.9544846073039321
n23_het,laplace,311040,CP_PAC,2.5224491369016024,21,,0.9717675083973636
n23_het,laplace,311040,Oracle,2.276251977191883,21,,0.9600092226428276
n23_het,laplace,311040,Oracle04,2.3045936602867734,21,,0.9615804029658601
n23_het,laplace,311040,Plug,2.2915272566285396,21,,0.9608638593212591
n23_het,laplace,311040,Dlow,2.3753072802029727,21,,0.9652366556449317
n23_het,laplace,311040,S,2.3800531536263607,21,,0.9654691948009775
n23_het,laplace,311042,CP_PAC,2.4551516359768915,17,,0.9689485179691952
n23_het,laplace,311042,Oracle,2.1991787196375854,17,,0.9554038778655238
n23_het,laplace,311042,Oracle04,2.2269746597236817,17,,0.957122915939078
n23_het,laplace,311042,Plug,2.170196349173304,17,,0.9535380281201924
n23_het,laplace,311042,Dlow,2.272198274504298,17,,0.9597793050554246
n23_het,laplace,311042,S,2.276738135722892,17,,0.9600367081318271
n23_het,laplace,311045,CP_PAC,2.1089650256401926,12,,0.9493353546410432
n23_het,laplace,311045,Oracle,1.7842157616692638,12,,0.9198024351753049
n23_het,laplace,311045,Oracle04,1.810518410133728,12,,0.9227307876477806
n23_het,laplace,311045,Plug,1.7372321751408575,12,,0.914292702308312
n23_het,laplace,311045,Dlow,1.8706045020731612,12,,0.9290254741146056
n23_het,laplace,311045,S,1.8743419773320678,12,,0.9293996265522126
n23_het,laplace,311044,CP_PAC,2.7820648483919825,22,,0.9804432315461904
n23_het,laplace,311044,Oracle,2.5642239986501965,22,,0.9733871302723947
n23_het,laplace,311044,Oracle04,2.594513350308749,22,,0.9745030379131734
n23_het,laplace,311044,Plug,2.5362657771665424,22,,0.9723138076130571
n23_het,laplace,311044,Dlow,2.6243559488258925,22,,0.9755567157923288
n23_het,laplace,311044,S,2.6295994224829,22,,0.9757373019297682
n23_het,laplace,311048,CP_PAC,2.229023708325252,16,,0.9572469849741045
n23_het,laplace,311048,Oracle,1.9342824528908071,16,,0.9351376844719437
n23_het,laplace,311048,Oracle04,1.9612452613174058,16,,0.9375643996396361
n23_het,laplace,311048,Plug,1.937823037186953,16,,0.935461647576129
n23_het,laplace,311048,Dlow,2.0421411657311395,16,,0.9443138453439792
n23_het,laplace,311048,S,2.0462213719284703,16,,0.9446342449251464
n23_het,laplace,311047,CP_PAC,2.577757111398996,22,,0.9738916232388686
n23_het,laplace,311047,Oracle,2.338920054705125,22,,0.9634009305100699
n23_het,laplace,311047,Oracle04,2.367738771588779,22,,0.964862568173289
n23_het,laplace,311047,Plug,2.351261989887187,22,,0.9640341929049823
n23_het,laplace,311047,Dlow,2.4325537274026368,22,,0.9679401391623252
n23_het,laplace,311047,S,2.4374139794559446,22,,0.9681597449242303
n23_het,laplace,311041,CP_PAC,3.156890678587798,37,,0.9884897531808239
n23_het,laplace,311041,Oracle,2.964568876265831,37,,0.9848920398438585
n23_het,laplace,311041,Oracle04,2.9975317307636007,37,,0.9855801568911149
n23_het,laplace,311041,Plug,3.025097803726795,37,,0.9861314881278898
n23_het,laplace,311041,Dlow,3.0783571041028313,37,,0.9871376953622417
n23_het,laplace,311041,S,3.0845076738795596,37,,0.9872490893403798
n23_het,laplace,311050,CP_PAC,2.3746022840362966,16,,0.965201978780474
n23_het,laplace,311050,Oracle,2.106107727796492,16,,0.9491302132629282
n23_het,laplace,311050,Oracle04,2.1337105823539426,16,,0.9510777239724666
n23_het,laplace,311050,Plug,2.079643619735267,16,,0.9471902904367211
n23_het,laplace,311050,Dlow,2.1857079700318454,16,,0.9545461545967766
n23_het,laplace,311050,S,2.190075023277005,16,,0.9548260100126722
n23_het,laplace,311046,CP_PAC,2.3164234116527638,22,,0.9622178082449224
n23_het,laplace,311046,Oracle,2.036131576221828,22,,0.9438385606347002
n23_het,laplace,311046,Oracle04,2.06325987318253,22,,0.945952397629575
n23_het,laplace,311046,Plug,2.113786524829557,22,,0.9496796429675398
n23_het,laplace,311046,Dlow,2.1865153067620517,22,,0.9545980217528904
n23_het,laplace,311046,S,2.1908839730692193,22,,0.9548776607610046
n23_het,laplace,311043,CP_PAC,3.198029026007249,32,,0.9891402938346747
n23_het,laplace,311043,Oracle,3.007326653792307,32,,0.9857785251057753
n23_het,laplace,311043,Oracle04,3.0404009712066347,32,,0.9864284052059971
n23_het,laplace,311043,Plug,3.0245834474776654,32,,0.9861213963694704
n23_het,laplace,311043,Dlow,3.098468046382787,32,,0.9874983611313277
n23_het,laplace,311043,S,3.1046587979024336,32,,0.98760733580405
n23_het,laplace,311049,CP_PAC,2.76722830915216,23,,0.9800285555861898
n23_het,laplace,311049,Oracle,2.545504392631219,23,,0.9726731852925001
n23_het,laplace,311049,Oracle04,2.5753377872490475,23,,0.9738021419773928
n23_het,laplace,311049,Plug,2.5414210558208397,23,,0.9725149243384421
n23_het,laplace,311049,Dlow,2.6217899577605577,23,,0.9754678534144878
n23_het,laplace,311049,S,2.6270283045571783,23,,0.9756489195078257
n23_het,laplace,311051,CP_PAC,2.3871356281944958,19,,0.965813333543198
n23_het,laplace,311051,Oracle,2.1208661978080143,19,,0.9501809451646481
n23_het,laplace,311051,Oracle04,2.1486666859443515,19,,0.9521016186916686
n23_het,laplace,311051,Plug,2.1384880138245492,19,,0.9514071438715965
n23_het,laplace,311051,Dlow,2.227693843894009,19,,0.9571665031944367
n23_het,laplace,311051,S,2.23214478508267,19,,0.9574352753349906
n23_het,laplace,311052,CP_PAC,2.871021870218579,23,,0.982755086813518
n23_het,laplace,311052,Oracle,2.659703764603544,23,,0.9767485814474506
n23_het,laplace,311052,Oracle04,2.6903875393459127,23,,0.9777359619602319
n23_het,laplace,311052,Plug,2.6289653115500955,23,,0.9757155341528547
n23_het,laplace,311052,Dlow,2.7153482492368504,23,,0.9785081679490342
n23_het,laplace,311052,S,2.720773525873141,23,,0.9786724330582903
n23_het,laplace,311054,CP_PAC,2.3529696928243204,14,,0.9641209475658539
n23_het,laplace,311054,Oracle,2.0828876975732693,14,,0.9474320168964889
n23_het,laplace,311054,Oracle04,2.1105013067331053,14,,0.9494453106569585
n23_het,laplace,311054,Plug,2.0091593184357164,14,,0.9416549266822272
n23_het,laplace,311054,Dlow,2.133779994544636,14,,0.9510825261265066
n23_het,laplace,311054,S,2.138043295487578,14,,0.951376572914336
n23_het,laplace,311055,CP_PAC,2.5365112331561623,18,,0.9723234165753454
n23_het,laplace,311055,Oracle,2.291420875020199,18,,0.9608579709902494
n23_het,laplace,311055,Oracle04,2.3199464625523647,18,,0.962405584040138
n23_het,laplace,311055,Plug,2.2517926269075974,18,,0.9586017087279433
n23_het,laplace,311055,Dlow,2.3554623468966183,18,,0.9642472037686873
n23_het,laplace,311055,S,2.3601685700640784,18,,0.964484370126619
n23_het,laplace,311053,CP_PAC,2.844872688812904,28,,0.9821054224061294
n23_het,laplace,311053,Oracle,2.6320411736850335,28,,0.9758209403601528
n23_het,laplace,311053,Oracle04,2.66256944864084,28,,0.9768426215346881
n23_het,laplace,311053,Plug,2.652875425210473,28,,0.9765229611483541
n23_het,laplace,311053,Dlow,2.7224654965219566,28,,0.9787234048205127
n23_het,laplace,311053,S,2.7279049934467205,28,,0.9788864494527982
n23_het,laplace,311056,CP_PAC,1.998862720675579,13,,0.9407991138764735
n23_het,laplace,311056,Oracle,1.6444357932063982,13,,0.9022735862902624
n23_het,laplace,311056,Oracle04,1.6704395181300826,13,,0.9058021782804568
n23_het,laplace,311056,Plug,1.6570391853696067,13,,0.904000019374628
n23_het,laplace,311056,Dlow,1.7796976548624066,13,,0.9192883667992049
n23_het,laplace,311056,S,1.7832534978778651,13,,0.9196932243067935
n23_het,laplace,311063,CP_PAC,2.1845695573309962,18,,0.9544729168447215
n23_het,laplace,311063,Oracle,1.8798300004013884,18,,0.9299454518788293
n23_het,laplace,311063,Oracle04,1.9065207359400163,18,,0.9325404744015582
n23_het,laplace,311063,Plug,1.9497918928784572,18,,0.9365448637615761
n23_het,laplace,311063,Dlow,2.033609459318214,18,,0.9436378856705341
n23_het,laplace,311063,S,2.0376726191320906,18,,0.9439608235656103
n23_het,laplace,311061,CP_PAC,2.546665512402665,20,,0.9727180210495954
n23_het,laplace,311061,Oracle,2.3028447483859185,20,,0.9614852608238451
n23_het,laplace,311061,Oracle04,2.331302409555946,20,,0.9630045181363385
n23_het,laplace,311061,Plug,2.301243565165045,20,,0.9613979486515121
n23_het,laplace,311061,Dlow,2.3894529038952044,20,,0.9659251840706367
n23_het,laplace,311061,S,2.394227040331171,20,,0.9661544703491951
n23_het,laplace,311060,CP_PAC,2.396487001358971,19,,0.966262470268298
n23_het,laplace,311060,Oracle,2.1314193354727533,19,,0.9509189434037313
n23_het,laplace,311060,Oracle04,2.1590781493281193,19,,0.9528017092987637
n23_het,laplace,311060,Plug,2.1432866573802314,19,,0.9517357934816062
n23_het,laplace,311060,Dlow,2.2344122026429067,19,,0.9575715453208982
n23_het,laplace,311060,S,2.2388765671391546,19,,0.957838576274014
n23_het,laplace,311064,CP_PAC,2.589451680557206,21,,0.9743198686617034
n23_het,laplace,311064,Oracle,2.352144027427644,21,,0.9640790283039784
n23_het,laplace,311064,Oracle04,2.380951357498096,21,,0.9655130297820667
n23_het,laplace,311064,Plug,2.354265753411968,21,,0.9641866502810048
n23_het,laplace,311064,Dlow,2.4390598170846225,21,,0.9682337690346461
n23_het,laplace,311064,S,2.4439330683310745,21,,0.9684519434444652
n23_het,laplace,311057,CP_PAC,3.0517458657057905,35,,0.9866444118298696
n23_het,laplace,311057,Oracle,2.853492006607218,35,,0.9823222253139332
n23_het,laplace,311057,Oracle04,2.8855972884198478,35,,0.9831069134533721
n23_het,laplace,311057,Plug,2.9121890912782855,35,,0.9837304059530672
n23_het,laplace,311057,Dlow,2.968296772394613,35,,0.9849714800432192
n23_het,laplace,311057,S,2.9742274411894445,35,,0.9850970006094859
n23_het,laplace,311059,CP_PAC,2.8699727860431867,30,,0.9827294827702688
n23_het,laplace,311059,Oracle,2.659770748640198,30,,0.9767507839438017
n23_het,laplace,311059,Oracle04,2.690394765967494,30,,0.9777361894972318
n23_het,laplace,311059,Plug,2.688267759825432,30,,0.9776691182179038
n23_het,laplace,311059,Dlow,2.753840172605275,30,,0.9796468201376041
n23_het,laplace,311059,S,2.7593423562580393,30,,0.979804579000219
n23_het,laplace,311065,CP_PAC,2.529457211491955,25,,0.9720459361813625
n23_het,laplace,311065,Oracle,2.2815857914637325,25,,0.9603097443089967
n23_het,laplace,311065,Oracle04,2.30961047793379,25,,0.9618520196243752
n23_het,laplace,311065,Plug,2.3377778989555247,25,,0.9633417660144101
n23_het,laplace,311065,Dlow,2.4071359644278045,25,,0.9667667476458122
n23_het,laplace,311065,S,2.411945431689271,25,,0.9669920204169453
n23_het,laplace,311058,CP_PAC,2.9233474522440286,30,,0.9839851300183919
n23_het,laplace,311058,Oracle,2.716936438499371,30,,0.9785563852683341
n23_het,laplace,311058,Oracle04,2.748217678410364,30,,0.9794843385872449
n23_het,laplace,311058,Plug,2.758748609281232,30,,0.9797876140859916
n23_het,laplace,311058,Dlow,2.827401470983868,30,,0.9816577751200821
n23_het,laplace,311058,S,2.8330506304043044,30,,0.9818037295168704
n23_het,laplace,311066,CP_PAC,2.4291543895457473,19,,0.9677856438555128
n23_het,laplace,311066,Oracle,2.171147334673068,19,,0.953600472667661
n23_het,laplace,311066,Oracle04,2.1993476289491025,19,,0.9554145294401879
n23_het,laplace,311066,Plug,2.184574971854986,19,,0.9544732654576136
n23_het,laplace,311066,Dlow,2.27289377406226,19,,0.9598188460747783
n23_het,laplace,311066,S,2.277435024891746,19,,0.9600760745567076
n23_het,laplace,311068,CP_PAC,2.230027412318319,14,,0.9573076277682777
n23_het,laplace,311068,Oracle,1.9352642113231648,14,,0.9352276778658637
n23_het,laplace,311068,Oracle04,1.962239012753193,14,,0.9376520835523632
n23_het,laplace,311068,Plug,1.903935799025439,14,,0.9322934144875521
n23_het,laplace,311068,Dlow,2.0223538991403687,14,,0.9427335483109844
n23_het,laplace,311068,S,2.0263945703001,14,,0.9430598569042112
n23_het,laplace,311062,CP_PAC,2.999301604103413,32,,0.9856162043220829
n23_het,laplace,311062,Oracle,2.799540757666166,32,,0.9809206467046048
n23_het,laplace,311062,Oracle04,2.8316270106306107,32,,0.9817670580189679
n23_het,laplace,311062,Plug,2.84861700630438,32,,0.9821999284908163
n23_het,laplace,311062,Dlow,2.9084990020596253,32,,0.9836452799440056
n23_het,laplace,311062,S,2.9143101946707324,32,,0.9837791366183861
n23_het,laplace,311067,CP_PAC,2.9192726584600743,26,,0.9838925758485526
n23_het,laplace,311067,Oracle,2.7119485858051573,26,,0.9784045896465015
n23_het,laplace,311067,Oracle04,2.743158131728511,26,,0.9793370168594273
n23_het,laplace,311067,Plug,2.7079410955958223,26,,0.9782818513248313
n23_het,laplace,311067,Dlow,2.784067520163869,26,,0.9804985419727259
n23_het,laplace,311067,S,2.7896300981776636,26,,0.9806513517310265
n23_het,laplace,311070,CP_PAC,2.620026986599246,18,,0.9754066131207844
n23_het,laplace,311070,Oracle,2.384877956215247,18,,0.9657040068797005
n23_het,laplace,311070,Oracle04,2.4138840329116604,18,,0.9670823910299171
n23_het,laplace,311070,Plug,2.328577812842559,18,,0.9628616935790137
n23_het,laplace,311070,Dlow,2.4332738564987615,18,,0.9679727728281313
n23_het,laplace,311070,S,2.4381355473728767,18,,0.9681922197763209
n23_het,laplace,311069,CP_PAC,2.810720670574563,26,,0.981219934028879
n23_het,laplace,311069,Oracle,2.5960150361977736,26,,0.9745571284710741
n23_het,laplace,311069,Oracle04,2.626531337552129,26,,0.9756317991272865
n23_het,laplace,311069,Plug,2.610485300969959,26,,0.9750725012400434
n23_het,laplace,311069,Dlow,2.6816832792470304,26,,0.9774602049582137
n23_het,laplace,311069,S,2.6870412931389573,26,,0.977630352010064
n23_het,laplace,311071,CP_PAC,2.31458441563891,19,,0.9621194189614093
n23_het,laplace,311071,Oracle,2.035362886888004,19,,0.9437774748492096
n23_het,laplace,311071,Oracle04,2.062594789126783,19,,0.9459015381132754
n23_het,laplace,311071,Plug,2.0881668619442495,19,,0.9478230209981504
n23_het,laplace,311071,Dlow,2.1679945138943215,19,,0.9533931263122779
n23_het,laplace,311071,S,2.1723261755834407,19,,0.9536777623977124
n23_het,laplace,311074,CP_PAC,2.2307265462795787,15,,0.9573498179118263
n23_het,laplace,311074,Oracle,1.9366456154244538,15,,0.9353540935781757
n23_het,laplace,311074,Oracle04,1.9631300511848562,15,,0.9377305998434005
n23_het,laplace,311074,Plug,1.9368837628939388,15,,0.9353758620963575
n23_het,laplace,311074,Dlow,2.042505136261026,15,,0.9443425014173279
n23_het,laplace,311074,S,2.046586069672928,15,,0.9446627930318403
n23_het,laplace,311072,CP_PAC,2.5851686710595656,22,,0.9741638497586387
n23_het,laplace,311072,Oracle,2.345643763244509,22,,0.9637472929227369
n23_het,laplace,311072,Oracle04,2.374404227367644,22,,0.9651922306835323
n23_het,laplace,311072,Plug,2.3617076009867826,22,,0.9645615864867638
n23_het,laplace,311072,Dlow,2.4420282789663026,22,,0.9683668453874854
n23_het,laplace,311072,S,2.4469074612114383,22,,0.9685843693183782
n23_het,laplace,311075,CP_PAC,2.93731573964355,22,,0.9842983857897858
n23_het,laplace,311075,Oracle,2.731663030073418,22,,0.9789983632740109
n23_het,laplace,311075,Oracle04,2.7630302427406135,22,,0.9799096332009756
n23_het,laplace,311075,Plug,2.6806087541302146,22,,0.9774259272677708
n23_het,laplace,311075,Dlow,2.7726090336210856,22,,0.98017995140972
n23_het,laplace,311075,S,2.7781487175330484,22,,0.9803346208851602
n23_het,laplace,311077,CP_PAC,2.482244961706637,16,,0.9701157738104123
n23_het,laplace,311077,Oracle,2.2303034422887964,16,,0.9573242901377441
n23_het,laplace,311077,Oracle04,2.258450278856599,16,,0.9589896585790973
n23_het,laplace,311077,Plug,2.168563755032236,16,,0.9534306310774117
n23_het,laplace,311077,Dlow,2.2827506487311204,16,,0.9603750745015409
n23_het,laplace,311077,S,2.287311593635524,16,,0.9606298387033814
n23_het,laplace,311076,CP_PAC,2.50258491775942,23,,0.9709631490041055
n23_het,laplace,311076,Oracle,2.253465748224593,23,,0.9586995475340212
n23_het,laplace,311076,Oracle04,2.2819023361564463,23,,0.9603275081438121
n23_het,laplace,311076,Plug,2.2992328825785213,23,,0.9612880261733916
n23_het,laplace,311076,Dlow,2.372422614978391,23,,0.9650945477756852
n23_het,laplace,311076,S,2.3771627248291507,23,,0.9653277549108454
n23_het,laplace,311078,CP_PAC,2.3832146021959275,17,,0.9656232361554751
n23_het,laplace,311078,Oracle,2.1167325354447137,17,,0.949888855952179
n23_het,laplace,311078,Oracle04,2.1443527189028755,17,,0.9518085036413271
n23_het,laplace,311078,Plug,2.10999193521983,17,,0.9494088799557321
n23_het,laplace,311078,Dlow,2.2089551911885015,17,,0.9560162217884962
n23_het,laplace,311078,S,2.2133686924742886,17,,0.9562898974265943
n23_het,laplace,311080,CP_PAC,2.394644010331179,18,,0.9661744226544324
n23_het,laplace,311080,Oracle,2.1287506104141976,18,,0.9507333542727272
n23_het,laplace,311080,Oracle04,2.1563124704093504,18,,0.9526167429923371
n23_het,laplace,311080,Plug,2.1217445842804996,18,,0.9502427932703508
n23_het,laplace,311080,Dlow,2.2216406726822555,18,,0.956798254092659
n23_het,laplace,311080,S,2.226079519610683,18,,0.957068602640478
n23_het,laplace,311084,CP_PAC,2.253000470659666,15,,0.9586723628173828
n23_het,laplace,311084,Oracle,1.9624691169965178,15,,0.9376723692948767
n23_het,laplace,311084,Oracle04,1.9894030821283208,15,,0.9400018061535749
n23_het,laplace,311084,Plug,1.9293911589004753,15,,0.9346874547525807
n23_het,laplace,311084,Dlow,2.046269924804872,15,,0.9446380464363837
n23_het,laplace,311084,S,2.0503583802793064,15,,0.9449572228184482
n23_het,laplace,311083,CP_PAC,2.5330481886746132,20,,0.9721875384789165
n23_het,laplace,311083,Oracle,2.288107699271859,20,,0.9606741391837403
n23_het,laplace,311083,Oracle04,2.31662725437779,20,,0.9622286984175741
n23_het,laplace,311083,Plug,2.279412272544153,20,,0.9601875559135062
n23_het,laplace,311083,Dlow,2.3711504210641854,20,,0.9650316909680436
n23_het,laplace,311083,S,2.375887989066428,20,,0.9652651931948306
n23_het,laplace,311079,CP_PAC,3.055210612867028,27,,0.9867096927099288
n23_het,laplace,311079,Oracle,2.856668122932168,27,,0.9824014506327374
n23_het,laplace,311079,Oracle04,2.8886289053006653,27,,0.9831791850529705
n23_het,laplace,311079,Plug,2.8742666475926133,27,,0.9828340391249775
n23_het,laplace,311079,Dlow,2.9478283891792496,27,,0.9845300970449946
n23_het,laplace,311079,S,2.953718162062747,27,,0.9846584168483183
n23_het,laplace,311082,CP_PAC,3.0092942018016284,26,,0.9858180418263187
n23_het,laplace,311082,Oracle,2.8083224855261393,26,,0.9811561324427804
n23_het,laplace,311082,Oracle04,2.8400992631935322,26,,0.9819842138390893
n23_het,laplace,311082,Plug,2.791359969820224,26,,0.9806986285649528
n23_het,laplace,311082,Dlow,2.869971872336742,26,,0.9827294604537058
n23_het,laplace,311082,S,2.875706087588939,26,,0.9828689479085471
n23_het,laplace,311081,CP_PAC,2.7735813208632587,29,,0.980207185680547
n23_het,laplace,311081,Oracle,2.5539572656563325,29,,0.9729979098446377
n23_het,laplace,311081,Oracle04,2.5839983372817685,29,,0.9741210528904389
n23_het,laplace,311081,Plug,2.5875980254336155,29,,0.9742524608013001
n23_het,laplace,311081,Dlow,2.655094190284444,29,,0.9765965121259232
n23_het,laplace,311081,S,2.660399079070532,29,,0.9767714338680695
n23_het,laplace,311073,CP_PAC,3.7218104031225745,40,,0.9948225092365621
n23_het,laplace,311073,Oracle,3.565462879084664,40,,0.9935412918614546
n23_het,laplace,311073,Oracle04,3.5981972044048787,40,,0.99383347177959
n23_het,laplace,311073,Plug,3.5782685953187165,40,,0.9936572064040974
n23_het,laplace,311073,Dlow,3.6377693190620217,40,,0.9941690929515807
n23_het,laplace,311073,S,3.6450375966763087,40,,0.9942287212616219
n23_het,laplace,311085,CP_PAC,2.145748596306765,14,,0.9519035431304865
n23_het,laplace,311085,Oracle,1.8324691663427246,14,,0.9250926114406859
n23_het,laplace,311085,Oracle04,1.859029379090248,14,,0.9278540811934168
n23_het,laplace,311085,Plug,1.8328941346411687,14,,0.9251376169510106
n23_het,laplace,311085,Dlow,1.946719985481421,14,,0.936268593842877
n23_het,laplace,311085,S,1.95060953977988,14,,0.9366181962639364
n23_het,laplace,311087,CP_PAC,2.5536372162940735,22,,0.9729856854422954
n23_het,laplace,311087,Oracle,2.3093964558495723,22,,0.9618404715156614
n23_het,laplace,311087,Oracle04,2.337870961072721,22,,0.9633465902764244
n23_het,laplace,311087,Plug,2.3237281367510607,22,,0.9626061058630964
n23_het,laplace,311087,Dlow,2.4074008377096683,22,,0.9667791940717079
n23_het,laplace,311087,S,2.412210834189009,22,,0.9670044071691097
n23_het,laplace,311086,CP_PAC,3.2104056716966944,29,,0.9893287198215899
n23_het,laplace,311086,Oracle,3.021505561080568,29,,0.9860608540722839
n23_het,laplace,311086,Oracle04,3.054668492515746,29,,0.9866994994705529
n23_het,laplace,311086,Plug,2.9983809220086317,29,,0.9855974638310661
n23_het,laplace,311086,Dlow,3.075112764460689,29,,0.9870785450834416
n23_het,laplace,311086,S,3.081256852033867,29,,0.9871903339040267
n23_het,laplace,311088,CP_PAC,2.6820116069880218,21,,0.9774706683314194
n23_het,laplace,311088,Oracle,2.4536617885340877,21,,0.968883024690534
n23_het,laplace,311088,Oracle04,2.4830156473626306,21,,0.970148327306634
n23_het,laplace,311088,Plug,2.42760006185348,21,,0.9677147539417517
n23_het,laplace,311088,Dlow,2.520675387768674,21,,0.9716965994202313
n23_het,laplace,311088,S,2.5257117072510007,21,,0.9718974722462537
n23_het,laplace,311091,CP_PAC,2.5302405067288847,20,,0.9720768850597099
n23_het,laplace,311091,Oracle,2.2820188732111384,20,,0.9603340459603298
n23_het,laplace,311091,Oracle04,2.310145405728643,20,,0.9618808677400501
n23_het,laplace,311091,Plug,2.278688384687743,20,,0.96014677777015
n23_het,laplace,311091,Dlow,2.3696730586426358,20,,0.9649585550961115
n23_het,laplace,311091,S,2.3744076748688654,20,,0.9651924003885017
n23_het,laplace,311090,CP_PAC,2.49859009057731,23,,0.9707986399256947
n23_het,laplace,311090,Oracle,2.2476119290355214,23,,0.9583562204887364
n23_het,laplace,311090,Oracle04,2.275775221129648,23,,0.9599822503736883
n23_het,laplace,311090,Plug,2.2843036752448542,23,,0.9604620076664803
n23_het,laplace,311090,Dlow,2.362637123586479,23,,0.964608141215918
n23_het,laplace,311090,S,2.367357681986393,23,,0.9648436260286468
n23_het,laplace,311089,CP_PAC,3.0026038531093127,27,,0.9856832212660498
n23_het,laplace,311089,Oracle,2.8021212516587233,27,,0.9809901474225076
n23_het,laplace,311089,Oracle04,2.8340126383406266,27,,0.9818284684316527
n23_het,laplace,311089,Plug,2.790879872342212,27,,0.9806855192489152
n23_het,laplace,311089,Dlow,2.8667369109842684,27,,0.9826502679978322
n23_het,laplace,311089,S,2.872464662770775,27,,0.9827902377505358
n23_het,laplace,311092,CP_PAC,2.7262750062441787,25,,0.978837723412739
n23_het,laplace,311092,Oracle,2.502881245220313,25,,0.9709753149370042
n23_het,laplace,311092,Oracle04,2.532646203573201,25,,0.9721717228001605
n23_het,laplace,311092,Plug,2.5170580577650497,25,,0.9715514373760981
n23_het,laplace,311092,Dlow,2.5924474348976125,25,,0.9744284358989976
n23_het,laplace,311092,S,2.597627155216476,25,,0.9746150691058215
n23_het,laplace,311094,CP_PAC,2.192897424239576,15,,0.955005961611904
n23_het,laplace,311094,Oracle,1.8887925037768603,15,,0.9308277823037117
n23_het,laplace,311094,Oracle04,1.9154476964728253,15,,0.9333867725215104
n23_het,laplace,311094,Plug,1.884207439165453,15,,0.9303777942776714
n23_het,laplace,311094,Dlow,1.9965337304998338,15,,0.9406038030698534
n23_het,laplace,311094,S,2.000522812859598,15,,0.9409379382453513
n23_het,laplace,311097,CP_PAC,1.748834477638743,10,,0.9156875245862142
n23_het,laplace,311097,Oracle,1.2905847951332774,10,,0.8388085549407576
n23_het,laplace,311097,Oracle04,1.3175669933954164,10,,0.8448435182107179
n23_het,laplace,311097,Plug,1.2962703638919484,10,,0.8400994355481777
n23_het,laplace,311097,Dlow,1.4598547111797138,10,,0.873124162934164
n23_het,laplace,311097,S,1.4627715067175118,10,,0.8736464442467917
n23_het,laplace,311093,CP_PAC,2.866849697024988,23,,0.9826530351209621
n23_het,laplace,311093,Oracle,2.655146384903199,23,,0.9765982395751251
n23_het,laplace,311093,Oracle04,2.6856811209936002,23,,0.9775872809272228
n23_het,laplace,311093,Plug,2.6297882011551237,23,,0.9757437785591772
n23_het,laplace,311093,Dlow,2.714748167989913,23,,0.9784899213140466
n23_het,laplace,311093,S,2.7201722456614776,23,,0.9786542896913237
n23_het,laplace,311096,CP_PAC,2.8636486763706728,23,,0.9825743286655868
n23_het,laplace,311096,Oracle,2.6525841288989787,23,,0.976513287667867
n23_het,laplace,311096,Oracle04,2.683325599822393,23,,0.9775124949588925
n23_het,laplace,311096,Plug,2.6846192956604353,23,,0.9775535996348359
n23_het,laplace,311096,Dlow,2.75614021092465,23,,0.9797129162942155
n23_het,laplace,311096,S,2.761646990063154,23,,0.9798702936644377
n23_het,laplace,311095,CP_PAC,2.8651082894373885,24,,0.9826102617170782
n23_het,laplace,311095,Oracle,2.6525341648427263,24,,0.9765116280417572
n23_het,laplace,311095,Oracle04,2.6831070189367203,24,,0.9775055425456327
n23_het,laplace,311095,Plug,2.688226587779564,24,,0.9776678179406602
n23_het,laplace,311095,Dlow,2.7586117973405315,24,,0.979783702988898
n23_het,laplace,311095,S,2.764123514718556,24,,0.9799406713195555
n23_het,laplace,311098,CP_PAC,2.2960572085628312,13,,0.9611137765613962
n23_het,laplace,311098,Oracle,2.014250871704086,13,,0.9420735340226194
n23_het,laplace,311098,Oracle04,2.0414237058125635,13,,0.9442573151837805
n23_het,laplace,311098,Plug,1.924163780797374,13,,0.9342028342331536
n23_het,laplace,311098,Dlow,2.0574095353936244,13,,0.9455033729549278
n23_het,laplace,311098,S,2.0615202478544625,13,,0.9458192659263169
n23_het,laplace,311099,CP_PAC,2.3248634171572404,16,,0.962666094672822
n23_het,laplace,311099,Oracle,2.047226831386676,16,,0.9447129154515723
n23_het,laplace,311099,Oracle04,2.074604410328208,16,,0.946812596854171
n23_het,laplace,311099,Plug,2.0243319959997357,16,,0.9428935245595718
n23_het,laplace,311099,Dlow,2.1312829852483235,16,,0.9509094782726848
n23_het,laplace,311099,S,2.1355412971567285,16,,0.9512042209844447
n23_het,trunc_laplace,312000,CP_PAC,2.623170593120985,19,,1.0
n23_het,trunc_laplace,312000,Oracle,2.3899374361578793,19,,0.9830612361029853
n23_het,trunc_laplace,312000,Oracle04,2.4191146628649496,19,,0.985717042192598
n23_het,trunc_laplace,312000,Plug,2.357392205304131,19,,0.9800019250256276
n23_het,trunc_laplace,312000,Dlow,2.4518832490064786,19,,0.9886049545493902
n23_het,trunc_laplace,312000,S,2.456782121521076,19,,0.9890282760036968
n23_het,trunc_laplace,312001,CP_PAC,2.404395346022067,18,,0.984387344652075
n23_het,trunc_laplace,312001,Oracle,2.1405769700940662,18,,0.956741950254901
n23_het,trunc_laplace,312001,Oracle04,2.168049777299767,18,,0.9599883157126383
n23_het,trunc_laplace,312001,Plug,2.1365742938313095,18,,0.9562611559252419
n23_het,trunc_laplace,312001,Dlow,2.2334243575263732,18,,0.9673494218094545
n23_het,trunc_laplace,312001,S,2.2378867483041365,18,,0.9678338175142049
n23_het,trunc_laplace,312002,CP_PAC,2.703901803143213,20,,1.0
n23_het,trunc_laplace,312002,Oracle,2.4798789268936674,20,,0.9909952345207191
n23_het,trunc_laplace,312002,Oracle04,2.509312256936332,20,,0.9934341200563397
n23_het,trunc_laplace,312002,Plug,2.434923491743946,20,,0.9871226076893893
n23_het,trunc_laplace,312002,Dlow,2.5315920610344844,20,,0.9952311004072465
n23_het,trunc_laplace,312002,S,2.5366501920735542,20,,0.9956332807668318
n23_het,trunc_laplace,312004,CP_PAC,2.334910168820777,19,,0.9778270994131391
n23_het,trunc_laplace,312004,Oracle,2.0602269162713136,19,,0.9466954653863131
n23_het,trunc_laplace,312004,Oracle04,2.0876980610161766,19,,0.9502254214372412
n23_het,trunc_laplace,312004,Plug,2.0992368645175716,19,,0.9516782203915248
n23_het,trunc_laplace,312004,Dlow,2.183407402709983,19,,0.9617629437539161
n23_het,trunc_laplace,312004,S,2.187769859412454,19,,0.9622618783592856
n23_het,trunc_laplace,312003,CP_PAC,2.593234572034474,19,,0.9999906879150098
n23_het,trunc_laplace,312003,Oracle,2.356152358310006,19,,0.979883311091462
n23_het,trunc_laplace,312003,Oracle04,2.3849417786203926,19,,0.9825983557624114
n23_het,trunc_laplace,312003,Plug,2.326592455712906,19,,0.9770094631721005
n23_het,trunc_laplace,312003,Dlow,2.4221092747495967,19,,0.9859850759827191
n23_het,trunc_laplace,312003,S,2.4269486587448297,19,,0.9864164609530053
n23_het,trunc_laplace,312006,CP_PAC,2.0868197145130294,13,,0.9501141149605221
n23_het,trunc_laplace,312006,Oracle,1.7565755602191166,13,,0.9001299653130714
n23_het,trunc_laplace,312006,Oracle04,1.7831228047359906,13,,0.9048145531950533
n23_het,trunc_laplace,312006,Plug,1.7306915492926187,13,,0.895435801339808
n23_het,trunc_laplace,312006,Dlow,1.8592023510990898,13,,0.9175430012466439
n23_het,trunc_laplace,312006,S,1.862917044814855,13,,0.9181389979655186
n23_het,trunc_laplace,312007,CP_PAC,2.3361964398766557,13,,0.9779529085283203
n23_het,trunc_laplace,312007,Oracle,2.0621351452561565,13,,0.9469439492095473
n23_het,trunc_laplace,312007,Oracle04,2.0897834207223025,13,,0.9504892758381394
n23_het,trunc_laplace,312007,Plug,1.9386766853601587,13,,0.9298036269154042
n23_het,trunc_laplace,312007,Dlow,2.0797895522448213,13,,0.9492195495422759
n23_het,trunc_laplace,312007,S,2.083944980068625,13,,0.9497491068673254
n23_het,trunc_laplace,312005,CP_PAC,2.7947617117255046,26,,1.0
n23_het,trunc_laplace,312005,Oracle,2.5779825419652975,26,,0.9988413725748979
n23_het,trunc_laplace,312005,Oracle04,2.608227232274571,26,,1.0
n23_het,trunc_laplace,312005,Plug,2.5953716036253063,26,,1.0
n23_het,trunc_laplace,312005,Dlow,2.666536450284608,26,,1.0
n23_het,trunc_laplace,312005,S,2.6718642007518314,26,,1.0
n23_het,trunc_laplace,312011,CP_PAC,2.4039724397498627,14,,0.9843488380926271
n23_het,trunc_laplace,312011,Oracle,2.1440370137260456,14,,0.9571559500223152
n23_het,trunc_laplace,312011,Oracle04,2.171798793288618,14,,0.960424154110028
n23_het,trunc_laplace,312011,Plug,2.058336572960498,14,,0.9464488224545335
n23_het,trunc_laplace,312011,Dlow,2.182719970194503,14,,0.9616841147610695
n23_het,trunc_laplace,312011,S,2.1870810534040652,14,,0.9621832504016923
n23_het,trunc_laplace,312010,CP_PAC,2.5446319293926387,21,,0.9962636216796183
n23_het,trunc_laplace,312010,Oracle,2.299978043536161,21,,0.9743450742780486
n23_het,trunc_laplace,312010,Oracle04,2.328476116960296,21,,0.9771952500295347
n23_het,trunc_laplace,312010,Plug,2.3072462150745356,21,,0.9750800531077655
n23_het,trunc_laplace,312010,Dlow,2.3920597418953564,21,,0.9832571527945122
n23_het,trunc_laplace,312010,S,2.3968390868040483,21,,0.9836967642833518
n23_het,trunc_laplace,312008,CP_PAC,3.05343618489683,28,,1.0
n23_het,trunc_laplace,312008,Oracle,2.8554626342914435,28,,1.0
n23_het,trunc_laplace,312008,Oracle04,2.887352460391725,28,,1.0
n23_het,trunc_laplace,312008,Plug,2.87289206758319,28,,1.0
n23_het,trunc_laplace,312008,Dlow,2.946881325677344,28,,1.0
n23_het,trunc_laplace,312008,S,2.952769206324186,28,,1.0
n23_het,trunc_laplace,312009,CP_PAC,2.6898959718085447,27,,1.0
n23_het,trunc_laplace,312009,Oracle,2.4609134814571054,27,,0.9893835977066885
n23_het,trunc_laplace,312009,Oracle04,2.490151693526645,27,,0.9918549687880427
n23_het,trunc_laplace,312009,Plug,2.4958504480937993,27,,0.9923279434306589
n23_het,trunc_laplace,312009,Dlow,2.5660358863463855,27,,0.9979282764579915
n23_het,trunc_laplace,312009,S,2.5711628362858603,27,,0.9983215290249379
n23_het,trunc_laplace,312012,CP_PAC,2.2292006658003687,16,,0.966888855451459
n23_het,trunc_laplace,312012,Oracle,1.933064289320997,16,,0.928970749755202
n23_het,trunc_laplace,312012,Oracle04,1.9598854865809354,16,,0.9329073440156457
n23_het,trunc_laplace,312012,Plug,1.9380027146566317,16,,0.9297038673562119
n23_het,trunc_laplace,312012,Dlow,2.043993662263547,16,,0.9445615003922654
n23_het,trunc_laplace,312012,S,2.048077569756341,16,,0.9451017625033371
n23_het,trunc_laplace,312013,CP_PAC,2.3349009455891956,16,,0.9778261966867987
n23_het,trunc_laplace,312013,Oracle,2.059372634301637,16,,0.9465840629956643
n23_het,trunc_laplace,312013,Oracle04,2.086700143111694,16,,0.9500989546573273
n23_het,trunc_laplace,312013,Plug,2.036821568981566,16,,0.9436071130766188
n23_het,trunc_laplace,312013,Dlow,2.143264406498605,16,,0.9570636358515343
n23_het,trunc_laplace,312013,S,2.147546657334474,16,,0.957574360879959
n23_het,trunc_laplace,312014,CP_PAC,2.3565482232983217,18,,0.9799211994543975
n23_het,trunc_laplace,312014,Oracle,2.085206373116813,18,,0.9499094020523788
n23_het,trunc_laplace,312014,Oracle04,2.112682478242174,18,,0.9533491858010046
n23_het,trunc_laplace,312014,Plug,2.1026938148341454,18,,0.9521100764605293
n23_het,trunc_laplace,312014,Dlow,2.1945015532361762,18,,0.9630273420558115
n23_het,trunc_laplace,312014,S,2.1988861760956646,18,,0.9635230366488527
n23_het,trunc_laplace,312015,CP_PAC,2.41205077503838,17,,0.9850814598767692
n23_het,trunc_laplace,312015,Oracle,2.150791328473178,17,,0.9579598221598422
n23_het,trunc_laplace,312015,Oracle04,2.178588657225368,17,,0.9612091780361673
n23_het,trunc_laplace,312015,Plug,2.1257500398026146,17,,0.9549508670116835
n23_het,trunc_laplace,312015,Dlow,2.227882924649722,17,,0.966744748510926
n23_het,trunc_laplace,312015,S,2.232334243622487,17,,0.9672307461073375
n23_het,trunc_laplace,312016,CP_PAC,2.4352668210580415,18,,0.9871528767519977
n23_het,trunc_laplace,312016,Oracle,2.1784773850825707,18,,0.9611963578392082
n23_het,trunc_laplace,312016,Oracle04,2.206497269552177,18,,0.9643781285300004
n23_het,trunc_laplace,312016,Plug,2.169803055894164,18,,0.9601923536551897
n23_het,trunc_laplace,312016,Dlow,2.2656462353328033,18,,0.9707970163874289
n23_het,trunc_laplace,312016,S,2.27017300555099,18,,0.9712721441035477
n23_het,trunc_laplace,312018,CP_PAC,2.1341587396200956,14,,0.9559700311558181
n23_het,trunc_laplace,312018,Oracle,1.816129911657424,14,,0.9104610385007192
n23_het,trunc_laplace,312018,Oracle04,1.8425764757703447,14,,0.9148470155240718
n23_het,trunc_laplace,312018,Plug,1.8018543850782291,14,,0.9080427794005623
n23_het,trunc_laplace,312018,Dlow,1.9211619980564012,14,,0.9271882381020378
n23_het,trunc_laplace,312018,S,1.9250004873940079,14,,0.9277655174961255
n23_het,trunc_laplace,312017,CP_PAC,2.1864822723592154,15,,0.9621148529782941
n23_het,trunc_laplace,312017,Oracle,1.8823163130601446,15,,0.9212142317901237
n23_het,trunc_laplace,312017,Oracle04,1.9091594756070598,15,,0.925368165540287
n23_het,trunc_laplace,312017,Plug,1.8836940663445005,15,,0.9214302801547363
n23_het,trunc_laplace,312017,Dlow,1.9923018627758817,15,,0.9375204821590213
n23_het,trunc_laplace,312017,S,1.996282489847048,15,,0.9380762832155733
n23_het,trunc_laplace,312020,CP_PAC,2.187267918180384,15,,0.9622045868040179
n23_het,trunc_laplace,312020,Oracle,1.8819139944039176,15,,0.9211510847725366
n23_het,trunc_laplace,312020,Oracle04,1.9084690168476097,15,,0.9252627690882937
n23_het,trunc_laplace,312020,Plug,1.8997660900383437,15,,0.9239277649347954
n23_het,trunc_laplace,312020,Dlow,2.0015632983172362,15,,0.938810071644181
n23_het,trunc_laplace,312020,S,2.0055624297735677,15,,0.9393630829716191
n23_het,trunc_laplace,312019,CP_PAC,2.599608288101351,18,,1.0
n23_het,trunc_laplace,312019,Oracle,2.3632467283991554,18,,0.9805599491117436
n23_het,trunc_laplace,312019,Oracle04,2.3923551719530987,18,,0.9832843904973219
n23_het,trunc_laplace,312019,Plug,2.319354360542296,18,,0.9762921588131346
n23_het,trunc_laplace,312019,Dlow,2.420540828626638,18,,0.9858447960784074
n23_het,trunc_laplace,312019,S,2.4253770788602593,18,,0.986276608260096
n23_het,trunc_laplace,312021,CP_PAC,2.419004584091619,16,,0.9857071735912375
n23_het,trunc_laplace,312021,Oracle,2.1564709451243793,16,,0.9586314183393816
n23_het,trunc_laplace,312021,Oracle04,2.184169452372921,16,,0.961850263182344
n23_het,trunc_laplace,312021,Plug,2.122186963892391,16,,0.9545163059899959
n23_het,trunc_laplace,312021,Dlow,2.229295203992875,16,,0.9668991864470415
n23_het,trunc_laplace,312021,S,2.2337493447054033,16,,0.9673847755706566
n23_het,trunc_laplace,312025,CP_PAC,2.168605611008892,13,,0.9600530413070572
n23_het,trunc_laplace,312025,Oracle,1.859228877530713,13,,0.9175472654191936
n23_het,trunc_laplace,312025,Oracle04,1.8858315433251853,13,,0.921764848497046
n23_het,trunc_laplace,312025,Plug,1.807564962837621,13,,0.9090144684149268
n23_het,trunc_laplace,312025,Dlow,1.937861849398887,13,,0.9296830079498482
n23_het,trunc_laplace,312025,S,1.941733705106109,13,,0.9302552403681967
n23_het,trunc_laplace,312022,CP_PAC,2.4459240015179415,22,,0.9880870793636476
n23_het,trunc_laplace,312022,Oracle,2.1890287832981365,22,,0.9624054399996409
n23_het,trunc_laplace,312022,Oracle04,2.2171080997726293,22,,0.9655589629192591
n23_het,trunc_laplace,312022,Plug,2.2368643989064405,22,,0.9677230397730199
n23_het,trunc_laplace,312022,Dlow,2.311364889136464,22,,0.975494078821469
n23_het,trunc_laplace,312022,S,2.3159830054073693,22,,0.9759562001338131
n23_het,trunc_laplace,312026,CP_PAC,2.7256577314435573,20,,1.0
n23_het,trunc_laplace,312026,Oracle,2.5031929166960474,20,,0.9929332099490529
n23_het,trunc_laplace,312026,Oracle04,2.5331095848059904,20,,0.9953519841106859
n23_het,trunc_laplace,312026,Plug,2.4621316320990556,20,,0.989488073999689
n23_het,trunc_laplace,312026,Dlow,2.5568473241905285,20,,0.9972182024994032
n23_het,trunc_laplace,312026,S,2.5619559153461537,20,,0.9976138242137265
n23_het,trunc_laplace,312024,CP_PAC,2.571223034065617,20,,0.9983261338971383
n23_het,trunc_laplace,312024,Oracle,2.330251859981407,20,,0.9773700588961423
n23_het,trunc_laplace,312024,Oracle04,2.358829720564081,20,,0.9801392576381183
n23_het,trunc_laplace,312024,Plug,2.3177357255401643,20,,0.9761310077648093
n23_het,trunc_laplace,312024,Dlow,2.4086973147351927,20,,0.9847780848004191
n23_het,trunc_laplace,312024,S,2.4135099015808033,20,,0.9852131306783471
n23_het,trunc_laplace,312023,CP_PAC,2.561300730279781,22,,0.9975632028567205
n23_het,trunc_laplace,312023,Oracle,2.3203223802359125,22,,0.9763884047717335
n23_het,trunc_laplace,312023,Oracle04,2.3491997625833614,22,,0.9792153193943063
n23_het,trunc_laplace,312023,Plug,2.34373232539469,22,,0.9786866056457106
n23_het,trunc_laplace,312023,Dlow,2.4217067646652874,22,,0.9859490978601251
n23_het,trunc_laplace,312023,S,2.4265453444437663,22,,0.9863805924425426
n23_het,trunc_laplace,312027,CP_PAC,2.9494374716994853,29,,1.0
n23_het,trunc_laplace,312027,Oracle,2.7436005489241544,29,,1.0
n23_het,trunc_laplace,312027,Oracle04,2.774835913074924,29,,1.0
n23_het,trunc_laplace,312027,Plug,2.759682522018845,29,,1.0
n23_het,trunc_laplace,312027,Dlow,2.827496336915015,29,,1.0
n23_het,trunc_laplace,312027,S,2.8331456858779607,29,,1.0
n23_het,trunc_laplace,312034,CP_PAC,1.95643069526397,11,,0.9324064359682698
n23_het,trunc_laplace,312034,Oracle,1.5859162202900408,11,,0.8667098693576061
n23_het,trunc_laplace,312034,Oracle04,1.6121740494420496,11,,0.8722469779035791
n23_het,trunc_laplace,312034,Plug,1.5445268253075821,11,,0.857668062679898
n23_het,trunc_laplace,312034,Dlow,1.693427971772344,11,,0.8884514191118105
n23_het,trunc_laplace,312034,S,1.69681144761677,11,,0.8890968549841334
n23_het,trunc_laplace,312032,CP_PAC,2.0750012201644457,14,,0.9486064834056391
n23_het,trunc_laplace,312032,Oracle,1.742815736412417,14,,0.897650351641778
n23_het,trunc_laplace,312032,Oracle04,1.769248220456625,14,,0.9023823965692781
n23_het,trunc_laplace,312032,Plug,1.7722325592407704,14,,0.9029085139583177
n23_het,trunc_laplace,312032,Dlow,1.8794902344067843,14,,0.920770095725223
n23_het,trunc_laplace,312032,S,1.8832454633943476,14,,0.9213599678761644
n23_het,trunc_laplace,312028,CP_PAC,3.05135492081458,30,,1.0
n23_het,trunc_laplace,312028,Oracle,2.85349015577114,30,,1.0
n23_het,trunc_laplace,312028,Oracle04,2.8855902646745664,30,,1.0
n23_het,trunc_laplace,312028,Plug,2.856257780571701,30,,1.0
n23_het,trunc_laplace,312028,Dlow,2.926490916445765,30,,1.0
n23_het,trunc_laplace,312028,S,2.9323380569736037,30,,1.0
n23_het,trunc_laplace,312029,CP_PAC,2.7347918161598215,27,,1.0
n23_het,trunc_laplace,312029,Oracle,2.5125423489016456,27,,0.9936972388979481
n23_het,trunc_laplace,312029,Oracle04,2.5424172318713065,27,,0.996089246318234
n23_het,trunc_laplace,312029,Plug,2.5408857954837685,27,,0.9959684320872699
n23_het,trunc_laplace,312029,Dlow,2.610541597715645,27,,1.0
n23_het,trunc_laplace,312029,S,2.6157574702440143,27,,1.0
n23_het,trunc_laplace,312030,CP_PAC,2.722802450640133,28,,1.0
n23_het,trunc_laplace,312030,Oracle,2.500901660764418,28,,0.9927448306738342
n23_het,trunc_laplace,312030,Oracle04,2.530999166270498,28,,0.9951838192791453
n23_het,trunc_laplace,312030,Plug,2.537881288834271,28,,0.9957308466582613
n23_het,trunc_laplace,312030,Dlow,2.6052779786665403,28,,1.0
n23_het,trunc_laplace,312030,S,2.6104833344630483,28,,1.0
n23_het,trunc_laplace,312031,CP_PAC,2.926392027536464,28,,1.0
n23_het,trunc_laplace,312031,Oracle,2.7219488912010292,28,,1.0
n23_het,trunc_laplace,312031,Oracle04,2.753349889075289,28,,1.0
n23_het,trunc_laplace,312031,Plug,2.7261604748668455,28,,1.0
n23_het,trunc_laplace,312031,Dlow,2.7986475122898824,28,,1.0
n23_het,trunc_laplace,312031,S,2.804239221186119,28,,1.0
n23_het,trunc_laplace,312033,CP_PAC,2.537609825841185,26,,0.9957093436569822
n23_het,trunc_laplace,312033,Oracle,2.293453645067126,26,,0.9736805453569815
n23_het,trunc_laplace,312033,Oracle04,2.322030432011388,26,,0.976557992047006
n23_het,trunc_laplace,312033,Plug,2.3491515893161456,26,,0.9792106740824178
n23_het,trunc_laplace,312033,Dlow,2.4167718379648186,26,,0.9855067623370697
n23_het,trunc_laplace,312033,S,2.4216005577400592,26,,0.9859396020988758
n23_het,trunc_laplace,312035,CP_PAC,2.850673201101105,27,,1.0
n23_het,trunc_laplace,312035,Oracle,2.6387078279184206,27,,1.0
n23_het,trunc_laplace,312035,Oracle04,2.6694276166503657,27,,1.0
n23_het,trunc_laplace,312035,Plug,2.6478834601465233,27,,1.0
n23_het,trunc_laplace,312035,Dlow,2.720925415353737,27,,1.0
n23_het,trunc_laplace,312035,S,2.726361835190182,27,,1.0
n23_het,trunc_laplace,312037,CP_PAC,2.12459623429533,14,,0.9548103229856721
n23_het,trunc_laplace,312037,Oracle,1.8043499039946962,14,,0.9084681189681911
n23_het,trunc_laplace,312037,Oracle04,1.8308480547732735,14,,0.912916861386541
n23_het,trunc_laplace,312037,Plug,1.8155694161029643,14,,0.9103667687253614
n23_het,trunc_laplace,312037,Dlow,1.9261789965271208,14,,0.9279422929988783
n23_het,trunc_laplace,312037,S,1.93002750984769,14,,0.9285180560493269
n23_het,trunc_laplace,312038,CP_PAC,2.3428957032090514,15,,0.9786054360388139
n23_het,trunc_laplace,312038,Oracle,2.071453912701117,15,,0.9481503313072273
n23_het,trunc_laplace,312038,Oracle04,2.0991298975976123,15,,0.9516648328030162
n23_het,trunc_laplace,312038,Plug,2.035683408259548,15,,0.9434550010444802
n23_het,trunc_laplace,312038,Dlow,2.1439442007787144,15,,0.9571448642950697
n23_het,trunc_laplace,312038,S,2.1482278098462673,15,,0.957655388831969
n23_het,trunc_laplace,312039,CP_PAC,2.2371298981485466,15,,0.967751819578174
n23_het,trunc_laplace,312039,Oracle,1.9428389429084085,15,,0.9304181630183699
n23_het,trunc_laplace,312039,Oracle04,1.9695104996317068,15,,0.9342933866621743
n23_het,trunc_laplace,312039,Plug,1.9186677337865532,15,,0.9268118790611837
n23_het,trunc_laplace,312039,Dlow,2.032475870107344,15,,0.9430253496141452
n23_het,trunc_laplace,312039,S,2.0365367650054544,15,,0.9435690667512726
n23_het,trunc_laplace,312036,CP_PAC,2.578087700955959,22,,0.998849359582044
n23_het,trunc_laplace,312036,Oracle,2.3378438006516378,22,,0.978113789210517
n23_het,trunc_laplace,312036,Oracle04,2.366583827657562,22,,0.9808765034227194
n23_het,trunc_laplace,312036,Plug,2.353783170980213,22,,0.9796562281413133
n23_het,trunc_laplace,312036,Dlow,2.4339392169372784,22,,0.987035770618149
n23_het,trunc_laplace,312036,S,2.4388022372042046,22,,0.9874639411825648
n23_het,trunc_laplace,312040,CP_PAC,2.357009071597793,18,,0.9799652876877736
n23_het,trunc_laplace,312040,Oracle,2.0855635292085357,18,,0.9499547504017256
n23_het,trunc_laplace,312040,Oracle04,2.112941113823883,18,,0.9533810987984901
n23_het,trunc_laplace,312040,Plug,2.0941575033931437,18,,0.9510408546947098
n23_het,trunc_laplace,312040,Dlow,2.1893716898795708,18,,0.9624445107654187
n23_het,trunc_laplace,312040,S,2.1937460632516044,18,,0.9629417024829128
n23_het,trunc_laplace,312041,CP_PAC,2.157745606868367,16,,0.9587815970707727
n23_het,trunc_laplace,312041,Oracle,1.845601036250691,16,,0.915340951559739
n23_het,trunc_laplace,312041,Oracle04,1.8720901124064622,16,,0.9196008984860975
n23_het,trunc_laplace,312041,Plug,1.8884811267863195,16,,0.9221785401942411
n23_het,trunc_laplace,312041,Dlow,1.9854696976460875,16,,0.9365611348043119
n23_het,trunc_laplace,312041,S,1.9894366740240639,16,,0.9371189951409022
n23_het,trunc_laplace,312043,CP_PAC,2.2777007474012128,16,,0.9720573020966443
n23_het,trunc_laplace,312043,Oracle,1.9924137932949828,16,,0.937536142179406
n23_het,trunc_laplace,312043,Oracle04,2.019595907619599,16,,0.9412855235460065
n23_het,trunc_laplace,312043,Plug,1.9863407698423914,16,,0.9366838281288197
n23_het,trunc_laplace,312043,Dlow,2.0907330777632063,16,,0.9506092430795618
n23_het,trunc_laplace,312043,S,2.0949103707946604,16,,0.951135538896279
n23_het,trunc_laplace,312042,CP_PAC,2.843660422497776,23,,1.0
n23_het,trunc_laplace,312042,Oracle,2.6311995420819705,23,,1.0
n23_het,trunc_laplace,312042,Oracle04,2.661967563632446,23,,1.0
n23_het,trunc_laplace,312042,Plug,2.609434178692502,23,,1.0
n23_het,trunc_laplace,312042,Dlow,2.693142270362799,23,,1.0
n23_het,trunc_laplace,312042,S,2.6985231793646967,23,,1.0
n23_het,trunc_laplace,312044,CP_PAC,2.5826376909544235,22,,0.9991941015406387
n23_het,trunc_laplace,312044,Oracle,2.343376499323777,22,,0.9786520918343211
n23_het,trunc_laplace,312044,Oracle04,2.37212351412825,22,,0.9813995665782351
n23_het,trunc_laplace,312044,Plug,2.354561182420578,22,,0.9797308612281599
n23_het,trunc_laplace,312044,Dlow,2.437426251492593,22,,0.9873430110783068
n23_het,trunc_laplace,312044,S,2.4422962388684737,22,,0.9877702368016315
n23_het,trunc_laplace,312045,CP_PAC,2.4707534591810125,22,,0.9902237537321943
n23_het,trunc_laplace,312045,Oracle,2.215451798814116,22,,0.9653754998900224
n23_het,trunc_laplace,312045,Oracle04,2.2433204972082486,22,,0.9684206187384712
n23_het,trunc_laplace,312045,Plug,2.2576750903968588,22,,0.9699548959917323
n23_het,trunc_laplace,312045,Dlow,2.3338207301096827,22,,0.9777204102050785
n23_het,trunc_laplace,312045,S,2.338483713240452,22,,0.9781762083433119
n23_het,trunc_laplace,312048,CP_PAC,2.387142402093775,17,,0.982802555172785
n23_het,trunc_laplace,312048,Oracle,2.1204747077901525,17,,0.9543069000185318
n23_het,trunc_laplace,312048,Oracle04,2.148156901619488,17,,0.9576469564766505
n23_het,trunc_laplace,312048,Plug,2.097038616928212,17,,0.9514027954729354
n23_het,trunc_laplace,312048,Dlow,2.2019108749436835,17,,0.9638636688532143
n23_het,trunc_laplace,312048,S,2.2063103016575067,17,,0.9643572042704849
n23_het,trunc_laplace,312046,CP_PAC,2.755069126200411,24,,1.0
n23_het,trunc_laplace,312046,Oracle,2.534326650010655,24,,0.9954487955580125
n23_het,trunc_laplace,312046,Oracle04,2.5641590229027154,24,,0.9977837887019341
n23_het,trunc_laplace,312046,Plug,2.535505469148466,24,,0.9955424476291661
n23_het,trunc_laplace,312046,Dlow,2.613974682573191,24,,1.0
n23_het,trunc_laplace,312046,S,2.6191974144188044,24,,1.0
n23_het,trunc_laplace,312049,CP_PAC,2.4027354339024845,15,,0.9842361083978379
n23_het,trunc_laplace,312049,Oracle,2.138680460517369,15,,0.9565143951250998
n23_het,trunc_laplace,312049,Oracle04,2.166319203515255,15,,0.9597865537937358
n23_het,trunc_laplace,312049,Plug,2.089284912794393,15,,0.9504262532928545
n23_het,trunc_laplace,312049,Dlow,2.199925352425492,15,,0.9636401866675883
n23_het,trunc_laplace,312049,S,2.2043208120574014,15,,0.9641343003189049
n23_het,trunc_laplace,312050,CP_PAC,2.2340095934196773,13,,0.9674130781120871
n23_het,trunc_laplace,312050,Oracle,1.9394347791948447,13,,0.9299157544088961
n23_het,trunc_laplace,312050,Oracle04,1.9664190803165815,13,,0.9338497251868136
n23_het,trunc_laplace,312050,Plug,1.8522315970117424,13,,0.9164183405790638
n23_het,trunc_laplace,312050,Dlow,1.9913300266100316,13,,0.9373844372331832
n23_het,trunc_laplace,312050,S,1.9953087119486608,13,,0.937940531146074
n23_het,trunc_laplace,312047,CP_PAC,2.663075879664616,27,,1.0
n23_het,trunc_laplace,312047,Oracle,2.431734890207717,27,,0.986840971473878
n23_het,trunc_laplace,312047,Oracle04,2.4609022839582577,27,,0.9893826367226044
n23_het,trunc_laplace,312047,Plug,2.4759845697334595,27,,0.9906668976914337
n23_het,trunc_laplace,312047,Dlow,2.5430155747683507,27,,0.9961363968774493
n23_het,trunc_laplace,312047,S,2.548096530033441,27,,0.9965356021300424
n23_het,trunc_laplace,312052,CP_PAC,2.338767495220199,18,,0.9782038760187171
n23_het,trunc_laplace,312052,Oracle,2.0642537621548858,18,,0.9472192503560151
n23_het,trunc_laplace,312052,Oracle04,2.091563603760773,18,,0.9507140635017537
n23_het,trunc_laplace,312052,Plug,2.088751899070942,18,,0.9503588321832386
n23_het,trunc_laplace,312052,Dlow,2.1785815690402157,18,,0.9612083614167508
n23_het,trunc_laplace,312052,S,2.1829343837077593,18,,0.9617087079693918
n23_het,trunc_laplace,312051,CP_PAC,2.241274299181142,22,,0.9682000360911864
n23_het,trunc_laplace,312051,Oracle,1.9472074440478009,22,,0.931060286815085
n23_het,trunc_laplace,312051,Oracle04,1.9739321547111206,22,,0.9349254741394657
n23_het,trunc_laplace,312051,Plug,2.042026147747,22,,0.9443003943474708
n23_het,trunc_laplace,312051,Dlow,2.114081500335238,22,,0.9535217082615279
n23_het,trunc_laplace,312051,S,2.1183054436081514,22,,0.9540410651376838
n23_het,trunc_laplace,312053,CP_PAC,2.7738311130463837,26,,1.0
n23_het,trunc_laplace,312053,Oracle,2.55401257326089,26,,0.9969977613571777
n23_het,trunc_laplace,312053,Oracle04,2.583931987649252,26,,0.9992918688059611
n23_het,trunc_laplace,312053,Plug,2.5684073620909467,26,,0.9981104372354057
n23_het,trunc_laplace,312053,Dlow,2.641918103507061,26,,1.0
n23_het,trunc_laplace,312053,S,2.647196666419195,26,,1.0
n23_het,trunc_laplace,312054,CP_PAC,2.7499435715547937,27,,1.0
n23_het,trunc_laplace,312054,Oracle,2.5281103779390866,27,,0.9949530305062866
n23_het,trunc_laplace,312054,Oracle04,2.558040917437889,27,,0.9973108260806645
n23_het,trunc_laplace,312054,Plug,2.557506208147737,27,,0.9972693465638325
n23_het,trunc_laplace,312054,Dlow,2.626451975866301,27,,1.0
n23_het,trunc_laplace,312054,S,2.6316996373936985,27,,1.0
n23_het,trunc_laplace,312055,CP_PAC,2.396819351148433,15,,0.9836949534697808
n23_het,trunc_laplace,312055,Oracle,2.131850754662025,15,,0.9556911846596523
n23_het,trunc_laplace,312055,Oracle04,2.1595462243334818,15,,0.9589934031563296
n23_het,trunc_laplace,312055,Plug,2.0738324124329806,15,,0.9484563715544811
n23_het,trunc_laplace,312055,Dlow,2.189509076109731,15,,0.9624601606278249
n23_het,trunc_laplace,312055,S,2.193883723980001,15,,0.9629573122264943
n23_het,trunc_laplace,312056,CP_PAC,2.585052286863461,20,,0.9993763863277478
n23_het,trunc_laplace,312056,Oracle,2.3446567504490554,20,,0.9787762116078678
n23_het,trunc_laplace,312056,Oracle04,2.3732429311900907,20,,0.9815048965654845
n23_het,trunc_laplace,312056,Plug,2.331000370089515,20,,0.9774436472737007
n23_het,trunc_laplace,312056,Dlow,2.423962114269649,20,,0.9861504962719674
n23_het,trunc_laplace,312056,S,2.4288052002456357,20,,0.9865813768798901
n23_het,trunc_laplace,312057,CP_PAC,2.8559255775751566,28,,1.0
n23_het,trunc_laplace,312057,Oracle,2.6443103414961997,28,,1.0
n23_het,trunc_laplace,312057,Oracle04,2.674950493372798,28,,1.0
n23_het,trunc_laplace,312057,Plug,2.6615616853190978,28,,1.0
n23_het,trunc_laplace,312057,Dlow,2.732207098428268,28,,1.0
n23_het,trunc_laplace,312057,S,2.7376660591125104,28,,1.0
n23_het,trunc_laplace,312058,CP_PAC,2.452439808314073,21,,0.9886531569467214
n23_het,trunc_laplace,312058,Oracle,2.1980674425769458,21,,0.9634306484529302
n23_het,trunc_laplace,312058,Oracle04,2.2261725393806993,21,,0.9665574067420868
n23_het,trunc_laplace,312058,Plug,2.2323352002805796,21,,0.9672308503134865
n23_het,trunc_laplace,312058,Dlow,2.3115701792571515,21,,0.9755146689116962
n23_het,trunc_laplace,312058,S,2.316188705698537,21,,0.9759767322187085
n23_het,trunc_laplace,312062,CP_PAC,2.611314321086681,18,,1.0
n23_het,trunc_laplace,312062,Oracle,2.3752658634424364,18,,0.9816949298948234
n23_het,trunc_laplace,312062,Oracle04,2.40423077496211,18,,0.9843723621087712
n23_het,trunc_laplace,312062,Plug,2.324571268457162,18,,0.9768097056341212
n23_het,trunc_laplace,312062,Dlow,2.428268283736337,18,,0.9865337155950962
n23_het,trunc_laplace,312062,S,2.4331199734561006,18,,0.9869634253259516
n23_het,trunc_laplace,312061,CP_PAC,2.769795201872131,20,,1.0
n23_het,trunc_laplace,312061,Oracle,2.5502620925981434,20,,0.9967051061076755
n23_het,trunc_laplace,312061,Oracle04,2.5799487788984115,20,,0.9989905668175607
n23_het,trunc_laplace,312061,Plug,2.5069807353250906,20,,0.9932436458877838
n23_het,trunc_laplace,312061,Dlow,2.602188816077622,20,,1.0
n23_het,trunc_laplace,312061,S,2.6073879997149514,20,,1.0
n23_het,trunc_laplace,312060,CP_PAC,2.61678474574221,23,,1.0
n23_het,trunc_laplace,312060,Oracle,2.379505745103775,23,,0.9820919239012951
n23_het,trunc_laplace,312060,Oracle04,2.4082280199392048,23,,0.9847355447416328
n23_het,trunc_laplace,312060,Plug,2.399836311215581,23,,0.9839713375771852
n23_het,trunc_laplace,312060,Dlow,2.4785061228293825,23,,0.9908796443258128
n23_het,trunc_laplace,312060,S,2.4834581879521043,23,,0.9912958313612359
n23_het,trunc_laplace,312059,CP_PAC,2.773806149439443,28,,1.0
n23_het,trunc_laplace,312059,Oracle,2.5542659204946876,28,,0.997017489146963
n23_het,trunc_laplace,312059,Oracle04,2.5843120261128907,28,,0.9993205507061538
n23_het,trunc_laplace,312059,Plug,2.5834902589898157,28,,0.9992585167914527
n23_het,trunc_laplace,312059,Dlow,2.651673060399161,28,,1.0
n23_het,trunc_laplace,312059,S,2.6569711137540883,28,,1.0
n23_het,trunc_laplace,312064,CP_PAC,2.562597697264227,20,,0.9976633764789913
n23_het,trunc_laplace,312064,Oracle,2.320770576895233,20,,0.976432934100036
n23_het,trunc_laplace,312064,Oracle04,2.34946176430845,20,,0.979240579936902
n23_het,trunc_laplace,312064,Plug,2.319832821228079,20,,0.9763397422094262
n23_het,trunc_laplace,312064,Dlow,2.4076372591226973,20,,0.9846819645664215
n23_het,trunc_laplace,312064,S,2.412447727972965,20,,0.9851173005432559
n23_het,trunc_laplace,312063,CP_PAC,2.6803261737808124,27,,1.0
n23_het,trunc_laplace,312063,Oracle,2.454711739178853,27,,0.9888496339637871
n23_het,trunc_laplace,312063,Oracle04,2.4843680392415877,27,,0.9913720646143545
n23_het,trunc_laplace,312063,Plug,2.487997113856928,27,,0.9916754133113486
n23_het,trunc_laplace,312063,Dlow,2.5572748124504048,27,,0.9972513891102313
n23_het,trunc_laplace,312063,S,2.5623842577292786,27,,0.9976469003995492
n23_het,trunc_laplace,312066,CP_PAC,2.554574642755835,19,,0.9970415218658122
n23_het,trunc_laplace,312066,Oracle,2.312949390008701,19,,0.9756528860791571
n23_het,trunc_laplace,312066,Oracle04,2.3416620341323213,19,,0.9784856153887189
n23_het,trunc_laplace,312066,Plug,2.2912195684023575,19,,0.9734519567956652
n23_het,trunc_laplace,312066,Dlow,2.3867869616654906,19,,0.9827696050112329
n23_het,trunc_laplace,312066,S,2.391555771538245,19,,0.9832106689699103
n23_het,trunc_laplace,312065,CP_PAC,2.7283685030408447,27,,1.0
n23_het,trunc_laplace,312065,Oracle,2.504052776175512,27,,0.9930037885754173
n23_het,trunc_laplace,312065,Oracle04,2.53368775180941,27,,0.9953979897270648
n23_het,trunc_laplace,312065,Plug,2.536986398557424,27,,0.995659937969495
n23_het,trunc_laplace,312065,Dlow,2.6064772010114363,27,,1.0
n23_het,trunc_laplace,312065,S,2.611684952858974,27,,1.0
n23_het,trunc_laplace,312067,CP_PAC,2.611249966952406,21,,1.0
n23_het,trunc_laplace,312067,Oracle,2.375257890661552,21,,0.981694181722208
n23_het,trunc_laplace,312067,Oracle04,2.404095846749408,21,,0.984360076330365
n23_het,trunc_laplace,312067,Plug,2.370684856154513,21,,0.9812640173421396
n23_het,trunc_laplace,312067,Dlow,2.457965457107614,21,,0.9891302064747862
n23_het,trunc_laplace,312067,S,2.4628764818982662,21,,0.9895518916533745
n23_het,trunc_laplace,312068,CP_PAC,2.469265887257291,17,,0.9900972946102482
n23_het,trunc_laplace,312068,Oracle,2.217157883025208,17,,0.9655644723420449
n23_het,trunc_laplace,312068,Oracle04,2.245391098637232,17,,0.9686433533758048
n23_het,trunc_laplace,312068,Plug,2.18662181431392,17,,0.9621307963623926
n23_het,trunc_laplace,312068,Dlow,2.2889980684905615,17,,0.9732241262828389
n23_het,trunc_laplace,312068,S,2.293571495764572,17,,0.9736925889419474
n23_het,trunc_laplace,312069,CP_PAC,2.495222080887781,17,,0.9922759291776115
n23_het,trunc_laplace,312069,Oracle,2.2454042057242196,17,,0.9686447617737968
n23_het,trunc_laplace,312069,Oracle04,2.2736642411978085,17,,0.9716370533562981
n23_het,trunc_laplace,312069,Plug,2.2035673184319227,17,,0.9640497574692046
n23_het,trunc_laplace,312069,Dlow,2.3088377946364806,17,,0.9752402559931919
n23_het,trunc_laplace,312069,S,2.313450861762492,17,,0.975703091641082
n23_het,trunc_laplace,312070,CP_PAC,2.383033731827259,16,,0.9824209252388667
n23_het,trunc_laplace,312070,Oracle,2.118240466065985,16,,0.9540330931108496
n23_het,trunc_laplace,312070,Oracle04,2.1458684097352876,16,,0.9573744755261002
n23_het,trunc_laplace,312070,Plug,2.073742555233092,16,,0.9484448234729665
n23_het,trunc_laplace,312070,Dlow,2.1843591719305087,16,,0.9618719914013651
n23_het,trunc_laplace,312070,S,2.18872353027168,16,,0.9623706477199625
n23_het,trunc_laplace,312072,CP_PAC,2.0130439679592014,15,,0.9403914773996356
n23_het,trunc_laplace,312072,Oracle,1.6608565628833625,15,,0.8821201491628354
n23_het,trunc_laplace,312072,Oracle04,1.6872002726833166,15,,0.8872574445839054
n23_het,trunc_laplace,312072,Plug,1.7307300798931673,15,,0.8954428836206743
n23_het,trunc_laplace,312072,Dlow,1.8314594221860199,15,,0.9130180589344974
n23_het,trunc_laplace,312072,S,1.8351186854191217,15,,0.913622417016962
n23_het,trunc_laplace,312071,CP_PAC,2.576267740628942,18,,0.998711006752957
n23_het,trunc_laplace,312071,Oracle,2.3375541400282764,18,,0.9780855210808359
n23_het,trunc_laplace,312071,Oracle04,2.3665918140902225,18,,0.9808772596878506
n23_het,trunc_laplace,312071,Plug,2.292695383749599,18,,0.9736030205004584
n23_het,trunc_laplace,312071,Dlow,2.395770590529399,18,,0.9835986724714969
n23_het,trunc_laplace,312071,S,2.400557349728468,18,,0.9840372633393968
n23_het,trunc_laplace,312073,CP_PAC,2.2693739370106103,18,,0.9711884372050517
n23_het,trunc_laplace,312073,Oracle,1.9821297979257346,18,,0.9360896646784531
n23_het,trunc_laplace,312073,Oracle04,2.0091083990392304,18,,0.9398515039598099
n23_het,trunc_laplace,312073,Plug,2.022350049133573,18,,0.9416595202887528
n23_het,trunc_laplace,312073,Dlow,2.1121412313612207,18,,0.9532823735804605
n23_het,trunc_laplace,312073,S,2.116361297968983,18,,0.9538023060204668
n23_het,trunc_laplace,312075,CP_PAC,2.384607311597727,19,,0.9825672789733897
n23_het,trunc_laplace,312075,Oracle,2.1189493817019636,19,,0.9541200400280931
n23_het,trunc_laplace,312075,Oracle04,2.1466593327115446,19,,0.9574687209044628
n23_het,trunc_laplace,312075,Plug,2.1425722387944037,19,,0.9569808697117224
n23_het,trunc_laplace,312075,Dlow,2.2299713255371376,19,,0.9669730423333069
n23_het,trunc_laplace,312075,S,2.2344268171432087,19,,0.967458435955221
n23_het,trunc_laplace,312074,CP_PAC,2.444845327035077,23,,0.9879929949973372
n23_het,trunc_laplace,312074,Oracle,2.188515306058128,23,,0.962346908281773
n23_het,trunc_laplace,312074,Oracle04,2.2164714789707,23,,0.9654884840166074
n23_het,trunc_laplace,312074,Plug,2.2429143623549037,23,,0.9683768743450896
n23_het,trunc_laplace,312074,Dlow,2.31559627558049,23,,0.975917586560056
n23_het,trunc_laplace,312074,S,2.320222846178394,23,,0.9763785130180798
n23_het,trunc_laplace,312076,CP_PAC,2.5825188421502334,20,,0.9991851174426576
n23_het,trunc_laplace,312076,Oracle,2.3412381380660454,20,,0.9784444086937172
n23_het,trunc_laplace,312076,Oracle04,2.369759319306717,20,,0.9811767063977408
n23_het,trunc_laplace,312076,Plug,2.326704811924474,20,,0.9770205551857476
n23_het,trunc_laplace,312076,Dlow,2.4195334283889305,20,,0.9857545743187441
n23_het,trunc_laplace,312076,S,2.4243676658328575,20,,0.9861866610222978
n23_het,trunc_laplace,312077,CP_PAC,2.507676008833054,22,,0.9933004948875248
n23_het,trunc_laplace,312077,Oracle,2.262334753922759,22,,0.9704480212506197
n23_het,trunc_laplace,312077,Oracle04,2.2907979182660365,22,,0.9734087541760263
n23_het,trunc_laplace,312077,Plug,2.2845556860302016,22,,0.9727669421369898
n23_het,trunc_laplace,312077,Dlow,2.366013148850659,22,,0.9808224474036915
n23_het,trunc_laplace,312077,S,2.3707404525625213,22,,0.9812692593717136
n23_het,trunc_laplace,312078,CP_PAC,2.5974700984564665,20,,1.0
n23_het,trunc_laplace,312078,Oracle,2.3599267420834913,20,,0.9802439228333077
n23_het,trunc_laplace,312078,Oracle04,2.388646975632859,20,,0.9829418974495188
n23_het,trunc_laplace,312078,Plug,2.3436013326220864,20,,0.9786739013215939
n23_het,trunc_laplace,312078,Dlow,2.4354239090185783,20,,0.9871667225388996
n23_het,trunc_laplace,312078,S,2.440289895706207,20,,0.9875944906656282
n23_het,trunc_laplace,312082,CP_PAC,2.219993268148729,14,,0.9658777876189104
n23_het,trunc_laplace,312082,Oracle,1.9226854653497398,14,,0.9274176325745813
n23_het,trunc_laplace,312082,Oracle04,1.9494653068583832,14,,0.9313910237880383
n23_het,trunc_laplace,312082,Plug,1.8948285667665659,14,,0.9231649574846794
n23_het,trunc_laplace,312082,Dlow,2.011413568806422,14,,0.9401680499878045
n23_het,trunc_laplace,312082,S,2.0154323811424937,14,,0.9407180966606363
n23_het,trunc_laplace,312079,CP_PAC,2.671772723235901,22,,1.0
n23_het,trunc_laplace,312079,Oracle,2.4437251986396036,22,,0.9878951828291891
n23_het,trunc_laplace,312079,Oracle04,2.4733617074310947,22,,0.9904450089496659
n23_het,trunc_laplace,312079,Plug,2.4403032644260154,22,,0.9875956629195923
n23_het,trunc_laplace,312079,Dlow,2.5232592285889783,22,,0.9945638984944081
n23_het,trunc_laplace,312079,S,2.5283007105955737,22,,0.9949682578197994
n23_het,trunc_laplace,312080,CP_PAC,2.7395094940468048,20,,1.0
n23_het,trunc_laplace,312080,Oracle,2.5166328015999326,20,,0.9940291719444596
n23_het,trunc_laplace,312080,Oracle04,2.546326329916517,20,,0.9963967594704242
n23_het,trunc_laplace,312080,Plug,2.478810791180862,20,,0.9909053117137581
n23_het,trunc_laplace,312080,Dlow,2.572952719808461,20,,0.9984583240097487
n23_het,trunc_laplace,312080,S,2.5780934896087913,20,,0.9988497992147956
n23_het,trunc_laplace,312081,CP_PAC,2.4581985708711165,25,,0.9891502716601703
n23_het,trunc_laplace,312081,Oracle,2.200671858601212,25,,0.9637242646076305
n23_het,trunc_laplace,312081,Oracle04,2.2284838229611537,25,,0.9668104867562195
n23_het,trunc_laplace,312081,Plug,2.2716667616654886,25,,0.9714284364213595
n23_het,trunc_laplace,312081,Dlow,2.338971946551584,25,,0.9782238041794575
n23_het,trunc_laplace,312081,S,2.343645221833358,25,,0.9786781581067847
n23_het,trunc_laplace,312083,CP_PAC,2.5625131397717915,21,,0.9976568496547955
n23_het,trunc_laplace,312083,Oracle,2.3211130693775117,21,,0.9764669474559247
n23_het,trunc_laplace,312083,Oracle04,2.3499631114140613,21,,0.9792888974023657
n23_het,trunc_laplace,312083,Plug,2.3228083267461477,21,,0.976635126776876
n23_het,trunc_laplace,312083,Dlow,2.4087057130320617,21,,0.9847788458892879
n23_het,trunc_laplace,312083,S,2.4135183166575027,21,,0.9852138894693412
n23_het,trunc_laplace,312084,CP_PAC,2.619543094147011,20,,1.0
n23_het,trunc_laplace,312084,Oracle,2.384305428256067,20,,0.982539220365902
n23_het,trunc_laplace,312084,Oracle04,2.413354067799303,20,,0.9851990778772155
n23_het,trunc_laplace,312084,Plug,2.363845650319466,20,,0.9806168434811122
n23_het,trunc_laplace,312084,Dlow,2.45632961479311,20,,0.9889892645949292
n23_het,trunc_laplace,312084,S,2.46123737116429,20,,0.9894113894904346
n23_het,trunc_laplace,312085,CP_PAC,2.2849815725810263,13,,0.9728108637694439
n23_het,trunc_laplace,312085,Oracle,1.9988424177647914,13,,0.9384324997101012
n23_het,trunc_laplace,312085,Oracle04,2.0257460156610985,13,,0.9421191965509714
n23_het,trunc_laplace,312085,Plug,1.9254894334247183,13,,0.9278388854172337
n23_het,trunc_laplace,312085,Dlow,2.053630284556691,13,,0.9458326518190336
n23_het,trunc_laplace,312085,S,2.0577334460592778,13,,0.9463700269601578
n23_het,trunc_laplace,312086,CP_PAC,2.8973179483709464,23,,1.0
n23_het,trunc_laplace,312086,Oracle,2.687168912766413,23,,1.0
n23_het,trunc_laplace,312086,Oracle04,2.71793250270987,23,,1.0
n23_het,trunc_laplace,312086,Plug,2.6547440885328637,23,,1.0
n23_het,trunc_laplace,312086,Dlow,2.7436793717501238,23,,1.0
n23_het,trunc_laplace,312086,S,2.7491612540822374,23,,1.0
n23_het,trunc_laplace,312087,CP_PAC,2.3514816346194385,17,,0.9794350914247651
n23_het,trunc_laplace,312087,Oracle,2.079122892277267,17,,0.9491343782059078
n23_het,trunc_laplace,312087,Oracle04,2.106594100352662,17,,0.9525954498648432
n23_het,trunc_laplace,312087,Plug,2.08479435242608,17,,0.9498570665179713
n23_het,trunc_laplace,312087,Dlow,2.1799659555329156,17,,0.9613677400463043
n23_het,trunc_laplace,312087,S,2.1843215362101955,17,,0.9618676813959819
n23_het,trunc_laplace,312088,CP_PAC,2.643832138597074,17,,1.0
n23_het,trunc_laplace,312088,Oracle,2.412962201260233,17,,0.9851637299846643
n23_het,trunc_laplace,312088,Oracle04,2.4422356802001803,17,,0.9877649375310469
n23_het,trunc_laplace,312088,Plug,2.336580850426472,17,,0.9779904746601216
n23_het,trunc_laplace,312088,Dlow,2.447864629678875,17,,0.9882560789268025
n23_het,trunc_laplace,312088,S,2.4527554729760213,17,,0.9886804835464709
n23_het,trunc_laplace,312089,CP_PAC,2.3395223524710476,18,,0.978277431908219
n23_het,trunc_laplace,312089,Oracle,2.064838705976674,18,,0.9472951530728582
n23_het,trunc_laplace,312089,Oracle04,2.0922917239356447,18,,0.950805884647766
n23_het,trunc_laplace,312089,Plug,2.086573363961125,18,,0.9500828784276296
n23_het,trunc_laplace,312089,Dlow,2.176183739046911,18,,0.9609317641703243
n23_het,trunc_laplace,312089,S,2.180531762840561,18,,0.9614328128540905
n23_het,trunc_laplace,312090,CP_PAC,2.16582173187311,17,,0.9597284877822259
n23_het,trunc_laplace,312090,Oracle,1.8564784212583856,17,,0.9171044958256918
n23_het,trunc_laplace,312090,Oracle04,1.8831528172246796,17,,0.9213454427771348
n23_het,trunc_laplace,312090,Plug,1.9057007271945863,17,,0.9248394349340765
n23_het,trunc_laplace,312090,Dlow,2.0005736834945336,17,,0.9386728684665027
n23_het,trunc_laplace,312090,S,2.0045708376965004,17,,0.9392261777834756
n23_het,trunc_laplace,312091,CP_PAC,2.5675243751651733,20,,0.9980426647790999
n23_het,trunc_laplace,312091,Oracle,2.3271809830617647,20,,0.9770675492580934
n23_het,trunc_laplace,312091,Oracle04,2.3560179252548394,20,,0.9798704409024857
n23_het,trunc_laplace,312091,Plug,2.32580844311395,20,,0.9769320278008462
n23_het,trunc_laplace,312091,Dlow,2.412556481721903,20,,0.98512711727117
n23_het,trunc_laplace,312091,S,2.4173767791985514,20,,0.9855611079570852
n23_het,trunc_laplace,312092,CP_PAC,2.473299155641172,17,,0.9904397097825495
n23_het,trunc_laplace,312092,Oracle,2.2193117678467194,17,,0.9658025651517013
n23_het,trunc_laplace,312092,Oracle04,2.247348210218889,17,,0.9688534381461442
n23_het,trunc_laplace,312092,Plug,2.178734435941386,17,,0.9612259716493692
n23_het,trunc_laplace,312092,Dlow,2.2838123326674884,17,,0.9726902334246414
n23_het,trunc_laplace,312092,S,2.2883753988206332,17,,0.973160172328817
n23_het,trunc_laplace,312094,CP_PAC,2.651822935391593,21,,1.0
n23_het,trunc_laplace,312094,Oracle,2.4202461027916717,21,,0.9858184105366685
n23_het,trunc_laplace,312094,Oracle04,2.4494634573847045,21,,0.9883950560203019
n23_het,trunc_laplace,312094,Plug,2.406841422815651,21,,0.9846097324635008
n23_het,trunc_laplace,312094,Dlow,2.49463227629223,21,,0.9922270759889078
n23_het,trunc_laplace,312094,S,2.4996165615339145,21,,0.9926389769503694
n23_het,trunc_laplace,312093,CP_PAC,2.887646551538265,23,,1.0
n23_het,trunc_laplace,312093,Oracle,2.680319933120434,23,,1.0
n23_het,trunc_laplace,312093,Oracle04,2.711481799733809,23,,1.0
n23_het,trunc_laplace,312093,Plug,2.6482156520527296,23,,1.0
n23_het,trunc_laplace,312093,Dlow,2.7345220735310996,23,,1.0
n23_het,trunc_laplace,312093,S,2.7399856595448346,23,,1.0
n23_het,trunc_laplace,312096,CP_PAC,2.3822849911129382,14,,0.9823512028191101
n23_het,trunc_laplace,312096,Oracle,2.1148320650384838,14,,0.9536141615385034
n23_het,trunc_laplace,312096,Oracle04,2.1424136818512713,14,,0.9569619018092048
n23_het,trunc_laplace,312096,Plug,2.027571056958333,14,,0.9423655613629036
n23_het,trunc_laplace,312096,Dlow,2.156861259161254,14,,0.9586774257637978
n23_het,trunc_laplace,312096,S,2.1611706765629948,14,,0.9591841459532975
n23_het,trunc_laplace,312095,CP_PAC,2.76997380566375,25,,1.0
n23_het,trunc_laplace,312095,Oracle,2.5508117350648716,25,,0.9967480671066467
n23_het,trunc_laplace,312095,Oracle04,2.5807181176329297,25,,0.9990488595152778
n23_het,trunc_laplace,312095,Plug,2.5602148861037475,25,,0.9974792314074268
n23_het,trunc_laplace,312095,Dlow,2.634692377126305,25,,1.0
n23_het,trunc_laplace,312095,S,2.6399565030082996,25,,1.0
n23_het,trunc_laplace,312097,CP_PAC,2.3132740763561537,15,,0.9756853955142046
n23_het,trunc_laplace,312097,Oracle,2.0336425608985613,15,,0.9431817948229915
n23_het,trunc_laplace,312097,Oracle04,2.060936896081133,15,,0.9467879745951568
n23_het,trunc_laplace,312097,Plug,1.9941858305743079,15,,0.9377838216503207
n23_het,trunc_laplace,312097,Dlow,2.1114094230978755,15,,0.9531919782172582
n23_het,trunc_laplace,312097,S,2.115628027549808,15,,0.9537121277934615
n23_het,trunc_laplace,312098,CP_PAC,2.376629900422639,20,,0.9818228407513492
n23_het,trunc_laplace,312098,Oracle,2.106965185391274,20,,0.9526415269797979
n23_het,trunc_laplace,312098,Oracle04,2.134116586277332,20,,0.9559649442823752
n23_het,trunc_laplace,312098,Plug,2.1413123945170143,20,,0.9568300700458456
n23_het,trunc_laplace,312098,Dlow,2.225364587280885,20,,0.9664687939074472
n23_het,trunc_laplace,312098,S,2.2298108746055396,20,,0.9669555202485438
n23_het,trunc_laplace,312099,CP_PAC,2.3712550317422068,20,,0.98131776317644
n23_het,trunc_laplace,312099,Oracle,2.1021664773592996,20,,0.9520442999619003
n23_het,trunc_laplace,312099,Oracle04,2.1293875242367046,20,,0.9553928402326743
n23_het,trunc_laplace,312099,Plug,2.1445441337760203,20,,0.9572165023063397
n23_het,trunc_laplace,312099,Dlow,2.226806913787056,20,,0.9666269299789412
n23_het,trunc_laplace,312099,S,2.2312560828858246,20,,0.9671132388888548
