condition,seed,method,half,cov
api99_n3,70016,FH_PAC,32.75216475001341,0.9714285714285714
api99_n3,70016,CP_PAC,36.28832102746204,0.9714285714285714
api99_n3,70016,LDC_PAC,34.74628957110175,0.9714285714285714
api99_n3,70016,HetLDC,33.07579257992899,0.9714285714285714
api99_n3,70017,FH_PAC,30.048682186877244,0.9523809523809523
api99_n3,70017,CP_PAC,31.680590255618387,0.9523809523809523
api99_n3,70017,LDC_PAC,28.87679073195479,0.9333333333333333
api99_n3,70017,HetLDC,26.89571115805031,0.9333333333333333
api99_n3,70002,FH_PAC,30.9913171985106,0.9619047619047619
api99_n3,70002,CP_PAC,36.42959161883882,0.9904761904761905
api99_n3,70002,LDC_PAC,34.69637303733098,0.9904761904761905
api99_n3,70002,HetLDC,32.93964833271244,0.9714285714285714
api99_n3,70003,FH_PAC,27.671252951190123,0.8857142857142857
api99_n3,70003,CP_PAC,34.69900172310323,0.9714285714285714
api99_n3,70003,LDC_PAC,32.67530270791603,0.9619047619047619
api99_n3,70003,HetLDC,30.74861869590075,0.9142857142857143
api99_n3,70010,FH_PAC,25.628020168573517,0.9047619047619048
api99_n3,70010,CP_PAC,29.82605785566712,0.9428571428571428
api99_n3,70010,LDC_PAC,26.786679907316852,0.9142857142857143
api99_n3,70010,HetLDC,24.8320640970668,0.8666666666666667
api99_n3,70011,FH_PAC,33.44267907600229,0.9714285714285714
api99_n3,70011,CP_PAC,36.034132334105685,1.0
api99_n3,70011,LDC_PAC,34.12959271869167,0.9809523809523809
api99_n3,70011,HetLDC,32.29840858574771,0.9714285714285714
api99_n3,70006,FH_PAC,27.02913452714398,0.9142857142857143
api99_n3,70006,CP_PAC,33.39129825981873,0.9809523809523809
api99_n3,70006,LDC_PAC,31.443866516869623,0.9523809523809523
api99_n3,70006,HetLDC,29.560000768242844,0.9523809523809523
api99_n3,70007,FH_PAC,30.6644737805752,0.9619047619047619
api99_n3,70007,CP_PAC,35.39736334461221,0.9904761904761905
api99_n3,70007,LDC_PAC,33.89319213458849,0.9904761904761905
api99_n3,70007,HetLDC,32.33463576275256,0.9714285714285714
api99_n3,70018,FH_PAC,30.803155845897933,0.9619047619047619
api99_n3,70018,CP_PAC,36.089640021269965,0.9904761904761905
api99_n3,70018,LDC_PAC,34.182166615521155,0.9809523809523809
api99_n3,70018,HetLDC,32.43101144681252,0.9809523809523809
api99_n3,70019,FH_PAC,27.34491849463253,0.8952380952380953
api99_n3,70019,CP_PAC,29.827219269724083,0.9142857142857143
api99_n3,70019,LDC_PAC,27.18744701466546,0.8857142857142857
api99_n3,70019,HetLDC,25.33574308208624,0.8761904761904762
api99_n3,70020,FH_PAC,26.823857689639233,0.8857142857142857
api99_n3,70020,CP_PAC,28.97956125447187,0.9523809523809523
api99_n3,70020,LDC_PAC,25.615815066009553,0.8666666666666667
api99_n3,70020,HetLDC,24.114821265241922,0.8476190476190476
api99_n3,70021,FH_PAC,29.802379364560064,0.9619047619047619
api99_n3,70021,CP_PAC,36.71790613651982,0.9809523809523809
api99_n3,70021,LDC_PAC,34.77722650023322,0.9809523809523809
api99_n3,70021,HetLDC,33.129817303242596,0.9714285714285714
api99_n3,70012,FH_PAC,26.209053057456217,0.9142857142857143
api99_n3,70012,CP_PAC,34.41127234388595,0.9714285714285714
api99_n3,70012,LDC_PAC,31.365801655746385,0.9714285714285714
api99_n3,70012,HetLDC,29.309638412778792,0.9619047619047619
api99_n3,70013,FH_PAC,29.567381244189992,0.9619047619047619
api99_n3,70013,CP_PAC,39.74579002480482,1.0
api99_n3,70013,LDC_PAC,38.05683730556057,0.9904761904761905
api99_n3,70013,HetLDC,36.25076587554911,0.9904761904761905
api99_n3,70008,FH_PAC,29.941144855468163,0.9523809523809523
api99_n3,70008,CP_PAC,38.96225610091873,1.0
api99_n3,70008,LDC_PAC,37.49701816807547,0.9904761904761905
api99_n3,70008,HetLDC,35.7927610440054,0.9809523809523809
api99_n3,70009,FH_PAC,29.12290068910526,0.9523809523809523
api99_n3,70009,CP_PAC,35.07858261054249,0.9714285714285714
api99_n3,70009,LDC_PAC,32.41744535444954,0.9714285714285714
api99_n3,70009,HetLDC,30.56410357930404,0.9619047619047619
api99_n3,70024,FH_PAC,31.600740866096814,0.9523809523809523
api99_n3,70024,CP_PAC,32.62802568072501,0.9523809523809523
api99_n3,70024,LDC_PAC,30.90351163094807,0.9523809523809523
api99_n3,70024,HetLDC,29.33992112139389,0.9523809523809523
api99_n3,70025,FH_PAC,28.18322392861038,0.9523809523809523
api99_n3,70025,CP_PAC,39.93471055543724,0.9904761904761905
api99_n3,70025,LDC_PAC,38.432901918088774,0.9904761904761905
api99_n3,70025,HetLDC,36.78454672926461,0.9904761904761905
api99_n3,70022,FH_PAC,31.735662156777092,0.9523809523809523
api99_n3,70022,CP_PAC,37.15724365743275,0.9714285714285714
api99_n3,70022,LDC_PAC,35.38940541706739,0.9714285714285714
api99_n3,70022,HetLDC,33.68014571584418,0.9714285714285714
api99_n3,70023,FH_PAC,27.49943430060521,0.9238095238095239
api99_n3,70023,CP_PAC,34.962637728060635,0.9714285714285714
api99_n3,70023,LDC_PAC,33.64781183864805,0.9619047619047619
api99_n3,70023,HetLDC,31.984389929765825,0.9619047619047619
api99_n3,70004,FH_PAC,28.506877472835292,0.9523809523809523
api99_n3,70004,CP_PAC,38.94652699169095,0.9809523809523809
api99_n3,70004,LDC_PAC,37.48188057714763,0.9714285714285714
api99_n3,70004,HetLDC,35.82947289153952,0.9714285714285714
api99_n3,70005,FH_PAC,26.579219180480123,0.9142857142857143
api99_n3,70005,CP_PAC,39.93761819950644,0.9904761904761905
api99_n3,70005,LDC_PAC,38.43570021555406,0.9904761904761905
api99_n3,70005,HetLDC,36.56497908255783,0.9809523809523809
api99_n3,70000,FH_PAC,30.74581148752791,0.9619047619047619
api99_n3,70000,CP_PAC,39.55148112473705,1.0
api99_n3,70000,LDC_PAC,37.66973172911383,1.0
api99_n3,70000,HetLDC,35.85303977762096,1.0
api99_n3,70001,FH_PAC,27.654360882482596,0.9428571428571428
api99_n3,70001,CP_PAC,35.00100707708172,0.9904761904761905
api99_n3,70001,LDC_PAC,33.33575657215665,0.9904761904761905
api99_n3,70001,HetLDC,31.736571409154205,0.9714285714285714
api99_n3,70026,FH_PAC,34.65418768887213,0.9904761904761905
api99_n3,70026,CP_PAC,43.45114935983175,1.0
api99_n3,70026,LDC_PAC,42.21552490280798,1.0
api99_n3,70026,HetLDC,40.50108492505943,1.0
api99_n3,70027,FH_PAC,30.574089018044262,0.9619047619047619
api99_n3,70027,CP_PAC,34.604548357689396,0.9714285714285714
api99_n3,70027,LDC_PAC,32.586358007682094,0.9714285714285714
api99_n3,70027,HetLDC,30.98072349517481,0.9619047619047619
api99_n3,70014,FH_PAC,29.064790160975342,0.9619047619047619
api99_n3,70014,CP_PAC,38.436436266676914,0.9619047619047619
api99_n3,70014,LDC_PAC,36.80312306519952,0.9619047619047619
api99_n3,70014,HetLDC,35.12515694501102,0.9619047619047619
api99_n3,70015,FH_PAC,31.618788827173947,0.9523809523809523
api99_n3,70015,CP_PAC,42.897038913306424,1.0
api99_n3,70015,LDC_PAC,41.67717174762491,1.0
api99_n3,70015,HetLDC,39.83814325677973,0.9904761904761905
api99_n3,70028,FH_PAC,29.450246429546894,0.9619047619047619
api99_n3,70028,CP_PAC,45.531193815540725,0.9904761904761905
api99_n3,70028,LDC_PAC,44.032339823020784,0.9904761904761905
api99_n3,70028,HetLDC,42.14884098497809,0.9904761904761905
api99_n3,70029,FH_PAC,24.96616849244128,0.8857142857142857
api99_n3,70029,CP_PAC,31.660101537542726,0.9523809523809523
api99_n3,70029,LDC_PAC,28.43382822574956,0.9142857142857143
api99_n3,70029,HetLDC,26.426887949232857,0.8952380952380953
api99_n3,70030,FH_PAC,26.19188078066524,0.9333333333333333
api99_n3,70030,CP_PAC,28.422097256629513,0.9619047619047619
api99_n3,70030,LDC_PAC,25.52578772535659,0.9238095238095239
api99_n3,70030,HetLDC,23.708000412047408,0.9047619047619048
api99_n3,70031,FH_PAC,29.104963108915477,0.9619047619047619
api99_n3,70031,CP_PAC,40.78025169099434,0.9904761904761905
api99_n3,70031,LDC_PAC,39.437795279448366,0.9904761904761905
api99_n3,70031,HetLDC,37.68470126264377,0.9809523809523809
api99_n3,70032,FH_PAC,29.913568676192792,0.9238095238095239
api99_n3,70032,CP_PAC,38.61224536342282,0.9619047619047619
api99_n3,70032,LDC_PAC,36.360319975491606,0.9619047619047619
api99_n3,70032,HetLDC,34.49902497714453,0.9428571428571428
api99_n3,70033,FH_PAC,27.65259568385154,0.9428571428571428
api99_n3,70033,CP_PAC,36.27930517724178,0.9809523809523809
api99_n3,70033,LDC_PAC,34.73765683931331,0.9809523809523809
api99_n3,70033,HetLDC,33.04978321926128,0.9809523809523809
api99_n3,70056,FH_PAC,30.159903933544726,0.9523809523809523
api99_n3,70056,CP_PAC,38.101089465683835,0.9809523809523809
api99_n3,70056,LDC_PAC,36.288345668592626,0.9809523809523809
api99_n3,70056,HetLDC,34.55753406394988,0.9809523809523809
api99_n3,70057,FH_PAC,28.46730293180356,0.9142857142857143
api99_n3,70057,CP_PAC,33.74907421637405,0.9523809523809523
api99_n3,70057,LDC_PAC,31.780776430744044,0.9428571428571428
api99_n3,70057,HetLDC,29.894975033115184,0.9333333333333333
api99_n3,70046,FH_PAC,25.6091158646709,0.9047619047619048
api99_n3,70046,CP_PAC,34.775998365966224,0.9714285714285714
api99_n3,70046,LDC_PAC,32.747808788440146,0.9714285714285714
api99_n3,70046,HetLDC,30.967684078175868,0.9714285714285714
api99_n3,70047,FH_PAC,34.649121664455656,0.9904761904761905
api99_n3,70047,CP_PAC,38.552417333084655,1.0
api99_n3,70047,LDC_PAC,36.71820061215955,1.0
api99_n3,70047,HetLDC,34.87854730074869,0.9904761904761905
api99_n3,70048,FH_PAC,30.45473188057147,0.9523809523809523
api99_n3,70048,CP_PAC,37.68493605945449,0.9714285714285714
api99_n3,70048,LDC_PAC,36.083557015474256,0.9714285714285714
api99_n3,70048,HetLDC,34.36995994252507,0.9714285714285714
api99_n3,70049,FH_PAC,27.059764506885372,0.9238095238095239
api99_n3,70049,CP_PAC,35.36048943271536,0.9714285714285714
api99_n3,70049,LDC_PAC,33.29821143945891,0.9523809523809523
api99_n3,70049,HetLDC,31.490534406576035,0.9523809523809523
api99_n3,70044,FH_PAC,23.716955122731285,0.8666666666666667
api99_n3,70044,CP_PAC,34.903999729526355,0.9809523809523809
api99_n3,70044,LDC_PAC,32.256106708929075,0.9619047619047619
api99_n3,70044,HetLDC,30.40822180463188,0.9619047619047619
api99_n3,70045,FH_PAC,24.989475131726195,0.9523809523809523
api99_n3,70045,CP_PAC,32.508597491426066,0.9809523809523809
api99_n3,70045,LDC_PAC,30.042424872987258,0.9714285714285714
api99_n3,70045,HetLDC,28.20449693853784,0.9428571428571428
api99_n3,70042,FH_PAC,28.697437359776348,0.9238095238095239
api99_n3,70042,CP_PAC,34.676038373891856,0.9714285714285714
api99_n3,70042,LDC_PAC,32.84327913949824,0.9619047619047619
api99_n3,70042,HetLDC,31.294514308240466,0.9523809523809523
api99_n3,70043,FH_PAC,25.765543279411364,0.9619047619047619
api99_n3,70043,CP_PAC,36.16208601808879,0.9809523809523809
api99_n3,70043,LDC_PAC,34.441594608565985,0.9809523809523809
api99_n3,70043,HetLDC,32.6782888840841,0.9714285714285714
api99_n3,70040,FH_PAC,34.210088812266356,0.9714285714285714
api99_n3,70040,CP_PAC,39.155595306992495,0.9809523809523809
api99_n3,70040,LDC_PAC,37.29268105678209,0.9809523809523809
api99_n3,70040,HetLDC,35.49946855366226,0.9809523809523809
api99_n3,70041,FH_PAC,27.280584081594377,0.9428571428571428
api99_n3,70041,CP_PAC,36.22830409624961,0.9904761904761905
api99_n3,70041,LDC_PAC,34.31350177186374,0.9714285714285714
api99_n3,70041,HetLDC,32.53071578064584,0.9714285714285714
api99_n3,70034,FH_PAC,30.577180331627837,0.9904761904761905
api99_n3,70034,CP_PAC,37.322738929697984,1.0
api99_n3,70034,LDC_PAC,34.934858459934226,1.0
api99_n3,70034,HetLDC,33.13739169599744,0.9904761904761905
api99_n3,70035,FH_PAC,25.30435796706383,0.8761904761904762
api99_n3,70035,CP_PAC,35.38957187937164,0.9619047619047619
api99_n3,70035,LDC_PAC,33.51909971170932,0.9523809523809523
api99_n3,70035,HetLDC,31.723328276732353,0.9523809523809523
api99_n3,70050,FH_PAC,25.358783011760686,0.8476190476190476
api99_n3,70050,CP_PAC,32.96731823021745,0.9619047619047619
api99_n3,70050,LDC_PAC,30.049640547935088,0.9047619047619048
api99_n3,70050,HetLDC,28.036540576753996,0.8952380952380953
api99_n3,70051,FH_PAC,30.13078238830235,0.9714285714285714
api99_n3,70051,CP_PAC,37.43337781190746,0.9809523809523809
api99_n3,70051,LDC_PAC,35.45488280277247,0.9809523809523809
api99_n3,70051,HetLDC,33.73276837488487,0.9809523809523809
api99_n3,70038,FH_PAC,24.806309266587313,0.9238095238095239
api99_n3,70038,CP_PAC,34.06007433854344,0.9904761904761905
api99_n3,70038,LDC_PAC,31.68178911938226,0.9523809523809523
api99_n3,70038,HetLDC,29.881374073579952,0.9428571428571428
api99_n3,70039,FH_PAC,32.962032626807144,0.9714285714285714
api99_n3,70039,CP_PAC,43.968948790652725,1.0
api99_n3,70039,LDC_PAC,42.90635750998935,1.0
api99_n3,70039,HetLDC,41.19649859037318,0.9904761904761905
api99_n3,70054,FH_PAC,30.024804790343744,0.9714285714285714
api99_n3,70054,CP_PAC,35.366753835209714,0.9809523809523809
api99_n3,70054,LDC_PAC,33.30411049238904,0.9809523809523809
api99_n3,70054,HetLDC,31.595195677727844,0.9714285714285714
api99_n3,70055,FH_PAC,26.230209485065508,0.9428571428571428
api99_n3,70055,CP_PAC,35.74946935419958,0.9809523809523809
api99_n3,70055,LDC_PAC,34.04860909718529,0.9714285714285714
api99_n3,70055,HetLDC,32.22928890849727,0.9714285714285714
api99_n3,70036,FH_PAC,24.505082868216704,0.8761904761904762
api99_n3,70036,CP_PAC,32.23263235557022,0.9619047619047619
api99_n3,70036,LDC_PAC,29.981950447364284,0.9238095238095239
api99_n3,70036,HetLDC,28.300225932194568,0.9047619047619048
api99_n3,70037,FH_PAC,28.368154768037634,0.9428571428571428
api99_n3,70037,CP_PAC,35.28349825741149,0.9809523809523809
api99_n3,70037,LDC_PAC,33.60480760833156,0.9809523809523809
api99_n3,70037,HetLDC,31.89500242673058,0.9714285714285714
api99_n3,70052,FH_PAC,31.23651695053074,0.9142857142857143
api99_n3,70052,CP_PAC,36.230622847831306,0.9809523809523809
api99_n3,70052,LDC_PAC,34.50687064669518,0.9714285714285714
api99_n3,70052,HetLDC,32.73365100074302,0.9428571428571428
api99_n3,70053,FH_PAC,33.18815260082009,0.9619047619047619
api99_n3,70053,CP_PAC,41.01407621414137,0.9809523809523809
api99_n3,70053,LDC_PAC,39.47167630552654,0.9809523809523809
api99_n3,70053,HetLDC,37.67181849243195,0.9809523809523809
api99_n3,70058,FH_PAC,28.79559761734017,0.9714285714285714
api99_n3,70058,CP_PAC,46.63027736662381,1.0
api99_n3,70058,LDC_PAC,45.50337013987604,1.0
api99_n3,70058,HetLDC,43.80957486367571,1.0
api99_n3,70059,FH_PAC,26.29796593590022,0.8761904761904762
api99_n3,70059,CP_PAC,34.94149020451281,0.9714285714285714
api99_n3,70059,LDC_PAC,32.2907530752797,0.9523809523809523
api99_n3,70059,HetLDC,30.41161099473058,0.9333333333333333
api99_n3,70062,FH_PAC,32.10280170846006,0.9428571428571428
api99_n3,70062,CP_PAC,36.84090948564244,0.9904761904761905
api99_n3,70062,LDC_PAC,34.69229112366071,0.9714285714285714
api99_n3,70062,HetLDC,32.8686823508343,0.9523809523809523
api99_n3,70063,FH_PAC,28.586811091591986,0.9142857142857143
api99_n3,70063,CP_PAC,32.71645170302156,0.9904761904761905
api99_n3,70063,LDC_PAC,29.820976241208566,0.9333333333333333
api99_n3,70063,HetLDC,28.023034654659064,0.9333333333333333
api99_n3,70064,FH_PAC,29.8773574002309,0.9428571428571428
api99_n3,70064,CP_PAC,35.21468244633021,0.9904761904761905
api99_n3,70064,LDC_PAC,32.96167382815469,0.9809523809523809
api99_n3,70064,HetLDC,30.988061555306626,0.9523809523809523
api99_n3,70065,FH_PAC,30.393239539941476,0.9714285714285714
api99_n3,70065,CP_PAC,31.965636093529042,0.9714285714285714
api99_n3,70065,LDC_PAC,29.920498991584548,0.9619047619047619
api99_n3,70065,HetLDC,28.139742504233404,0.9619047619047619
api99_n3,70060,FH_PAC,29.49832460373184,0.9333333333333333
api99_n3,70060,CP_PAC,32.78693540967413,0.9619047619047619
api99_n3,70060,LDC_PAC,29.885221990122847,0.9428571428571428
api99_n3,70060,HetLDC,28.052379312077274,0.9238095238095239
api99_n3,70061,FH_PAC,33.662280512926046,0.9809523809523809
api99_n3,70061,CP_PAC,41.09748683469377,0.9904761904761905
api99_n3,70061,LDC_PAC,38.92532986293987,0.9904761904761905
api99_n3,70061,HetLDC,37.126588920635214,0.9904761904761905
api99_n3,70074,FH_PAC,28.232618344452455,0.9238095238095239
api99_n3,70074,CP_PAC,34.328832037480915,0.9523809523809523
api99_n3,70074,LDC_PAC,31.931780492193568,0.9428571428571428
api99_n3,70074,HetLDC,30.239393722835597,0.9333333333333333
api99_n3,70075,FH_PAC,30.84787756374461,0.9714285714285714
api99_n3,70075,CP_PAC,36.98965290122461,0.9904761904761905
api99_n3,70075,LDC_PAC,35.034610424896734,0.9904761904761905
api99_n3,70075,HetLDC,33.26791304959042,0.9714285714285714
api99_n3,70080,FH_PAC,26.23905271827156,0.9619047619047619
api99_n3,70080,CP_PAC,31.543846773711834,0.9904761904761905
api99_n3,70080,LDC_PAC,28.752149338624875,0.9714285714285714
api99_n3,70080,HetLDC,26.91150044667491,0.9714285714285714
api99_n3,70081,FH_PAC,27.719364506006034,0.9333333333333333
api99_n3,70081,CP_PAC,32.80527332642362,0.9714285714285714
api99_n3,70081,LDC_PAC,30.514606081035797,0.9619047619047619
api99_n3,70081,HetLDC,28.602418799046543,0.9428571428571428
api99_n3,70078,FH_PAC,26.803946049768456,0.9047619047619048
api99_n3,70078,CP_PAC,33.83817106804948,0.9714285714285714
api99_n3,70078,LDC_PAC,31.864677017338696,0.9619047619047619
api99_n3,70078,HetLDC,30.206498244048223,0.9333333333333333
api99_n3,70079,FH_PAC,30.279868086860674,0.9714285714285714
api99_n3,70079,CP_PAC,32.700939359927474,0.9809523809523809
api99_n3,70079,LDC_PAC,30.016606644797662,0.9809523809523809
api99_n3,70079,HetLDC,28.151208080792475,0.9619047619047619
api99_n3,70070,FH_PAC,26.898394130429548,0.9142857142857143
api99_n3,70070,CP_PAC,34.1187962110918,0.9619047619047619
api99_n3,70070,LDC_PAC,31.530470430132453,0.9428571428571428
api99_n3,70070,HetLDC,29.78644744357543,0.9238095238095239
api99_n3,70071,FH_PAC,27.244404577462785,0.9428571428571428
api99_n3,70071,CP_PAC,39.72090644201472,0.9904761904761905
api99_n3,70071,LDC_PAC,37.83109626132544,0.9904761904761905
api99_n3,70071,HetLDC,35.794393558772555,0.9904761904761905
api99_n3,70082,FH_PAC,29.3619710088059,0.9619047619047619
api99_n3,70082,CP_PAC,31.395895933623137,0.9619047619047619
api99_n3,70082,LDC_PAC,28.81869074548378,0.9619047619047619
api99_n3,70082,HetLDC,27.057228681857538,0.9238095238095239
api99_n3,70083,FH_PAC,29.460251925424732,0.9714285714285714
api99_n3,70083,CP_PAC,39.54379244652031,1.0
api99_n3,70083,LDC_PAC,38.419281868773375,1.0
api99_n3,70083,HetLDC,36.84429527647925,1.0
api99_n3,70068,FH_PAC,31.751613373162364,0.9523809523809523
api99_n3,70068,CP_PAC,40.46424745511234,0.9809523809523809
api99_n3,70068,LDC_PAC,38.942524736037335,0.9809523809523809
api99_n3,70068,HetLDC,37.128093348836536,0.9809523809523809
api99_n3,70069,FH_PAC,30.48190715906815,0.9714285714285714
api99_n3,70069,CP_PAC,33.13697395540282,0.9809523809523809
api99_n3,70069,LDC_PAC,31.016895547325042,0.9714285714285714
api99_n3,70069,HetLDC,29.318270525967204,0.9619047619047619
api99_n3,70066,FH_PAC,28.585883283737587,0.9523809523809523
api99_n3,70066,CP_PAC,36.450331838470255,0.9809523809523809
api99_n3,70066,LDC_PAC,34.324492564090065,0.9619047619047619
api99_n3,70066,HetLDC,32.663267313621404,0.9428571428571428
api99_n3,70067,FH_PAC,29.419341512188243,0.9619047619047619
api99_n3,70067,CP_PAC,31.84584411316621,0.9714285714285714
api99_n3,70067,LDC_PAC,29.231703881505116,0.9619047619047619
api99_n3,70067,HetLDC,27.225619660910407,0.9428571428571428
api99_n3,70076,FH_PAC,34.45841216496926,0.9714285714285714
api99_n3,70076,CP_PAC,37.48730849608322,0.9904761904761905
api99_n3,70076,LDC_PAC,35.89432741350582,0.9904761904761905
api99_n3,70076,HetLDC,34.23036744541127,0.9904761904761905
api99_n3,70077,FH_PAC,29.2750591668533,0.9333333333333333
api99_n3,70077,CP_PAC,33.33421136748897,0.9523809523809523
api99_n3,70077,LDC_PAC,31.00661039399433,0.9333333333333333
api99_n3,70077,HetLDC,29.304538291198348,0.9238095238095239
api99_n3,70072,FH_PAC,32.487911141100184,0.9714285714285714
api99_n3,70072,CP_PAC,38.73986882553853,1.0
api99_n3,70072,LDC_PAC,37.63821950007834,1.0
api99_n3,70072,HetLDC,36.10567367108341,0.9904761904761905
api99_n3,70073,FH_PAC,28.758248313263568,0.9523809523809523
api99_n3,70073,CP_PAC,34.54605343801544,0.9714285714285714
api99_n3,70073,LDC_PAC,32.720164397067535,0.9714285714285714
api99_n3,70073,HetLDC,31.06955296455701,0.9714285714285714
api99_n3,70084,FH_PAC,27.325949061620186,0.8857142857142857
api99_n3,70084,CP_PAC,34.567231834832796,0.9904761904761905
api99_n3,70084,LDC_PAC,32.74022343584525,0.9714285714285714
api99_n3,70084,HetLDC,31.04388053452313,0.9523809523809523
api99_n3,70085,FH_PAC,32.07610501721391,0.9714285714285714
api99_n3,70085,CP_PAC,40.90943609458892,1.0
api99_n3,70085,LDC_PAC,39.92078361854412,1.0
api99_n3,70085,HetLDC,38.39978863144215,1.0
api99_n3,70086,FH_PAC,33.37629947847211,0.9714285714285714
api99_n3,70086,CP_PAC,37.554598732968884,0.9809523809523809
api99_n3,70086,LDC_PAC,35.958758227330684,0.9714285714285714
api99_n3,70086,HetLDC,34.28655185856746,0.9714285714285714
api99_n3,70087,FH_PAC,30.219424291517456,0.9714285714285714
api99_n3,70087,CP_PAC,35.39179076659972,1.0
api99_n3,70087,LDC_PAC,33.70794786132305,0.9904761904761905
api99_n3,70087,HetLDC,32.03556035266461,0.9809523809523809
api99_n3,70088,FH_PAC,29.97848948131002,0.9238095238095239
api99_n3,70088,CP_PAC,37.24458197666369,0.9809523809523809
api99_n3,70088,LDC_PAC,35.47258842214184,0.9714285714285714
api99_n3,70088,HetLDC,33.89200809136278,0.9619047619047619
api99_n3,70089,FH_PAC,33.856672946854516,0.9809523809523809
api99_n3,70089,CP_PAC,40.522861122452206,0.9904761904761905
api99_n3,70089,LDC_PAC,38.99893414270638,0.9904761904761905
api99_n3,70089,HetLDC,37.15148115373693,0.9904761904761905
api99_n3,70090,FH_PAC,29.235283643059297,0.9619047619047619
api99_n3,70090,CP_PAC,35.9019811797823,0.9904761904761905
api99_n3,70090,LDC_PAC,34.37636680145427,0.9809523809523809
api99_n3,70090,HetLDC,32.564020264239346,0.9714285714285714
api99_n3,70091,FH_PAC,24.356536162977758,0.8666666666666667
api99_n3,70091,CP_PAC,32.93615685113457,0.9333333333333333
api99_n3,70091,LDC_PAC,29.349682207506433,0.9047619047619048
api99_n3,70091,HetLDC,27.74401595356124,0.9047619047619048
api99_n3,70092,FH_PAC,32.82704637659955,0.9904761904761905
api99_n3,70092,CP_PAC,41.62143843276207,0.9904761904761905
api99_n3,70092,LDC_PAC,40.056197696876005,0.9904761904761905
api99_n3,70092,HetLDC,38.08287383091296,0.9904761904761905
api99_n3,70093,FH_PAC,32.511414900990076,0.9904761904761905
api99_n3,70093,CP_PAC,35.32095188822325,1.0
api99_n3,70093,LDC_PAC,33.2609797852195,1.0
api99_n3,70093,HetLDC,31.641016621102438,1.0
api99_n3,70094,FH_PAC,29.084219257144923,0.9619047619047619
api99_n3,70094,CP_PAC,39.61138810114934,1.0
api99_n3,70094,LDC_PAC,38.307409834179325,1.0
api99_n3,70094,HetLDC,36.577786121844156,1.0
api99_n3,70095,FH_PAC,33.090204486044115,0.9619047619047619
api99_n3,70095,CP_PAC,36.47616635824986,0.9809523809523809
api99_n3,70095,LDC_PAC,34.92615262547656,0.9714285714285714
api99_n3,70095,HetLDC,33.238226797767474,0.9619047619047619
api99_n3,70096,FH_PAC,28.872861622354527,0.9714285714285714
api99_n3,70096,CP_PAC,36.88224797872548,0.9904761904761905
api99_n3,70096,LDC_PAC,35.12749326740861,0.9904761904761905
api99_n3,70096,HetLDC,33.367019343365904,0.9904761904761905
api99_n3,70097,FH_PAC,27.168554094000257,0.9238095238095239
api99_n3,70097,CP_PAC,34.567110931189255,0.9809523809523809
api99_n3,70097,LDC_PAC,31.94477502452581,0.9809523809523809
api99_n3,70097,HetLDC,30.242306786011255,0.9619047619047619
api99_n3,70100,FH_PAC,25.392430076158313,0.9142857142857143
api99_n3,70100,CP_PAC,31.40115808211408,0.9619047619047619
api99_n3,70100,LDC_PAC,28.20127199963925,0.9142857142857143
api99_n3,70100,HetLDC,26.450287482201375,0.8952380952380953
api99_n3,70101,FH_PAC,27.849486899238908,0.9238095238095239
api99_n3,70101,CP_PAC,30.908840857113052,0.9523809523809523
api99_n3,70101,LDC_PAC,27.543124131296732,0.9428571428571428
api99_n3,70101,HetLDC,25.911759579769832,0.8952380952380953
api99_n3,70104,FH_PAC,29.744174613647935,0.9428571428571428
api99_n3,70104,CP_PAC,35.65607616001978,0.9714285714285714
api99_n3,70104,LDC_PAC,34.14091123939644,0.9714285714285714
api99_n3,70104,HetLDC,32.471374688723124,0.9428571428571428
api99_n3,70105,FH_PAC,28.828237748669704,0.9714285714285714
api99_n3,70105,CP_PAC,37.629009196423716,0.9904761904761905
api99_n3,70105,LDC_PAC,35.640174331776876,0.9904761904761905
api99_n3,70105,HetLDC,33.84793030285059,0.9904761904761905
api99_n3,70098,FH_PAC,28.826341195851107,0.9619047619047619
api99_n3,70098,CP_PAC,40.05445874032235,1.0
api99_n3,70098,LDC_PAC,38.352389490595414,0.9904761904761905
api99_n3,70098,HetLDC,36.51151634327172,0.9904761904761905
api99_n3,70099,FH_PAC,29.739581550358665,0.9619047619047619
api99_n3,70099,CP_PAC,32.89575266159503,0.9809523809523809
api99_n3,70099,LDC_PAC,30.59876758896647,0.9428571428571428
api99_n3,70099,HetLDC,28.628036944794946,0.9142857142857143
api99_n3,70106,FH_PAC,29.319762330820776,0.9238095238095239
api99_n3,70106,CP_PAC,37.74037713247105,0.9904761904761905
api99_n3,70106,LDC_PAC,35.74565605293988,0.9904761904761905
api99_n3,70106,HetLDC,33.95794562754391,0.9809523809523809
api99_n3,70107,FH_PAC,28.396558592248702,0.9619047619047619
api99_n3,70107,CP_PAC,31.76369989573838,0.9904761904761905
api99_n3,70107,LDC_PAC,28.952544992408555,0.9809523809523809
api99_n3,70107,HetLDC,26.75590964609732,0.9428571428571428
api99_n3,70114,FH_PAC,31.353718510538496,0.9809523809523809
api99_n3,70114,CP_PAC,35.14205738484801,1.0
api99_n3,70114,LDC_PAC,32.89369526290781,0.9904761904761905
api99_n3,70114,HetLDC,31.147443002790737,0.9904761904761905
api99_n3,70115,FH_PAC,32.99182675848285,0.9428571428571428
api99_n3,70115,CP_PAC,36.71663010617508,0.9809523809523809
api99_n3,70115,LDC_PAC,34.77601791289833,0.9619047619047619
api99_n3,70115,HetLDC,33.13463734909025,0.9619047619047619
api99_n3,70110,FH_PAC,28.275652836206106,0.9333333333333333
api99_n3,70110,CP_PAC,38.32177117557884,1.0
api99_n3,70110,LDC_PAC,36.29632123106494,1.0
api99_n3,70110,HetLDC,34.45901945485441,1.0
api99_n3,70111,FH_PAC,32.51638947217324,0.9904761904761905
api99_n3,70111,CP_PAC,35.36400387956083,1.0
api99_n3,70111,LDC_PAC,33.49488307698968,0.9904761904761905
api99_n3,70111,HetLDC,31.769117596625925,0.9809523809523809
api99_n3,70112,FH_PAC,30.27195066357326,0.9333333333333333
api99_n3,70112,CP_PAC,34.84113686429267,0.9809523809523809
api99_n3,70112,LDC_PAC,33.18349253915503,0.9714285714285714
api99_n3,70112,HetLDC,31.509557216521515,0.9428571428571428
api99_n3,70113,FH_PAC,27.65859718042187,0.9523809523809523
api99_n3,70113,CP_PAC,39.0337409851187,0.9904761904761905
api99_n3,70113,LDC_PAC,37.7487784437112,0.9904761904761905
api99_n3,70113,HetLDC,36.04903370367232,0.9904761904761905
api99_n3,70102,FH_PAC,32.25418804288453,0.9809523809523809
api99_n3,70102,CP_PAC,38.92798639020839,0.9904761904761905
api99_n3,70102,LDC_PAC,37.273785318159916,0.9904761904761905
api99_n3,70102,HetLDC,35.60543506876084,0.9904761904761905
api99_n3,70103,FH_PAC,31.396991892866566,0.9619047619047619
api99_n3,70103,CP_PAC,38.710051549177855,0.9809523809523809
api99_n3,70103,LDC_PAC,37.254298171723,0.9809523809523809
api99_n3,70103,HetLDC,35.516668215487364,0.9809523809523809
api99_n3,70108,FH_PAC,27.555376665078118,0.9619047619047619
api99_n3,70108,CP_PAC,36.710529068414644,0.9904761904761905
api99_n3,70108,LDC_PAC,34.56951469239335,0.9809523809523809
api99_n3,70108,HetLDC,32.97158791642893,0.9809523809523809
api99_n3,70109,FH_PAC,32.445329951787585,0.9428571428571428
api99_n3,70109,CP_PAC,38.75966529442022,0.9809523809523809
api99_n3,70109,LDC_PAC,36.71107099640954,0.9809523809523809
api99_n3,70109,HetLDC,34.954027146547396,0.9714285714285714
api99_n3,70116,FH_PAC,28.521248299713776,0.9428571428571428
api99_n3,70116,CP_PAC,31.901392379108415,0.9619047619047619
api99_n3,70116,LDC_PAC,29.481283655679807,0.9523809523809523
api99_n3,70116,HetLDC,27.705929202000522,0.9333333333333333
api99_n3,70117,FH_PAC,27.08224906387135,0.9142857142857143
api99_n3,70117,CP_PAC,32.9079416368974,0.9333333333333333
api99_n3,70117,LDC_PAC,30.98869999375565,0.9238095238095239
api99_n3,70117,HetLDC,29.25246419071626,0.9142857142857143
api99_n3,70118,FH_PAC,27.628216286753744,0.9142857142857143
api99_n3,70118,CP_PAC,38.607966882551125,0.9904761904761905
api99_n3,70118,LDC_PAC,36.35629102218833,0.9809523809523809
api99_n3,70118,HetLDC,34.46084933789352,0.9714285714285714
api99_n3,70119,FH_PAC,28.77293664385108,0.9428571428571428
api99_n3,70119,CP_PAC,40.155203545126334,1.0
api99_n3,70119,LDC_PAC,38.44885325803878,1.0
api99_n3,70119,HetLDC,36.829014162068326,0.9904761904761905
api99_n2,71002,FH_PAC,31.137562274594487,0.9428571428571428
api99_n2,71002,CP_PAC,42.43208028498583,0.9904761904761905
api99_n2,71002,LDC_PAC,40.41327999835461,0.9809523809523809
api99_n2,71002,HetLDC,38.503675787005356,0.9809523809523809
api99_n2,71003,FH_PAC,36.70614589618813,0.9809523809523809
api99_n2,71003,CP_PAC,40.94758509288272,0.9809523809523809
api99_n2,71003,LDC_PAC,38.32778972064433,0.9809523809523809
api99_n2,71003,HetLDC,36.382267617950106,0.9809523809523809
api99_n2,71000,FH_PAC,35.99027059574134,0.9809523809523809
api99_n2,71000,CP_PAC,50.05021332381358,1.0
api99_n2,71000,LDC_PAC,48.402596475224215,1.0
api99_n2,71000,HetLDC,46.42337886231767,1.0
api99_n2,71001,FH_PAC,34.69685086381512,0.9714285714285714
api99_n2,71001,CP_PAC,43.621570306480066,1.0
api99_n2,71001,LDC_PAC,40.31234349989398,0.9904761904761905
api99_n2,71001,HetLDC,38.246318580842605,0.9904761904761905
api99_n2,71008,FH_PAC,31.878168428885278,0.9523809523809523
api99_n2,71008,CP_PAC,46.36533819861444,1.0
api99_n2,71008,LDC_PAC,43.91475544106178,1.0
api99_n2,71008,HetLDC,41.96714963871204,1.0
api99_n2,71009,FH_PAC,37.40809814444623,0.9904761904761905
api99_n2,71009,CP_PAC,35.78567859325136,0.9904761904761905
api99_n2,71009,LDC_PAC,31.36798932318179,0.9619047619047619
api99_n2,71009,HetLDC,28.627292759426958,0.9238095238095239
api99_n2,71012,FH_PAC,33.694849100226286,0.9904761904761905
api99_n2,71012,CP_PAC,38.100117476656465,0.9904761904761905
api99_n2,71012,LDC_PAC,34.72817615957095,0.9904761904761905
api99_n2,71012,HetLDC,32.307635878540815,0.9809523809523809
api99_n2,71013,FH_PAC,34.368607682388074,0.9428571428571428
api99_n2,71013,CP_PAC,46.39603774282432,0.9904761904761905
api99_n2,71013,LDC_PAC,42.28988986257328,0.9809523809523809
api99_n2,71013,HetLDC,41.14015912015692,0.9714285714285714
api99_n2,71018,FH_PAC,33.30936518812232,0.9809523809523809
api99_n2,71018,CP_PAC,42.33968714997155,0.9904761904761905
api99_n2,71018,LDC_PAC,38.864135389391116,0.9904761904761905
api99_n2,71018,HetLDC,36.84971923167628,0.9904761904761905
api99_n2,71019,FH_PAC,26.638365882618615,0.9142857142857143
api99_n2,71019,CP_PAC,38.36050374814238,0.9904761904761905
api99_n2,71019,LDC_PAC,33.624956108294334,0.9714285714285714
api99_n2,71019,HetLDC,31.591755819335038,0.9619047619047619
api99_n2,71004,FH_PAC,34.32422052962787,0.9904761904761905
api99_n2,71004,CP_PAC,41.07372114437027,1.0
api99_n2,71004,LDC_PAC,38.90282027886277,0.9904761904761905
api99_n2,71004,HetLDC,36.89138162157961,0.9904761904761905
api99_n2,71005,FH_PAC,29.949553746907693,0.9333333333333333
api99_n2,71005,CP_PAC,37.86484404511202,0.9714285714285714
api99_n2,71005,LDC_PAC,34.006286116828235,0.9523809523809523
api99_n2,71005,HetLDC,32.17677256268114,0.9238095238095239
api99_n2,71020,FH_PAC,30.044571059803435,0.9619047619047619
api99_n2,71020,CP_PAC,39.45512132086691,1.0
api99_n2,71020,LDC_PAC,36.930812646422574,1.0
api99_n2,71020,HetLDC,34.87621531762917,0.9809523809523809
api99_n2,71021,FH_PAC,34.866943134570334,1.0
api99_n2,71021,CP_PAC,43.338626360146776,1.0
api99_n2,71021,LDC_PAC,39.21681002634487,1.0
api99_n2,71021,HetLDC,36.787854499336284,1.0
api99_n2,71014,FH_PAC,37.092386237642394,0.9904761904761905
api99_n2,71014,CP_PAC,49.33122632585514,1.0
api99_n2,71014,LDC_PAC,47.23495125383597,1.0
api99_n2,71014,HetLDC,45.27488142737345,1.0
api99_n2,71015,FH_PAC,33.771619406205645,0.9904761904761905
api99_n2,71015,CP_PAC,48.199780630627856,1.0
api99_n2,71015,LDC_PAC,45.115995299878946,1.0
api99_n2,71015,HetLDC,42.657692690277074,1.0
api99_n2,71010,FH_PAC,34.953869986577274,0.9809523809523809
api99_n2,71010,CP_PAC,44.0568420485269,0.9904761904761905
api99_n2,71010,LDC_PAC,40.157717955412025,0.9904761904761905
api99_n2,71010,HetLDC,38.17210322215286,0.9809523809523809
api99_n2,71011,FH_PAC,35.12832897748985,0.9904761904761905
api99_n2,71011,CP_PAC,43.58872986909023,1.0
api99_n2,71011,LDC_PAC,41.046568269939485,1.0
api99_n2,71011,HetLDC,38.73834462298093,1.0
api99_n2,71016,FH_PAC,33.49815024060513,0.9619047619047619
api99_n2,71016,CP_PAC,38.411285832601095,0.9809523809523809
api99_n2,71016,LDC_PAC,35.95376095933415,0.9714285714285714
api99_n2,71016,HetLDC,33.89699115586186,0.9714285714285714
api99_n2,71017,FH_PAC,29.531987338187765,0.9428571428571428
api99_n2,71017,CP_PAC,42.084373572161724,1.0
api99_n2,71017,LDC_PAC,39.86005591925121,0.9904761904761905
api99_n2,71017,HetLDC,37.43175475283624,0.9809523809523809
api99_n2,71026,FH_PAC,32.84936605793939,0.9619047619047619
api99_n2,71026,CP_PAC,39.89903674805697,0.9904761904761905
api99_n2,71026,LDC_PAC,36.87220940011944,0.9809523809523809
api99_n2,71026,HetLDC,34.65066098009225,0.9619047619047619
api99_n2,71027,FH_PAC,33.20370976304554,0.9714285714285714
api99_n2,71027,CP_PAC,39.807795477125126,0.9809523809523809
api99_n2,71027,LDC_PAC,36.7878898896266,0.9809523809523809
api99_n2,71027,HetLDC,34.64967906659317,0.9714285714285714
api99_n2,71006,FH_PAC,33.79054440091456,0.9714285714285714
api99_n2,71006,CP_PAC,39.317160275333435,0.9809523809523809
api99_n2,71006,LDC_PAC,36.08971966785011,0.9714285714285714
api99_n2,71006,HetLDC,34.48500346186917,0.9714285714285714
api99_n2,71007,FH_PAC,33.3594508385675,0.9714285714285714
api99_n2,71007,CP_PAC,38.18775527672227,0.9714285714285714
api99_n2,71007,LDC_PAC,31.952474000280862,0.9428571428571428
api99_n2,71007,HetLDC,30.245950901813792,0.9238095238095239
api99_n2,71022,FH_PAC,34.60902290169922,0.9809523809523809
api99_n2,71022,CP_PAC,45.69044016631119,0.9809523809523809
api99_n2,71022,LDC_PAC,41.34494935607909,0.9809523809523809
api99_n2,71022,HetLDC,39.279049132314924,0.9809523809523809
api99_n2,71023,FH_PAC,40.10586576832305,0.9904761904761905
api99_n2,71023,CP_PAC,56.14205885740182,1.0
api99_n2,71023,LDC_PAC,54.54554180287246,1.0
api99_n2,71023,HetLDC,52.13166615210849,0.9904761904761905
api99_n2,71024,FH_PAC,32.59140774538166,0.9714285714285714
api99_n2,71024,CP_PAC,45.58605475125833,1.0
api99_n2,71024,LDC_PAC,43.648926540101755,1.0
api99_n2,71024,HetLDC,41.73920466178059,1.0
api99_n2,71025,FH_PAC,35.06004151968201,0.9619047619047619
api99_n2,71025,CP_PAC,41.22144235772103,0.9904761904761905
api99_n2,71025,LDC_PAC,38.09429445593975,0.9714285714285714
api99_n2,71025,HetLDC,36.26811937426665,0.9619047619047619
api99_n2,71028,FH_PAC,35.127260148430004,0.9619047619047619
api99_n2,71028,CP_PAC,44.04659567783136,0.9904761904761905
api99_n2,71028,LDC_PAC,41.228527963755226,0.9904761904761905
api99_n2,71028,HetLDC,39.219035662997165,0.9809523809523809
api99_n2,71029,FH_PAC,33.35702517458104,0.9714285714285714
api99_n2,71029,CP_PAC,37.285125082757816,0.9809523809523809
api99_n2,71029,LDC_PAC,34.899651118333075,0.9809523809523809
api99_n2,71029,HetLDC,33.236765441782914,0.9523809523809523
api99_n2,71030,FH_PAC,28.837503495901334,0.9428571428571428
api99_n2,71030,CP_PAC,35.448170171409316,0.9523809523809523
api99_n2,71030,LDC_PAC,30.52844542497632,0.9428571428571428
api99_n2,71030,HetLDC,27.919298393906153,0.9047619047619048
api99_n2,71031,FH_PAC,43.16434233394091,0.9619047619047619
api99_n2,71031,CP_PAC,51.88476553580148,0.9714285714285714
api99_n2,71031,LDC_PAC,46.950149651030166,0.9619047619047619
api99_n2,71031,HetLDC,46.491510634437255,0.9619047619047619
api99_n2,71032,FH_PAC,35.805667731090985,0.9714285714285714
api99_n2,71032,CP_PAC,47.05154081622737,1.0
api99_n2,71032,LDC_PAC,45.28209239865913,1.0
api99_n2,71032,HetLDC,43.13915650510954,0.9904761904761905
api99_n2,71033,FH_PAC,33.93819498526802,0.9333333333333333
api99_n2,71033,CP_PAC,40.855835283869965,0.9809523809523809
api99_n2,71033,LDC_PAC,37.24000708800869,0.9619047619047619
api99_n2,71033,HetLDC,34.677737804635605,0.9333333333333333
api99_n2,71044,FH_PAC,33.08015364146174,0.9809523809523809
api99_n2,71044,CP_PAC,41.10019098087338,1.0
api99_n2,71044,LDC_PAC,37.98224147116695,1.0
api99_n2,71044,HetLDC,35.69182104482539,1.0
api99_n2,71045,FH_PAC,35.96250212581518,0.9904761904761905
api99_n2,71045,CP_PAC,43.87942703615852,1.0
api99_n2,71045,LDC_PAC,39.99600454844795,1.0
api99_n2,71045,HetLDC,37.918999831054215,0.9904761904761905
api99_n2,71042,FH_PAC,38.685350355098315,0.9904761904761905
api99_n2,71042,CP_PAC,42.11348572281702,0.9904761904761905
api99_n2,71042,LDC_PAC,38.38635279199962,0.9904761904761905
api99_n2,71042,HetLDC,36.075224590687476,0.9809523809523809
api99_n2,71043,FH_PAC,32.55243640362183,0.9809523809523809
api99_n2,71043,CP_PAC,37.93065242079433,0.9904761904761905
api99_n2,71043,LDC_PAC,35.05315097138993,0.9809523809523809
api99_n2,71043,HetLDC,33.379140917189474,0.9809523809523809
api99_n2,71034,FH_PAC,33.022225410335,0.9619047619047619
api99_n2,71034,CP_PAC,37.43070746500865,0.9809523809523809
api99_n2,71034,LDC_PAC,35.035919250416654,0.9809523809523809
api99_n2,71034,HetLDC,33.1285163995363,0.9428571428571428
api99_n2,71035,FH_PAC,34.50177806372187,0.9714285714285714
api99_n2,71035,CP_PAC,34.87814328380409,0.9714285714285714
api99_n2,71035,LDC_PAC,31.080202404739953,0.9714285714285714
api99_n2,71035,HetLDC,29.102544463755777,0.9523809523809523
api99_n2,71046,FH_PAC,34.90884427270609,0.9809523809523809
api99_n2,71046,CP_PAC,40.10740637516335,0.9904761904761905
api99_n2,71046,LDC_PAC,37.541364998711074,0.9809523809523809
api99_n2,71046,HetLDC,35.214218602102044,0.9809523809523809
api99_n2,71047,FH_PAC,35.46619167825901,0.9809523809523809
api99_n2,71047,CP_PAC,48.73030618499314,1.0
api99_n2,71047,LDC_PAC,45.88827996696851,1.0
api99_n2,71047,HetLDC,43.81088344040739,1.0
api99_n2,71040,FH_PAC,38.51772880577046,0.9904761904761905
api99_n2,71040,CP_PAC,49.78004796916386,1.0
api99_n2,71040,LDC_PAC,47.66470072536376,1.0
api99_n2,71040,HetLDC,45.30054429773001,1.0
api99_n2,71041,FH_PAC,34.6479435215743,0.9904761904761905
api99_n2,71041,CP_PAC,37.7362021763434,1.0
api99_n2,71041,LDC_PAC,34.6385381939184,0.9904761904761905
api99_n2,71041,HetLDC,32.19513525718305,0.9904761904761905
api99_n2,71038,FH_PAC,31.686763793115553,0.9714285714285714
api99_n2,71038,CP_PAC,38.59632177218896,0.9904761904761905
api99_n2,71038,LDC_PAC,36.34532507252824,0.9904761904761905
api99_n2,71038,HetLDC,34.57264209891942,0.9714285714285714
api99_n2,71039,FH_PAC,33.88202905693593,0.9333333333333333
api99_n2,71039,CP_PAC,40.29315217259983,0.9714285714285714
api99_n2,71039,LDC_PAC,37.23642637491317,0.9428571428571428
api99_n2,71039,HetLDC,34.75595163891664,0.9333333333333333
api99_n2,71036,FH_PAC,29.080883954524772,0.9809523809523809
api99_n2,71036,CP_PAC,38.76765609571612,1.0
api99_n2,71036,LDC_PAC,36.92319891349908,1.0
api99_n2,71036,HetLDC,34.85135768114052,1.0
api99_n2,71037,FH_PAC,34.63759825586277,0.9904761904761905
api99_n2,71037,CP_PAC,39.96680874994104,1.0
api99_n2,71037,LDC_PAC,36.934840071148265,1.0
api99_n2,71037,HetLDC,35.193430201814415,0.9904761904761905
api99_n2,71050,FH_PAC,26.380054848321965,0.9142857142857143
api99_n2,71050,CP_PAC,34.82827454197542,0.9619047619047619
api99_n2,71050,LDC_PAC,31.745898273638762,0.9619047619047619
api99_n2,71050,HetLDC,29.594658689257095,0.9428571428571428
api99_n2,71051,FH_PAC,42.86551002722533,0.9904761904761905
api99_n2,71051,CP_PAC,55.395437769508135,1.0
api99_n2,71051,LDC_PAC,53.041470841283875,1.0
api99_n2,71051,HetLDC,50.5492857138841,1.0
api99_n2,71054,FH_PAC,33.453270155411474,0.9809523809523809
api99_n2,71054,CP_PAC,39.575586455293944,0.9904761904761905
api99_n2,71054,LDC_PAC,36.57329674714997,0.9904761904761905
api99_n2,71054,HetLDC,34.325033678064436,0.9809523809523809
api99_n2,71055,FH_PAC,31.352502372852484,0.9428571428571428
api99_n2,71055,CP_PAC,42.13929896662643,0.9904761904761905
api99_n2,71055,LDC_PAC,38.68019653645691,0.9904761904761905
api99_n2,71055,HetLDC,36.316355512537235,0.9809523809523809
api99_n2,71048,FH_PAC,36.99656143764056,0.9904761904761905
api99_n2,71048,CP_PAC,43.03942552087841,0.9904761904761905
api99_n2,71048,LDC_PAC,40.764629775301636,0.9904761904761905
api99_n2,71048,HetLDC,38.8618366431613,0.9904761904761905
api99_n2,71049,FH_PAC,39.47991213349577,0.9809523809523809
api99_n2,71049,CP_PAC,46.177821940194605,1.0
api99_n2,71049,LDC_PAC,43.223399989680175,1.0
api99_n2,71049,HetLDC,41.1706348136018,1.0
api99_n2,71052,FH_PAC,32.87728666558905,0.9809523809523809
api99_n2,71052,CP_PAC,37.2892715716406,0.9904761904761905
api99_n2,71052,LDC_PAC,32.68596596486043,0.9809523809523809
api99_n2,71052,HetLDC,30.807312799435085,0.9714285714285714
api99_n2,71053,FH_PAC,31.771320224887795,0.9333333333333333
api99_n2,71053,CP_PAC,37.35683539724343,0.9809523809523809
api99_n2,71053,LDC_PAC,34.748349914304804,0.9523809523809523
api99_n2,71053,HetLDC,33.073061598084195,0.9333333333333333
api99_n2,71056,FH_PAC,31.278128810079615,0.9809523809523809
api99_n2,71056,CP_PAC,42.63431479661267,0.9904761904761905
api99_n2,71056,LDC_PAC,39.906603739919994,0.9904761904761905
api99_n2,71056,HetLDC,37.83017355921022,0.9904761904761905
api99_n2,71057,FH_PAC,33.22053774752269,0.9714285714285714
api99_n2,71057,CP_PAC,39.27310398806088,0.9809523809523809
api99_n2,71057,LDC_PAC,36.29376125505001,0.9714285714285714
api99_n2,71057,HetLDC,34.07910547664108,0.9714285714285714
api99_n2,71058,FH_PAC,29.902535538436567,0.9619047619047619
api99_n2,71058,CP_PAC,38.393412481316915,0.9809523809523809
api99_n2,71058,LDC_PAC,32.44568971605173,0.9714285714285714
api99_n2,71058,HetLDC,30.59989724621718,0.9714285714285714
api99_n2,71059,FH_PAC,28.235527057093535,0.9333333333333333
api99_n2,71059,CP_PAC,36.85447173856005,0.9904761904761905
api99_n2,71059,LDC_PAC,32.30484153022797,0.9523809523809523
api99_n2,71059,HetLDC,29.948298225146058,0.9523809523809523
api99_n2,71060,FH_PAC,30.024154307670702,0.9333333333333333
api99_n2,71060,CP_PAC,32.079275381399384,0.9523809523809523
api99_n2,71060,LDC_PAC,27.109708360702623,0.9238095238095239
api99_n2,71060,HetLDC,24.779963848701872,0.8666666666666667
api99_n2,71061,FH_PAC,32.7285599263738,0.9714285714285714
api99_n2,71061,CP_PAC,39.86765615092213,0.9809523809523809
api99_n2,71061,LDC_PAC,36.339283907109035,0.9809523809523809
api99_n2,71061,HetLDC,33.891886645531166,0.9714285714285714
api99_n2,71066,FH_PAC,29.113233623275327,0.9238095238095239
api99_n2,71066,CP_PAC,38.30819163723925,0.9809523809523809
api99_n2,71066,LDC_PAC,34.404455063440636,0.9714285714285714
api99_n2,71066,HetLDC,31.652230898430936,0.9428571428571428
api99_n2,71067,FH_PAC,31.116704620519528,0.9428571428571428
api99_n2,71067,CP_PAC,40.014609710962986,1.0
api99_n2,71067,LDC_PAC,35.657350187585976,0.9904761904761905
api99_n2,71067,HetLDC,33.60825096874204,0.9714285714285714
api99_n2,71070,FH_PAC,34.22023518777246,0.9428571428571428
api99_n2,71070,CP_PAC,45.08378120237444,0.9714285714285714
api99_n2,71070,LDC_PAC,42.938820366080556,0.9714285714285714
api99_n2,71070,HetLDC,41.02709421121368,0.9714285714285714
api99_n2,71071,FH_PAC,32.57683926295806,0.9619047619047619
api99_n2,71071,CP_PAC,39.22390935043438,0.9904761904761905
api99_n2,71071,LDC_PAC,36.00412346215247,0.9714285714285714
api99_n2,71071,HetLDC,33.821248914496145,0.9619047619047619
api99_n2,71078,FH_PAC,27.320130382914854,0.9523809523809523
api99_n2,71078,CP_PAC,44.116941250521904,0.9904761904761905
api99_n2,71078,LDC_PAC,39.621273099056054,0.9904761904761905
api99_n2,71078,HetLDC,37.21973779694909,0.9809523809523809
api99_n2,71079,FH_PAC,30.998926149539244,0.9619047619047619
api99_n2,71079,CP_PAC,37.089339243934546,0.9904761904761905
api99_n2,71079,LDC_PAC,33.05061744197935,0.9809523809523809
api99_n2,71079,HetLDC,30.782100291928987,0.9714285714285714
api99_n2,71064,FH_PAC,34.25625095276737,0.9714285714285714
api99_n2,71064,CP_PAC,56.69209891658289,1.0
api99_n2,71064,LDC_PAC,55.07994032070238,1.0
api99_n2,71064,HetLDC,52.830304781071824,1.0
api99_n2,71065,FH_PAC,40.56736239730229,0.9904761904761905
api99_n2,71065,CP_PAC,46.10402760525406,1.0
api99_n2,71065,LDC_PAC,44.144888719263626,1.0
api99_n2,71065,HetLDC,41.98542028607126,1.0
api99_n2,71062,FH_PAC,39.39087429345969,1.0
api99_n2,71062,CP_PAC,42.27615394963908,1.0
api99_n2,71062,LDC_PAC,39.324171195225965,1.0
api99_n2,71062,HetLDC,37.52319468099361,1.0
api99_n2,71063,FH_PAC,30.79678219500245,0.9428571428571428
api99_n2,71063,CP_PAC,43.88609082916503,0.9904761904761905
api99_n2,71063,LDC_PAC,40.002078581620225,0.9904761904761905
api99_n2,71063,HetLDC,38.3005150879437,0.9904761904761905
api99_n2,71076,FH_PAC,35.99126505162527,0.9523809523809523
api99_n2,71076,CP_PAC,45.03363719850029,0.9809523809523809
api99_n2,71076,LDC_PAC,43.3400752726654,0.9714285714285714
api99_n2,71076,HetLDC,41.525606132779735,0.9714285714285714
api99_n2,71077,FH_PAC,32.99704753518311,0.9333333333333333
api99_n2,71077,CP_PAC,43.636782099944156,0.9619047619047619
api99_n2,71077,LDC_PAC,40.32640129375755,0.9619047619047619
api99_n2,71077,HetLDC,37.74137507477496,0.9619047619047619
api99_n2,71072,FH_PAC,37.403844167163186,0.9809523809523809
api99_n2,71072,CP_PAC,47.995085515188805,1.0
api99_n2,71072,LDC_PAC,46.415121988705934,0.9904761904761905
api99_n2,71072,HetLDC,44.38067021476117,0.9904761904761905
api99_n2,71073,FH_PAC,33.91041026510552,0.9809523809523809
api99_n2,71073,CP_PAC,43.42034270749497,1.0
api99_n2,71073,LDC_PAC,41.35452364524802,1.0
api99_n2,71073,HetLDC,39.23447569801707,0.9904761904761905
api99_n2,71068,FH_PAC,37.18064372785181,0.9809523809523809
api99_n2,71068,CP_PAC,45.358780114750374,1.0
api99_n2,71068,LDC_PAC,42.191549320306194,1.0
api99_n2,71068,HetLDC,40.0479928286658,1.0
api99_n2,71069,FH_PAC,37.64106267031244,1.0
api99_n2,71069,CP_PAC,44.16858085736129,1.0
api99_n2,71069,LDC_PAC,41.59260145897576,1.0
api99_n2,71069,HetLDC,39.34756190766936,1.0
api99_n2,71080,FH_PAC,28.72398503483808,0.9142857142857143
api99_n2,71080,CP_PAC,36.41566313528432,0.9809523809523809
api99_n2,71080,LDC_PAC,31.92020320217153,0.9619047619047619
api99_n2,71080,HetLDC,30.359553862201174,0.9238095238095239
api99_n2,71081,FH_PAC,39.909147689085096,0.9904761904761905
api99_n2,71081,CP_PAC,47.06898565566115,0.9904761904761905
api99_n2,71081,LDC_PAC,45.06884196080481,0.9904761904761905
api99_n2,71081,HetLDC,42.80231626450165,0.9904761904761905
api99_n2,71084,FH_PAC,31.178879079562883,0.9809523809523809
api99_n2,71084,CP_PAC,40.31767125681117,0.9904761904761905
api99_n2,71084,LDC_PAC,37.966282814338335,0.9904761904761905
api99_n2,71084,HetLDC,36.03285734905633,0.9904761904761905
api99_n2,71085,FH_PAC,31.366056001208463,0.9714285714285714
api99_n2,71085,CP_PAC,40.69070285219976,0.9904761904761905
api99_n2,71085,LDC_PAC,37.089489227264174,0.9714285714285714
api99_n2,71085,HetLDC,34.949368946707104,0.9714285714285714
api99_n2,71074,FH_PAC,35.0965904767443,0.9428571428571428
api99_n2,71074,CP_PAC,41.409094043166476,0.9809523809523809
api99_n2,71074,LDC_PAC,38.517654778447316,0.9809523809523809
api99_n2,71074,HetLDC,36.46753523036038,0.9428571428571428
api99_n2,71075,FH_PAC,27.940662141807273,0.8952380952380953
api99_n2,71075,CP_PAC,34.40170337629144,0.9619047619047619
api99_n2,71075,LDC_PAC,30.408592590642293,0.9238095238095239
api99_n2,71075,HetLDC,28.651073042826443,0.9047619047619048
api99_n2,71082,FH_PAC,31.848045854636226,0.9904761904761905
api99_n2,71082,CP_PAC,37.85569530083609,1.0
api99_n2,71082,LDC_PAC,35.64789307324286,0.9904761904761905
api99_n2,71082,HetLDC,33.80655561312593,0.9904761904761905
api99_n2,71083,FH_PAC,38.59389243567369,1.0
api99_n2,71083,CP_PAC,47.35029577492759,1.0
api99_n2,71083,LDC_PAC,45.338198122417126,1.0
api99_n2,71083,HetLDC,42.98766578409021,1.0
api99_n2,71088,FH_PAC,33.435996130867785,0.9523809523809523
api99_n2,71088,CP_PAC,43.66457756915753,0.9714285714285714
api99_n2,71088,LDC_PAC,40.0802690949843,0.9714285714285714
api99_n2,71088,HetLDC,37.42286249641857,0.9523809523809523
api99_n2,71089,FH_PAC,38.439085085871845,0.9523809523809523
api99_n2,71089,CP_PAC,47.922045666320514,0.9904761904761905
api99_n2,71089,LDC_PAC,46.11986052211671,0.9904761904761905
api99_n2,71089,HetLDC,43.942961589424655,0.9809523809523809
api99_n2,71086,FH_PAC,33.84459380594432,0.9619047619047619
api99_n2,71086,CP_PAC,37.81381879409602,0.9809523809523809
api99_n2,71086,LDC_PAC,33.96046051450525,0.9619047619047619
api99_n2,71086,HetLDC,31.65300005587762,0.9523809523809523
api99_n2,71087,FH_PAC,135.05991451644127,0.9809523809523809
api99_n2,71087,CP_PAC,251.0624174086435,0.9904761904761905
api99_n2,71087,LDC_PAC,246.96992600198092,0.9904761904761905
api99_n2,71087,HetLDC,455.22398017925525,1.0
api99_n2,71092,FH_PAC,36.28339655499561,0.9904761904761905
api99_n2,71092,CP_PAC,54.85447650618124,1.0
api99_n2,71092,LDC_PAC,52.24465318029382,1.0
api99_n2,71092,HetLDC,50.26823415350375,1.0
api99_n2,71093,FH_PAC,30.60126425033392,0.9619047619047619
api99_n2,71093,CP_PAC,41.654806550849514,0.9904761904761905
api99_n2,71093,LDC_PAC,37.96826770093466,0.9809523809523809
api99_n2,71093,HetLDC,36.646758633052485,0.9809523809523809
api99_n2,71090,FH_PAC,34.03832465791125,0.9714285714285714
api99_n2,71090,CP_PAC,43.627194409271965,0.9714285714285714
api99_n2,71090,LDC_PAC,39.766095044754834,0.9714285714285714
api99_n2,71090,HetLDC,36.91260836588551,0.9714285714285714
api99_n2,71091,FH_PAC,35.74993774714248,0.9714285714285714
api99_n2,71091,CP_PAC,41.413227698202604,1.0
api99_n2,71091,LDC_PAC,37.74806908983355,0.9904761904761905
api99_n2,71091,HetLDC,36.17748363958335,0.9619047619047619
api99_n2,71096,FH_PAC,35.176626379698334,0.9428571428571428
api99_n2,71096,CP_PAC,44.36190451341247,0.9714285714285714
api99_n2,71096,LDC_PAC,42.25128856091408,0.9619047619047619
api99_n2,71096,HetLDC,39.98319282326543,0.9523809523809523
api99_n2,71097,FH_PAC,33.48583299566006,0.9904761904761905
api99_n2,71097,CP_PAC,45.78163993939904,1.0
api99_n2,71097,LDC_PAC,43.11158446061765,1.0
api99_n2,71097,HetLDC,40.98852006822541,1.0
api99_n2,71106,FH_PAC,32.43664780311035,0.9619047619047619
api99_n2,71106,CP_PAC,37.21020982094251,0.9809523809523809
api99_n2,71106,LDC_PAC,34.387362707621975,0.9714285714285714
api99_n2,71106,HetLDC,32.11899561150915,0.9619047619047619
api99_n2,71107,FH_PAC,41.301313273410244,0.9904761904761905
api99_n2,71107,CP_PAC,44.92923538267212,0.9904761904761905
api99_n2,71107,LDC_PAC,42.5545560679833,0.9904761904761905
api99_n2,71107,HetLDC,40.818716729607765,0.9904761904761905
api99_n2,71098,FH_PAC,35.353050964891786,0.9428571428571428
api99_n2,71098,CP_PAC,44.54696098449696,0.9809523809523809
api99_n2,71098,LDC_PAC,42.42754056013767,0.9714285714285714
api99_n2,71098,HetLDC,40.63848380257152,0.9714285714285714
api99_n2,71099,FH_PAC,38.52187401847644,0.9714285714285714
api99_n2,71099,CP_PAC,46.988449778043275,0.9904761904761905
api99_n2,71099,LDC_PAC,45.65223477340505,0.9904761904761905
api99_n2,71099,HetLDC,43.63828648248213,0.9809523809523809
api99_n2,71100,FH_PAC,34.838100280675654,0.9809523809523809
api99_n2,71100,CP_PAC,42.12586672755947,1.0
api99_n2,71100,LDC_PAC,37.236188709448214,0.9904761904761905
api99_n2,71100,HetLDC,34.86502387753534,0.9809523809523809
api99_n2,71101,FH_PAC,38.6473624199808,1.0
api99_n2,71101,CP_PAC,40.54322342972364,1.0
api99_n2,71101,LDC_PAC,37.21513857468766,0.9904761904761905
api99_n2,71101,HetLDC,35.21937992198181,0.9809523809523809
api99_n2,71104,FH_PAC,33.43313322909866,0.9619047619047619
api99_n2,71104,CP_PAC,44.21455043941057,0.9809523809523809
api99_n2,71104,LDC_PAC,42.11094518364996,0.9809523809523809
api99_n2,71104,HetLDC,40.22916899496358,0.9809523809523809
api99_n2,71105,FH_PAC,34.38351416862187,0.9428571428571428
api99_n2,71105,CP_PAC,40.67781159336272,0.9809523809523809
api99_n2,71105,LDC_PAC,38.742474528748694,0.9809523809523809
api99_n2,71105,HetLDC,36.458403897640885,0.9714285714285714
api99_n2,71110,FH_PAC,35.256815070930536,1.0
api99_n2,71110,CP_PAC,41.115545385383825,1.0
api99_n2,71110,LDC_PAC,38.24460350499125,1.0
api99_n2,71110,HetLDC,35.81316176553158,1.0
api99_n2,71111,FH_PAC,31.764033910674463,0.9428571428571428
api99_n2,71111,CP_PAC,38.54866108059497,0.9904761904761905
api99_n2,71111,LDC_PAC,34.882405035287945,0.9619047619047619
api99_n2,71111,HetLDC,32.36328334085001,0.9619047619047619
api99_n2,71108,FH_PAC,43.92678299898874,0.9809523809523809
api99_n2,71108,CP_PAC,48.585895117222776,1.0
api99_n2,71108,LDC_PAC,46.98648256565141,1.0
api99_n2,71108,HetLDC,44.66521315109283,0.9904761904761905
api99_n2,71109,FH_PAC,37.979008695722655,0.9714285714285714
api99_n2,71109,CP_PAC,47.59644276038608,0.9809523809523809
api99_n2,71109,LDC_PAC,44.27296450908999,0.9809523809523809
api99_n2,71109,HetLDC,42.240847762881856,0.9809523809523809
api99_n2,71094,FH_PAC,34.32824541211114,0.9523809523809523
api99_n2,71094,CP_PAC,43.55945808677808,0.9809523809523809
api99_n2,71094,LDC_PAC,41.48702030195884,0.9809523809523809
api99_n2,71094,HetLDC,39.69264705956205,0.9714285714285714
api99_n2,71095,FH_PAC,34.57139291511088,0.9714285714285714
api99_n2,71095,CP_PAC,49.83363856850309,1.0
api99_n2,71095,LDC_PAC,48.416514660276874,1.0
api99_n2,71095,HetLDC,46.38697364726158,1.0
api99_n2,71114,FH_PAC,31.763631555448185,0.9714285714285714
api99_n2,71114,CP_PAC,38.41837755034106,0.9809523809523809
api99_n2,71114,LDC_PAC,35.50387621620987,0.9714285714285714
api99_n2,71114,HetLDC,33.30262071658594,0.9619047619047619
api99_n2,71115,FH_PAC,33.132973551610114,0.9523809523809523
api99_n2,71115,CP_PAC,36.47047856851373,0.9523809523809523
api99_n2,71115,LDC_PAC,33.47671445426722,0.9523809523809523
api99_n2,71115,HetLDC,31.438813429444092,0.9428571428571428
api99_n2,71112,FH_PAC,30.875614804666256,0.9523809523809523
api99_n2,71112,CP_PAC,38.149090305437994,0.9809523809523809
api99_n2,71112,LDC_PAC,35.708340502718556,0.9523809523809523
api99_n2,71112,HetLDC,33.900778345160596,0.9523809523809523
api99_n2,71113,FH_PAC,31.456913348607223,0.9523809523809523
api99_n2,71113,CP_PAC,37.86275014246951,0.9809523809523809
api99_n2,71113,LDC_PAC,34.511816338601285,0.9714285714285714
api99_n2,71113,HetLDC,32.55188737056921,0.9714285714285714
api99_n2,71102,FH_PAC,36.46912020519115,0.9714285714285714
api99_n2,71102,CP_PAC,44.92736887222094,0.9904761904761905
api99_n2,71102,LDC_PAC,42.05294995859496,0.9809523809523809
api99_n2,71102,HetLDC,40.13219354931039,0.9809523809523809
api99_n2,71103,FH_PAC,35.89846714183752,0.9619047619047619
api99_n2,71103,CP_PAC,43.07552066265134,0.9904761904761905
api99_n2,71103,LDC_PAC,41.24507477868117,0.9904761904761905
api99_n2,71103,HetLDC,39.144662506544755,0.9904761904761905
api99_n2,71116,FH_PAC,42.24460884154701,0.9904761904761905
api99_n2,71116,CP_PAC,39.995030589569524,0.9904761904761905
api99_n2,71116,LDC_PAC,38.09217834485842,0.9904761904761905
api99_n2,71116,HetLDC,36.167114336355354,0.9809523809523809
api99_n2,71117,FH_PAC,29.31193623018899,0.9523809523809523
api99_n2,71117,CP_PAC,45.74880032373267,1.0
api99_n2,71117,LDC_PAC,42.82182685016377,1.0
api99_n2,71117,HetLDC,40.10161021156357,0.9904761904761905
api99_n2,71118,FH_PAC,32.97723181768404,0.9714285714285714
api99_n2,71118,CP_PAC,40.84695245084015,0.9904761904761905
api99_n2,71118,LDC_PAC,36.399057698074664,0.9809523809523809
api99_n2,71118,HetLDC,33.841542744012344,0.9619047619047619
api99_n2,71119,FH_PAC,34.19691940837466,0.9809523809523809
api99_n2,71119,CP_PAC,39.79801075817363,0.9904761904761905
api99_n2,71119,LDC_PAC,35.74245648841564,0.9809523809523809
api99_n2,71119,HetLDC,34.0291105797729,0.9809523809523809
socio_n3,72002,FH_PAC,69.76707159903906,0.9428571428571428
socio_n3,72002,CP_PAC,85.28424788975455,0.9809523809523809
socio_n3,72002,LDC_PAC,83.2231957000135,0.9809523809523809
socio_n3,72002,HetLDC,80.23887694913897,0.9619047619047619
socio_n3,72003,FH_PAC,66.8359177238867,0.9428571428571428
socio_n3,72003,CP_PAC,76.60662766052356,0.9523809523809523
socio_n3,72003,LDC_PAC,75.06549580787559,0.9523809523809523
socio_n3,72003,HetLDC,72.22086137473967,0.9523809523809523
socio_n3,72004,FH_PAC,60.78610332299735,0.8952380952380953
socio_n3,72004,CP_PAC,74.28987365436971,0.9714285714285714
socio_n3,72004,LDC_PAC,72.79534904058175,0.9523809523809523
socio_n3,72004,HetLDC,70.30802995191529,0.9428571428571428
socio_n3,72005,FH_PAC,62.957577674511775,0.9333333333333333
socio_n3,72005,CP_PAC,82.14012226730433,0.9904761904761905
socio_n3,72005,LDC_PAC,79.43612880943012,0.9904761904761905
socio_n3,72005,HetLDC,76.67753173503806,0.9904761904761905
socio_n3,72000,FH_PAC,62.47799080661213,0.9619047619047619
socio_n3,72000,CP_PAC,71.39662323748855,0.9809523809523809
socio_n3,72000,LDC_PAC,68.71163907298018,0.9809523809523809
socio_n3,72000,HetLDC,65.82707693125273,0.9714285714285714
socio_n3,72001,FH_PAC,64.15499209662536,0.9047619047619048
socio_n3,72001,CP_PAC,81.8807312296009,0.9714285714285714
socio_n3,72001,LDC_PAC,80.29756130151166,0.9619047619047619
socio_n3,72001,HetLDC,77.74178146857857,0.9619047619047619
socio_n3,72010,FH_PAC,61.97736590401842,0.9238095238095239
socio_n3,72010,CP_PAC,68.47733915361164,0.9428571428571428
socio_n3,72010,LDC_PAC,65.21937793694299,0.9333333333333333
socio_n3,72010,HetLDC,62.68105283733073,0.9238095238095239
socio_n3,72011,FH_PAC,62.84150370041444,0.9238095238095239
socio_n3,72011,CP_PAC,71.09982604838292,0.9619047619047619
socio_n3,72011,LDC_PAC,69.07795354903925,0.9523809523809523
socio_n3,72011,HetLDC,66.284337679572,0.9428571428571428
socio_n3,72008,FH_PAC,66.63398384609226,0.9809523809523809
socio_n3,72008,CP_PAC,73.51976061143523,0.9904761904761905
socio_n3,72008,LDC_PAC,72.04072872689082,0.9904761904761905
socio_n3,72008,HetLDC,69.66531059584847,0.9904761904761905
socio_n3,72009,FH_PAC,56.80103373503575,0.9333333333333333
socio_n3,72009,CP_PAC,75.51517803516838,0.9904761904761905
socio_n3,72009,LDC_PAC,73.36774575244452,0.9904761904761905
socio_n3,72009,HetLDC,70.56789528304347,0.9714285714285714
socio_n3,72006,FH_PAC,62.508979972519356,0.9142857142857143
socio_n3,72006,CP_PAC,80.88126247814542,0.9809523809523809
socio_n3,72006,LDC_PAC,79.562841843674,0.9809523809523809
socio_n3,72006,HetLDC,77.05991911320916,0.9714285714285714
socio_n3,72007,FH_PAC,70.98957470922079,0.9714285714285714
socio_n3,72007,CP_PAC,85.57530722916711,0.9904761904761905
socio_n3,72007,LDC_PAC,84.18037041196979,0.9904761904761905
socio_n3,72007,HetLDC,81.4057633344839,0.9904761904761905
socio_n3,72016,FH_PAC,69.15460378393941,0.9523809523809523
socio_n3,72016,CP_PAC,78.37193805197433,0.9809523809523809
socio_n3,72016,LDC_PAC,76.14326781360099,0.9809523809523809
socio_n3,72016,HetLDC,73.14515620878277,0.9619047619047619
socio_n3,72017,FH_PAC,64.77815207513612,0.9333333333333333
socio_n3,72017,CP_PAC,71.74215980062172,0.9714285714285714
socio_n3,72017,LDC_PAC,70.29888875446035,0.9714285714285714
socio_n3,72017,HetLDC,67.73449738009234,0.9428571428571428
socio_n3,72012,FH_PAC,65.07984179528586,0.9714285714285714
socio_n3,72012,CP_PAC,85.50316486837444,0.9904761904761905
socio_n3,72012,LDC_PAC,83.78305715831053,0.9904761904761905
socio_n3,72012,HetLDC,80.81306798156812,0.9904761904761905
socio_n3,72013,FH_PAC,67.42966522111652,0.9619047619047619
socio_n3,72013,CP_PAC,88.37265273438753,0.9809523809523809
socio_n3,72013,LDC_PAC,87.24747130533525,0.9809523809523809
socio_n3,72013,HetLDC,84.57166134931087,0.9809523809523809
socio_n3,72014,FH_PAC,60.659796831834456,0.8952380952380953
socio_n3,72014,CP_PAC,68.22643688480825,0.9428571428571428
socio_n3,72014,LDC_PAC,66.2862752257385,0.9333333333333333
socio_n3,72014,HetLDC,63.57197437925854,0.9238095238095239
socio_n3,72015,FH_PAC,63.89550422436248,0.9714285714285714
socio_n3,72015,CP_PAC,82.40712391068799,1.0
socio_n3,72015,LDC_PAC,80.8137761416031,0.9904761904761905
socio_n3,72015,HetLDC,78.24699794809014,0.9904761904761905
socio_n3,72020,FH_PAC,67.90924199106787,0.9523809523809523
socio_n3,72020,CP_PAC,76.49105567659251,0.9523809523809523
socio_n3,72020,LDC_PAC,74.9522488403452,0.9523809523809523
socio_n3,72020,HetLDC,72.52685352063462,0.9523809523809523
socio_n3,72021,FH_PAC,56.92557840453864,0.9333333333333333
socio_n3,72021,CP_PAC,67.00502111089482,0.9619047619047619
socio_n3,72021,LDC_PAC,64.799264244123,0.9523809523809523
socio_n3,72021,HetLDC,62.248684697392406,0.9428571428571428
socio_n3,72022,FH_PAC,62.931862946265404,0.9333333333333333
socio_n3,72022,CP_PAC,72.26505709240116,0.9619047619047619
socio_n3,72022,LDC_PAC,70.21004880730074,0.9523809523809523
socio_n3,72022,HetLDC,67.53680892555518,0.9523809523809523
socio_n3,72023,FH_PAC,57.74946926225065,0.9238095238095239
socio_n3,72023,CP_PAC,75.78875047815966,0.9714285714285714
socio_n3,72023,LDC_PAC,73.95717461279385,0.9619047619047619
socio_n3,72023,HetLDC,71.36578241898629,0.9619047619047619
socio_n3,72018,FH_PAC,65.00961189202087,0.9523809523809523
socio_n3,72018,CP_PAC,82.54959662667493,0.9619047619047619
socio_n3,72018,LDC_PAC,80.20212591503339,0.9619047619047619
socio_n3,72018,HetLDC,77.15074201479857,0.9619047619047619
socio_n3,72019,FH_PAC,59.64516498200031,0.8857142857142857
socio_n3,72019,CP_PAC,79.80400126593754,0.9619047619047619
socio_n3,72019,LDC_PAC,78.19854633239434,0.9619047619047619
socio_n3,72019,HetLDC,75.52269555064105,0.9619047619047619
socio_n3,72024,FH_PAC,62.49381044592489,0.9333333333333333
socio_n3,72024,CP_PAC,76.19421642662458,0.9714285714285714
socio_n3,72024,LDC_PAC,74.35284172382246,0.9714285714285714
socio_n3,72024,HetLDC,71.54789930223937,0.9714285714285714
socio_n3,72025,FH_PAC,70.31793033743499,0.9904761904761905
socio_n3,72025,CP_PAC,82.29160504967619,1.0
socio_n3,72025,LDC_PAC,80.30287563033266,1.0
socio_n3,72025,HetLDC,77.53339898504555,1.0
socio_n3,72026,FH_PAC,63.43954929570617,0.9428571428571428
socio_n3,72026,CP_PAC,67.44953153795188,0.9619047619047619
socio_n3,72026,LDC_PAC,65.22914170919337,0.9523809523809523
socio_n3,72026,HetLDC,62.64228287632307,0.9523809523809523
socio_n3,72027,FH_PAC,59.50294385087894,0.8761904761904762
socio_n3,72027,CP_PAC,75.03649332199211,0.9428571428571428
socio_n3,72027,LDC_PAC,72.21462602359584,0.9333333333333333
socio_n3,72027,HetLDC,68.88909239594088,0.9047619047619048
socio_n3,72028,FH_PAC,67.13109855329735,0.9523809523809523
socio_n3,72028,CP_PAC,71.0368319008074,0.9714285714285714
socio_n3,72028,LDC_PAC,69.32009497031716,0.9523809523809523
socio_n3,72028,HetLDC,67.0234770047531,0.9523809523809523
socio_n3,72029,FH_PAC,67.72976521495711,0.9333333333333333
socio_n3,72029,CP_PAC,81.52447287928415,0.9619047619047619
socio_n3,72029,LDC_PAC,80.48648408910095,0.9619047619047619
socio_n3,72029,HetLDC,78.0260810387131,0.9619047619047619
socio_n3,72034,FH_PAC,53.278442937639376,0.9238095238095239
socio_n3,72034,CP_PAC,66.97621899456749,0.9714285714285714
socio_n3,72034,LDC_PAC,63.07006314887861,0.9523809523809523
socio_n3,72034,HetLDC,59.9300224199988,0.9428571428571428
socio_n3,72035,FH_PAC,64.67160883501718,0.9619047619047619
socio_n3,72035,CP_PAC,75.2849692626345,0.9809523809523809
socio_n3,72035,LDC_PAC,73.4655682056665,0.9809523809523809
socio_n3,72035,HetLDC,70.90954390222001,0.9809523809523809
socio_n3,72032,FH_PAC,62.547681517408435,0.9523809523809523
socio_n3,72032,CP_PAC,78.01039180874402,0.9904761904761905
socio_n3,72032,LDC_PAC,76.44101976711379,0.9904761904761905
socio_n3,72032,HetLDC,73.56196231797308,0.9904761904761905
socio_n3,72033,FH_PAC,54.46396175393067,0.9238095238095239
socio_n3,72033,CP_PAC,65.78863197049277,0.9714285714285714
socio_n3,72033,LDC_PAC,61.9517380220264,0.9428571428571428
socio_n3,72033,HetLDC,60.24616601210681,0.9333333333333333
socio_n3,72030,FH_PAC,68.25385522804748,0.9619047619047619
socio_n3,72030,CP_PAC,87.83085745571991,0.9809523809523809
socio_n3,72030,LDC_PAC,85.70826171775957,0.9809523809523809
socio_n3,72030,HetLDC,82.60778028661963,0.9809523809523809
socio_n3,72031,FH_PAC,57.834562142311945,0.9047619047619048
socio_n3,72031,CP_PAC,64.76529231857432,0.9238095238095239
socio_n3,72031,LDC_PAC,62.013163942063535,0.9238095238095239
socio_n3,72031,HetLDC,59.07792378583444,0.9047619047619048
socio_n3,72036,FH_PAC,64.459412335611,0.9809523809523809
socio_n3,72036,CP_PAC,81.92547140578797,1.0
socio_n3,72036,LDC_PAC,80.88237700791804,1.0
socio_n3,72036,HetLDC,78.18693947848152,1.0
socio_n3,72037,FH_PAC,58.2807942855489,0.9047619047619048
socio_n3,72037,CP_PAC,70.86046955454367,0.9809523809523809
socio_n3,72037,LDC_PAC,68.84540365852564,0.9809523809523809
socio_n3,72037,HetLDC,66.11357560698814,0.9714285714285714
socio_n3,72038,FH_PAC,61.678702114026166,0.9714285714285714
socio_n3,72038,CP_PAC,78.25481466528773,1.0
socio_n3,72038,LDC_PAC,76.6805254531562,1.0
socio_n3,72038,HetLDC,74.01854065833237,1.0
socio_n3,72039,FH_PAC,59.17994063297998,0.9333333333333333
socio_n3,72039,CP_PAC,67.71523166120873,0.9809523809523809
socio_n3,72039,LDC_PAC,64.8377489246201,0.9619047619047619
socio_n3,72039,HetLDC,62.21586959568686,0.9333333333333333
socio_n3,72040,FH_PAC,66.90167168095626,0.9619047619047619
socio_n3,72040,CP_PAC,75.79870383284981,1.0
socio_n3,72040,LDC_PAC,74.27382536693045,1.0
socio_n3,72040,HetLDC,71.81119162908327,1.0
socio_n3,72041,FH_PAC,64.27981757526604,0.9428571428571428
socio_n3,72041,CP_PAC,67.59566755921078,0.9428571428571428
socio_n3,72041,LDC_PAC,65.96209275393122,0.9333333333333333
socio_n3,72041,HetLDC,63.32346562196456,0.9238095238095239
socio_n3,72042,FH_PAC,62.9190392022212,0.9619047619047619
socio_n3,72042,CP_PAC,77.69852289041474,0.9809523809523809
socio_n3,72042,LDC_PAC,75.14074367384057,0.9809523809523809
socio_n3,72042,HetLDC,72.19225073546194,0.9619047619047619
socio_n3,72043,FH_PAC,55.682617181175715,0.9142857142857143
socio_n3,72043,CP_PAC,68.03415115632463,0.9523809523809523
socio_n3,72043,LDC_PAC,64.43829001897606,0.9523809523809523
socio_n3,72043,HetLDC,61.888340709490386,0.9428571428571428
socio_n3,72044,FH_PAC,62.41054862387816,0.9047619047619048
socio_n3,72044,CP_PAC,72.72286799439429,0.9523809523809523
socio_n3,72044,LDC_PAC,70.65484089723644,0.9523809523809523
socio_n3,72044,HetLDC,67.65676348978981,0.9333333333333333
socio_n3,72045,FH_PAC,61.15164723814056,0.9428571428571428
socio_n3,72045,CP_PAC,70.7632562196331,0.9619047619047619
socio_n3,72045,LDC_PAC,68.1020908344472,0.9619047619047619
socio_n3,72045,HetLDC,65.58639781551099,0.9523809523809523
socio_n3,72046,FH_PAC,71.2315433438976,0.9809523809523809
socio_n3,72046,CP_PAC,88.71819833543236,1.0
socio_n3,72046,LDC_PAC,86.93341227266286,0.9904761904761905
socio_n3,72046,HetLDC,83.95547667938509,0.9904761904761905
socio_n3,72047,FH_PAC,64.20746827073015,0.9238095238095239
socio_n3,72047,CP_PAC,70.05264039971514,0.9333333333333333
socio_n3,72047,LDC_PAC,68.35968828410739,0.9333333333333333
socio_n3,72047,HetLDC,65.66115134139993,0.9238095238095239
socio_n3,72048,FH_PAC,72.82188788406569,0.9904761904761905
socio_n3,72048,CP_PAC,92.38583806569909,1.0
socio_n3,72048,LDC_PAC,91.51429734586712,1.0
socio_n3,72048,HetLDC,89.0182473370458,1.0
socio_n3,72049,FH_PAC,65.84428064716639,0.9809523809523809
socio_n3,72049,CP_PAC,85.30896011014072,0.9904761904761905
socio_n3,72049,LDC_PAC,84.22278633717282,0.9904761904761905
socio_n3,72049,HetLDC,81.57207440727183,0.9904761904761905
socio_n3,72050,FH_PAC,59.51743796236274,0.9619047619047619
socio_n3,72050,CP_PAC,74.58217818059427,0.9904761904761905
socio_n3,72050,LDC_PAC,71.77739612944131,0.9809523809523809
socio_n3,72050,HetLDC,68.46281095970754,0.9714285714285714
socio_n3,72051,FH_PAC,59.90924790046641,0.9333333333333333
socio_n3,72051,CP_PAC,61.55965188795805,0.9428571428571428
socio_n3,72051,LDC_PAC,59.533152640338706,0.9428571428571428
socio_n3,72051,HetLDC,56.987177313245155,0.9238095238095239
socio_n3,72052,FH_PAC,66.45866897881365,0.9714285714285714
socio_n3,72052,CP_PAC,79.18779649220475,0.9809523809523809
socio_n3,72052,LDC_PAC,77.2740763692108,0.9809523809523809
socio_n3,72052,HetLDC,74.26185867444548,0.9809523809523809
socio_n3,72053,FH_PAC,74.21138497865641,0.9523809523809523
socio_n3,72053,CP_PAC,94.35921201117871,0.9904761904761905
socio_n3,72053,LDC_PAC,92.82109145820618,0.9904761904761905
socio_n3,72053,HetLDC,89.96819883324214,0.9904761904761905
socio_n3,72054,FH_PAC,62.16537865950799,0.9523809523809523
socio_n3,72054,CP_PAC,75.62695518853461,0.9619047619047619
socio_n3,72054,LDC_PAC,73.79928940673315,0.9619047619047619
socio_n3,72054,HetLDC,70.9912419124998,0.9619047619047619
socio_n3,72055,FH_PAC,66.17545999325368,0.9142857142857143
socio_n3,72055,CP_PAC,76.43746277170862,0.9523809523809523
socio_n3,72055,LDC_PAC,74.59020956936425,0.9428571428571428
socio_n3,72055,HetLDC,71.9327839746957,0.9333333333333333
socio_n3,72056,FH_PAC,63.992575849651615,0.9428571428571428
socio_n3,72056,CP_PAC,70.75012221318327,0.9523809523809523
socio_n3,72056,LDC_PAC,68.73819427498134,0.9523809523809523
socio_n3,72056,HetLDC,65.89913467488229,0.9523809523809523
socio_n3,72057,FH_PAC,57.16722200419816,0.9047619047619048
socio_n3,72057,CP_PAC,76.88835485453797,0.9904761904761905
socio_n3,72057,LDC_PAC,73.23022091963712,0.9904761904761905
socio_n3,72057,HetLDC,69.95218864830254,0.9904761904761905
socio_n3,72058,FH_PAC,62.97900471705895,0.9428571428571428
socio_n3,72058,CP_PAC,82.49796430778224,0.9714285714285714
socio_n3,72058,LDC_PAC,81.44758079544468,0.9714285714285714
socio_n3,72058,HetLDC,78.82850909369911,0.9714285714285714
socio_n3,72059,FH_PAC,60.32349084583101,0.9714285714285714
socio_n3,72059,CP_PAC,73.68012856999815,0.9904761904761905
socio_n3,72059,LDC_PAC,71.89951146792905,0.9904761904761905
socio_n3,72059,HetLDC,69.16935511625167,0.9809523809523809
socio_n3,72060,FH_PAC,67.05782912701649,0.9523809523809523
socio_n3,72060,CP_PAC,71.72245793072015,0.9714285714285714
socio_n3,72060,LDC_PAC,69.98915157427774,0.9619047619047619
socio_n3,72060,HetLDC,67.38178753242288,0.9523809523809523
socio_n3,72061,FH_PAC,70.08643025820449,0.9714285714285714
socio_n3,72061,CP_PAC,76.52280257437208,0.9714285714285714
socio_n3,72061,LDC_PAC,74.3467163770227,0.9714285714285714
socio_n3,72061,HetLDC,71.40495653171561,0.9714285714285714
socio_n3,72062,FH_PAC,60.20935102231939,0.9238095238095239
socio_n3,72062,CP_PAC,72.64760289842691,0.9809523809523809
socio_n3,72062,LDC_PAC,70.25609631741246,0.9714285714285714
socio_n3,72062,HetLDC,67.39424656816611,0.9619047619047619
socio_n3,72063,FH_PAC,65.27893797789687,0.9619047619047619
socio_n3,72063,CP_PAC,67.64515390671244,0.9714285714285714
socio_n3,72063,LDC_PAC,65.10124974417093,0.9714285714285714
socio_n3,72063,HetLDC,62.51087347745224,0.9619047619047619
socio_n3,72064,FH_PAC,65.13178196398056,0.9333333333333333
socio_n3,72064,CP_PAC,80.70237370019002,0.9904761904761905
socio_n3,72064,LDC_PAC,78.40743264217485,0.9904761904761905
socio_n3,72064,HetLDC,75.20436259169966,0.9809523809523809
socio_n3,72065,FH_PAC,62.93381400385574,0.9333333333333333
socio_n3,72065,CP_PAC,73.26899600964082,0.9809523809523809
socio_n3,72065,LDC_PAC,71.18543861829635,0.9809523809523809
socio_n3,72065,HetLDC,68.40374105658884,0.9619047619047619
socio_n3,72068,FH_PAC,66.30894225821991,0.9904761904761905
socio_n3,72068,CP_PAC,74.827764269008,1.0
socio_n3,72068,LDC_PAC,72.36448835139605,0.9904761904761905
socio_n3,72068,HetLDC,69.50080505799595,0.9904761904761905
socio_n3,72069,FH_PAC,65.0828623636669,0.9428571428571428
socio_n3,72069,CP_PAC,76.13721890550725,0.9809523809523809
socio_n3,72069,LDC_PAC,74.89612946920658,0.9809523809523809
socio_n3,72069,HetLDC,72.51266281294934,0.9714285714285714
socio_n3,72074,FH_PAC,52.84667296386795,0.8952380952380953
socio_n3,72074,CP_PAC,55.11678478770765,0.9142857142857143
socio_n3,72074,LDC_PAC,49.11502350229487,0.8952380952380953
socio_n3,72074,HetLDC,47.070036521184036,0.8761904761904762
socio_n3,72075,FH_PAC,63.11603836955845,0.9523809523809523
socio_n3,72075,CP_PAC,71.5403754722109,0.9619047619047619
socio_n3,72075,LDC_PAC,69.18531801781356,0.9619047619047619
socio_n3,72075,HetLDC,66.24511870958179,0.9523809523809523
socio_n3,72066,FH_PAC,51.26060245882642,0.8952380952380953
socio_n3,72066,CP_PAC,67.82672137535606,0.9714285714285714
socio_n3,72066,LDC_PAC,63.48721929311615,0.9428571428571428
socio_n3,72066,HetLDC,60.98347992884219,0.9333333333333333
socio_n3,72067,FH_PAC,66.58922681152865,0.9619047619047619
socio_n3,72067,CP_PAC,76.1201362980792,0.9809523809523809
socio_n3,72067,LDC_PAC,74.58879142284556,0.9809523809523809
socio_n3,72067,HetLDC,71.98336898302004,0.9714285714285714
socio_n3,72072,FH_PAC,63.50368384696263,0.9428571428571428
socio_n3,72072,CP_PAC,76.46908276995104,0.9904761904761905
socio_n3,72072,LDC_PAC,74.93071797308538,0.9904761904761905
socio_n3,72072,HetLDC,72.39708428111467,0.9809523809523809
socio_n3,72073,FH_PAC,63.95427346670026,0.9523809523809523
socio_n3,72073,CP_PAC,69.56718426646607,0.9714285714285714
socio_n3,72073,LDC_PAC,66.95099907933776,0.9619047619047619
socio_n3,72073,HetLDC,64.21576133228132,0.9523809523809523
socio_n3,72076,FH_PAC,63.77754653771417,0.9142857142857143
socio_n3,72076,CP_PAC,76.67424485015651,0.9714285714285714
socio_n3,72076,LDC_PAC,74.82126936927476,0.9714285714285714
socio_n3,72076,HetLDC,72.1819597597394,0.9714285714285714
socio_n3,72077,FH_PAC,59.84509258018551,0.9142857142857143
socio_n3,72077,CP_PAC,65.710224351778,0.9428571428571428
socio_n3,72077,LDC_PAC,63.23908630868105,0.9333333333333333
socio_n3,72077,HetLDC,60.3182367423905,0.9142857142857143
socio_n3,72070,FH_PAC,74.48361352402438,0.9809523809523809
socio_n3,72070,CP_PAC,94.21808127578215,1.0
socio_n3,72070,LDC_PAC,93.01847447376527,1.0
socio_n3,72070,HetLDC,89.92122996019471,1.0
socio_n3,72071,FH_PAC,70.51938935117528,0.9619047619047619
socio_n3,72071,CP_PAC,79.22994922086825,0.9809523809523809
socio_n3,72071,LDC_PAC,75.86316149067956,0.9714285714285714
socio_n3,72071,HetLDC,73.15628584844657,0.9714285714285714
socio_n3,72080,FH_PAC,62.59553387692154,0.9523809523809523
socio_n3,72080,CP_PAC,74.2300642769555,0.9809523809523809
socio_n3,72080,LDC_PAC,72.43615695751231,0.9809523809523809
socio_n3,72080,HetLDC,69.65675988291154,0.9714285714285714
socio_n3,72081,FH_PAC,60.647881029273776,0.9238095238095239
socio_n3,72081,CP_PAC,68.48585789622784,0.9333333333333333
socio_n3,72081,LDC_PAC,65.91033771605788,0.9333333333333333
socio_n3,72081,HetLDC,62.79764726599299,0.9333333333333333
socio_n3,72078,FH_PAC,68.7415403741107,0.9619047619047619
socio_n3,72078,CP_PAC,79.19334169999736,0.9904761904761905
socio_n3,72078,LDC_PAC,77.27948756676182,0.9809523809523809
socio_n3,72078,HetLDC,74.81181509546924,0.9714285714285714
socio_n3,72079,FH_PAC,61.403518942592534,0.9619047619047619
socio_n3,72079,CP_PAC,77.50324150907898,0.9809523809523809
socio_n3,72079,LDC_PAC,75.63023178481187,0.9809523809523809
socio_n3,72079,HetLDC,72.68913055916788,0.9809523809523809
socio_n3,72084,FH_PAC,60.761227680367774,0.9333333333333333
socio_n3,72084,CP_PAC,63.317701774810565,0.9428571428571428
socio_n3,72084,LDC_PAC,60.62708713305549,0.9333333333333333
socio_n3,72084,HetLDC,57.873079686173966,0.9333333333333333
socio_n3,72085,FH_PAC,63.39041306871331,0.9333333333333333
socio_n3,72085,CP_PAC,65.94457705949033,0.9428571428571428
socio_n3,72085,LDC_PAC,64.06930486477776,0.9428571428571428
socio_n3,72085,HetLDC,61.48915985110143,0.9047619047619048
socio_n3,72082,FH_PAC,68.4996313217232,0.9523809523809523
socio_n3,72082,CP_PAC,92.0684719667081,1.0
socio_n3,72082,LDC_PAC,89.45031209386387,1.0
socio_n3,72082,HetLDC,86.10925146867729,0.9904761904761905
socio_n3,72083,FH_PAC,63.09862640511624,0.9619047619047619
socio_n3,72083,CP_PAC,74.1545677406582,0.9904761904761905
socio_n3,72083,LDC_PAC,71.36586666375507,0.9904761904761905
socio_n3,72083,HetLDC,68.16344645888462,0.9809523809523809
socio_n3,72086,FH_PAC,54.29612085037197,0.9142857142857143
socio_n3,72086,CP_PAC,82.03443297200101,0.9904761904761905
socio_n3,72086,LDC_PAC,80.05191859338245,0.9904761904761905
socio_n3,72086,HetLDC,77.19910890950506,0.9809523809523809
socio_n3,72087,FH_PAC,68.078527091302,0.9809523809523809
socio_n3,72087,CP_PAC,77.2107222579076,0.9809523809523809
socio_n3,72087,LDC_PAC,75.65743754780497,0.9809523809523809
socio_n3,72087,HetLDC,72.96097481004755,0.9809523809523809
socio_n3,72088,FH_PAC,65.45826761626581,0.9619047619047619
socio_n3,72088,CP_PAC,77.04528132097566,1.0
socio_n3,72088,LDC_PAC,74.50900634473398,0.9904761904761905
socio_n3,72088,HetLDC,71.72173254710134,0.9809523809523809
socio_n3,72089,FH_PAC,67.40017568560835,0.9619047619047619
socio_n3,72089,CP_PAC,69.55617038342375,0.9714285714285714
socio_n3,72089,LDC_PAC,67.57819496668775,0.9619047619047619
socio_n3,72089,HetLDC,64.90951965175685,0.9523809523809523
socio_n3,72090,FH_PAC,61.2594006332531,0.8952380952380953
socio_n3,72090,CP_PAC,66.31540155289338,0.9238095238095239
socio_n3,72090,LDC_PAC,63.82150485360185,0.8952380952380953
socio_n3,72090,HetLDC,60.945627323257064,0.8571428571428571
socio_n3,72091,FH_PAC,64.22846514867904,0.9142857142857143
socio_n3,72091,CP_PAC,76.00433240392242,0.9619047619047619
socio_n3,72091,LDC_PAC,72.38825779688635,0.9333333333333333
socio_n3,72091,HetLDC,69.46631845245665,0.9142857142857143
socio_n3,72092,FH_PAC,67.09671786963897,0.9714285714285714
socio_n3,72092,CP_PAC,83.28105521509463,1.0
socio_n3,72092,LDC_PAC,82.22070120488353,1.0
socio_n3,72092,HetLDC,79.81586191490557,1.0
socio_n3,72093,FH_PAC,57.81365079539712,0.9333333333333333
socio_n3,72093,CP_PAC,62.60250636711419,0.9619047619047619
socio_n3,72093,LDC_PAC,59.62405334409609,0.9523809523809523
socio_n3,72093,HetLDC,56.95920182696442,0.9523809523809523
socio_n3,72094,FH_PAC,57.459837616385116,0.9142857142857143
socio_n3,72094,CP_PAC,70.99605849240815,0.9619047619047619
socio_n3,72094,LDC_PAC,69.28030692703214,0.9523809523809523
socio_n3,72094,HetLDC,66.71682084692334,0.9523809523809523
socio_n3,72095,FH_PAC,60.148738545353446,0.9333333333333333
socio_n3,72095,CP_PAC,74.92790617658818,0.9809523809523809
socio_n3,72095,LDC_PAC,73.11713421202096,0.9809523809523809
socio_n3,72095,HetLDC,70.55539505147877,0.9809523809523809
socio_n3,72098,FH_PAC,66.78485597132511,0.9619047619047619
socio_n3,72098,CP_PAC,75.73685600087249,0.9714285714285714
socio_n3,72098,LDC_PAC,71.73387790046617,0.9619047619047619
socio_n3,72098,HetLDC,68.63038018997737,0.9619047619047619
socio_n3,72099,FH_PAC,66.84950598662112,0.9619047619047619
socio_n3,72099,CP_PAC,72.28209069928819,0.9809523809523809
socio_n3,72099,LDC_PAC,68.06648827559002,0.9619047619047619
socio_n3,72099,HetLDC,64.7654601399135,0.9619047619047619
socio_n3,72096,FH_PAC,54.8972318427887,0.8761904761904762
socio_n3,72096,CP_PAC,69.34129145555796,0.9619047619047619
socio_n3,72096,LDC_PAC,67.36942657128156,0.9428571428571428
socio_n3,72096,HetLDC,64.48510998636988,0.9333333333333333
socio_n3,72097,FH_PAC,61.796904375663836,0.8952380952380953
socio_n3,72097,CP_PAC,78.53432008559282,0.9619047619047619
socio_n3,72097,LDC_PAC,76.95440793039,0.9619047619047619
socio_n3,72097,HetLDC,74.11968292168223,0.9619047619047619
socio_n3,72100,FH_PAC,54.169371889594615,0.9238095238095239
socio_n3,72100,CP_PAC,66.16728081999622,0.9714285714285714
socio_n3,72100,LDC_PAC,63.989101758119986,0.9714285714285714
socio_n3,72100,HetLDC,61.29953690272617,0.9619047619047619
socio_n3,72101,FH_PAC,60.59036722092827,0.9523809523809523
socio_n3,72101,CP_PAC,76.93224475685327,0.9904761904761905
socio_n3,72101,LDC_PAC,74.39969086260477,0.9904761904761905
socio_n3,72101,HetLDC,71.54526839819025,0.9904761904761905
socio_n3,72104,FH_PAC,61.30355016432528,0.9047619047619048
socio_n3,72104,CP_PAC,69.07101876181996,0.9428571428571428
socio_n3,72104,LDC_PAC,67.10683964777907,0.9428571428571428
socio_n3,72104,HetLDC,64.45683856837191,0.9428571428571428
socio_n3,72105,FH_PAC,58.82387309383136,0.9047619047619048
socio_n3,72105,CP_PAC,70.26810216390224,0.9714285714285714
socio_n3,72105,LDC_PAC,68.5699430147347,0.9619047619047619
socio_n3,72105,HetLDC,66.06522518916982,0.9523809523809523
socio_n3,72102,FH_PAC,61.822281476028195,0.9047619047619048
socio_n3,72102,CP_PAC,70.96652117170167,0.9619047619047619
socio_n3,72102,LDC_PAC,69.25148343051978,0.9619047619047619
socio_n3,72102,HetLDC,66.54964449180545,0.9428571428571428
socio_n3,72103,FH_PAC,62.937656960058305,0.9523809523809523
socio_n3,72103,CP_PAC,68.63972239588448,0.9523809523809523
socio_n3,72103,LDC_PAC,65.72295446357393,0.9428571428571428
socio_n3,72103,HetLDC,63.16151178141656,0.9428571428571428
socio_n3,72106,FH_PAC,63.04732040716446,0.9428571428571428
socio_n3,72106,CP_PAC,78.654607587493,0.9619047619047619
socio_n3,72106,LDC_PAC,75.69667531756528,0.9619047619047619
socio_n3,72106,HetLDC,72.87373195828043,0.9619047619047619
socio_n3,72107,FH_PAC,61.103476062074925,0.9238095238095239
socio_n3,72107,CP_PAC,83.2970640295329,0.9904761904761905
socio_n3,72107,LDC_PAC,81.28403582719714,0.9904761904761905
socio_n3,72107,HetLDC,78.36084053293013,0.9809523809523809
socio_n3,72110,FH_PAC,66.29513620336972,0.9904761904761905
socio_n3,72110,CP_PAC,78.83163236431733,1.0
socio_n3,72110,LDC_PAC,75.86704279463302,1.0
socio_n3,72110,HetLDC,73.10564041506359,1.0
socio_n3,72111,FH_PAC,66.28486797026716,0.9428571428571428
socio_n3,72111,CP_PAC,69.28797153725229,0.9523809523809523
socio_n3,72111,LDC_PAC,67.31762291655178,0.9523809523809523
socio_n3,72111,HetLDC,64.73437332159769,0.9523809523809523
socio_n3,72112,FH_PAC,67.42611577366759,0.9428571428571428
socio_n3,72112,CP_PAC,89.79101655626717,0.9809523809523809
socio_n3,72112,LDC_PAC,88.32736075527204,0.9809523809523809
socio_n3,72112,HetLDC,85.62812353393582,0.9809523809523809
socio_n3,72113,FH_PAC,65.52588258526018,0.9333333333333333
socio_n3,72113,CP_PAC,80.28005889821357,0.9714285714285714
socio_n3,72113,LDC_PAC,75.59800269878941,0.9619047619047619
socio_n3,72113,HetLDC,72.49178296876252,0.9523809523809523
socio_n3,72108,FH_PAC,69.90835653108704,0.9809523809523809
socio_n3,72108,CP_PAC,83.52357015209913,0.9904761904761905
socio_n3,72108,LDC_PAC,81.5050680087783,0.9904761904761905
socio_n3,72108,HetLDC,78.65571087431728,0.9904761904761905
socio_n3,72109,FH_PAC,64.5716866793161,0.9142857142857143
socio_n3,72109,CP_PAC,73.98084160494163,0.9809523809523809
socio_n3,72109,LDC_PAC,72.19295721407666,0.9714285714285714
socio_n3,72109,HetLDC,69.55113545960413,0.9714285714285714
socio_n3,72114,FH_PAC,61.9867869558886,0.9428571428571428
socio_n3,72114,CP_PAC,69.53589051324781,0.9809523809523809
socio_n3,72114,LDC_PAC,67.55849179710417,0.9809523809523809
socio_n3,72114,HetLDC,65.03296360775691,0.9619047619047619
socio_n3,72115,FH_PAC,63.759346042455746,0.9714285714285714
socio_n3,72115,CP_PAC,73.80542287363467,0.9714285714285714
socio_n3,72115,LDC_PAC,72.32064418591122,0.9714285714285714
socio_n3,72115,HetLDC,69.82139521503802,0.9714285714285714
socio_n3,72116,FH_PAC,63.445379924868924,0.9428571428571428
socio_n3,72116,CP_PAC,66.1574721010794,0.9428571428571428
socio_n3,72116,LDC_PAC,63.3461846078956,0.9428571428571428
socio_n3,72116,HetLDC,60.45931296813079,0.9428571428571428
socio_n3,72117,FH_PAC,60.06135760793611,0.9238095238095239
socio_n3,72117,CP_PAC,76.05574087388442,0.9809523809523809
socio_n3,72117,LDC_PAC,73.89293655442698,0.9809523809523809
socio_n3,72117,HetLDC,70.84572445268728,0.9714285714285714
socio_n3,72118,FH_PAC,61.7805742223708,0.9238095238095239
socio_n3,72118,CP_PAC,69.93101762049987,0.9714285714285714
socio_n3,72118,LDC_PAC,66.95937754752737,0.9523809523809523
socio_n3,72118,HetLDC,64.81824050995965,0.9523809523809523
socio_n3,72119,FH_PAC,68.63065765161113,0.9809523809523809
socio_n3,72119,CP_PAC,73.90669011083207,0.9904761904761905
socio_n3,72119,LDC_PAC,70.76610829939669,0.9809523809523809
socio_n3,72119,HetLDC,68.74858708810889,0.9809523809523809
socio_n2,73000,FH_PAC,65.45117054413207,0.9619047619047619
socio_n2,73000,CP_PAC,79.29015312155167,1.0
socio_n2,73000,LDC_PAC,75.51774830958536,1.0
socio_n2,73000,HetLDC,71.30949544884186,0.9904761904761905
socio_n2,73001,FH_PAC,70.71133664789407,0.9809523809523809
socio_n2,73001,CP_PAC,75.95855822664538,1.0
socio_n2,73001,LDC_PAC,69.72332318958286,0.9904761904761905
socio_n2,73001,HetLDC,67.05051973361634,0.9809523809523809
socio_n2,73002,FH_PAC,62.745368058451284,0.9714285714285714
socio_n2,73002,CP_PAC,75.75713932860015,0.9809523809523809
socio_n2,73002,LDC_PAC,70.01003865122634,0.9809523809523809
socio_n2,73002,HetLDC,66.5892399870139,0.9809523809523809
socio_n2,73003,FH_PAC,71.99738379786156,0.9619047619047619
socio_n2,73003,CP_PAC,93.01314556448318,0.9904761904761905
socio_n2,73003,LDC_PAC,90.76531021289287,0.9904761904761905
socio_n2,73003,HetLDC,87.32810334270515,0.9809523809523809
socio_n2,73004,FH_PAC,76.02764315141074,0.9428571428571428
socio_n2,73004,CP_PAC,89.98985257975522,0.9714285714285714
socio_n2,73004,LDC_PAC,87.02745167342518,0.9619047619047619
socio_n2,73004,HetLDC,83.16883713374035,0.9523809523809523
socio_n2,73005,FH_PAC,74.07819884108336,0.9809523809523809
socio_n2,73005,CP_PAC,84.28703900202026,0.9904761904761905
socio_n2,73005,LDC_PAC,81.11729014371718,0.9904761904761905
socio_n2,73005,HetLDC,77.9735862641182,0.9904761904761905
socio_n2,73006,FH_PAC,79.81948659460875,0.9904761904761905
socio_n2,73006,CP_PAC,96.60046076111962,1.0
socio_n2,73006,LDC_PAC,93.85342429293016,1.0
socio_n2,73006,HetLDC,90.26282272923412,1.0
socio_n2,73007,FH_PAC,65.11626228482665,0.9428571428571428
socio_n2,73007,CP_PAC,72.6048229744643,0.9714285714285714
socio_n2,73007,LDC_PAC,67.09686384354684,0.9619047619047619
socio_n2,73007,HetLDC,64.77472142036292,0.9523809523809523
socio_n2,73010,FH_PAC,69.80547787046845,0.9809523809523809
socio_n2,73010,CP_PAC,79.82969341939003,0.9904761904761905
socio_n2,73010,LDC_PAC,76.43742023289735,0.9904761904761905
socio_n2,73010,HetLDC,73.22451901173838,0.9809523809523809
socio_n2,73011,FH_PAC,74.20647788116628,0.9809523809523809
socio_n2,73011,CP_PAC,80.4047559007625,0.9904761904761905
socio_n2,73011,LDC_PAC,78.78721530137511,0.9904761904761905
socio_n2,73011,HetLDC,75.49612889886177,0.9904761904761905
socio_n2,73014,FH_PAC,63.324145009414,0.9238095238095239
socio_n2,73014,CP_PAC,70.99940436810226,0.9809523809523809
socio_n2,73014,LDC_PAC,66.04178647509545,0.9428571428571428
socio_n2,73014,HetLDC,62.01904840940284,0.9238095238095239
socio_n2,73015,FH_PAC,72.74321889984076,0.9523809523809523
socio_n2,73015,CP_PAC,77.41678665482198,0.9619047619047619
socio_n2,73015,LDC_PAC,73.7335114055497,0.9523809523809523
socio_n2,73015,HetLDC,69.99614091775449,0.9428571428571428
socio_n2,73018,FH_PAC,62.13839335635192,0.9523809523809523
socio_n2,73018,CP_PAC,65.27061071463658,0.9523809523809523
socio_n2,73018,LDC_PAC,62.16521671240266,0.9428571428571428
socio_n2,73018,HetLDC,58.76199413683914,0.9428571428571428
socio_n2,73019,FH_PAC,66.28996670274795,0.9333333333333333
socio_n2,73019,CP_PAC,76.50858029085651,0.9904761904761905
socio_n2,73019,LDC_PAC,72.04648250996019,0.9619047619047619
socio_n2,73019,HetLDC,69.32487764048994,0.9619047619047619
socio_n2,73020,FH_PAC,71.2842098723513,0.9619047619047619
socio_n2,73020,CP_PAC,88.86017950006249,0.9904761904761905
socio_n2,73020,LDC_PAC,84.63245946748367,0.9809523809523809
socio_n2,73020,HetLDC,82.35856621142872,0.9809523809523809
socio_n2,73021,FH_PAC,62.91966156683607,0.9142857142857143
socio_n2,73021,CP_PAC,73.57500985676603,0.9714285714285714
socio_n2,73021,LDC_PAC,70.8081039806736,0.9619047619047619
socio_n2,73021,HetLDC,67.13738832012905,0.9428571428571428
socio_n2,73012,FH_PAC,63.26909871689189,0.9619047619047619
socio_n2,73012,CP_PAC,87.43461497464966,0.9904761904761905
socio_n2,73012,LDC_PAC,83.71917918571836,0.9904761904761905
socio_n2,73012,HetLDC,79.9586701890986,0.9904761904761905
socio_n2,73013,FH_PAC,74.14538823182366,0.9904761904761905
socio_n2,73013,CP_PAC,92.37622988042418,1.0
socio_n2,73013,LDC_PAC,88.90227406628294,0.9904761904761905
socio_n2,73013,HetLDC,85.0459997143617,0.9904761904761905
socio_n2,73008,FH_PAC,64.98930204919594,0.9523809523809523
socio_n2,73008,CP_PAC,88.50922449856648,0.9809523809523809
socio_n2,73008,LDC_PAC,86.37023476155353,0.9809523809523809
socio_n2,73008,HetLDC,82.93587679367172,0.9714285714285714
socio_n2,73009,FH_PAC,69.33143712050476,0.9809523809523809
socio_n2,73009,CP_PAC,83.18037138861536,0.9904761904761905
socio_n2,73009,LDC_PAC,81.17016328059995,0.9904761904761905
socio_n2,73009,HetLDC,78.20745686434599,0.9904761904761905
socio_n2,73022,FH_PAC,62.27412326503626,0.9809523809523809
socio_n2,73022,CP_PAC,81.55515098978412,1.0
socio_n2,73022,LDC_PAC,78.8704143635751,1.0
socio_n2,73022,HetLDC,75.44197084523292,1.0
socio_n2,73023,FH_PAC,59.11083516141895,0.9238095238095239
socio_n2,73023,CP_PAC,79.50471034293594,0.9809523809523809
socio_n2,73023,LDC_PAC,76.88747274085537,0.9714285714285714
socio_n2,73023,HetLDC,73.47416809866799,0.9619047619047619
socio_n2,73016,FH_PAC,73.40969031666444,0.9428571428571428
socio_n2,73016,CP_PAC,99.08459159292607,0.9904761904761905
socio_n2,73016,LDC_PAC,96.69002847575831,0.9809523809523809
socio_n2,73016,HetLDC,93.10132210813399,0.9809523809523809
socio_n2,73017,FH_PAC,70.95966776712437,0.9523809523809523
socio_n2,73017,CP_PAC,90.54753714945952,0.9809523809523809
socio_n2,73017,LDC_PAC,87.56677767016399,0.9809523809523809
socio_n2,73017,HetLDC,83.61602483069643,0.9809523809523809
socio_n2,73024,FH_PAC,72.54367146693261,0.9619047619047619
socio_n2,73024,CP_PAC,76.32874168827635,0.9809523809523809
socio_n2,73024,LDC_PAC,72.69723259035884,0.9619047619047619
socio_n2,73024,HetLDC,68.96712042145693,0.9523809523809523
socio_n2,73025,FH_PAC,62.194956769478054,0.9142857142857143
socio_n2,73025,CP_PAC,70.78493339063527,0.9809523809523809
socio_n2,73025,LDC_PAC,67.4171832624675,0.9619047619047619
socio_n2,73025,HetLDC,64.2307731033,0.9333333333333333
socio_n2,73026,FH_PAC,65.1120150834361,0.9238095238095239
socio_n2,73026,CP_PAC,70.22660628427263,0.9619047619047619
socio_n2,73026,LDC_PAC,65.73356138958059,0.9333333333333333
socio_n2,73026,HetLDC,61.80700514689296,0.9333333333333333
socio_n2,73027,FH_PAC,76.60617532218781,1.0
socio_n2,73027,CP_PAC,87.24013991290389,1.0
socio_n2,73027,LDC_PAC,83.53296812335857,1.0
socio_n2,73027,HetLDC,79.36454664407825,1.0
socio_n2,73028,FH_PAC,75.33792934827882,0.9714285714285714
socio_n2,73028,CP_PAC,86.57349922908111,0.9809523809523809
socio_n2,73028,LDC_PAC,83.72356220586956,0.9809523809523809
socio_n2,73028,HetLDC,80.84792765181517,0.9809523809523809
socio_n2,73029,FH_PAC,77.49622604007348,0.9904761904761905
socio_n2,73029,CP_PAC,91.60090631543744,1.0
socio_n2,73029,LDC_PAC,87.242790128739,0.9904761904761905
socio_n2,73029,HetLDC,83.24662157287787,0.9904761904761905
socio_n2,73030,FH_PAC,62.99948486028792,0.9523809523809523
socio_n2,73030,CP_PAC,81.53129227162054,0.9809523809523809
socio_n2,73030,LDC_PAC,76.77626222223553,0.9809523809523809
socio_n2,73030,HetLDC,74.64716449493453,0.9809523809523809
socio_n2,73031,FH_PAC,71.04127501419345,0.9714285714285714
socio_n2,73031,CP_PAC,72.78935853114461,0.9714285714285714
socio_n2,73031,LDC_PAC,67.26740013319838,0.9523809523809523
socio_n2,73031,HetLDC,65.08021518602752,0.9523809523809523
socio_n2,73034,FH_PAC,91.05148239354611,1.0
socio_n2,73034,CP_PAC,97.65416528533467,1.0
socio_n2,73034,LDC_PAC,95.68961013833227,1.0
socio_n2,73034,HetLDC,92.23765895163702,1.0
socio_n2,73035,FH_PAC,72.90705115705467,0.9619047619047619
socio_n2,73035,CP_PAC,87.22063965666314,0.9809523809523809
socio_n2,73035,LDC_PAC,83.07092436680651,0.9809523809523809
socio_n2,73035,HetLDC,79.93596523236378,0.9714285714285714
socio_n2,73032,FH_PAC,72.70261100033169,0.9523809523809523
socio_n2,73032,CP_PAC,84.06585382292894,0.9619047619047619
socio_n2,73032,LDC_PAC,81.29846667407523,0.9619047619047619
socio_n2,73032,HetLDC,78.09460646560547,0.9619047619047619
socio_n2,73033,FH_PAC,64.41266562299579,0.9523809523809523
socio_n2,73033,CP_PAC,72.51862711622357,0.9523809523809523
socio_n2,73033,LDC_PAC,66.56576683041402,0.9523809523809523
socio_n2,73033,HetLDC,63.03303958864366,0.9428571428571428
socio_n2,73036,FH_PAC,80.28068052743723,0.9714285714285714
socio_n2,73036,CP_PAC,90.65663850358953,0.9809523809523809
socio_n2,73036,LDC_PAC,89.17887246491965,0.9809523809523809
socio_n2,73036,HetLDC,85.92103884243357,0.9809523809523809
socio_n2,73037,FH_PAC,85.56426719408566,1.0
socio_n2,73037,CP_PAC,107.4654118322751,1.0
socio_n2,73037,LDC_PAC,103.92772814589595,1.0
socio_n2,73037,HetLDC,100.90287627034587,1.0
socio_n2,73040,FH_PAC,67.41542924220443,0.9714285714285714
socio_n2,73040,CP_PAC,74.09464622637057,0.9904761904761905
socio_n2,73040,LDC_PAC,67.04771030077853,0.9714285714285714
socio_n2,73040,HetLDC,63.86517932823588,0.9714285714285714
socio_n2,73041,FH_PAC,72.10059698909377,0.9714285714285714
socio_n2,73041,CP_PAC,85.49528167632701,0.9904761904761905
socio_n2,73041,LDC_PAC,81.86225567836172,0.9904761904761905
socio_n2,73041,HetLDC,78.25255892597478,0.9904761904761905
socio_n2,73048,FH_PAC,71.36253349947312,0.9714285714285714
socio_n2,73048,CP_PAC,86.00234262185899,0.9904761904761905
socio_n2,73048,LDC_PAC,83.92393633969563,0.9904761904761905
socio_n2,73048,HetLDC,80.84958268599111,0.9904761904761905
socio_n2,73049,FH_PAC,74.22754724444991,0.9333333333333333
socio_n2,73049,CP_PAC,96.53625171765498,1.0
socio_n2,73049,LDC_PAC,92.90585163135509,1.0
socio_n2,73049,HetLDC,89.23815318819234,1.0
socio_n2,73042,FH_PAC,66.80754671227736,0.9904761904761905
socio_n2,73042,CP_PAC,81.00609969399909,1.0
socio_n2,73042,LDC_PAC,77.95973580388207,1.0
socio_n2,73042,HetLDC,74.42460152929293,0.9904761904761905
socio_n2,73043,FH_PAC,66.26432307811756,0.9619047619047619
socio_n2,73043,CP_PAC,88.77422867488201,0.9809523809523809
socio_n2,73043,LDC_PAC,85.00186750592097,0.9809523809523809
socio_n2,73043,HetLDC,81.80500070475324,0.9809523809523809
socio_n2,73038,FH_PAC,60.15300402924917,0.8857142857142857
socio_n2,73038,CP_PAC,67.67647414785722,0.9523809523809523
socio_n2,73038,LDC_PAC,61.23995273532633,0.8857142857142857
socio_n2,73038,HetLDC,57.41579294026967,0.8761904761904762
socio_n2,73039,FH_PAC,63.21617868330648,0.9619047619047619
socio_n2,73039,CP_PAC,68.37956434800543,1.0
socio_n2,73039,LDC_PAC,64.00469179256092,0.9904761904761905
socio_n2,73039,HetLDC,60.473296272091154,0.9904761904761905
socio_n2,73050,FH_PAC,77.71751182423654,1.0
socio_n2,73050,CP_PAC,85.63960785686675,1.0
socio_n2,73050,LDC_PAC,83.20426620268962,1.0
socio_n2,73050,HetLDC,79.73935788475625,1.0
socio_n2,73051,FH_PAC,61.963526662334004,0.9333333333333333
socio_n2,73051,CP_PAC,77.2869717889447,0.9809523809523809
socio_n2,73051,LDC_PAC,73.20206423067077,0.9714285714285714
socio_n2,73051,HetLDC,69.0584934882926,0.9714285714285714
socio_n2,73046,FH_PAC,62.10117222776173,0.9523809523809523
socio_n2,73046,CP_PAC,79.3241656983584,0.9619047619047619
socio_n2,73046,LDC_PAC,75.1315847689378,0.9619047619047619
socio_n2,73046,HetLDC,71.57524309580933,0.9619047619047619
socio_n2,73047,FH_PAC,77.31711852904779,0.9333333333333333
socio_n2,73047,CP_PAC,98.81017500737983,0.9428571428571428
socio_n2,73047,LDC_PAC,71.13020041556659,0.9238095238095239
socio_n2,73047,HetLDC,88.50233484285766,0.9333333333333333
socio_n2,73044,FH_PAC,63.758426406024995,0.9047619047619048
socio_n2,73044,CP_PAC,74.905179856014,0.9809523809523809
socio_n2,73044,LDC_PAC,70.53659484839095,0.9619047619047619
socio_n2,73044,HetLDC,67.75754645712405,0.9619047619047619
socio_n2,73045,FH_PAC,72.13954632913835,0.9809523809523809
socio_n2,73045,CP_PAC,92.30501273241339,1.0
socio_n2,73045,LDC_PAC,90.07429072543569,1.0
socio_n2,73045,HetLDC,86.8735793626811,1.0
socio_n2,73054,FH_PAC,63.86496453051001,0.9238095238095239
socio_n2,73054,CP_PAC,76.99402360167107,0.9619047619047619
socio_n2,73054,LDC_PAC,73.33086224186984,0.9428571428571428
socio_n2,73054,HetLDC,69.63861795848953,0.9333333333333333
socio_n2,73055,FH_PAC,61.440630519177404,0.9238095238095239
socio_n2,73055,CP_PAC,89.28400506021688,0.9904761904761905
socio_n2,73055,LDC_PAC,86.7450273369849,0.9904761904761905
socio_n2,73055,HetLDC,83.5264726048569,0.9904761904761905
socio_n2,73052,FH_PAC,69.71758623851692,0.9809523809523809
socio_n2,73052,CP_PAC,92.7016244470284,0.9904761904761905
socio_n2,73052,LDC_PAC,89.64995397077377,0.9904761904761905
socio_n2,73052,HetLDC,85.59861909842162,0.9809523809523809
socio_n2,73053,FH_PAC,75.50017557585726,0.9714285714285714
socio_n2,73053,CP_PAC,93.12631233525309,0.9809523809523809
socio_n2,73053,LDC_PAC,89.16901425780502,0.9809523809523809
socio_n2,73053,HetLDC,86.14533088455346,0.9714285714285714
socio_n2,73056,FH_PAC,67.62869773557192,0.9619047619047619
socio_n2,73056,CP_PAC,82.1380041609637,0.9809523809523809
socio_n2,73056,LDC_PAC,79.43408042961934,0.9809523809523809
socio_n2,73056,HetLDC,76.31086752842302,0.9809523809523809
socio_n2,73057,FH_PAC,66.69049297780522,0.9809523809523809
socio_n2,73057,CP_PAC,88.08470773233483,1.0
socio_n2,73057,LDC_PAC,82.9474724391278,0.9904761904761905
socio_n2,73057,HetLDC,80.62196957225844,0.9904761904761905
socio_n2,73058,FH_PAC,73.80399221767127,0.9809523809523809
socio_n2,73058,CP_PAC,98.97676306699384,1.0
socio_n2,73058,LDC_PAC,95.25458364955554,1.0
socio_n2,73058,HetLDC,91.4020359051622,1.0
socio_n2,73059,FH_PAC,77.1888714197723,0.9809523809523809
socio_n2,73059,CP_PAC,74.92227728871478,0.9809523809523809
socio_n2,73059,LDC_PAC,71.73853924048944,0.9809523809523809
socio_n2,73059,HetLDC,68.46275533506758,0.9619047619047619
socio_n2,73060,FH_PAC,75.18344006361316,0.9714285714285714
socio_n2,73060,CP_PAC,97.4341980253131,0.9809523809523809
socio_n2,73060,LDC_PAC,95.84595306914099,0.9809523809523809
socio_n2,73060,HetLDC,92.76635843112322,0.9809523809523809
socio_n2,73061,FH_PAC,78.6578759855327,0.9809523809523809
socio_n2,73061,CP_PAC,93.5484583193616,1.0
socio_n2,73061,LDC_PAC,92.02355361347175,1.0
socio_n2,73061,HetLDC,89.13554803959124,0.9904761904761905
socio_n2,73066,FH_PAC,64.71920045903845,0.9714285714285714
socio_n2,73066,CP_PAC,74.69137475570108,0.9904761904761905
socio_n2,73066,LDC_PAC,68.56015942307847,0.9809523809523809
socio_n2,73066,HetLDC,65.63469877688193,0.9714285714285714
socio_n2,73067,FH_PAC,69.84447909307967,0.9714285714285714
socio_n2,73067,CP_PAC,81.43616519539074,0.9904761904761905
socio_n2,73067,LDC_PAC,77.13195713776466,0.9904761904761905
socio_n2,73067,HetLDC,75.03496041645987,0.9809523809523809
socio_n2,73062,FH_PAC,75.04534142382748,0.9523809523809523
socio_n2,73062,CP_PAC,91.40814836061827,0.9619047619047619
socio_n2,73062,LDC_PAC,87.970598799781,0.9619047619047619
socio_n2,73062,HetLDC,83.78614856268996,0.9523809523809523
socio_n2,73063,FH_PAC,57.129856825651466,0.9142857142857143
socio_n2,73063,CP_PAC,70.95248854208631,0.9809523809523809
socio_n2,73063,LDC_PAC,67.20238228206371,0.9809523809523809
socio_n2,73063,HetLDC,63.87040622224737,0.9714285714285714
socio_n2,73064,FH_PAC,70.92189435571731,0.9619047619047619
socio_n2,73064,CP_PAC,85.99428538048744,1.0
socio_n2,73064,LDC_PAC,82.76033279260669,1.0
socio_n2,73064,HetLDC,79.0747938296221,0.9904761904761905
socio_n2,73065,FH_PAC,74.24346492827554,0.9904761904761905
socio_n2,73065,CP_PAC,89.84960771997152,1.0
socio_n2,73065,LDC_PAC,87.67822513384603,1.0
socio_n2,73065,HetLDC,83.83012656622157,1.0
socio_n2,73070,FH_PAC,64.95472609723556,0.9714285714285714
socio_n2,73070,CP_PAC,80.63177526250189,0.9904761904761905
socio_n2,73070,LDC_PAC,76.37008224254129,0.9809523809523809
socio_n2,73070,HetLDC,73.17052419788055,0.9714285714285714
socio_n2,73071,FH_PAC,69.53610414450407,0.9619047619047619
socio_n2,73071,CP_PAC,78.94923266327538,0.9714285714285714
socio_n2,73071,LDC_PAC,70.90403413395178,0.9619047619047619
socio_n2,73071,HetLDC,71.5232534441714,0.9619047619047619
socio_n2,73072,FH_PAC,73.09329249996304,0.9619047619047619
socio_n2,73072,CP_PAC,87.50129897762378,0.9809523809523809
socio_n2,73072,LDC_PAC,84.6208194572619,0.9809523809523809
socio_n2,73072,HetLDC,81.09742106077634,0.9714285714285714
socio_n2,73073,FH_PAC,64.53870634617903,0.9238095238095239
socio_n2,73073,CP_PAC,73.55341925742215,0.9619047619047619
socio_n2,73073,LDC_PAC,70.0539522767252,0.9523809523809523
socio_n2,73073,HetLDC,66.32011751007576,0.9428571428571428
socio_n2,73074,FH_PAC,63.43691128017648,0.9238095238095239
socio_n2,73074,CP_PAC,83.67361540547404,0.9523809523809523
socio_n2,73074,LDC_PAC,80.11799907026278,0.9523809523809523
socio_n2,73074,HetLDC,76.32754981442288,0.9523809523809523
socio_n2,73075,FH_PAC,72.61684177647064,0.9523809523809523
socio_n2,73075,CP_PAC,75.87138775457117,0.9809523809523809
socio_n2,73075,LDC_PAC,73.01812291622328,0.9523809523809523
socio_n2,73075,HetLDC,69.82002983340905,0.9333333333333333
socio_n2,73068,FH_PAC,76.99747955747175,0.9714285714285714
socio_n2,73068,CP_PAC,84.39857882763795,0.9809523809523809
socio_n2,73068,LDC_PAC,79.47632422735734,0.9809523809523809
socio_n2,73068,HetLDC,78.03814669945533,0.9809523809523809
socio_n2,73069,FH_PAC,76.8870987851265,0.9809523809523809
socio_n2,73069,CP_PAC,88.10859517635942,1.0
socio_n2,73069,LDC_PAC,85.20812390406138,0.9904761904761905
socio_n2,73069,HetLDC,81.50502876594737,0.9809523809523809
socio_n2,73076,FH_PAC,66.04713405042423,0.9809523809523809
socio_n2,73076,CP_PAC,89.81232012450431,1.0
socio_n2,73076,LDC_PAC,86.85576345828869,1.0
socio_n2,73076,HetLDC,82.98095339688227,1.0
socio_n2,73077,FH_PAC,61.64878680602212,0.9047619047619048
socio_n2,73077,CP_PAC,73.03364958567846,0.9523809523809523
socio_n2,73077,LDC_PAC,69.17354612586686,0.9523809523809523
socio_n2,73077,HetLDC,65.07558268658032,0.9428571428571428
socio_n2,73078,FH_PAC,71.75134048444265,0.9523809523809523
socio_n2,73078,CP_PAC,84.5647861588995,0.9904761904761905
socio_n2,73078,LDC_PAC,80.54142898692268,0.9714285714285714
socio_n2,73078,HetLDC,76.91758820516586,0.9619047619047619
socio_n2,73079,FH_PAC,75.40816818794445,0.9714285714285714
socio_n2,73079,CP_PAC,91.57484073863287,0.9809523809523809
socio_n2,73079,LDC_PAC,87.68347070464064,0.9809523809523809
socio_n2,73079,HetLDC,83.6178999075438,0.9809523809523809
socio_n2,73082,FH_PAC,65.47899059702712,0.9428571428571428
socio_n2,73082,CP_PAC,78.67901437178466,0.9619047619047619
socio_n2,73082,LDC_PAC,73.64519083186347,0.9619047619047619
socio_n2,73082,HetLDC,69.75199704244325,0.9619047619047619
socio_n2,73083,FH_PAC,70.5462796535831,0.9523809523809523
socio_n2,73083,CP_PAC,82.5261656433091,0.9904761904761905
socio_n2,73083,LDC_PAC,76.76367792843577,0.9809523809523809
socio_n2,73083,HetLDC,72.25758881780727,0.9523809523809523
socio_n2,73086,FH_PAC,75.40533046790358,0.9333333333333333
socio_n2,73086,CP_PAC,94.7878982021013,0.9809523809523809
socio_n2,73086,LDC_PAC,90.75999289892393,0.9809523809523809
socio_n2,73086,HetLDC,88.25704503842108,0.9714285714285714
socio_n2,73087,FH_PAC,59.58468041690803,0.9047619047619048
socio_n2,73087,CP_PAC,76.8243646371086,0.9619047619047619
socio_n2,73087,LDC_PAC,69.51781277817895,0.9523809523809523
socio_n2,73087,HetLDC,66.49644259917203,0.9333333333333333
socio_n2,73080,FH_PAC,72.2111986198405,0.9619047619047619
socio_n2,73080,CP_PAC,103.09655262662375,1.0
socio_n2,73080,LDC_PAC,101.02251039289985,1.0
socio_n2,73080,HetLDC,96.7101267933431,1.0
socio_n2,73081,FH_PAC,73.31149748277964,0.9333333333333333
socio_n2,73081,CP_PAC,94.39492099879453,1.0
socio_n2,73081,LDC_PAC,92.11369247841766,0.9904761904761905
socio_n2,73081,HetLDC,88.49181888615925,0.9904761904761905
socio_n2,73084,FH_PAC,72.96309954049028,0.9333333333333333
socio_n2,73084,CP_PAC,80.21154345789523,0.9714285714285714
socio_n2,73084,LDC_PAC,75.07966987183565,0.9523809523809523
socio_n2,73084,HetLDC,72.16131480964873,0.9428571428571428
socio_n2,73085,FH_PAC,74.70164038681986,0.9714285714285714
socio_n2,73085,CP_PAC,83.83295056484377,1.0
socio_n2,73085,LDC_PAC,81.80697166945058,1.0
socio_n2,73085,HetLDC,78.56383050984489,0.9904761904761905
socio_n2,73088,FH_PAC,68.79649456735083,0.9714285714285714
socio_n2,73088,CP_PAC,93.5320460376015,1.0
socio_n2,73088,LDC_PAC,90.45303868277638,1.0
socio_n2,73088,HetLDC,87.0908890554269,1.0
socio_n2,73089,FH_PAC,68.89594830086801,0.9619047619047619
socio_n2,73089,CP_PAC,84.13856937606351,0.9809523809523809
socio_n2,73089,LDC_PAC,80.56319534393742,0.9809523809523809
socio_n2,73089,HetLDC,76.9258993846264,0.9809523809523809
socio_n2,73098,FH_PAC,63.3777343933368,0.8857142857142857
socio_n2,73098,CP_PAC,68.88410038393005,0.9333333333333333
socio_n2,73098,LDC_PAC,63.65840332771459,0.9142857142857143
socio_n2,73098,HetLDC,59.67717023112233,0.8761904761904762
socio_n2,73099,FH_PAC,75.22123439649117,1.0
socio_n2,73099,CP_PAC,82.14918285158996,1.0
socio_n2,73099,LDC_PAC,78.24075336207488,1.0
socio_n2,73099,HetLDC,74.78917834207776,1.0
socio_n2,73102,FH_PAC,63.32348900292834,0.9238095238095239
socio_n2,73102,CP_PAC,80.70864534470192,0.9714285714285714
socio_n2,73102,LDC_PAC,74.0834883512585,0.9714285714285714
socio_n2,73102,HetLDC,71.46338009317996,0.9714285714285714
socio_n2,73103,FH_PAC,83.10840185852268,1.0
socio_n2,73103,CP_PAC,90.80513796682038,1.0
socio_n2,73103,LDC_PAC,87.81589845479955,1.0
socio_n2,73103,HetLDC,84.00324787362511,1.0
socio_n2,73090,FH_PAC,78.53818886799066,0.9714285714285714
socio_n2,73090,CP_PAC,84.127333202599,0.9809523809523809
socio_n2,73090,LDC_PAC,80.55243663904795,0.9809523809523809
socio_n2,73090,HetLDC,76.97471985531305,0.9809523809523809
socio_n2,73091,FH_PAC,74.795444281464,0.9619047619047619
socio_n2,73091,CP_PAC,89.87900898176377,0.9809523809523809
socio_n2,73091,LDC_PAC,87.32311107556033,0.9714285714285714
socio_n2,73091,HetLDC,83.89276328967857,0.9714285714285714
socio_n2,73100,FH_PAC,67.92417776548012,0.9047619047619048
socio_n2,73100,CP_PAC,79.5404674017409,0.9714285714285714
socio_n2,73100,LDC_PAC,74.4515287517061,0.9333333333333333
socio_n2,73100,HetLDC,72.77775680401393,0.9333333333333333
socio_n2,73101,FH_PAC,70.02746331098021,0.9523809523809523
socio_n2,73101,CP_PAC,75.32923652791777,0.9619047619047619
socio_n2,73101,LDC_PAC,70.50972922846553,0.9428571428571428
socio_n2,73101,HetLDC,67.55616240496809,0.9428571428571428
socio_n2,73096,FH_PAC,64.41448235479416,0.9523809523809523
socio_n2,73096,CP_PAC,83.29821879244673,0.9714285714285714
socio_n2,73096,LDC_PAC,80.55610163398461,0.9714285714285714
socio_n2,73096,HetLDC,76.79202083775849,0.9619047619047619
socio_n2,73097,FH_PAC,67.06597741782178,0.9714285714285714
socio_n2,73097,CP_PAC,77.21536862287223,0.9904761904761905
socio_n2,73097,LDC_PAC,74.67349449558351,0.9809523809523809
socio_n2,73097,HetLDC,71.14406732432418,0.9809523809523809
socio_n2,73094,FH_PAC,73.02720363280669,0.9523809523809523
socio_n2,73094,CP_PAC,89.17655489280418,0.9904761904761905
socio_n2,73094,LDC_PAC,83.97564139810278,0.9809523809523809
socio_n2,73094,HetLDC,80.55717939555836,0.9809523809523809
socio_n2,73095,FH_PAC,64.28803605431708,0.9523809523809523
socio_n2,73095,CP_PAC,82.73407522754269,1.0
socio_n2,73095,LDC_PAC,75.94265610820531,0.9904761904761905
socio_n2,73095,HetLDC,74.3534424995125,0.9904761904761905
socio_n2,73092,FH_PAC,88.80720681822153,0.9904761904761905
socio_n2,73092,CP_PAC,100.84762708181267,1.0
socio_n2,73092,LDC_PAC,98.41045693878877,1.0
socio_n2,73092,HetLDC,94.84001305286587,1.0
socio_n2,73093,FH_PAC,66.83191136389296,0.9619047619047619
socio_n2,73093,CP_PAC,95.04508941832,1.0
socio_n2,73093,LDC_PAC,93.13302228766065,1.0
socio_n2,73093,HetLDC,89.47778161576178,1.0
socio_n2,73104,FH_PAC,78.2423055654187,0.9714285714285714
socio_n2,73104,CP_PAC,81.18121024281629,1.0
socio_n2,73104,LDC_PAC,75.98729811284777,0.9809523809523809
socio_n2,73104,HetLDC,73.20445059037621,0.9619047619047619
socio_n2,73105,FH_PAC,76.0298112609471,0.9904761904761905
socio_n2,73105,CP_PAC,97.6734705812774,1.0
socio_n2,73105,LDC_PAC,93.52294611986102,1.0
socio_n2,73105,HetLDC,89.57891227160442,1.0
socio_n2,73106,FH_PAC,70.69988681291632,0.9428571428571428
socio_n2,73106,CP_PAC,92.99577690299793,0.9904761904761905
socio_n2,73106,LDC_PAC,90.74836129735922,0.9904761904761905
socio_n2,73106,HetLDC,87.0570651357819,0.9714285714285714
socio_n2,73107,FH_PAC,65.42620487902197,0.9428571428571428
socio_n2,73107,CP_PAC,80.16066143400184,0.9714285714285714
socio_n2,73107,LDC_PAC,77.52183039609517,0.9714285714285714
socio_n2,73107,HetLDC,74.04232927862569,0.9619047619047619
socio_n2,73108,FH_PAC,59.19366359667765,0.9523809523809523
socio_n2,73108,CP_PAC,76.06810120602057,0.9809523809523809
socio_n2,73108,LDC_PAC,71.20132190603367,0.9714285714285714
socio_n2,73108,HetLDC,68.56114880042125,0.9619047619047619
socio_n2,73109,FH_PAC,62.788001178290756,0.9333333333333333
socio_n2,73109,CP_PAC,73.60966001393729,0.9809523809523809
socio_n2,73109,LDC_PAC,70.48170016295444,0.9714285714285714
socio_n2,73109,HetLDC,67.45354331057948,0.9714285714285714
socio_n2,73112,FH_PAC,66.1777303629882,0.9809523809523809
socio_n2,73112,CP_PAC,87.86762102912988,1.0
socio_n2,73112,LDC_PAC,82.74304656550495,0.9904761904761905
socio_n2,73112,HetLDC,79.33564032042669,0.9904761904761905
socio_n2,73113,FH_PAC,65.55768476778937,0.9333333333333333
socio_n2,73113,CP_PAC,73.83816963394713,0.9619047619047619
socio_n2,73113,LDC_PAC,66.31380601814587,0.9428571428571428
socio_n2,73113,HetLDC,61.19173448313776,0.9238095238095239
socio_n2,73110,FH_PAC,79.41409291804464,0.9809523809523809
socio_n2,73110,CP_PAC,103.61836953988978,0.9904761904761905
socio_n2,73110,LDC_PAC,101.53382966789563,0.9904761904761905
socio_n2,73110,HetLDC,98.35557897555917,0.9904761904761905
socio_n2,73111,FH_PAC,65.68094525745967,0.9428571428571428
socio_n2,73111,CP_PAC,73.62003404463695,0.9619047619047619
socio_n2,73111,LDC_PAC,68.90988022099435,0.9523809523809523
socio_n2,73111,HetLDC,65.75051869142708,0.9333333333333333
socio_n2,73114,FH_PAC,59.01469259589393,0.8952380952380953
socio_n2,73114,CP_PAC,77.42237161312056,0.9714285714285714
socio_n2,73114,LDC_PAC,74.87368309700527,0.9714285714285714
socio_n2,73114,HetLDC,71.21939182701311,0.9714285714285714
socio_n2,73115,FH_PAC,65.94150274950961,0.9809523809523809
socio_n2,73115,CP_PAC,83.5512246283941,1.0
socio_n2,73115,LDC_PAC,79.1352277134213,1.0
socio_n2,73115,HetLDC,76.58521613004535,1.0
socio_n2,73116,FH_PAC,68.123849423476,0.9714285714285714
socio_n2,73116,CP_PAC,77.27361893753982,0.9904761904761905
socio_n2,73116,LDC_PAC,72.76690292905793,0.9809523809523809
socio_n2,73116,HetLDC,68.67634977637643,0.9809523809523809
socio_n2,73117,FH_PAC,75.38373285861297,0.9619047619047619
socio_n2,73117,CP_PAC,87.31149625675192,0.9809523809523809
socio_n2,73117,LDC_PAC,84.82861095351721,0.9809523809523809
socio_n2,73117,HetLDC,80.99384610610134,0.9809523809523809
socio_n2,73118,FH_PAC,81.38986358548782,0.9904761904761905
socio_n2,73118,CP_PAC,92.82439151684412,0.9904761904761905
socio_n2,73118,LDC_PAC,90.95699921884074,0.9904761904761905
socio_n2,73118,HetLDC,87.56072523348416,0.9904761904761905
socio_n2,73119,FH_PAC,68.89705389030128,0.9333333333333333
socio_n2,73119,CP_PAC,86.60886279366918,0.9619047619047619
socio_n2,73119,LDC_PAC,83.75776162747057,0.9619047619047619
socio_n2,73119,HetLDC,80.02900564308555,0.9619047619047619
