shape,seed,method,centre,half,cert_tol,cov
gamma2_skew,42000,CP_PAC,0.0,2.2472388429924086,0.001,0.9651627760529732
gamma2_skew,42000,FH_PAC,-0.1160270394992136,1.6610677265746705,0.001,0.921073976642946
gamma2_skew,42000,FH_normal,-0.1160270394992136,1.3444402990091002,0.001,0.8871599873016982
gamma2_skew,42000,HetLDC,0.0,1.9567320782048996,0.001,0.9509563188434824
gamma2_skew,42000,HetLDC_cert,0.0,1.958688810283104,0.001,0.9510683796076445
gamma2_skew,42000,LDC_PAC,0.0,2.033510200740886,0.001,0.9551742474458976
gamma2_skew,42000,LDC_cert_pk,0.0,1.968323681525305,,0.9516166012164695
gamma2_skew,42001,CP_PAC,0.0,2.7887062772540734,0.003,0.9817934395386456
gamma2_skew,42001,FH_PAC,-0.0573434069529717,2.205793361572092,0.003,0.960845246338482
gamma2_skew,42001,FH_normal,-0.0573434069529717,1.8500396292987016,0.003,0.9406389872512252
gamma2_skew,42001,HetLDC,0.0,2.564360541186548,0.003,0.9761380139425132
gamma2_skew,42001,HetLDC_cert,0.0,2.5720536228101074,0.003,0.9763574637688536
gamma2_skew,42001,LDC_PAC,0.0,2.656027393870577,0.003,0.9786292229011604
gamma2_skew,42001,LDC_cert_pk,0.0,2.5806563709151527,,0.9766005474325808
gamma2_skew,42002,CP_PAC,0.0,2.661611618537746,0.001,0.9787725456535366
gamma2_skew,42002,FH_PAC,-0.1135497199528742,2.1775909136686824,0.001,0.9567530414285476
gamma2_skew,42002,FH_normal,-0.1135497199528742,1.8267332903636748,0.001,0.9349236303378012
gamma2_skew,42002,HetLDC,0.0,2.3819519371564715,0.001,0.9703178919767016
gamma2_skew,42002,HetLDC_cert,0.0,2.3843338890936274,0.001,0.9704020633754288
gamma2_skew,42002,LDC_PAC,0.0,2.4757614201912124,0.001,0.9734641885912918
gamma2_skew,42002,LDC_cert_pk,0.0,2.394489795674332,,0.9707583656144029
gamma2_skew,42003,CP_PAC,0.0,2.5184422126875514,0.003,0.9747865665037148
gamma2_skew,42003,FH_PAC,-0.0661824796442343,2.257522614153331,0.003,0.9627794538288318
gamma2_skew,42003,FH_normal,-0.0661824796442343,1.857403167573592,0.003,0.9405374131535544
gamma2_skew,42003,HetLDC,0.0,2.257522443432828,0.003,0.9655849317844194
gamma2_skew,42003,HetLDC_cert,0.0,2.2642950107631266,0.003,0.9658602599376246
gamma2_skew,42003,LDC_PAC,0.0,2.342588988463423,0.003,0.9688930065196214
gamma2_skew,42003,LDC_cert_pk,0.0,2.268927965400472,,0.9660473822714692
gamma2_skew,42004,CP_PAC,0.0,2.359831336162167,0.001,0.9695250975766064
gamma2_skew,42004,FH_PAC,0.0712386243293807,1.9624027342137615,0.001,0.9551811464094092
gamma2_skew,42004,FH_normal,0.0712386243293807,1.6186447381496352,0.001,0.933152228190129
gamma2_skew,42004,HetLDC,0.0,2.1049673952197767,0.001,0.9587859410333154
gamma2_skew,42004,HetLDC_cert,0.0,2.1070723626149963,0.001,0.9588879813593894
gamma2_skew,42004,LDC_PAC,0.0,2.1808094196703243,0.001,0.9623132412914234
gamma2_skew,42004,LDC_cert_pk,0.0,2.1170623536604634,,0.9593689589051229
gamma2_skew,42005,CP_PAC,0.0,2.2122594322657845,0.001,0.9636891891974187
gamma2_skew,42005,FH_PAC,-0.0329349191488982,1.707348491173516,0.001,0.9319509840042726
gamma2_skew,42005,FH_normal,-0.0329349191488982,1.3700754387530856,0.001,0.8999777462363674
gamma2_skew,42005,HetLDC,0.0,1.905972793133909,0.001,0.9479621796968158
gamma2_skew,42005,HetLDC_cert,0.0,1.9078787659270424,0.001,0.948077694970816
gamma2_skew,42005,LDC_PAC,0.0,1.986822582146454,0.001,0.9526527608302104
gamma2_skew,42005,LDC_cert_pk,0.0,1.915591824546516,,0.9485426650920291
gamma2_skew,42006,CP_PAC,0.0,2.412860784327735,0.001,0.9713923854887678
gamma2_skew,42006,FH_PAC,0.0167572441513229,1.854340927333118,0.001,0.9458047292009152
gamma2_skew,42006,FH_normal,0.0167572441513229,1.4958319397901283,0.001,0.9180987867474584
gamma2_skew,42006,HetLDC,0.0,2.161943850948177,0.001,0.9614639589199484
gamma2_skew,42006,HetLDC_cert,0.0,2.1641057947991253,0.001,0.9615622096326571
gamma2_skew,42006,LDC_PAC,0.0,2.2443799089713807,0.001,0.965044530070776
gamma2_skew,42006,LDC_cert_pk,0.0,2.171901072592936,,0.961914475320449
gamma2_skew,42007,CP_PAC,0.0,2.7192495199744573,0.003,0.980198419201236
gamma2_skew,42007,FH_PAC,0.0494374187111082,2.2274846202749914,0.003,0.9663679378085124
gamma2_skew,42007,FH_normal,0.0494374187111082,1.857870143871272,0.003,0.9480431017695352
gamma2_skew,42007,HetLDC,0.0,2.5062728693483654,0.003,0.9744161653016046
gamma2_skew,42007,HetLDC_cert,0.0,2.51379168795641,0.003,0.974645634084579
gamma2_skew,42007,LDC_PAC,0.0,2.5898751957962323,0.003,0.9768583517582708
gamma2_skew,42007,LDC_cert_pk,0.0,2.5190472601861402,,0.9748048464218784
gamma2_skew,42008,CP_PAC,0.0,2.18971927354281,0.001,0.962708058403427
gamma2_skew,42008,FH_PAC,0.1263032083616755,2.0115089283617555,0.001,0.9603507731659416
gamma2_skew,42008,FH_normal,0.1263032083616755,1.6673610156290068,0.001,0.94070553368272
gamma2_skew,42008,HetLDC,0.0,1.8893225172007884,0.001,0.9469425714426284
gamma2_skew,42008,HetLDC_cert,0.0,1.891211839717989,0.001,0.947059219203786
gamma2_skew,42008,LDC_PAC,0.0,1.966579343174204,0.001,0.9515177862056912
gamma2_skew,42008,LDC_cert_pk,0.0,1.8970796549444684,,0.9474199428919227
gamma2_skew,42009,CP_PAC,0.0,2.4893993300578376,0.001,0.973893860128809
gamma2_skew,42009,FH_PAC,-0.0644891365233382,2.0323468705480434,0.001,0.9515902246283712
gamma2_skew,42009,FH_normal,-0.0644891365233382,1.627998328715217,0.001,0.9227213878991188
gamma2_skew,42009,HetLDC,0.0,2.1953991530243533,0.001,0.9629576686124331
gamma2_skew,42009,HetLDC_cert,0.0,2.197594552177377,0.001,0.9630537173250178
gamma2_skew,42009,LDC_PAC,0.0,2.2690822021411057,0.001,0.9660535947822084
gamma2_skew,42009,LDC_cert_pk,0.0,2.2012168158306706,,0.9632116679932649
gamma2_skew,42010,CP_PAC,0.0,2.6165624747451384,0.001,0.977589242170924
gamma2_skew,42010,FH_PAC,-0.1322572732777625,1.9457272576777425,0.001,0.9420516197286531
gamma2_skew,42010,FH_normal,-0.1322572732777625,1.614496467981485,0.001,0.9152209708021162
gamma2_skew,42010,HetLDC,0.0,2.3420693333938485,0.001,0.9688737613935549
gamma2_skew,42010,HetLDC_cert,0.0,2.3444114027272422,0.001,0.9689604079164464
gamma2_skew,42010,LDC_PAC,0.0,2.433857886468416,0.001,0.9721007809969684
gamma2_skew,42010,LDC_cert_pk,0.0,2.3559698106485003,,0.9693846230445492
gamma2_skew,42011,CP_PAC,0.0,2.400628626060097,0.001,0.9709717237819032
gamma2_skew,42011,FH_PAC,0.0425507195998539,2.0830729337021947,0.001,0.9597768486136494
gamma2_skew,42011,FH_normal,0.0425507195998539,1.743965753172516,0.001,0.9402124753642802
gamma2_skew,42011,HetLDC,0.0,2.176773107680973,0.001,0.9621330629077453
gamma2_skew,42011,HetLDC_cert,0.0,2.178949880788654,0.001,0.9622303352831088
gamma2_skew,42011,LDC_PAC,0.0,2.2470382311503765,0.001,0.9651544912920068
gamma2_skew,42011,LDC_cert_pk,0.0,2.187496975601351,,0.9626099569162042
gamma2_skew,42012,CP_PAC,0.0,2.604678325763346,0.003,0.9772665739970784
gamma2_skew,42012,FH_PAC,-0.0103183995830643,1.6459106154298973,0.003,0.9288457776317895
gamma2_skew,42012,FH_normal,-0.0103183995830643,1.3090145045141488,0.003,0.8874566280790444
gamma2_skew,42012,HetLDC,0.0,2.3643002040794654,0.003,0.9696868897107428
gamma2_skew,42012,HetLDC_cert,0.0,2.371393104691704,0.003,0.9699419825346228
gamma2_skew,42012,LDC_PAC,0.0,2.4527694897458203,0.003,0.9727242855175084
gamma2_skew,42012,LDC_cert_pk,0.0,2.3792252491424826,,0.9702212549331901
gamma2_skew,42013,CP_PAC,0.0,2.4126581716601434,0.001,0.9713854658727246
gamma2_skew,42013,FH_PAC,0.3354823036443848,2.3932176360764434,0.001,0.980423158844624
gamma2_skew,42013,FH_normal,0.3354823036443848,1.970347416653233,0.001,0.9675029519205806
gamma2_skew,42013,HetLDC,0.0,2.127609408435773,0.001,0.9598708935926716
gamma2_skew,42013,HetLDC_cert,0.0,2.1297370178442088,0.001,0.9599714224709636
gamma2_skew,42013,LDC_PAC,0.0,2.214609510448016,0.001,0.963790042478876
gamma2_skew,42013,LDC_cert_pk,0.0,2.138856608910137,,0.9603995871968882
gamma2_skew,42014,CP_PAC,0.0,2.176656798904257,0.001,0.962127858704038
gamma2_skew,42014,FH_PAC,-0.0590452166670125,1.8528584194814803,0.001,0.9407157691057773
gamma2_skew,42014,FH_normal,-0.0590452166670125,1.5372227481660827,0.001,0.9148287008025217
gamma2_skew,42014,HetLDC,0.0,1.8513966802069943,0.001,0.9445484967049252
gamma2_skew,42014,HetLDC_cert,0.0,1.853248076887201,0.001,0.9446677194542584
gamma2_skew,42014,LDC_PAC,0.0,1.9240055959887896,0.001,0.9490453415656648
gamma2_skew,42014,LDC_cert_pk,0.0,1.8616159224712419,,0.9452035349028788
gamma2_skew,42015,CP_PAC,0.0,2.442519235820609,0.001,0.9723880314494872
gamma2_skew,42015,FH_PAC,0.0529364544353078,1.764470500375372,0.001,0.9423157048228876
gamma2_skew,42015,FH_normal,0.0529364544353078,1.4327752885958542,0.001,0.9144109808907436
gamma2_skew,42015,HetLDC,0.0,2.146709913707254,0.001,0.9607647719661848
gamma2_skew,42015,HetLDC_cert,0.0,2.1488566236209614,0.001,0.9608640313196024
gamma2_skew,42015,LDC_PAC,0.0,2.226351095811965,0.001,0.9642899073739932
gamma2_skew,42015,LDC_cert_pk,0.0,2.1562654798496945,,0.9612047516438265
gamma2_skew,42016,CP_PAC,0.0,2.32009734096526,0.001,0.9680494508829182
gamma2_skew,42016,FH_PAC,-0.0727492696288109,2.0047864093258125,0.001,0.9495208040918588
gamma2_skew,42016,FH_normal,-0.0727492696288109,1.6719323982289205,0.001,0.9258120749924464
gamma2_skew,42016,HetLDC,0.0,2.0441122995231766,0.001,0.9557286527711062
gamma2_skew,42016,HetLDC_cert,0.0,2.0461564118227,0.001,0.9558347854122008
gamma2_skew,42016,LDC_PAC,0.0,2.114763798661769,0.001,0.9592587735313386
gamma2_skew,42016,LDC_cert_pk,0.0,2.053005622403504,,0.9561886299261514
gamma2_skew,42017,CP_PAC,0.0,2.076007148913085,0.001,0.9573571585774412
gamma2_skew,42017,FH_PAC,0.0110641542393429,1.6565249452194062,0.001,0.9314145796965444
gamma2_skew,42017,FH_normal,0.0110641542393429,1.3325328061646216,0.001,0.8929399152113066
gamma2_skew,42017,HetLDC,0.0,1.7301964184306435,0.001,0.9361888038232852
gamma2_skew,42017,HetLDC_cert,0.0,1.7319266148490742,0.001,0.9363161549709484
gamma2_skew,42017,LDC_PAC,0.0,1.804010239659456,0.001,0.9414123634242604
gamma2_skew,42017,LDC_cert_pk,0.0,1.7344019647577005,,0.9364979336208947
gamma2_skew,42018,CP_PAC,0.0,2.517003604755958,0.003,0.9747430512009786
gamma2_skew,42018,FH_PAC,0.0109835587202927,1.9100955748276136,0.003,0.9488710358445318
gamma2_skew,42018,FH_normal,0.0109835587202927,1.6154553350070822,0.003,0.9280943349687154
gamma2_skew,42018,HetLDC,0.0,2.2318036582755254,0.003,0.9645197708544776
gamma2_skew,42018,HetLDC_cert,0.0,2.238499069250352,0.003,0.9648000816291442
gamma2_skew,42018,LDC_PAC,0.0,2.310389505815864,0.003,0.9676785797561424
gamma2_skew,42018,LDC_cert_pk,0.0,2.2432222759409286,,0.9649965403624752
gamma2_skew,42019,CP_PAC,0.0,2.063469284154362,0.001,0.9567239633125548
gamma2_skew,42019,FH_PAC,0.0457838182781429,2.1070544268276863,0.001,0.961047494859024
gamma2_skew,42019,FH_normal,0.0457838182781429,1.780140145307071,0.001,0.9428830952630918
gamma2_skew,42019,HetLDC,0.0,1.753481354963982,0.001,0.9378825938071658
gamma2_skew,42019,HetLDC_cert,0.0,1.755234836318946,0.001,0.9380084008908872
gamma2_skew,42019,LDC_PAC,0.0,1.8239561017899384,0.001,0.9427524733061404
gamma2_skew,42019,LDC_cert_pk,0.0,1.758579214167423,,0.9382476791019388
gamma2_skew,42020,CP_PAC,0.0,2.135496590317684,0.001,0.9602423485771376
gamma2_skew,42020,FH_PAC,-0.0495271865866665,1.600413626018477,0.001,0.9215989737228344
gamma2_skew,42020,FH_normal,-0.0495271865866665,1.3196077287979069,0.001,0.8903460860157268
gamma2_skew,42020,HetLDC,0.0,1.790976872336808,0.001,0.9405206132573408
gamma2_skew,42020,HetLDC_cert,0.0,1.7927678492091448,0.001,0.9406439137589764
gamma2_skew,42020,LDC_PAC,0.0,1.8718726842142048,0.001,0.9458535560644038
gamma2_skew,42020,LDC_cert_pk,0.0,1.7981877014384187,,0.9410155658342947
gamma2_skew,42021,CP_PAC,0.0,2.9379426428834576,0.003,0.984809482931925
gamma2_skew,42021,FH_PAC,0.2451510691335698,2.099372967234788,0.003,0.9689645690093056
gamma2_skew,42021,FH_normal,0.2451510691335698,1.7429858762782842,0.003,0.9527255674870454
gamma2_skew,42021,HetLDC,0.0,2.7142501667977026,0.003,0.9800785191433814
gamma2_skew,42021,HetLDC_cert,0.0,2.7223929172980954,0.003,0.9802734486463645
gamma2_skew,42021,LDC_PAC,0.0,2.7981635085651746,0.003,0.982000720980747
gamma2_skew,42021,LDC_cert_pk,0.0,2.7307387662949947,,0.9804713182429311
gamma2_skew,42022,CP_PAC,0.0,3.0626345310098584,0.003,0.9869514393433448
gamma2_skew,42022,FH_PAC,0.2723645748366812,2.4970226662517687,0.003,0.9813627760805228
gamma2_skew,42022,FH_normal,0.2723645748366812,2.116120285891022,0.003,0.9705481965378572
gamma2_skew,42022,HetLDC,0.0,2.8763115545327005,0.003,0.9836279724874796
gamma2_skew,42022,HetLDC_cert,0.0,2.884940489196298,0.003,0.983798623650421
gamma2_skew,42022,LDC_PAC,0.0,2.9618148157827395,0.003,0.9852444627941992
gamma2_skew,42022,LDC_cert_pk,0.0,2.888981561795117,,0.9838779461831382
gamma2_skew,42023,CP_PAC,0.0,2.226000186943047,0.001,0.964275065143048
gamma2_skew,42023,FH_PAC,0.1367460260219112,1.9039736759854369,0.001,0.95555196565293
gamma2_skew,42023,FH_normal,0.1367460260219112,1.5979495359309417,0.001,0.9365194613753028
gamma2_skew,42023,HetLDC,0.0,1.9707326777682923,0.001,0.9517527518079464
gamma2_skew,42023,HetLDC_cert,0.0,1.9727034104460608,0.001,0.9518638602549852
gamma2_skew,42023,LDC_PAC,0.0,2.0432737808319548,0.001,0.9556850452756148
gamma2_skew,42023,LDC_cert_pk,0.0,1.9791605395223542,,0.9522261963943417
gamma2_skew,42024,CP_PAC,0.0,2.5349608420737617,0.003,0.9752810546702384
gamma2_skew,42024,FH_PAC,0.1637285205775158,1.9484668378335173,0.003,0.9591353114259986
gamma2_skew,42024,FH_normal,0.1637285205775158,1.6802381689979615,0.003,0.9440675667882276
gamma2_skew,42024,HetLDC,0.0,2.3253526193768463,0.003,0.968248504537497
gamma2_skew,42024,HetLDC_cert,0.0,2.3323286772349765,0.003,0.9685108895256878
gamma2_skew,42024,LDC_PAC,0.0,2.4009786137107048,0.003,0.970983842378549
gamma2_skew,42024,LDC_cert_pk,0.0,2.33826991253127,,0.9687327026749508
gamma2_skew,42025,CP_PAC,0.0,2.579071256680548,0.001,0.9765559403216072
gamma2_skew,42025,FH_PAC,0.1392293876998293,2.3430836822092864,0.001,0.973671449415136
gamma2_skew,42025,FH_normal,0.1392293876998293,1.9595578727497984,0.001,0.9584849468778864
gamma2_skew,42025,HetLDC,0.0,2.330515610994792,0.001,0.9684428978941364
gamma2_skew,42025,HetLDC_cert,0.0,2.3328461266057863,0.001,0.9685302684197932
gamma2_skew,42025,LDC_PAC,0.0,2.4140642378881467,0.001,0.9714334524674526
gamma2_skew,42025,LDC_cert_pk,0.0,2.3413468903629093,,0.9688469870496681
gamma2_skew,42026,CP_PAC,0.0,2.2605054134691143,0.001,0.9657064622457514
gamma2_skew,42026,FH_PAC,-0.1533441066317002,1.83442264605955,0.001,0.9324710123782228
gamma2_skew,42026,FH_normal,-0.1533441066317002,1.5132323649657755,0.001,0.9026282639835458
gamma2_skew,42026,HetLDC,0.0,1.987933566729568,0.001,0.9527143087206268
gamma2_skew,42026,HetLDC_cert,0.0,1.989921500296297,0.001,0.9528242480768764
gamma2_skew,42026,LDC_PAC,0.0,2.060445883315642,0.001,0.9565699300950136
gamma2_skew,42026,LDC_cert_pk,0.0,1.9988782837682093,,0.9533165616056201
gamma2_skew,42027,CP_PAC,0.0,2.373099397941166,0.001,0.9700030387261914
gamma2_skew,42027,FH_PAC,-0.0958056669545213,1.9952511034525449,0.001,0.947564714661915
gamma2_skew,42027,FH_normal,-0.0958056669545213,1.6683250911586698,0.001,0.9235132841339544
gamma2_skew,42027,HetLDC,0.0,2.108382174469285,0.001,0.9589513533370146
gamma2_skew,42027,HetLDC_cert,0.0,2.110490556643754,0.001,0.959053165282441
gamma2_skew,42027,LDC_PAC,0.0,2.193070937544507,0.001,0.962855546856073
gamma2_skew,42027,LDC_cert_pk,0.0,2.1193964951848163,,0.9594805574281551
gamma2_skew,42028,CP_PAC,0.0,2.6163498714624804,0.003,0.9775835089365562
gamma2_skew,42028,FH_PAC,0.2139936393327166,2.454235610176099,0.003,0.9789411846610224
gamma2_skew,42028,FH_normal,0.2139936393327166,2.0841144341101425,0.003,0.9672034399191228
gamma2_skew,42028,HetLDC,0.0,2.4000133627378446,0.003,0.9709504079582304
gamma2_skew,42028,HetLDC_cert,0.0,2.407213402826057,0.003,0.9711989098670198
gamma2_skew,42028,LDC_PAC,0.0,2.478065926346716,0.003,0.9735372706666392
gamma2_skew,42028,LDC_cert_pk,0.0,2.415268128036139,,0.971474477369133
gamma2_skew,42029,CP_PAC,0.0,1.9731588015556376,0.001,0.951889500038272
gamma2_skew,42029,FH_PAC,-0.1345388475368948,1.4826793228027848,0.001,0.9013311273427488
gamma2_skew,42029,FH_normal,-0.1345388475368948,1.1527657799021316,0.001,0.8433292188648525
gamma2_skew,42029,HetLDC,0.0,1.6396072982908558,0.001,0.929173046225206
gamma2_skew,42029,HetLDC_cert,0.0,1.6412469055891463,0.001,0.9293062802342476
gamma2_skew,42029,LDC_PAC,0.0,1.7146370061125344,0.001,0.9350326393981152
gamma2_skew,42029,LDC_cert_pk,0.0,1.6468863062073742,,0.9297627274661988
gamma2_skew,42030,CP_PAC,0.0,2.9561217682692686,0.003,0.9851418433169992
gamma2_skew,42030,FH_PAC,0.063389572964826,2.0768113480455006,0.003,0.9604623294811956
gamma2_skew,42030,FH_normal,0.063389572964826,1.734626907229543,0.003,0.9410038587350832
gamma2_skew,42030,HetLDC,0.0,2.756962922200369,0.003,0.9810805994087968
gamma2_skew,42030,HetLDC_cert,0.0,2.76523381096697,0.003,0.9812689028128468
gamma2_skew,42030,LDC_PAC,0.0,2.844952082978131,0.003,0.9829929392997288
gamma2_skew,42030,LDC_cert_pk,0.0,2.773538217850546,,0.9814561372198467
gamma2_skew,42031,CP_PAC,0.0,2.534796478164412,0.001,0.9752761809572542
gamma2_skew,42031,FH_PAC,-0.0266938140311714,1.8028885200171163,0.001,0.9394935839445654
gamma2_skew,42031,FH_normal,-0.0266938140311714,1.4883830925979629,0.001,0.9132186973372906
gamma2_skew,42031,HetLDC,0.0,2.291861090789788,0.001,0.9669591830432274
gamma2_skew,42031,HetLDC_cert,0.0,2.294152951880577,0.001,0.9670489976588932
gamma2_skew,42031,LDC_PAC,0.0,2.372622126050653,0.001,0.9699859726025376
gamma2_skew,42031,LDC_cert_pk,0.0,2.304597630693674,,0.9674553382758125
gamma2_skew,42032,CP_PAC,0.0,2.657977959154441,0.003,0.9786793917579152
gamma2_skew,42032,FH_PAC,0.0923647917365955,2.049354817127752,0.003,0.9605330954486068
gamma2_skew,42032,FH_normal,0.0923647917365955,1.757101070706239,0.003,0.9444238987444556
gamma2_skew,42032,HetLDC,0.0,2.456053484032952,0.003,0.9728311755560426
gamma2_skew,42032,HetLDC_cert,0.0,2.4634216444850505,0.003,0.9730695288815204
gamma2_skew,42032,LDC_PAC,0.0,2.531518765314277,0.003,0.9751787958903676
gamma2_skew,42032,LDC_cert_pk,0.0,2.4685106350078723,,0.9732329715087215
gamma2_skew,42033,CP_PAC,0.0,1.9597084442428696,0.001,0.95112667631948
gamma2_skew,42033,FH_PAC,-0.037078792438212,1.67017425854912,0.001,0.928641547023304
gamma2_skew,42033,FH_normal,-0.037078792438212,1.3995770231461664,0.001,0.9029142725493198
gamma2_skew,42033,HetLDC,0.0,1.61581337659672,0.001,0.9272126184054894
gamma2_skew,42033,HetLDC_cert,0.0,1.6174291899733166,0.001,0.9273473563052944
gamma2_skew,42033,LDC_PAC,0.0,1.687727518787048,0.001,0.9329860386786116
gamma2_skew,42033,LDC_cert_pk,0.0,1.6261709152095973,,0.9280722225452078
gamma2_skew,42034,CP_PAC,0.0,2.4906399370559367,0.001,0.9739326106877028
gamma2_skew,42034,FH_PAC,-0.2417528728761949,2.285532812351612,0.001,0.9557113731767342
gamma2_skew,42034,FH_normal,-0.2417528728761949,1.941094630995768,0.001,0.9338767489639204
gamma2_skew,42034,HetLDC,0.0,2.249213919520221,0.001,0.9652442405366258
gamma2_skew,42034,HetLDC_cert,0.0,2.251463133439741,0.001,0.96533678880745
gamma2_skew,42034,LDC_PAC,0.0,2.3312906868813426,0.001,0.9684719812512376
gamma2_skew,42034,LDC_cert_pk,0.0,2.259983028276569,,0.9656852094176119
gamma2_skew,42035,CP_PAC,0.0,2.7776157508660404,0.003,0.981547404072226
gamma2_skew,42035,FH_PAC,0.2342999873761481,2.3207915553492886,0.003,0.9758709892685776
gamma2_skew,42035,FH_normal,0.2342999873761481,1.860827815430209,0.003,0.958305725476022
gamma2_skew,42035,HetLDC,0.0,2.51415665087933,0.003,0.9746567216558067
gamma2_skew,42035,HetLDC_cert,0.0,2.5216991208319675,0.003,0.9748848142390856
gamma2_skew,42035,LDC_PAC,0.0,2.5999060062383865,0.003,0.9771357370881054
gamma2_skew,42035,LDC_cert_pk,0.0,2.529144194299282,,0.9751080125205664
gamma2_skew,42036,CP_PAC,0.0,2.119498785652074,0.001,0.9594854413403064
gamma2_skew,42036,FH_PAC,-0.0126364474301152,1.9017127323548124,0.001,0.94692735088125
gamma2_skew,42036,FH_normal,-0.0126364474301152,1.5957718278404796,0.001,0.9244364753895222
gamma2_skew,42036,HetLDC,0.0,1.813588257665192,0.001,0.94205957003522
gamma2_skew,42036,HetLDC_cert,0.0,1.815401845922857,0.001,0.9421813491288532
gamma2_skew,42036,LDC_PAC,0.0,1.888702925458084,0.001,0.946904264152414
gamma2_skew,42036,LDC_cert_pk,0.0,1.8203692131562006,,0.9425136520656769
gamma2_skew,42037,CP_PAC,0.0,2.517533135970119,0.001,0.9747590770130452
gamma2_skew,42037,FH_PAC,0.1401936682393725,2.283572859090472,0.001,0.9717624623467934
gamma2_skew,42037,FH_normal,0.1401936682393725,1.936027924315924,0.001,0.9573679108888016
gamma2_skew,42037,HetLDC,0.0,2.259331657509195,0.001,0.965658691145589
gamma2_skew,42037,HetLDC_cert,0.0,2.261590989166704,0.001,0.9657505875005608
gamma2_skew,42037,LDC_PAC,0.0,2.3417433891095056,0.001,0.9688616843744716
gamma2_skew,42037,LDC_cert_pk,0.0,2.273523192151194,,0.9662320047932156
gamma2_skew,42038,CP_PAC,0.0,2.018632479794294,0.001,0.9543850355094432
gamma2_skew,42038,FH_PAC,-0.1229801483942777,1.868869797954204,0.001,0.9373351074441288
gamma2_skew,42038,FH_normal,-0.1229801483942777,1.5610602110999203,0.001,0.9108635228537668
gamma2_skew,42038,HetLDC,0.0,1.7010510450270282,0.001,0.9340068846661916
gamma2_skew,42038,HetLDC_cert,0.0,1.7027520960720552,0.001,0.9341361521410716
gamma2_skew,42038,LDC_PAC,0.0,1.7694352758635872,0.001,0.9390183566742056
gamma2_skew,42038,LDC_cert_pk,0.0,1.710625372165765,,0.9347313413418623
gamma2_skew,42039,CP_PAC,0.0,2.689929679270228,0.001,0.9794851140738527
gamma2_skew,42039,FH_PAC,0.0563718881241206,1.9809190276009283,0.001,0.9553727074530912
gamma2_skew,42039,FH_normal,0.0563718881241206,1.649533705296901,0.001,0.9343751598406862
gamma2_skew,42039,HetLDC,0.0,2.4538688589554942,0.001,0.9727601138364216
gamma2_skew,42039,HetLDC_cert,0.0,2.4563227278144493,0.001,0.9728399211337284
gamma2_skew,42039,LDC_PAC,0.0,2.533048853524814,0.001,0.9752243028971612
gamma2_skew,42039,LDC_cert_pk,0.0,2.465504132269138,,0.9731365282405094
gamma2_skew,42040,CP_PAC,0.0,2.335965766360714,0.003,0.9686468579629092
gamma2_skew,42040,FH_PAC,0.0347867473022236,2.014664866240794,0.003,0.9560053629066678
gamma2_skew,42040,FH_normal,0.0347867473022236,1.7194276753027498,0.003,0.9379352187172406
gamma2_skew,42040,HetLDC,0.0,2.108313332408035,0.003,0.9589480249211358
gamma2_skew,42040,HetLDC_cert,0.0,2.114638272405259,0.003,0.9592527479522276
gamma2_skew,42040,LDC_PAC,0.0,2.1865124520678814,0.003,0.9625664166790596
gamma2_skew,42040,LDC_cert_pk,0.0,2.1196661424077443,,0.9594934306580303
gamma2_skew,42041,CP_PAC,0.0,3.031563120605323,0.003,0.9864470038243196
gamma2_skew,42041,FH_PAC,0.0361951690883782,2.111497766470511,0.003,0.9608102548073162
gamma2_skew,42041,FH_normal,0.0361951690883782,1.7974151348129546,0.003,0.943390581552279
gamma2_skew,42041,HetLDC,0.0,2.833507903195387,0.003,0.9827552789933592
gamma2_skew,42041,HetLDC_cert,0.0,2.842008426904973,0.003,0.9829321146805188
gamma2_skew,42041,LDC_PAC,0.0,2.917556342645284,0.003,0.9844281577703764
gamma2_skew,42041,LDC_cert_pk,0.0,2.8501283039590612,,0.98309938446744
gamma2_skew,42042,CP_PAC,0.0,3.1452635871482766,0.003,0.9882054638162656
gamma2_skew,42042,FH_PAC,0.009480236470869,2.825729179306671,0.003,0.9827908174271196
gamma2_skew,42042,FH_normal,0.009480236470869,2.42720517699637,0.003,0.9721948708859848
gamma2_skew,42042,HetLDC,0.0,2.9477828450333736,0.003,0.9849902752610982
gamma2_skew,42042,HetLDC_cert,0.0,2.956626193568473,0.003,0.9851509637768482
gamma2_skew,42042,LDC_PAC,0.0,3.0417237831136257,0.003,0.9866140159282006
gamma2_skew,42042,LDC_cert_pk,0.0,2.9657799063443906,,0.9853155270238885
gamma2_skew,42043,CP_PAC,0.0,3.0068223566263805,0.003,0.986031798012072
gamma2_skew,42043,FH_PAC,0.1226570450457005,2.236306639350908,0.003,0.969493588423093
gamma2_skew,42043,FH_normal,0.1226570450457005,1.84564778082086,0.003,0.9516155340928314
gamma2_skew,42043,HetLDC,0.0,2.799228161773981,0.003,0.9820239116848498
gamma2_skew,42043,HetLDC_cert,0.0,2.8076258462593024,0.003,0.9822058183544404
gamma2_skew,42043,LDC_PAC,0.0,2.893745994650867,0.003,0.9839709822846604
gamma2_skew,42043,LDC_cert_pk,0.0,2.8179553019288353,,0.9824271173893376
gamma2_skew,42044,CP_PAC,0.0,2.295314345909375,0.001,0.967094421094704
gamma2_skew,42044,FH_PAC,-0.1498422845113818,1.8008388703189857,0.001,0.9300936500127468
gamma2_skew,42044,FH_normal,-0.1498422845113818,1.5298772173906543,0.001,0.904815713917007
gamma2_skew,42044,HetLDC,0.0,2.0339607931859165,0.001,0.955197944570324
gamma2_skew,42044,HetLDC_cert,0.0,2.0359947539791023,0.001,0.9553047634114844
gamma2_skew,42044,LDC_PAC,0.0,2.1068981257385984,0.001,0.9588795442706946
gamma2_skew,42044,LDC_cert_pk,0.0,2.0455161533077453,,0.9558015687108229
gamma2_skew,42045,CP_PAC,0.0,2.916965352531105,0.003,0.9844169654861904
gamma2_skew,42045,FH_PAC,0.0790839294271853,2.1309898422592712,0.003,0.9635951493906976
gamma2_skew,42045,FH_normal,0.0790839294271853,1.7729307780992156,0.003,0.9445883224604676
gamma2_skew,42045,HetLDC,0.0,2.69789720981608,0.003,0.9796813816296766
gamma2_skew,42045,HetLDC_cert,0.0,2.7059909014455275,0.003,0.9798788908311478
gamma2_skew,42045,LDC_PAC,0.0,2.793012185138432,0.003,0.9818881014882704
gamma2_skew,42045,LDC_cert_pk,0.0,2.712485782160493,,0.9800360356982326
gamma2_skew,42046,CP_PAC,0.0,2.364264403493559,0.001,0.96968559687591
gamma2_skew,42046,FH_PAC,0.1153744496211169,1.917591179299568,0.001,0.9551455918239878
gamma2_skew,42046,FH_normal,0.1153744496211169,1.5698294258516472,0.001,0.9327909986314842
gamma2_skew,42046,HetLDC,0.0,2.0983393145223164,0.001,0.9584630485582472
gamma2_skew,42046,HetLDC_cert,0.0,2.100437653836839,0.001,0.9585655325877172
gamma2_skew,42046,LDC_PAC,0.0,2.170188257372456,0.001,0.961837340821026
gamma2_skew,42046,LDC_cert_pk,0.0,2.1068439334226827,,0.9588769197723079
gamma2_skew,42047,CP_PAC,0.0,1.93543918201939,0.001,0.9497209224437004
gamma2_skew,42047,FH_PAC,-0.1055316365625636,1.7270583590442623,0.001,0.927687980800361
gamma2_skew,42047,FH_normal,-0.1055316365625636,1.447191138884991,0.001,0.9006086338183125
gamma2_skew,42047,HetLDC,0.0,1.6067668981763032,0.001,0.9264538846948228
gamma2_skew,42047,HetLDC_cert,0.0,1.608373665074479,0.001,0.9265891889839156
gamma2_skew,42047,LDC_PAC,0.0,1.6818593830127893,0.001,0.9325316899574326
gamma2_skew,42047,LDC_cert_pk,0.0,1.615608863763187,,0.92719554784972
gamma2_skew,42048,CP_PAC,0.0,3.158329966698506,0.003,0.9883926831486206
gamma2_skew,42048,FH_PAC,0.1275968909281274,2.1288520061882323,0.003,0.965541092574026
gamma2_skew,42048,FH_normal,0.1275968909281274,1.7385859060210207,0.003,0.9454938737478422
gamma2_skew,42048,HetLDC,0.0,2.951965296468233,0.003,0.9850664826341888
gamma2_skew,42048,HetLDC_cert,0.0,2.960821192357638,0.003,0.9852266021891428
gamma2_skew,42048,LDC_PAC,0.0,3.039555918818534,0.003,0.9865785516743656
gamma2_skew,42048,LDC_cert_pk,0.0,2.9691852854496137,,0.9853762936759202
gamma2_skew,42049,CP_PAC,0.0,2.462188764590988,0.001,0.9730297876459724
gamma2_skew,42049,FH_PAC,-0.0060538437254116,1.900256998206696,0.001,0.9472434042334276
gamma2_skew,42049,FH_normal,-0.0060538437254116,1.548485245695859,0.001,0.9208385727080716
gamma2_skew,42049,HetLDC,0.0,2.1941987747608134,0.001,0.962905050574135
gamma2_skew,42049,HetLDC_cert,0.0,2.196392973535574,0.001,0.9630011779683542
gamma2_skew,42049,LDC_PAC,0.0,2.275401791875125,0.001,0.9663072025356748
gamma2_skew,42049,LDC_cert_pk,0.0,2.202392457417182,,0.9632627927090911
gamma2_skew,42050,CP_PAC,0.0,2.4277508953701235,0.001,0.9718965114651722
gamma2_skew,42050,FH_PAC,-0.0419116475604088,1.9860737197887584,0.001,0.950230571464622
gamma2_skew,42050,FH_normal,-0.0419116475604088,1.6447543143062968,0.001,0.9261224374358984
gamma2_skew,42050,HetLDC,0.0,2.1678759194726323,0.001,0.9617329693659528
gamma2_skew,42050,HetLDC_cert,0.0,2.170043795392105,0.001,0.9618308282945116
gamma2_skew,42050,LDC_PAC,0.0,2.243576454004845,0.001,0.9650112295532268
gamma2_skew,42050,LDC_cert_pk,0.0,2.1794315133147104,,0.9622518252806789
gamma2_skew,42051,CP_PAC,0.0,2.820152033264153,0.003,0.9824738341679928
gamma2_skew,42051,FH_PAC,0.0753880122878811,2.1861126672443296,0.003,0.9657469187825358
gamma2_skew,42051,FH_normal,0.0753880122878811,1.8428533320557776,0.003,0.9487014679283026
gamma2_skew,42051,HetLDC,0.0,2.567183671187196,0.003,0.9762187736033952
gamma2_skew,42051,HetLDC_cert,0.0,2.574885222200757,0.003,0.9764377436943183
gamma2_skew,42051,LDC_PAC,0.0,2.655676440048602,0.003,0.9786201841670936
gamma2_skew,42051,LDC_cert_pk,0.0,2.583417760967718,,0.9766780601335728
gamma2_skew,42052,CP_PAC,0.0,4.174784475546536,0.001,0.9967121850228314
gamma2_skew,42052,FH_PAC,0.1371928646690222,2.5802824787995853,0.001,0.9801559493293168
gamma2_skew,42052,FH_normal,0.1371928646690222,2.226564261296844,0.001,0.9696672722927736
gamma2_skew,42052,HetLDC,0.0,4.031437073502003,0.001,0.9960649789712044
gamma2_skew,42052,HetLDC_cert,0.0,4.035468510575505,0.001,0.9960847862612108
gamma2_skew,42052,LDC_PAC,0.0,4.121630136315607,0.001,0.9964854322829833
gamma2_skew,42052,LDC_cert_pk,0.0,4.042882441487997,,0.9961209568801109
gamma2_skew,42053,CP_PAC,0.0,3.2500339722164973,0.01,0.9896274092256054
gamma2_skew,42053,FH_PAC,0.2551026580790858,2.5828055133868277,0.01,0.9828470386578196
gamma2_skew,42053,FH_normal,0.2551026580790858,2.2026326050044727,0.01,0.9728857585414143
gamma2_skew,42053,HetLDC,0.0,3.0589363899408166,0.01,0.9868923745317656
gamma2_skew,42053,HetLDC_cert,0.0,3.0895257538402245,0.01,0.9873731955940364
gamma2_skew,42053,LDC_PAC,0.0,3.157612447782871,0.01,0.988382478003994
gamma2_skew,42053,LDC_cert_pk,0.0,3.0758297563044636,,0.9871600792005454
gamma2_skew,42054,CP_PAC,0.0,2.8391120159381247,0.003,0.9828720598429006
gamma2_skew,42054,FH_PAC,-0.1087695979797165,1.7750894153635035,0.003,0.9313143731894932
gamma2_skew,42054,FH_normal,-0.1087695979797165,1.472526210290917,0.003,0.9030518888909678
gamma2_skew,42054,HetLDC,0.0,2.591051186277638,0.003,0.9768910397563204
gamma2_skew,42054,HetLDC_cert,0.0,2.5988243398364705,0.003,0.977105981077338
gamma2_skew,42054,LDC_PAC,0.0,2.673530647444902,0.003,0.979075343506355
gamma2_skew,42054,LDC_cert_pk,0.0,2.6049326769765515,,0.977273526834349
gamma2_skew,42055,CP_PAC,0.0,2.307925813713967,0.001,0.967583800433227
gamma2_skew,42055,FH_PAC,0.270848248745573,1.9917464811162016,0.001,0.9657913377672604
gamma2_skew,42055,FH_normal,0.270848248745573,1.722258080430443,0.001,0.9529998701005749
gamma2_skew,42055,HetLDC,0.0,2.031746526734718,0.001,0.9550813784756172
gamma2_skew,42055,HetLDC_cert,0.0,2.033778273261453,0.001,0.9551883471043886
gamma2_skew,42055,LDC_PAC,0.0,2.1036694774231823,0.001,0.9587229021322188
gamma2_skew,42055,LDC_cert_pk,0.0,2.042494806807123,,0.9556444975494536
gamma2_skew,42056,CP_PAC,0.0,2.507029596019796,0.001,0.9744393506698872
gamma2_skew,42056,FH_PAC,0.0326904556604595,1.9908051826187172,0.001,0.9546444619719442
gamma2_skew,42056,FH_normal,0.0326904556604595,1.6296199329409395,0.001,0.9309969274981726
gamma2_skew,42056,HetLDC,0.0,2.2613838223173817,0.001,0.9657421710399868
gamma2_skew,42056,HetLDC_cert,0.0,2.263645206139699,0.001,0.9658339354190252
gamma2_skew,42056,LDC_PAC,0.0,2.3466317479215717,0.001,0.9690423362990476
gamma2_skew,42056,LDC_cert_pk,0.0,2.2734485294075624,,0.966229012809358
gamma2_skew,42057,CP_PAC,0.0,2.211631741452793,0.001,0.963662206239888
gamma2_skew,42057,FH_PAC,-0.1321329920725094,1.9097764076014407,0.001,0.9395949774073844
gamma2_skew,42057,FH_normal,-0.1321329920725094,1.609337007151602,0.001,0.9147344266734668
gamma2_skew,42057,HetLDC,0.0,1.9359358721462323,0.001,0.9497500757638004
gamma2_skew,42057,HetLDC_cert,0.0,1.9378718080183788,0.001,0.9498635517986594
gamma2_skew,42057,LDC_PAC,0.0,2.0158976350749955,0.001,0.9542385209017836
gamma2_skew,42057,LDC_cert_pk,0.0,1.9467243515475068,,0.9503793362803373
gamma2_skew,42058,CP_PAC,0.0,2.3793475845591048,0.001,0.9702255971444316
gamma2_skew,42058,FH_PAC,0.0014399157355011,2.038705062518696,0.001,0.9555219670873089
gamma2_skew,42058,FH_normal,0.0014399157355011,1.703112147953037,0.001,0.9342726750023832
gamma2_skew,42058,HetLDC,0.0,2.1224004431765784,0.001,0.959623747359878
gamma2_skew,42058,HetLDC_cert,0.0,2.1245228436197547,0.001,0.9597246233510328
gamma2_skew,42058,LDC_PAC,0.0,2.1988451231922066,0.001,0.9631083226883518
gamma2_skew,42058,LDC_cert_pk,0.0,2.134794542665921,,0.960209419247818
gamma2_skew,42059,CP_PAC,0.0,2.3609151211122748,0.001,0.969564411592891
gamma2_skew,42059,FH_PAC,-0.0063317424114626,2.130322349118725,0.001,0.9596993493118392
gamma2_skew,42059,FH_normal,-0.0063317424114626,1.7795267884778596,0.001,0.939283126617225
gamma2_skew,42059,HetLDC,0.0,2.083713773006164,0.001,0.9577419445106888
gamma2_skew,42059,HetLDC_cert,0.0,2.0857974867791698,0.001,0.9578454094875029
gamma2_skew,42059,LDC_PAC,0.0,2.167113908630518,0.001,0.9616985146043832
gamma2_skew,42059,LDC_cert_pk,0.0,2.0944831661004226,,0.9582740776863151
gamma2_skew,42060,CP_PAC,0.0,2.135717408290256,0.001,0.9602527005650024
gamma2_skew,42060,FH_PAC,-0.1711311938175538,1.9242761002307711,0.001,0.9378584268986712
gamma2_skew,42060,FH_normal,-0.1711311938175538,1.5923872628686448,0.001,0.9091487527514992
gamma2_skew,42060,HetLDC,0.0,1.84724971448756,0.001,0.9442805592054142
gamma2_skew,42060,HetLDC_cert,0.0,1.849096964202047,0.001,0.944400062963172
gamma2_skew,42060,LDC_PAC,0.0,1.918080453850036,0.001,0.9486918380836448
gamma2_skew,42060,LDC_cert_pk,0.0,1.855120039309233,,0.9447880181195096
gamma2_skew,42061,CP_PAC,0.0,2.033063255541168,0.001,0.9551507302726776
gamma2_skew,42061,FH_PAC,-0.1579942118226856,1.6832737250199643,0.001,0.9192746152648598
gamma2_skew,42061,FH_normal,-0.1579942118226856,1.3730111728758856,0.001,0.885461730990738
gamma2_skew,42061,HetLDC,0.0,1.6811233984626406,0.001,0.9324744996717096
gamma2_skew,42061,HetLDC_cert,0.0,1.6828045218611032,0.001,0.9326050654171664
gamma2_skew,42061,LDC_PAC,0.0,1.7509016782020723,0.001,0.9376970685992256
gamma2_skew,42061,LDC_cert_pk,0.0,1.6904728167986807,,0.9331975999288938
gamma2_skew,42062,CP_PAC,0.0,2.429786342986453,0.001,0.971964754104884
gamma2_skew,42062,FH_PAC,0.1232951576719096,1.7388823204058632,0.001,0.9452393151238806
gamma2_skew,42062,FH_normal,0.1232951576719096,1.4151720499836475,0.001,0.9071326058376772
gamma2_skew,42062,HetLDC,0.0,2.1642137328485784,0.001,0.9615671086216576
gamma2_skew,42062,HetLDC_cert,0.0,2.166377946581427,0.001,0.9616652093536924
gamma2_skew,42062,LDC_PAC,0.0,2.245457488156276,0.001,0.9650891442224524
gamma2_skew,42062,LDC_cert_pk,0.0,2.175178373700272,,0.9620616470419308
gamma2_skew,42063,CP_PAC,0.0,2.067870188217728,0.001,0.9569472405035272
gamma2_skew,42063,FH_PAC,-0.2219167286512194,1.6784859801969083,0.001,0.9127129592153188
gamma2_skew,42063,FH_normal,-0.2219167286512194,1.3588976125823589,0.001,0.8750890545814634
gamma2_skew,42063,HetLDC,0.0,1.7405863634215135,0.001,0.9369499374371
gamma2_skew,42063,HetLDC_cert,0.0,1.742326949784935,0.001,0.9370766009325622
gamma2_skew,42063,LDC_PAC,0.0,1.8125946617642776,0.001,0.9419927484132212
gamma2_skew,42063,LDC_cert_pk,0.0,1.7495391255408483,,0.9375988641806297
gamma2_skew,42064,CP_PAC,0.0,3.334194441900151,0.01,0.9906470401543238
gamma2_skew,42064,FH_PAC,0.1474490854625395,2.3033334518597512,0.01,0.9726594153738491
gamma2_skew,42064,FH_normal,0.1474490854625395,1.9161798836184172,0.01,0.9567320842034712
gamma2_skew,42064,HetLDC,0.0,3.135938623857161,0.01,0.9880700538925444
gamma2_skew,42064,HetLDC_cert,0.0,3.167298010095733,0.01,0.988519498228208
gamma2_skew,42064,LDC_PAC,0.0,3.239379638204921,0.01,0.9894908236730235
gamma2_skew,42064,LDC_cert_pk,0.0,3.155099897336063,,0.9883466733697548
gamma2_skew,42065,CP_PAC,0.0,2.2479051167615838,0.001,0.9651902778667864
gamma2_skew,42065,FH_PAC,-0.1380827302198624,1.629712462368016,0.001,0.9161214007763512
gamma2_skew,42065,FH_normal,-0.1380827302198624,1.332856795863728,0.001,0.8828505008877968
gamma2_skew,42065,HetLDC,0.0,1.9929041442120188,0.001,0.9529887395743304
gamma2_skew,42065,HetLDC_cert,0.0,1.9948970483562307,0.001,0.9530983413348362
gamma2_skew,42065,LDC_PAC,0.0,2.0633805935050686,0.001,0.956719452255151
gamma2_skew,42065,LDC_cert_pk,0.0,2.0044943680044667,,0.9536227399279043
gamma2_skew,42066,CP_PAC,0.0,2.8332864191936484,0.003,0.9827506477494614
gamma2_skew,42066,FH_PAC,0.1047795572206351,2.039570194494773,0.003,0.960655363959894
gamma2_skew,42066,FH_normal,0.1047795572206351,1.7580943643266334,0.003,0.9452836589515272
gamma2_skew,42066,HetLDC,0.0,2.6211062725262795,0.003,0.9777114347195178
gamma2_skew,42066,HetLDC_cert,0.0,2.628969591343858,0.003,0.9779213721891948
gamma2_skew,42066,LDC_PAC,0.0,2.712889094115735,0.003,0.9800457545252232
gamma2_skew,42066,LDC_cert_pk,0.0,2.636437542959189,,0.9781189784616467
gamma2_skew,42067,CP_PAC,0.0,2.7655174075949485,0.003,0.981275327072244
gamma2_skew,42067,FH_PAC,-0.0216667781510014,1.912933138705988,0.003,0.9470625817133232
gamma2_skew,42067,FH_normal,-0.0216667781510014,1.6068185532777195,0.003,0.9246106330437428
gamma2_skew,42067,HetLDC,0.0,2.52600897367575,0.003,0.9750142556997377
gamma2_skew,42067,HetLDC_cert,0.0,2.5335870005967767,0.003,0.9752402889550552
gamma2_skew,42067,LDC_PAC,0.0,2.6193493963592096,0.003,0.977664265287018
gamma2_skew,42067,LDC_cert_pk,0.0,2.543320899089841,,0.9755277239358084
gamma2_skew,42068,CP_PAC,0.0,2.4113994928854527,0.001,0.9713424433200836
gamma2_skew,42068,FH_PAC,0.0374133300189332,1.7933958582896503,0.001,0.943206138899489
gamma2_skew,42068,FH_normal,0.0374133300189332,1.510802735769645,0.001,0.921359561910285
gamma2_skew,42068,HetLDC,0.0,2.130986798875325,0.001,0.960030361446371
gamma2_skew,42068,HetLDC_cert,0.0,2.1331177856742003,0.001,0.9601306654645608
gamma2_skew,42068,LDC_PAC,0.0,2.2134541532499794,0.001,0.9637404942056638
gamma2_skew,42068,LDC_cert_pk,0.0,2.1423026992689276,,0.9605602332522515
gamma2_skew,42069,CP_PAC,0.0,2.1730790693261968,0.001,0.9619674379462864
gamma2_skew,42069,FH_PAC,-0.0424155490655642,1.709763603515527,0.001,0.9313955604816504
gamma2_skew,42069,FH_normal,-0.0424155490655642,1.4119911078778276,0.001,0.9036858785618934
gamma2_skew,42069,HetLDC,0.0,1.894429523762672,0.001,0.9472573176129284
gamma2_skew,42069,HetLDC_cert,0.0,1.8963239532864344,0.001,0.9473736181057826
gamma2_skew,42069,LDC_PAC,0.0,1.9664035570901088,0.001,0.9515078174038648
gamma2_skew,42069,LDC_cert_pk,0.0,1.9052828751901933,,0.9479203054018467
gamma2_skew,42070,CP_PAC,0.0,2.422269894978433,0.001,0.971711950592844
gamma2_skew,42070,FH_PAC,0.081066721982177,2.145685047635894,0.001,0.9643068472339722
gamma2_skew,42070,FH_normal,0.081066721982177,1.766769483386017,0.001,0.9443185274395288
gamma2_skew,42070,HetLDC,0.0,2.1567149180881304,0.001,0.961225328576114
gamma2_skew,42070,HetLDC_cert,0.0,2.1588716330062185,0.001,0.9613239250943214
gamma2_skew,42070,LDC_PAC,0.0,2.238511254174566,0.001,0.9648005898160548
gamma2_skew,42070,LDC_cert_pk,0.0,2.1685260874567405,,0.9617623435365247
gamma2_skew,42071,CP_PAC,0.0,2.625440528196792,0.001,0.977827390278881
gamma2_skew,42071,FH_PAC,0.0688961268081718,2.044362760051683,0.001,0.9591864775721194
gamma2_skew,42071,FH_normal,0.0688961268081718,1.69940148708194,0.001,0.9389380243451904
gamma2_skew,42071,HetLDC,0.0,2.3629847003818565,0.001,0.9696393491324438
gamma2_skew,42071,HetLDC_cert,0.0,2.365347685082238,0.001,0.9697246929203024
gamma2_skew,42071,LDC_PAC,0.0,2.4421160192737097,0.001,0.9723747225844748
gamma2_skew,42071,LDC_cert_pk,0.0,2.3754552451811164,,0.9700871411798049
gamma2_skew,42072,CP_PAC,0.0,2.959469672608034,0.003,0.9852022745178534
gamma2_skew,42072,FH_PAC,-0.0531933537127783,2.121748051180803,0.003,0.9569818692602018
gamma2_skew,42072,FH_normal,-0.0531933537127783,1.7660504663395826,0.003,0.9348991218351436
gamma2_skew,42072,HetLDC,0.0,2.7279673417149977,0.003,0.9804058259041272
gamma2_skew,42072,HetLDC_cert,0.0,2.7361512437401423,0.003,0.9805986097733423
gamma2_skew,42072,LDC_PAC,0.0,2.8186663421276394,0.003,0.9824422519571108
gamma2_skew,42072,LDC_cert_pk,0.0,2.7435111425082797,,0.980770409201781
gamma2_skew,42073,CP_PAC,0.0,2.7567356317750944,0.003,0.9810753988138412
gamma2_skew,42073,FH_PAC,0.2014363330621092,2.103571055858425,0.003,0.9674711806878996
gamma2_skew,42073,FH_normal,0.2014363330621092,1.778498380062368,0.003,0.9522694629111206
gamma2_skew,42073,HetLDC,0.0,2.5366984732617013,0.003,0.975332522000752
gamma2_skew,42073,HetLDC_cert,0.0,2.544308568681486,0.003,0.9755567079415786
gamma2_skew,42073,LDC_PAC,0.0,2.625577822725528,0.003,0.9778310537863776
gamma2_skew,42073,LDC_cert_pk,0.0,2.5519525036704453,,0.9757799045742007
gamma2_skew,42074,CP_PAC,0.0,2.068807947710959,0.001,0.956994674211483
gamma2_skew,42074,FH_PAC,-0.0426707603515427,1.6911058712139375,0.001,0.9298875969578764
gamma2_skew,42074,FH_normal,-0.0426707603515427,1.3851104750678098,0.001,0.9006958722067733
gamma2_skew,42074,HetLDC,0.0,1.7312696802457603,0.001,0.9362678297284612
gamma2_skew,42074,HetLDC_cert,0.0,1.7330009499260055,0.001,0.9363951099462572
gamma2_skew,42074,LDC_PAC,0.0,1.8134166562304368,0.001,0.942048034679467
gamma2_skew,42074,LDC_cert_pk,0.0,1.741639084953062,,0.9370265735135316
gamma2_skew,42075,CP_PAC,0.0,2.594647803732665,0.001,0.9769907344659144
gamma2_skew,42075,FH_PAC,0.0248282444337773,2.2506260824054523,0.001,0.9663093031171968
gamma2_skew,42075,FH_normal,0.0248282444337773,1.929171630744518,0.001,0.9507994368387072
gamma2_skew,42075,HetLDC,0.0,2.336512413936872,0.001,0.9686672447508228
gamma2_skew,42075,HetLDC_cert,0.0,2.3388489263508085,0.001,0.9687542391093552
gamma2_skew,42075,LDC_PAC,0.0,2.4134734334359065,0.001,0.9714132988149616
gamma2_skew,42075,LDC_cert_pk,0.0,2.3473145624657676,,0.9690674894645541
gamma2_skew,42076,CP_PAC,0.0,2.5622023225814923,0.001,0.9760760959549104
gamma2_skew,42076,FH_PAC,0.0764166437906651,1.8794863453020056,0.001,0.9509087634887357
gamma2_skew,42076,FH_normal,0.0764166437906651,1.5431894692106176,0.001,0.9275285105928416
gamma2_skew,42076,HetLDC,0.0,2.3076562840088384,0.001,0.9675734152636272
gamma2_skew,42076,HetLDC_cert,0.0,2.309963940292847,0.001,0.9676622271706298
gamma2_skew,42076,LDC_PAC,0.0,2.3832934966133634,0.001,0.970365327247725
gamma2_skew,42076,LDC_cert_pk,0.0,2.3198920720210596,,0.9680416515666935
gamma2_skew,42077,CP_PAC,0.0,2.6204292295073275,0.001,0.9776932685982058
gamma2_skew,42077,FH_PAC,-0.0293579137746258,2.295799247337151,0.001,0.965947071814414
gamma2_skew,42077,FH_normal,-0.0293579137746258,1.95749340364518,0.001,0.9492903605690086
gamma2_skew,42077,HetLDC,0.0,2.382192074352369,0.001,0.9703263882035326
gamma2_skew,42077,HetLDC_cert,0.0,2.3845742664267213,0.001,0.970410544814881
gamma2_skew,42077,LDC_PAC,0.0,2.467601776618649,0.001,0.9732038523033651
gamma2_skew,42077,LDC_cert_pk,0.0,2.392545998221782,,0.9706904928874034
gamma2_skew,42078,CP_PAC,0.0,2.201123592094558,0.001,0.9632076110783828
gamma2_skew,42078,FH_PAC,-0.2541953883592775,1.6590417530560966,0.001,0.9074464450116702
gamma2_skew,42078,FH_normal,-0.2541953883592775,1.2972113152675036,0.001,0.8614508794045967
gamma2_skew,42078,HetLDC,0.0,1.830512754799337,0.001,0.943186586437005
gamma2_skew,42078,HetLDC_cert,0.0,1.832343267554136,0.001,0.9433072228835392
gamma2_skew,42078,LDC_PAC,0.0,1.9127340197135476,0.001,0.9483708521879132
gamma2_skew,42078,LDC_cert_pk,0.0,1.8352035678086127,,0.9434952371083684
gamma2_skew,42079,CP_PAC,0.0,2.113624043814829,0.001,0.9592040310171824
gamma2_skew,42079,FH_PAC,-0.0536511625596851,1.5732609151608066,0.001,0.9187512596625
gamma2_skew,42079,FH_normal,-0.0536511625596851,1.246639681982588,0.001,0.8709524157241825
gamma2_skew,42079,HetLDC,0.0,1.7964804962272576,0.001,0.9408987382804002
gamma2_skew,42079,HetLDC_cert,0.0,1.7982769767234843,0.001,0.9410216690751348
gamma2_skew,42079,LDC_PAC,0.0,1.868289245306541,0.001,0.9456272962394427
gamma2_skew,42079,LDC_cert_pk,0.0,1.8077861780641442,,0.9416683288534126
gamma2_skew,42080,CP_PAC,0.0,2.5873765032466207,0.003,0.9767887489727152
gamma2_skew,42080,FH_PAC,0.1055404905620848,2.0787102550646024,0.003,0.962466208742063
gamma2_skew,42080,FH_normal,0.1055404905620848,1.7049228828246834,0.003,0.9418491667985536
gamma2_skew,42080,HetLDC,0.0,2.3760201576985134,0.003,0.9701072743912412
gamma2_skew,42080,HetLDC_cert,0.0,2.383148218171609,0.003,0.9703601939832944
gamma2_skew,42080,LDC_PAC,0.0,2.450623909768449,0.003,0.972654230069058
gamma2_skew,42080,LDC_cert_pk,0.0,2.3868601861122984,,0.9704910837199286
gamma2_skew,42081,CP_PAC,0.0,3.0967247802951,0.01,0.9874838285968076
gamma2_skew,42081,FH_PAC,0.0305257254517596,2.252790086677826,0.01,0.966622222356966
gamma2_skew,42081,FH_normal,0.0305257254517596,1.9163966727522384,0.01,0.95039081707193
gamma2_skew,42081,HetLDC,0.0,2.9065368158729226,0.01,0.984218174927972
gamma2_skew,42081,HetLDC_cert,0.0,2.9356021840316515,0.01,0.9847661709692056
gamma2_skew,42081,LDC_PAC,0.0,2.994782838700402,0.01,0.9858252896652768
gamma2_skew,42081,LDC_cert_pk,0.0,2.926135771689885,,0.9845897580137218
gamma2_skew,42082,CP_PAC,0.0,2.5063440371885424,0.003,0.974418346681422
gamma2_skew,42082,FH_PAC,0.1202102983113422,2.3366718879490187,0.003,0.9728580847644448
gamma2_skew,42082,FH_normal,0.1202102983113422,1.9788806066843745,0.003,0.9584997845691826
gamma2_skew,42082,HetLDC,0.0,2.2649058321205944,0.003,0.9658849873767468
gamma2_skew,42082,HetLDC_cert,0.0,2.271700549616956,0.003,0.9661588924459392
gamma2_skew,42082,LDC_PAC,0.0,2.3459900506232856,0.003,0.9690186798057964
gamma2_skew,42082,LDC_cert_pk,0.0,2.2789777155381485,,0.9664498962794015
gamma2_skew,42083,CP_PAC,0.0,2.135442003237757,0.001,0.9602397891255126
gamma2_skew,42083,FH_PAC,-0.0926470746484193,1.9236241426016905,0.001,0.9432172092326142
gamma2_skew,42083,FH_normal,-0.0926470746484193,1.5489541057250569,0.001,0.9126869836234048
gamma2_skew,42083,HetLDC,0.0,1.8216936302654168,0.001,0.9426019443132344
gamma2_skew,42083,HetLDC_cert,0.0,1.8235153238956825,0.001,0.9427231765526506
gamma2_skew,42083,LDC_PAC,0.0,1.9029100587195595,0.001,0.9477760425578928
gamma2_skew,42083,LDC_cert_pk,0.0,1.833115489776375,,0.9433580414996602
gamma2_skew,42084,CP_PAC,0.0,2.319868117310652,0.001,0.9680407412735578
gamma2_skew,42084,FH_PAC,-0.0345026846845793,2.2246129467759643,0.001,0.9627252926458292
gamma2_skew,42084,FH_normal,-0.0345026846845793,1.861639259554749,0.001,0.9429634441028244
gamma2_skew,42084,HetLDC,0.0,2.014930643252508,0.001,0.9541866082273424
gamma2_skew,42084,HetLDC_cert,0.0,2.01694557389576,0.001,0.9542947155971386
gamma2_skew,42084,LDC_PAC,0.0,2.099231906584084,0.001,0.9585066729283664
gamma2_skew,42084,LDC_cert_pk,0.0,2.0254220339944196,,0.9547468348400103
gamma2_skew,42085,CP_PAC,0.0,2.1641671942734853,0.001,0.9615649964468856
gamma2_skew,42085,FH_PAC,0.1401174423016276,1.789593351368238,0.001,0.9493835235974438
gamma2_skew,42085,FH_normal,0.1401174423016276,1.424245960684298,0.001,0.9078136786493228
gamma2_skew,42085,HetLDC,0.0,1.7940215094490746,0.001,0.9407300777611632
gamma2_skew,42085,HetLDC_cert,0.0,1.7958155309585233,0.001,0.940853173789564
gamma2_skew,42085,LDC_PAC,0.0,1.8638101702126733,0.001,0.9453432176670816
gamma2_skew,42085,LDC_cert_pk,0.0,1.8009378328761054,,0.9412033009704455
gamma2_skew,42086,CP_PAC,0.0,2.4985587230660147,0.001,0.9741786475131324
gamma2_skew,42086,FH_PAC,-0.1083125916392202,2.069936193140611,0.001,0.9512359943713122
gamma2_skew,42086,FH_normal,-0.1083125916392202,1.6449285398624998,0.001,0.9203115315155485
gamma2_skew,42086,HetLDC,0.0,2.226332575169043,0.001,0.9642891241632274
gamma2_skew,42086,HetLDC_cert,0.0,2.2285589077442114,0.001,0.964383154156823
gamma2_skew,42086,LDC_PAC,0.0,2.309012646523894,0.001,0.9676256443489648
gamma2_skew,42086,LDC_cert_pk,0.0,2.237913035841794,,0.9647756320623311
gamma2_skew,42087,CP_PAC,0.0,2.8213720382388394,0.003,0.9824997272315744
gamma2_skew,42087,FH_PAC,-0.0634647124700309,2.196824187807453,0.003,0.960142026350001
gamma2_skew,42087,FH_normal,-0.0634647124700309,1.8678105077219864,0.003,0.9414351534627724
gamma2_skew,42087,HetLDC,0.0,2.6194302364486464,0.003,0.977666437841577
gamma2_skew,42087,HetLDC_cert,0.0,2.627288527157992,0.003,0.9778766523035818
gamma2_skew,42087,LDC_PAC,0.0,2.701481001401748,0.003,0.9797690674049704
gamma2_skew,42087,LDC_cert_pk,0.0,2.6324429982059154,,0.9780134947844541
gamma2_skew,42088,CP_PAC,0.0,2.319102058596324,0.001,0.968011617404025
gamma2_skew,42088,FH_PAC,-0.0946648196427874,1.5504634806505126,0.001,0.912636603736592
gamma2_skew,42088,FH_normal,-0.0946648196427874,1.2269448658872373,0.001,0.8665750043512768
gamma2_skew,42088,HetLDC,0.0,2.0353492616039603,0.001,0.955270890124832
gamma2_skew,42088,HetLDC_cert,0.0,2.037384610865564,0.001,0.9553776150608276
gamma2_skew,42088,LDC_PAC,0.0,2.113856600896353,0.001,0.9592152064819068
gamma2_skew,42088,LDC_cert_pk,0.0,2.046259783571814,,0.9558401461096727
gamma2_skew,42089,CP_PAC,0.0,2.161098649883802,0.001,0.9614254827229244
gamma2_skew,42089,FH_PAC,-0.1713616075780749,1.686224642643234,0.001,0.9183106507570844
gamma2_skew,42089,FH_normal,-0.1713616075780749,1.376317864000166,0.001,0.8841707725041426
gamma2_skew,42089,HetLDC,0.0,1.86192679704358,0.001,0.9452233454200716
gamma2_skew,42089,HetLDC_cert,0.0,1.863788723840623,0.001,0.9453418540651608
gamma2_skew,42089,LDC_PAC,0.0,1.9408752595701424,0.001,0.9500391164278816
gamma2_skew,42089,LDC_cert_pk,0.0,1.872779658949183,,0.9459106802736963
gamma2_skew,42090,CP_PAC,0.0,2.662055042633237,0.003,0.9787838863833376
gamma2_skew,42090,FH_PAC,0.220799033832823,2.093538290639417,0.003,0.967829897344459
gamma2_skew,42090,FH_normal,0.220799033832823,1.7590869305299452,0.003,0.952266739577854
gamma2_skew,42090,HetLDC,0.0,2.45240007446646,0.003,0.972712236093977
gamma2_skew,42090,HetLDC_cert,0.0,2.459757274689859,0.003,0.972951243615855
gamma2_skew,42090,LDC_PAC,0.0,2.5354018725081406,0.003,0.9752941274946086
gamma2_skew,42090,LDC_cert_pk,0.0,2.4634195832317083,,0.9730694624853717
gamma2_skew,42091,CP_PAC,0.0,2.8940002765245647,0.003,0.9839759329888288
gamma2_skew,42091,FH_PAC,0.0719494300933052,2.295721145653708,0.003,0.9698083629629064
gamma2_skew,42091,FH_normal,0.0719494300933052,1.9296297618181768,0.003,0.9534640507304946
gamma2_skew,42091,HetLDC,0.0,2.697164797323917,0.003,0.9796634161242184
gamma2_skew,42091,HetLDC_cert,0.0,2.7052562917158887,0.003,0.9798610414178128
gamma2_skew,42091,LDC_PAC,0.0,2.785166769249233,0.003,0.9817152664247016
gamma2_skew,42091,LDC_cert_pk,0.0,2.7115326566059617,,0.9800130494516963
gamma2_skew,42092,CP_PAC,0.0,2.727816871033694,0.003,0.9804022639913444
gamma2_skew,42092,FH_PAC,0.0163311500287702,2.080655010463244,0.003,0.9583968308384828
gamma2_skew,42092,FH_normal,0.0163311500287702,1.7400276620497082,0.003,0.9380889154386536
gamma2_skew,42092,HetLDC,0.0,2.53110978823278,0.003,0.97516661863287
gamma2_skew,42092,HetLDC_cert,0.0,2.5387031175974784,0.003,0.9753917692029068
gamma2_skew,42092,LDC_PAC,0.0,2.6119013559802147,0.003,0.9774632200485168
gamma2_skew,42092,LDC_cert_pk,0.0,2.5441666790693116,,0.9755525461150867
gamma2_skew,42093,CP_PAC,0.0,2.3741586041546867,0.001,0.9700408800064756
gamma2_skew,42093,FH_PAC,0.059408562755177,2.0561525771003475,0.001,0.959297027967826
gamma2_skew,42093,FH_normal,0.059408562755177,1.728933107035921,0.001,0.9403387486027034
gamma2_skew,42093,HetLDC,0.0,2.142741600726051,0.001,0.9605806484868084
gamma2_skew,42093,HetLDC_cert,0.0,2.144884342326777,0.001,0.960680171159876
gamma2_skew,42093,LDC_PAC,0.0,2.2222617411280687,0.001,0.9641165728856348
gamma2_skew,42093,LDC_cert_pk,0.0,2.152480684755578,,0.9610310531646975
gamma2_skew,42094,CP_PAC,0.0,2.880866968526563,0.003,0.9837182799336948
gamma2_skew,42094,FH_PAC,0.1631498185969689,2.264726068520132,0.003,0.9719007066959348
gamma2_skew,42094,FH_normal,0.1631498185969689,1.935874721292865,0.003,0.9584965420508876
gamma2_skew,42094,HetLDC,0.0,2.664864615226196,0.003,0.9788556057504634
gamma2_skew,42094,HetLDC_cert,0.0,2.672859209071874,0.003,0.9790583978410358
gamma2_skew,42094,LDC_PAC,0.0,2.758447761429729,0.003,0.9811145396337496
gamma2_skew,42094,LDC_cert_pk,0.0,2.6805859874516362,,0.9792526028124456
gamma2_skew,42095,CP_PAC,0.0,2.0553747427581586,0.001,0.9563103899781036
gamma2_skew,42095,FH_PAC,0.0554026572302121,1.751895972961245,0.001,0.9416353386306608
gamma2_skew,42095,FH_normal,0.0554026572302121,1.4445375064892196,0.001,0.9162964842478912
gamma2_skew,42095,HetLDC,0.0,1.7141446586423037,0.001,0.9349957322902472
gamma2_skew,42095,HetLDC_cert,0.0,1.715858803300946,0.001,0.935124141275744
gamma2_skew,42095,LDC_PAC,0.0,1.7860810759801362,0.001,0.940182315624359
gamma2_skew,42095,LDC_cert_pk,0.0,1.7235765035544286,,0.9356993090475643
gamma2_skew,42096,CP_PAC,0.0,2.376937799720068,0.001,0.9701399508372532
gamma2_skew,42096,FH_PAC,0.0274067755681086,1.8215128420141296,0.001,0.9443886005219744
gamma2_skew,42096,FH_normal,0.0274067755681086,1.540915646814517,0.001,0.9231453733878874
gamma2_skew,42096,HetLDC,0.0,2.104343952763319,0.001,0.958755672436399
gamma2_skew,42096,HetLDC_cert,0.0,2.1064482967160822,0.001,0.9588577544742626
gamma2_skew,42096,LDC_PAC,0.0,2.181821328373802,0.001,0.9623582828771312
gamma2_skew,42096,LDC_cert_pk,0.0,2.1162576165403864,,0.9593304149637653
gamma2_skew,42097,CP_PAC,0.0,2.516241326967533,0.001,0.9747199642223456
gamma2_skew,42097,FH_PAC,-0.0179697897581532,2.31267726511884,0.001,0.9670706932327866
gamma2_skew,42097,FH_normal,-0.0179697897581532,1.9293489245548583,0.001,0.948289204433173
gamma2_skew,42097,HetLDC,0.0,2.2177634243093465,0.001,0.96392496882255
gamma2_skew,42097,HetLDC_cert,0.0,2.2199811877336555,0.001,0.964019556292249
gamma2_skew,42097,LDC_PAC,0.0,2.2935486253148847,0.001,0.9670253378677812
gamma2_skew,42097,LDC_cert_pk,0.0,2.2284313879412814,,0.9643777747487455
gamma2_skew,42098,CP_PAC,0.0,2.5564987285144314,0.003,0.9759117134691162
gamma2_skew,42098,FH_PAC,0.1888549317217439,2.0463029483075914,0.003,0.9646604665392604
gamma2_skew,42098,FH_normal,0.1888549317217439,1.727412273840984,0.003,0.9485831895611312
gamma2_skew,42098,HetLDC,0.0,2.2969331356108964,0.003,0.9671576331367424
gamma2_skew,42098,HetLDC_cert,0.0,2.303823935017729,0.003,0.967425404732546
gamma2_skew,42098,LDC_PAC,0.0,2.377988162788807,0.003,0.970177311049344
gamma2_skew,42098,LDC_cert_pk,0.0,2.3114362380042035,,0.9677187670990991
gamma2_skew,42099,CP_PAC,0.0,2.958785014306466,0.003,0.985189935624986
gamma2_skew,42099,FH_PAC,0.1654636140060933,2.4141870105615686,0.003,0.9765722540066514
gamma2_skew,42099,FH_normal,0.1654636140060933,1.998812331760569,0.003,0.9615699320095236
gamma2_skew,42099,HetLDC,0.0,2.759956840419557,0.003,0.981148973330661
gamma2_skew,42099,HetLDC_cert,0.0,2.7682367109408155,0.003,0.9813368183694609
gamma2_skew,42099,LDC_PAC,0.0,2.847515173390149,0.003,0.9830457285975986
gamma2_skew,42099,LDC_cert_pk,0.0,2.774551911658095,,0.981478867462269
gamma2_skew,42100,CP_PAC,0.0,2.0726869265086227,0.001,0.9571903487713682
gamma2_skew,42100,FH_PAC,-0.1595533658367073,1.587808343774849,0.001,0.9098658354515524
gamma2_skew,42100,FH_normal,-0.1595533658367073,1.2969346945888944,0.001,0.8751444305857042
gamma2_skew,42100,HetLDC,0.0,1.767362006320281,0.001,0.9388718840603864
gamma2_skew,42100,HetLDC_cert,0.0,1.7691293683266012,0.001,0.9389967658817934
gamma2_skew,42100,LDC_PAC,0.0,1.8469884899939617,0.001,0.9442636401188172
gamma2_skew,42100,LDC_cert_pk,0.0,1.7790747117329666,,0.9396949934476506
gamma2_skew,42101,CP_PAC,0.0,2.5544684838049863,0.001,0.9758529365497214
gamma2_skew,42101,FH_PAC,0.2078040763662875,2.135429628581312,0.001,0.9689168672702057
gamma2_skew,42101,FH_normal,0.2078040763662875,1.770969168626703,0.001,0.95220453745007
gamma2_skew,42101,HetLDC,0.0,2.2831941390706114,0.001,0.9666174006739618
gamma2_skew,42101,HetLDC_cert,0.0,2.2854773332096814,0.001,0.9667077677692376
gamma2_skew,42101,LDC_PAC,0.0,2.360680971714184,0.001,0.9695559220310423
gamma2_skew,42101,LDC_cert_pk,0.0,2.2951333384535206,,0.9670873456595955
gamma2_skew,42102,CP_PAC,0.0,2.1708166750287274,0.001,0.961865658248834
gamma2_skew,42102,FH_PAC,0.0968035384282041,1.742584018217657,0.001,0.94376919085249
gamma2_skew,42102,FH_normal,0.0968035384282041,1.4520595781222914,0.001,0.9181289528741728
gamma2_skew,42102,HetLDC,0.0,1.8435398424601632,0.001,0.944039817351314
gamma2_skew,42102,HetLDC_cert,0.0,1.845383382302623,0.001,0.9441595723847016
gamma2_skew,42102,LDC_PAC,0.0,1.9188433531292617,0.001,0.9487374848973654
gamma2_skew,42102,LDC_cert_pk,0.0,1.8516578857268686,,0.9445653321478358
gamma2_skew,42103,CP_PAC,0.0,2.3738684371138974,0.001,0.9700305180616032
gamma2_skew,42103,FH_PAC,0.0773969762085342,1.7170217474398546,0.001,0.9407573534370764
gamma2_skew,42103,FH_normal,0.0773969762085342,1.448182976093579,0.001,0.9174917743837772
gamma2_skew,42103,HetLDC,0.0,2.0962153651328923,0.001,0.958359066059165
gamma2_skew,42103,HetLDC_cert,0.0,2.098311580498025,0.001,0.9584616923862972
gamma2_skew,42103,LDC_PAC,0.0,2.179003921540757,0.001,0.9622327471170796
gamma2_skew,42103,LDC_cert_pk,0.0,2.106036060310767,,0.958837775940771
gamma2_skew,42104,CP_PAC,0.0,2.7763445016339645,0.003,0.98151899679822
gamma2_skew,42104,FH_PAC,0.3598194687345544,1.920160059350125,0.003,0.966489768122364
gamma2_skew,42104,FH_normal,0.3598194687345544,1.6056456366208665,0.003,0.9272240276085174
gamma2_skew,42104,HetLDC,0.0,2.563456298462629,0.003,0.9761120906773876
gamma2_skew,42104,HetLDC_cert,0.0,2.571146667358017,0.003,0.976331694304473
gamma2_skew,42104,LDC_PAC,0.0,2.6442537571302385,0.003,0.9783239631822342
gamma2_skew,42104,LDC_cert_pk,0.0,2.578396283519417,,0.9765369207316101
gamma2_skew,42105,CP_PAC,0.0,3.0490371075887035,0.003,0.9867329825377776
gamma2_skew,42105,FH_PAC,0.2627023607259646,2.128477164650145,0.003,0.9706426879236978
gamma2_skew,42105,FH_normal,0.2627023607259646,1.804541031366673,0.003,0.956915507966434
gamma2_skew,42105,HetLDC,0.0,2.829720794286923,0.003,0.982675923666091
gamma2_skew,42105,HetLDC_cert,0.0,2.838209956669784,0.003,0.9828533144182444
gamma2_skew,42105,LDC_PAC,0.0,2.9194716992593004,0.003,0.984464377415418
gamma2_skew,42105,LDC_cert_pk,0.0,2.845532988243724,,0.983004917588983
gamma2_skew,42106,CP_PAC,0.0,2.1884136006924084,0.001,0.9626504505936312
gamma2_skew,42106,FH_PAC,-0.2296726556574838,1.7683628198089032,0.001,0.9204998912807132
gamma2_skew,42106,FH_normal,-0.2296726556574838,1.4662699535477193,0.001,0.8881859491045455
gamma2_skew,42106,HetLDC,0.0,1.912405245136739,0.001,0.9483510509701072
gamma2_skew,42106,HetLDC_cert,0.0,1.9143176503818755,0.001,0.948466128546657
gamma2_skew,42106,LDC_PAC,0.0,1.994734349084647,0.001,0.9530894026999516
gamma2_skew,42106,LDC_cert_pk,0.0,1.924798949638903,,0.9490924973558321
gamma2_skew,42107,CP_PAC,0.0,3.273512475668979,0.01,0.9899223032479976
gamma2_skew,42107,FH_PAC,0.1072960867251486,2.407647266423127,0.01,0.9746806057118376
gamma2_skew,42107,FH_normal,0.1072960867251486,2.0453551899333657,0.01,0.9610388983220978
gamma2_skew,42107,HetLDC,0.0,3.078844872415254,0.01,0.9872072949353744
gamma2_skew,42107,HetLDC_cert,0.0,3.1096333211394063,0.01,0.987679841059704
gamma2_skew,42107,LDC_PAC,0.0,3.1804232908050163,0.01,0.9887026648396644
gamma2_skew,42107,LDC_cert_pk,0.0,3.0982942249312115,,0.9875078216325055
gamma2_skew,42108,CP_PAC,0.0,1.8814695702187576,0.003,0.9464550931439594
gamma2_skew,42108,FH_PAC,-0.1547544082590868,1.5785958283699857,0.003,0.9094142593478696
gamma2_skew,42108,FH_normal,-0.1547544082590868,1.2501382082218797,0.003,0.8691256404720217
gamma2_skew,42108,HetLDC,0.0,1.509229073376304,0.003,0.9177847641124122
gamma2_skew,42108,HetLDC_cert,0.0,1.5137567605964326,0.003,0.9182076391872552
gamma2_skew,42108,LDC_PAC,0.0,1.5742639777881828,0.003,0.9236657226831936
gamma2_skew,42108,LDC_cert_pk,0.0,1.5121373531320446,,0.918056626247576
gamma2_skew,42109,CP_PAC,0.0,2.2797876673740127,0.001,0.966482135658547
gamma2_skew,42109,FH_PAC,0.0376567070333565,2.1311969501106622,0.001,0.9617771347136228
gamma2_skew,42109,FH_normal,0.0376567070333565,1.7073964827468924,0.001,0.9372745053996768
gamma2_skew,42109,HetLDC,0.0,1.967210890643668,0.001,0.9515535850003995
gamma2_skew,42109,HetLDC_cert,0.0,1.969178101534311,0.001,0.951664932946113
gamma2_skew,42109,LDC_PAC,0.0,2.047469457684062,0.001,0.955902831597927
gamma2_skew,42109,LDC_cert_pk,0.0,1.9758222667193204,,0.9520391991048129
gamma2_skew,42110,CP_PAC,0.0,2.174938192933634,0.001,0.962050879982206
gamma2_skew,42110,FH_PAC,0.0255735263519137,1.7722757631447446,0.001,0.9409924250873448
gamma2_skew,42110,FH_normal,0.0255735263519137,1.465889695442524,0.001,0.916105513248261
gamma2_skew,42110,HetLDC,0.0,1.865207073470032,0.001,0.9454319656559932
gamma2_skew,42110,HetLDC_cert,0.0,1.8670722805435016,0.001,0.9455502516977474
gamma2_skew,42110,LDC_PAC,0.0,1.9381054405372,0.001,0.9498772297389126
gamma2_skew,42110,LDC_cert_pk,0.0,1.8766791152240727,,0.9461556265251723
gamma2_skew,42111,CP_PAC,0.0,2.9178364727290185,0.003,0.9844334601938796
gamma2_skew,42111,FH_PAC,0.2877902562173656,2.0380023337709443,0.003,0.9682651149081848
gamma2_skew,42111,FH_normal,0.2877902562173656,1.7185292746379004,0.003,0.9537218298474563
gamma2_skew,42111,HetLDC,0.0,2.7317562027166904,0.003,0.9804953082037878
gamma2_skew,42111,HetLDC_cert,0.0,2.73995147132484,0.003,0.9806875023639396
gamma2_skew,42111,LDC_PAC,0.0,2.821783404927017,0.003,0.9825084495830436
gamma2_skew,42111,LDC_cert_pk,0.0,2.7452477646241897,,0.9808107306158922
gamma2_skew,42112,CP_PAC,0.0,2.155366242601321,0.001,0.96116354976194
gamma2_skew,42112,FH_PAC,0.042373909188317,1.6180955201283953,0.001,0.9308507048585002
gamma2_skew,42112,FH_normal,0.042373909188317,1.2832081694479354,0.001,0.8732246221617967
gamma2_skew,42112,HetLDC,0.0,1.810576983232108,0.001,0.9418568290475638
gamma2_skew,42112,HetLDC_cert,0.0,1.81238756021534,0.001,0.9419788111186368
gamma2_skew,42112,LDC_PAC,0.0,1.8892894572136132,0.001,0.9469405281201174
gamma2_skew,42112,LDC_cert_pk,0.0,1.816469362161241,,0.9422529168928178
gamma2_skew,42113,CP_PAC,0.0,2.6990542113616622,0.003,0.979709730594292
gamma2_skew,42113,FH_PAC,-0.0971400372054623,2.0470530505395805,0.003,0.9505638751111636
gamma2_skew,42113,FH_normal,-0.0971400372054623,1.7185678425672026,0.003,0.9276797757210626
gamma2_skew,42113,HetLDC,0.0,2.4809460541357606,0.003,0.9736283336551655
gamma2_skew,42113,HetLDC_cert,0.0,2.488388892298168,0.003,0.9738622577801012
gamma2_skew,42113,LDC_PAC,0.0,2.5706407237613824,0.003,0.9763173070330906
gamma2_skew,42113,LDC_cert_pk,0.0,2.494421247227482,,0.9740503776219208
gamma2_skew,42114,CP_PAC,0.0,2.07791084483544,0.001,0.9574525199820698
gamma2_skew,42114,FH_PAC,-0.1528659391655939,1.75405263120867,0.001,0.9259821478722704
gamma2_skew,42114,FH_normal,-0.1528659391655939,1.447333020493548,0.001,0.8951968308359979
gamma2_skew,42114,HetLDC,0.0,1.773720252053557,0.001,0.9393200254713971
gamma2_skew,42114,HetLDC_cert,0.0,1.7754939723056105,0.001,0.939444482373932
gamma2_skew,42114,LDC_PAC,0.0,1.8516435668890296,0.001,0.9445644093840032
gamma2_skew,42114,LDC_cert_pk,0.0,1.7837535449512891,,0.9400208429910012
gamma2_skew,42115,CP_PAC,0.0,2.657311550683904,0.003,0.978662264482706
gamma2_skew,42115,FH_PAC,-0.0005026998738415,1.986657550601548,0.003,0.952615732033263
gamma2_skew,42115,FH_normal,-0.0005026998738415,1.6816263557026137,0.003,0.9324745196785852
gamma2_skew,42115,HetLDC,0.0,2.440828113963134,0.003,0.9723321714893384
gamma2_skew,42115,HetLDC_cert,0.0,2.448150598305023,0.003,0.9725732580511244
gamma2_skew,42115,LDC_PAC,0.0,2.5168626265402616,0.003,0.9747387829558212
gamma2_skew,42115,LDC_cert_pk,0.0,2.449823528263528,,0.9726280522572793
gamma2_skew,42116,CP_PAC,0.0,2.1957874145908614,0.001,0.9629746725154592
gamma2_skew,42116,FH_PAC,0.0122043641176485,1.7073569500860737,0.001,0.9354006805434368
gamma2_skew,42116,FH_normal,0.0122043641176485,1.377462127004744,0.001,0.9035562758426368
gamma2_skew,42116,HetLDC,0.0,1.9247556700702804,0.001,0.9490899259563426
gamma2_skew,42116,HetLDC_cert,0.0,1.9266804257403505,0.001,0.9492041629774772
gamma2_skew,42116,LDC_PAC,0.0,2.0014555647919283,0.001,0.953457309546322
gamma2_skew,42116,LDC_cert_pk,0.0,1.9328060375886524,,0.9495660994237607
gamma2_skew,42117,CP_PAC,0.0,2.387488148890652,0.001,0.970513171404732
gamma2_skew,42117,FH_PAC,0.0979330500729508,1.829328090462729,0.001,0.9492385811284592
gamma2_skew,42117,FH_normal,0.0979330500729508,1.508887446701265,0.001,0.926447812400722
gamma2_skew,42117,HetLDC,0.0,2.145997499830911,0.001,0.9607317780366432
gamma2_skew,42117,HetLDC_cert,0.0,2.148143497330741,0.001,0.9608310846454452
gamma2_skew,42117,LDC_PAC,0.0,2.220778947994881,0.001,0.964053522326962
gamma2_skew,42117,LDC_cert_pk,0.0,2.1588636701749424,,0.9613235615084585
gamma2_skew,42118,CP_PAC,0.0,2.561044915185989,0.001,0.976042826573215
gamma2_skew,42118,FH_PAC,0.0170326173257772,2.170704081165729,0.001,0.9626205512104308
gamma2_skew,42118,FH_normal,0.0170326173257772,1.8371709346761664,0.001,0.9447291527142032
gamma2_skew,42118,HetLDC,0.0,2.34318499137335,0.001,0.9689150650131656
gamma2_skew,42118,HetLDC_cert,0.0,2.345528176364723,0.001,0.9690016417875248
gamma2_skew,42118,LDC_PAC,0.0,2.425684045314016,0.001,0.9718270517841
gamma2_skew,42118,LDC_cert_pk,0.0,2.3532337379691604,,0.9692847122865689
gamma2_skew,42119,CP_PAC,0.0,2.346543098378108,0.001,0.969039069226733
gamma2_skew,42119,FH_PAC,0.0730390745011746,1.9864717294927696,0.001,0.956522184291399
gamma2_skew,42119,FH_normal,0.0730390745011746,1.7033102745001123,0.001,0.9395044149365356
gamma2_skew,42119,HetLDC,0.0,2.0398723289852154,0.001,0.9555077289679094
gamma2_skew,42119,HetLDC_cert,0.0,2.0419122013142004,0.001,0.9556141481084172
gamma2_skew,42119,LDC_PAC,0.0,2.123369904320458,0.001,0.9596698551281012
gamma2_skew,42119,LDC_cert_pk,0.0,2.046746666658471,,0.955865386722901
gamma2_skew,42120,CP_PAC,0.0,2.3612324496388157,0.001,0.9695759133373244
gamma2_skew,42120,FH_PAC,-0.0078503802258185,1.9168294915711972,0.001,0.9481442720909644
gamma2_skew,42120,FH_normal,-0.0078503802258185,1.6009727456337506,0.001,0.9252953552101404
gamma2_skew,42120,HetLDC,0.0,2.078469115471273,0.001,0.957480446502474
gamma2_skew,42120,HetLDC_cert,0.0,2.0805475845867445,0.001,0.9575842638416846
gamma2_skew,42120,LDC_PAC,0.0,2.1522583628513305,0.001,0.9610208267772876
gamma2_skew,42120,LDC_cert_pk,0.0,2.0901066506763737,,0.9580586069247342
gamma2_skew,42121,CP_PAC,0.0,2.588763004040868,0.003,0.976827395905121
gamma2_skew,42121,FH_PAC,-0.1390351963393812,1.8784932218845447,0.003,0.9368676982917036
gamma2_skew,42121,FH_normal,-0.1390351963393812,1.5387928239840345,0.003,0.9069125072866993
gamma2_skew,42121,HetLDC,0.0,2.342148224400669,0.003,0.9688766838157712
gamma2_skew,42121,HetLDC_cert,0.0,2.34917466907387,0.003,0.9691359111335704
gamma2_skew,42121,LDC_PAC,0.0,2.4231359146185163,0.003,0.9717411896252393
gamma2_skew,42121,LDC_cert_pk,0.0,2.3536722588096124,,0.969300746507391
gamma2_skew,42122,CP_PAC,0.0,2.099806499523427,0.001,0.958534732209696
gamma2_skew,42122,FH_PAC,-0.0052003395507704,1.8183230103433712,0.001,0.9420282673704063
gamma2_skew,42122,FH_normal,-0.0052003395507704,1.450588112479288,0.001,0.9115988523455388
gamma2_skew,42122,HetLDC,0.0,1.7565957889867678,0.001,0.9381058782837176
gamma2_skew,42122,HetLDC_cert,0.0,1.7583523847757545,0.001,0.9382314780591126
gamma2_skew,42122,LDC_PAC,0.0,1.824691417092193,0.001,0.9428013150315812
gamma2_skew,42122,LDC_cert_pk,0.0,1.7596555440485457,,0.9383244997654301
gamma2_skew,42123,CP_PAC,0.0,2.4564230542503003,0.001,0.9728431792414924
gamma2_skew,42123,FH_PAC,0.1474100684979418,2.073532836719292,0.001,0.9640604992688568
gamma2_skew,42123,FH_normal,0.1474100684979418,1.7386170682478517,0.001,0.9467385257800678
gamma2_skew,42123,HetLDC,0.0,2.2068010529580757,0.001,0.963453899868173
gamma2_skew,42123,HetLDC_cert,0.0,2.209007854011033,0.001,0.9635492024789782
gamma2_skew,42123,LDC_PAC,0.0,2.2849003915613597,0.001,0.9666849551342708
gamma2_skew,42123,LDC_cert_pk,0.0,2.2182878557929615,,0.9639473573656322
gamma2_skew,42124,CP_PAC,0.0,2.2286578272028343,0.001,0.9643873265242752
gamma2_skew,42124,FH_PAC,-0.119098753490483,1.7488553728180998,0.001,0.9283675671840036
gamma2_skew,42124,FH_normal,-0.119098753490483,1.3784924505088614,0.001,0.8909982252328279
gamma2_skew,42124,HetLDC,0.0,1.932594167359794,0.001,0.9495536221477326
gamma2_skew,42124,HetLDC_cert,0.0,1.9345267615271535,0.001,0.9496673256372378
gamma2_skew,42124,LDC_PAC,0.0,2.00154992420078,0.001,0.953462454894646
gamma2_skew,42124,LDC_cert_pk,0.0,1.9408620330891557,,0.9500383445727137
gamma2_skew,42125,CP_PAC,0.0,2.677772962436875,0.003,0.9791821033148648
gamma2_skew,42125,FH_PAC,0.1045533416402322,2.025223874712536,0.003,0.959973319508418
gamma2_skew,42125,FH_normal,0.1045533416402322,1.7446431789168055,0.003,0.9444064966006188
gamma2_skew,42125,HetLDC,0.0,2.436159641239104,0.003,0.9721773983223452
gamma2_skew,42125,HetLDC_cert,0.0,2.443468120162821,0.003,0.9724193265878772
gamma2_skew,42125,LDC_PAC,0.0,2.521601135067838,0.003,0.9748818638179386
gamma2_skew,42125,LDC_cert_pk,0.0,2.4497887168273107,,0.9726269131417528
gamma2_skew,42126,CP_PAC,0.0,2.4792091025236807,0.001,0.9735734515922116
gamma2_skew,42126,FH_PAC,-0.0641023371951995,1.8677252510328248,0.001,0.9413860467960508
gamma2_skew,42126,FH_normal,-0.0641023371951995,1.571597275767032,0.001,0.9176222555858132
gamma2_skew,42126,HetLDC,0.0,2.21491558660911,0.001,0.963803157844098
gamma2_skew,42126,HetLDC_cert,0.0,2.217130502195719,0.001,0.963897930884526
gamma2_skew,42126,LDC_PAC,0.0,2.291130930106654,0.001,0.9669305196201196
gamma2_skew,42126,LDC_cert_pk,0.0,2.2276597080733898,,0.964345204837693
gamma2_skew,42127,CP_PAC,0.0,2.110781605276544,0.001,0.9590672007169884
gamma2_skew,42127,FH_PAC,-0.0915110950534828,1.817959331482229,0.001,0.9359120890620096
gamma2_skew,42127,FH_normal,-0.0915110950534828,1.515452509451121,0.001,0.9094245137823868
gamma2_skew,42127,HetLDC,0.0,1.8115082137673488,0.001,0.9419195983074168
gamma2_skew,42127,HetLDC_cert,0.0,1.813319721981116,0.001,0.942041517619336
gamma2_skew,42127,LDC_PAC,0.0,1.8809349738138248,0.001,0.9464217527441868
gamma2_skew,42127,LDC_cert_pk,0.0,1.8166957562440798,,0.9422680838210742
gamma2_skew,42128,CP_PAC,0.0,2.289353057211552,0.001,0.9668606266355552
gamma2_skew,42128,FH_PAC,-0.0842990960903913,1.8146780696064997,0.001,0.9362022521960736
gamma2_skew,42128,FH_normal,-0.0842990960903913,1.4877663421949667,0.001,0.9073020246293076
gamma2_skew,42128,HetLDC,0.0,1.9784212527672267,0.001,0.9521848445939218
gamma2_skew,42128,HetLDC_cert,0.0,1.9803996740199936,0.001,0.95229543032766
gamma2_skew,42128,LDC_PAC,0.0,2.0560601013757887,0.001,0.9563455531991688
gamma2_skew,42128,LDC_cert_pk,0.0,1.9889865178780972,,0.9527725709297878
gamma2_skew,42129,CP_PAC,0.0,2.609917928079473,0.003,0.9774093862778772
gamma2_skew,42129,FH_PAC,-0.0784563982263173,2.110268595984341,0.003,0.9550848397855768
gamma2_skew,42129,FH_normal,-0.0784563982263173,1.7832167541754815,0.003,0.9342884560882794
gamma2_skew,42129,HetLDC,0.0,2.3765512656154573,0.003,0.9701261908938084
gamma2_skew,42129,HetLDC_cert,0.0,2.383680919412303,0.003,0.9703790122386132
gamma2_skew,42129,LDC_PAC,0.0,2.4577035104163505,0.003,0.9728847289750872
gamma2_skew,42129,LDC_cert_pk,0.0,2.3908200385236458,,0.9706300990607251
gamma2_skew,42130,CP_PAC,0.0,2.223121933201652,0.001,0.9641531007412816
gamma2_skew,42130,FH_PAC,-0.0527302313981163,1.7864021038478135,0.001,0.9364443701914772
gamma2_skew,42130,FH_normal,-0.0527302313981163,1.4810078374309477,0.001,0.9098681452095156
gamma2_skew,42130,HetLDC,0.0,1.9466752065417785,0.001,0.9503764869444512
gamma2_skew,42130,HetLDC_cert,0.0,1.94862188174832,0.001,0.9504892320503238
gamma2_skew,42130,LDC_PAC,0.0,2.0116869832298594,0.001,0.9540120611769274
gamma2_skew,42130,LDC_cert_pk,0.0,1.9532980236550994,,0.950759059426943
gamma2_skew,42131,CP_PAC,0.0,2.6534805621120023,0.003,0.9785635456138602
gamma2_skew,42131,FH_PAC,0.0806801516041894,1.9150934248812463,0.003,0.953146469412498
gamma2_skew,42131,FH_normal,0.0806801516041894,1.6124016964759955,0.003,0.9333980730362056
gamma2_skew,42131,HetLDC,0.0,2.413348556942424,0.003,0.9714090372425286
gamma2_skew,42131,HetLDC_cert,0.0,2.4205886026132504,0.003,0.9716551024060732
gamma2_skew,42131,LDC_PAC,0.0,2.498725504798953,0.003,0.9741838051940588
gamma2_skew,42131,LDC_cert_pk,0.0,2.427491162896279,,0.9718877918529617
gamma2_skew,42132,CP_PAC,0.0,2.8010167062900724,0.003,0.9820628051299228
gamma2_skew,42132,FH_PAC,0.0159606090760942,2.354845739981548,0.003,0.969920958991757
gamma2_skew,42132,FH_normal,0.0159606090760942,2.0160034448500723,0.003,0.9550928426609142
gamma2_skew,42132,HetLDC,0.0,2.59668650908328,0.003,0.977047060196494
gamma2_skew,42132,HetLDC_cert,0.0,2.60447656861053,0.003,0.9772610573828562
gamma2_skew,42132,LDC_PAC,0.0,2.681990646428518,0.003,0.9792877193468718
gamma2_skew,42132,LDC_cert_pk,0.0,2.610859177142612,,0.9774349489756505
gamma2_skew,42133,CP_PAC,0.0,2.230765846648889,0.001,0.964476129870205
gamma2_skew,42133,FH_PAC,-0.2043082599872519,1.5928951044324338,0.001,0.905730272357786
gamma2_skew,42133,FH_normal,-0.2043082599872519,1.2951305464878138,0.001,0.8685519918663993
gamma2_skew,42133,HetLDC,0.0,1.900859459204342,0.001,0.9476510627078588
gamma2_skew,42133,HetLDC_cert,0.0,1.9027603186635464,0.001,0.947766925855683
gamma2_skew,42133,LDC_PAC,0.0,1.9718340412938575,0.001,0.9518148760655116
gamma2_skew,42133,LDC_cert_pk,0.0,1.9098298532762816,,0.9481956909129013
gamma2_skew,42134,CP_PAC,0.0,2.157418011185928,0.001,0.961257497727153
gamma2_skew,42134,FH_PAC,-0.032316466263896,1.7628781374313296,0.001,0.9362157083771812
gamma2_skew,42134,FH_normal,-0.032316466263896,1.4320425287811454,0.001,0.9069091863152696
gamma2_skew,42134,HetLDC,0.0,1.841618855724652,0.001,0.9439147710788232
gamma2_skew,42134,HetLDC_cert,0.0,1.843460474580376,0.001,0.9440346561795444
gamma2_skew,42134,LDC_PAC,0.0,1.9224930614476452,0.001,0.9489553230897162
gamma2_skew,42134,LDC_cert_pk,0.0,1.8500017652257437,,0.9444585079129295
gamma2_skew,42135,CP_PAC,0.0,2.3256694253231114,0.001,0.9682604658724008
gamma2_skew,42135,FH_PAC,0.0216145569240598,1.9708120049707365,0.001,0.9529624380746564
gamma2_skew,42135,FH_normal,0.0216145569240598,1.6406246470880526,0.001,0.93099127893744
gamma2_skew,42135,HetLDC,0.0,2.0099301003301235,0.001,0.9539172545810096
gamma2_skew,42135,HetLDC_cert,0.0,2.0119400304304538,0.001,0.95402570095761
gamma2_skew,42135,LDC_PAC,0.0,2.08867570658611,0.001,0.9579879254145812
gamma2_skew,42135,LDC_cert_pk,0.0,2.017302623529008,,0.9543138469385927
gamma2_skew,42136,CP_PAC,0.0,2.2716474727908365,0.001,0.966156761072123
gamma2_skew,42136,FH_PAC,-0.1130117931401494,1.6396222108743603,0.001,0.919397005279316
gamma2_skew,42136,FH_normal,-0.1130117931401494,1.2997467222795291,0.001,0.8817961578356336
gamma2_skew,42136,HetLDC,0.0,1.9693145951636088,0.001,0.9516726496634474
gamma2_skew,42136,HetLDC_cert,0.0,1.971283909758772,0.001,0.9517838545422728
gamma2_skew,42136,LDC_PAC,0.0,2.04015877694516,0.001,0.9555226875578376
gamma2_skew,42136,LDC_cert_pk,0.0,1.9800399322832154,,0.952275340437622
gamma2_skew,42137,CP_PAC,0.0,1.9513450005671136,0.001,0.950646535531324
gamma2_skew,42137,FH_PAC,-0.0319527364246432,1.636006413440198,0.001,0.9262248717330254
gamma2_skew,42137,FH_normal,-0.0319527364246432,1.355581591780428,0.001,0.8978783824784873
gamma2_skew,42137,HetLDC,0.0,1.5805615059634373,0.001,0.924213615712769
gamma2_skew,42137,HetLDC_cert,0.0,1.582142067469401,0.001,0.9243505425257498
gamma2_skew,42137,LDC_PAC,0.0,1.6490520202698509,0.001,0.929937275580039
gamma2_skew,42137,LDC_cert_pk,0.0,1.5910035213810534,,0.9251139091187739
gamma2_skew,42138,CP_PAC,0.0,2.5939504650188066,0.003,0.9769714375417712
gamma2_skew,42138,FH_PAC,0.114028332005284,2.071696229000788,0.003,0.9625315373386876
gamma2_skew,42138,FH_normal,0.114028332005284,1.7905702662499348,0.003,0.9478787417134824
gamma2_skew,42138,HetLDC,0.0,2.384825820213852,0.003,0.970419418090367
gamma2_skew,42138,HetLDC_cert,0.0,2.3919802976744933,0.003,0.9706707114282644
gamma2_skew,42138,LDC_PAC,0.0,2.4705375211537826,0.003,0.9732978014095764
gamma2_skew,42138,LDC_cert_pk,0.0,2.399128023906496,,0.9709197088325578
gamma2_skew,42139,CP_PAC,0.0,2.6451518695969605,0.003,0.978347397088856
gamma2_skew,42139,FH_PAC,0.0289310311880604,2.33933967698059,0.003,0.96982994330928
gamma2_skew,42139,FH_normal,0.0289310311880604,1.961037810594099,0.003,0.9528268632349984
gamma2_skew,42139,HetLDC,0.0,2.393210571033113,0.003,0.9707137152641474
gamma2_skew,42139,HetLDC_cert,0.0,2.4003902027462125,0.003,0.9709634653891678
gamma2_skew,42139,LDC_PAC,0.0,2.4759170634144017,0.003,0.973469130594896
gamma2_skew,42139,LDC_cert_pk,0.0,2.4063740582721636,,0.9711700468163569
gamma2_skew,42140,CP_PAC,0.0,2.587039637830568,0.003,0.9767793498567128
gamma2_skew,42140,FH_PAC,-0.0160944234078053,2.042544695619294,0.003,0.9548013870371193
gamma2_skew,42140,FH_normal,-0.0160944234078053,1.7271841077559902,0.003,0.9347662817307748
gamma2_skew,42140,HetLDC,0.0,2.336747240160656,0.003,0.9686759984824196
gamma2_skew,42140,HetLDC_cert,0.0,2.3437574818811377,0.003,0.9689362390884524
gamma2_skew,42140,LDC_PAC,0.0,2.421522808068516,0.003,0.971686703553972
gamma2_skew,42140,LDC_cert_pk,0.0,2.352562277146881,,0.9692601451129149
gamma2_skew,42141,CP_PAC,0.0,2.332750230332381,0.001,0.968526677895861
gamma2_skew,42141,FH_PAC,-0.0477551857103809,1.77292383078199,0.001,0.9358173608927756
gamma2_skew,42141,FH_normal,-0.0477551857103809,1.4655699962796676,0.001,0.9087942151194642
gamma2_skew,42141,HetLDC,0.0,2.102449808487224,0.001,0.958663579401263
gamma2_skew,42141,HetLDC_cert,0.0,2.104552258295711,0.001,0.958765788197854
gamma2_skew,42141,LDC_PAC,0.0,2.18350264359069,0.001,0.9624330063551017
gamma2_skew,42141,LDC_cert_pk,0.0,2.113567114045359,,0.9592012948254373
gamma2_skew,42142,CP_PAC,0.0,2.262943059841069,0.001,0.9658054684908578
gamma2_skew,42142,FH_PAC,-0.2491275133312284,1.593321255818415,0.001,0.9008917353236656
gamma2_skew,42142,FH_normal,-0.2491275133312284,1.2214841572153308,0.001,0.8503095847401023
gamma2_skew,42142,HetLDC,0.0,1.9499869313241147,0.001,0.9505681452104262
gamma2_skew,42142,HetLDC_cert,0.0,1.9519369182554387,0.001,0.9506806649436458
gamma2_skew,42142,LDC_PAC,0.0,2.032341373633102,0.001,0.9551127216338896
gamma2_skew,42142,LDC_cert_pk,0.0,1.959388655285801,,0.9511083998064452
gamma2_skew,42143,CP_PAC,0.0,2.187866578138872,0.001,0.96262628989567
gamma2_skew,42143,FH_PAC,0.0458626149618418,1.888826837628924,0.001,0.9496768863261806
gamma2_skew,42143,FH_normal,0.0458626149618418,1.559581062801304,0.001,0.926342280623132
gamma2_skew,42143,HetLDC,0.0,1.870624940505902,0.001,0.9457748750908748
gamma2_skew,42143,HetLDC_cert,0.0,1.872495565446408,0.001,0.9458927933287956
gamma2_skew,42143,LDC_PAC,0.0,1.9496260316901075,0.001,0.950547293395012
gamma2_skew,42143,LDC_cert_pk,0.0,1.8812659761132091,,0.9464423982193437
gamma2_skew,42144,CP_PAC,0.0,2.376330065542374,0.003,0.9701183138019092
gamma2_skew,42144,FH_PAC,-0.0404476324265769,1.6700037937505243,0.003,0.9283510863274822
gamma2_skew,42144,FH_normal,-0.0404476324265769,1.380717355231222,0.003,0.9004530601416669
gamma2_skew,42144,HetLDC,0.0,2.152282541009144,0.003,0.9610219390517832
gamma2_skew,42144,HetLDC_cert,0.0,2.158739388632171,0.003,0.9613178863409436
gamma2_skew,42144,LDC_PAC,0.0,2.22429427406658,0.003,0.964202826317242
gamma2_skew,42144,LDC_cert_pk,0.0,2.1649929967093486,,0.9616024593063063
gamma2_skew,42145,CP_PAC,0.0,2.6094892333023925,0.003,0.9773977343689249
gamma2_skew,42145,FH_PAC,-0.0569164277208191,2.0298788499737928,0.003,0.9518784449407915
gamma2_skew,42145,FH_normal,-0.0569164277208191,1.736003966021477,0.003,0.932316062047042
gamma2_skew,42145,HetLDC,0.0,2.393107793117496,0.003,0.97071012502472
gamma2_skew,42145,HetLDC_cert,0.0,2.400287116496848,0.003,0.9709598940344752
gamma2_skew,42145,LDC_PAC,0.0,2.4715678987537912,0.003,0.9733306997797286
gamma2_skew,42145,LDC_cert_pk,0.0,2.4053621607061406,,0.9711352129406755
gamma2_skew,42146,CP_PAC,0.0,2.724667749959265,0.003,0.9803275741985786
gamma2_skew,42146,FH_PAC,-0.0360358819175735,1.9776903263377503,0.003,0.9500845670630136
gamma2_skew,42146,FH_normal,-0.0360358819175735,1.6407161803031658,0.003,0.9262778223027665
gamma2_skew,42146,HetLDC,0.0,2.4930201745238545,0.003,0.974006802081672
gamma2_skew,42146,HetLDC_cert,0.0,2.500499235047426,0.003,0.9742385957105152
gamma2_skew,42146,LDC_PAC,0.0,2.5806587969886707,0.003,0.9766006156422916
gamma2_skew,42146,LDC_cert_pk,0.0,2.5088223524972104,,0.9744941978830193
gamma2_skew,42147,CP_PAC,0.0,2.68585452485662,0.001,0.979384019246721
gamma2_skew,42147,FH_PAC,0.1846810364174251,2.198704508656136,0.001,0.9703685792413144
gamma2_skew,42147,FH_normal,0.1846810364174251,1.8224411576281176,0.001,0.9537653430446814
gamma2_skew,42147,HetLDC,0.0,2.4099749116869638,0.001,0.9712936747315604
gamma2_skew,42147,HetLDC_cert,0.0,2.41238488659865,0.001,0.9713761300964282
gamma2_skew,42147,LDC_PAC,0.0,2.4983115367294597,0.001,0.9741710015076738
gamma2_skew,42147,LDC_cert_pk,0.0,2.4231781117911666,,0.9717426135632424
gamma2_skew,42148,CP_PAC,0.0,2.4854072647251506,0.001,0.9737687888758192
gamma2_skew,42148,FH_PAC,0.069543387594572,2.077346704697147,0.001,0.9607731123331076
gamma2_skew,42148,FH_normal,0.069543387594572,1.7285300476053127,0.001,0.9410077532279648
gamma2_skew,42148,HetLDC,0.0,2.202183986476686,0.001,0.9632537319928782
gamma2_skew,42148,HetLDC_cert,0.0,2.204386170463162,0.001,0.9633493364516472
gamma2_skew,42148,LDC_PAC,0.0,2.281386824893424,0.001,0.9665457010245416
gamma2_skew,42148,LDC_cert_pk,0.0,2.2133385690331697,,0.9637355337110778
gamma2_skew,42149,CP_PAC,0.0,2.1490612163232785,0.001,0.96087347865575
gamma2_skew,42149,FH_PAC,0.1834702775221001,1.888363171227757,0.001,0.9571473685914982
gamma2_skew,42149,FH_normal,0.1834702775221001,1.5977620859318382,0.001,0.9398454681292234
gamma2_skew,42149,HetLDC,0.0,1.8812989411454293,0.001,0.9464444539186336
gamma2_skew,42149,HetLDC_cert,0.0,1.8831802400865745,0.001,0.9465616470681256
gamma2_skew,42149,LDC_PAC,0.0,1.9588647343122616,0.001,0.9510784426591063
gamma2_skew,42149,LDC_cert_pk,0.0,1.8932441322856142,,0.9471844208021754
laplace,41000,CP_PAC,0.0,2.573623881542193,0.001,0.9737385658396552
laplace,41000,FH_PAC,0.0904616161632898,2.018512033267492,0.001,0.9419497355024602
laplace,41000,FH_normal,0.0904616161632898,1.6778167807984945,0.001,0.9060159477289426
laplace,41000,HetLDC,0.0,2.3035829958636374,0.001,0.9615254507529614
laplace,41000,HetLDC_cert,0.0,2.305886578859501,0.001,0.961650587592217
laplace,41000,LDC_PAC,0.0,2.39391753162899,0.001,0.9661396525321552
laplace,41000,LDC_cert_pk,0.0,2.3159309901850023,,0.9621914879742144
laplace,41001,CP_PAC,0.0,2.9440791129512323,0.003,0.9844478534834658
laplace,41001,FH_PAC,0.2064322477954278,1.9144969612435276,0.003,0.9304344085073102
laplace,41001,FH_normal,0.2064322477954278,1.5729398938486396,0.003,0.8872351466172012
laplace,41001,HetLDC,0.0,2.718746193890277,0.003,0.978611197467706
laplace,41001,HetLDC_cert,0.0,2.726902432471948,0.003,0.9788564926830758
laplace,41001,LDC_PAC,0.0,2.818973776753714,0.003,0.9814378542552492
laplace,41001,LDC_cert_pk,0.0,2.7375510909143475,,0.9791725172940058
laplace,41002,CP_PAC,0.0,2.27591117880945,0.001,0.9599899439745928
laplace,41002,FH_PAC,0.0985448311911867,1.7756360934881907,0.001,0.9180338428579368
laplace,41002,FH_normal,0.0985448311911867,1.4773579419787428,0.001,0.8750222837366229
laplace,41002,HetLDC,0.0,2.024829243365226,0.001,0.9429336685142232
laplace,41002,HetLDC_cert,0.0,2.026854072608592,0.001,0.9430968465478696
laplace,41002,LDC_PAC,0.0,2.103255627223166,0.001,0.9489246166744596
laplace,41002,LDC_cert_pk,0.0,2.0340468493747945,,0.9436727384058288
laplace,41003,CP_PAC,0.0,2.9783600553979985,0.003,0.9851838456593808
laplace,41003,FH_PAC,-0.1110393994229224,2.188582162642366,0.003,0.9541712278411862
laplace,41003,FH_normal,-0.1110393994229224,1.7943112599213102,0.003,0.9199624927979272
laplace,41003,HetLDC,0.0,2.7505034261611896,0.003,0.9795505491188392
laplace,41003,HetLDC_cert,0.0,2.758754936439673,0.003,0.9797877949446674
laplace,41003,LDC_PAC,0.0,2.836657973078552,0.003,0.9818963223694556
laplace,41003,LDC_cert_pk,0.0,2.7661202006532184,,0.9799972337585119
laplace,41004,CP_PAC,0.0,2.6398610880049884,0.003,0.9760868641395644
laplace,41004,FH_PAC,0.0035759814858883,2.039545473534996,0.003,0.9441083387266732
laplace,41004,FH_normal,0.0035759814858883,1.7068994240349855,0.003,0.9105349763677912
laplace,41004,HetLDC,0.0,2.422953402906609,0.003,0.9675018970912485
laplace,41004,HetLDC_cert,0.0,2.4302222631153287,0.003,0.9678342573002748
laplace,41004,LDC_PAC,0.0,2.5003344865406096,0.003,0.9708705893907684
laplace,41004,LDC_cert_pk,0.0,2.436718241157545,,0.9681284011622746
laplace,41005,CP_PAC,0.0,2.68584291964402,0.003,0.977592408770626
laplace,41005,FH_PAC,0.0626223272715622,2.025563687164676,0.003,0.9427692076399508
laplace,41005,FH_normal,0.0626223272715622,1.725566070857611,0.003,0.912525022663071
laplace,41005,HetLDC,0.0,2.452520111378752,0.003,0.9688327434097276
laplace,41005,HetLDC_cert,0.0,2.459877671712887,0.003,0.96915536238944
laplace,41005,LDC_PAC,0.0,2.5292004399898524,0.003,0.972035783386137
laplace,41005,LDC_cert_pk,0.0,2.4652397388384153,,0.9693883760089255
laplace,41006,CP_PAC,0.0,2.2937011178406377,0.001,0.9609839909602328
laplace,41006,FH_PAC,0.0617898918172715,1.7401103686531216,0.001,0.9143147467080448
laplace,41006,FH_normal,0.0617898918172715,1.436046457907047,0.001,0.8682782104282811
laplace,41006,HetLDC,0.0,2.029535118116216,0.001,0.9433121903859548
laplace,41006,HetLDC_cert,0.0,2.031564653234332,0.001,0.9434746622408444
laplace,41006,LDC_PAC,0.0,2.1054173232504905,0.001,0.949080520791982
laplace,41006,LDC_cert_pk,0.0,2.0425023999339875,,0.9443422860362609
laplace,41007,CP_PAC,0.0,2.720767920824053,0.003,0.9786722639996184
laplace,41007,FH_PAC,0.0515007737718699,2.155038578081937,0.003,0.952405344168762
laplace,41007,FH_normal,0.0515007737718699,1.7980762598838764,0.003,0.9211504635795374
laplace,41007,HetLDC,0.0,2.46186003323186,0.003,0.9692417136938644
laplace,41007,HetLDC_cert,0.0,2.4692456133315552,0.003,0.9695613055197112
laplace,41007,LDC_PAC,0.0,2.546695257155581,0.003,0.9727191686537152
laplace,41007,LDC_cert_pk,0.0,2.4792247494627797,,0.969987858569997
laplace,41008,CP_PAC,0.0,2.8805002529356667,0.003,0.982984703138262
laplace,41008,FH_PAC,-0.1552343492222802,2.6808363161698923,0.003,0.9768871950497302
laplace,41008,FH_normal,-0.1552343492222802,2.2893198797746885,0.003,0.9597916516268205
laplace,41008,HetLDC,0.0,2.667263513670411,0.003,0.9769958405892036
laplace,41008,HetLDC_cert,0.0,2.675265304211422,0.003,0.9772546938093392
laplace,41008,LDC_PAC,0.0,2.7580966290061077,0.003,0.9797689688763848
laplace,41008,LDC_cert_pk,0.0,2.6838427933693003,,0.9775289368039946
laplace,41009,CP_PAC,0.0,2.6348657335696237,0.001,0.9759173317136428
laplace,41009,FH_PAC,0.267308156183415,2.191890903273912,0.001,0.951683777260298
laplace,41009,FH_normal,0.267308156183415,1.8255713620980167,0.001,0.9188887684160624
laplace,41009,HetLDC,0.0,2.3605825461160515,0.001,0.9645051566862176
laplace,41009,HetLDC_cert,0.0,2.362943128662168,0.001,0.9646234539602676
laplace,41009,LDC_PAC,0.0,2.434979111973416,0.001,0.9680499164854476
laplace,41009,LDC_cert_pk,0.0,2.368471529876296,,0.9648989614154837
laplace,41010,CP_PAC,0.0,2.2981985566255583,0.001,0.9612313584966488
laplace,41010,FH_PAC,0.0788470018161099,1.8552021381663533,0.001,0.9270111081288772
laplace,41010,FH_normal,0.0788470018161099,1.5244551486317666,0.001,0.8834810242478264
laplace,41010,HetLDC,0.0,2.045612111755851,0.001,0.9445865199042848
laplace,41010,HetLDC_cert,0.0,2.047657723867607,0.001,0.9447465956999284
laplace,41010,LDC_PAC,0.0,2.1238522362842893,0.001,0.9503908822742786
laplace,41010,LDC_cert_pk,0.0,2.0537647727692097,,0.9452217463819592
laplace,41011,CP_PAC,0.0,2.8972036022485472,0.003,0.983381930096514
laplace,41011,FH_PAC,-0.2193102654443921,2.193908446190569,0.003,0.9528918837616932
laplace,41011,FH_normal,-0.2193102654443921,1.774635536693466,0.003,0.91476716555473
laplace,41011,HetLDC,0.0,2.677480424089228,0.003,0.977325835462092
laplace,41011,HetLDC_cert,0.0,2.685512865361495,0.003,0.9775819471996838
laplace,41011,LDC_PAC,0.0,2.759362718102268,0.003,0.9798051605391136
laplace,41011,LDC_cert_pk,0.0,2.6925485767725865,,0.9778039007415231
laplace,41012,CP_PAC,0.0,3.0141022407346614,0.003,0.9859141462762536
laplace,41012,FH_PAC,0.0444606364803991,2.7383042626889647,0.003,0.979153549377094
laplace,41012,FH_normal,0.0444606364803991,2.369381203146453,0.003,0.9648747693522202
laplace,41012,HetLDC,0.0,2.7979913503259546,0.003,0.980878794325048
laplace,41012,HetLDC_cert,0.0,2.806385324376932,0.003,0.9811044377670934
laplace,41012,LDC_PAC,0.0,2.8860213503462213,0.003,0.9831170414387806
laplace,41012,LDC_cert_pk,0.0,2.8143293239281433,,0.9813155321942637
laplace,41013,CP_PAC,0.0,2.553550554317463,0.001,0.9729823744043782
laplace,41013,FH_PAC,-0.1413714849414436,1.937971858639132,0.001,0.9341813425106
laplace,41013,FH_normal,-0.1413714849414436,1.611526521487583,0.001,0.895564801419163
laplace,41013,HetLDC,0.0,2.304115869669283,0.001,0.9615544341495386
laplace,41013,HetLDC_cert,0.0,2.306419985538952,0.001,0.9616795055997608
laplace,41013,LDC_PAC,0.0,2.390176330665372,0.001,0.9659600275047572
laplace,41013,LDC_cert_pk,0.0,2.3170875974180887,,0.9622532804150592
laplace,41014,CP_PAC,0.0,2.4248201064346246,0.001,0.9675875762573652
laplace,41014,FH_PAC,-0.0096421416694498,1.9704873934111309,0.001,0.9383694153888724
laplace,41014,FH_normal,-0.0096421416694498,1.6315724608794142,0.001,0.9004702748448508
laplace,41014,HetLDC,0.0,2.1798858992609165,0.001,0.9541703585129182
laplace,41014,HetLDC_cert,0.0,2.182065785160177,0.001,0.9543114256865456
laplace,41014,LDC_PAC,0.0,2.2555041571816226,0.001,0.958818434788158
laplace,41014,LDC_cert_pk,0.0,2.18952400252141,,0.9547907939634339
laplace,41015,CP_PAC,0.0,2.7575036817015754,0.003,0.9797519969469416
laplace,41015,FH_PAC,-0.0043998872405424,1.5761195632991158,0.003,0.8923586383812246
laplace,41015,FH_normal,-0.0043998872405424,1.2843940812132144,0.003,0.8373879815186722
laplace,41015,HetLDC,0.0,2.5225874504111987,0.003,0.9717730302693282
laplace,41015,HetLDC_cert,0.0,2.5301552127624323,0.003,0.972073516661978
laplace,41015,LDC_PAC,0.0,2.611759226062777,0.003,0.9751173702450626
laplace,41015,LDC_cert_pk,0.0,2.5373573948385246,,0.9723565160427412
laplace,41016,CP_PAC,0.0,2.2617734180107094,0.001,0.9591819397678756
laplace,41016,FH_PAC,-0.0264756021768034,1.719282374747767,0.001,0.9120275567232188
laplace,41016,FH_normal,-0.0264756021768034,1.3630587751535637,0.001,0.8544092116928874
laplace,41016,HetLDC,0.0,1.9723149889547664,0.001,0.938534215381282
laplace,41016,HetLDC_cert,0.0,1.9742873039437208,0.001,0.9387054214521248
laplace,41016,LDC_PAC,0.0,2.0466624327144984,0.001,0.9446687687760722
laplace,41016,LDC_cert_pk,0.0,1.9845993611784443,,0.9395928215416747
laplace,41017,CP_PAC,0.0,2.3481213205078992,0.001,0.9638740927095986
laplace,41017,FH_PAC,0.1851880876010534,2.04126699108647,0.001,0.942321907179477
laplace,41017,FH_normal,0.1851880876010534,1.692502797762765,0.001,0.905546799420668
laplace,41017,HetLDC,0.0,2.09301934839097,0.001,0.9481798572334044
laplace,41017,HetLDC_cert,0.0,2.0951123677393606,0.001,0.9483330168441472
laplace,41017,LDC_PAC,0.0,2.169987751167165,0.001,0.9535243197176488
laplace,41017,LDC_cert_pk,0.0,2.0990375975433007,,0.9486190315331768
laplace,41018,CP_PAC,0.0,2.490165361953874,0.003,0.9704486433962328
laplace,41018,FH_PAC,0.0636162351391494,1.9227926340328592,0.003,0.9338081438854008
laplace,41018,FH_normal,0.0636162351391494,1.6328193160321778,0.003,0.9002525356894343
laplace,41018,HetLDC,0.0,2.2962928629464185,0.003,0.9611267338437376
laplace,41018,HetLDC_cert,0.0,2.3031817415352576,0.003,0.9615036118159036
laplace,41018,LDC_PAC,0.0,2.3716902244468776,0.003,0.9650583754927712
laplace,41018,LDC_cert_pk,0.0,2.3086268496744684,,0.9617989165523659
laplace,41019,CP_PAC,0.0,3.2432910011930365,0.003,0.9898136441977234
laplace,41019,FH_PAC,-0.1537790131243679,2.2151854010488,0.003,0.9553669803831408
laplace,41019,FH_normal,-0.1537790131243679,1.8418010274310084,0.003,0.9243196022505556
laplace,41019,HetLDC,0.0,3.0242242206347165,0.003,0.9861143439217972
laplace,41019,HetLDC_cert,0.0,3.03329689329662,0.003,0.986291368461107
laplace,41019,LDC_PAC,0.0,3.1213218577766937,0.003,0.9878959564412968
laplace,41019,LDC_cert_pk,0.0,3.042390621950603,,0.9864665391625334
laplace,41020,CP_PAC,0.0,2.449464286271768,0.001,0.9686977598651674
laplace,41020,FH_PAC,-0.0149119263257857,1.959692390980068,0.001,0.9374132201908912
laplace,41020,FH_normal,-0.0149119263257857,1.6027442755922534,0.001,0.8963152613127788
laplace,41020,HetLDC,0.0,2.188812221638232,0.001,0.95474526300436
laplace,41020,HetLDC_cert,0.0,2.1910010338598696,0.001,0.9548851300989498
laplace,41020,LDC_PAC,0.0,2.2636426200420754,0.001,0.9592896978151444
laplace,41020,LDC_cert_pk,0.0,2.2022395036142357,,0.9555964995463333
laplace,41021,CP_PAC,0.0,2.1314577190142154,0.001,0.9509216075750988
laplace,41021,FH_PAC,-0.0146430428259498,1.937093046548268,0.001,0.9353811331690702
laplace,41021,FH_normal,-0.0146430428259498,1.5428926110532593,0.001,0.887157840177563
laplace,41021,HetLDC,0.0,1.8124258639330584,0.001,0.922938944100138
laplace,41021,HetLDC_cert,0.0,1.8142382897969909,0.001,0.9231362107825404
laplace,41021,LDC_PAC,0.0,1.8840529113552904,0.001,0.930362577703705
laplace,41021,LDC_cert_pk,0.0,1.8213676124608906,,0.9239072874052077
laplace,41022,CP_PAC,0.0,2.2123166550391287,0.001,0.9562248168892296
laplace,41022,FH_PAC,-0.0463167734246263,1.7920795782258911,0.001,0.9205191791144236
laplace,41022,FH_normal,-0.0463167734246263,1.4749582759302236,0.001,0.8755389279820506
laplace,41022,HetLDC,0.0,1.91440343456341,0.001,0.933288324807646
laplace,41022,HetLDC_cert,0.0,1.9163178379979733,0.001,0.9334686940755268
laplace,41022,LDC_PAC,0.0,1.9868739737222496,0.001,0.9397868264193668
laplace,41022,LDC_cert_pk,0.0,1.9232321550915858,,0.9341160881699189
laplace,41023,CP_PAC,0.0,2.6090252103760205,0.003,0.9750209757697452
laplace,41023,FH_PAC,-0.0700523669282529,1.8480368802359133,0.003,0.926363871110934
laplace,41023,FH_normal,-0.0700523669282529,1.5182893392369523,0.003,0.8826138143281311
laplace,41023,HetLDC,0.0,2.354089230821053,0.003,0.9641777086973388
laplace,41023,HetLDC_cert,0.0,2.361151498513516,0.003,0.9645337050671892
laplace,41023,LDC_PAC,0.0,2.442101760392533,0.003,0.9683701324844368
laplace,41023,LDC_cert_pk,0.0,2.3691878522276797,,0.9649345019134505
laplace,41024,CP_PAC,0.0,2.1918700968748865,0.001,0.9549405440503652
laplace,41024,FH_PAC,0.0848173010554495,1.7914736752985292,0.001,0.9200496593459188
laplace,41024,FH_normal,0.0848173010554495,1.5004930358724642,0.001,0.8793475055712708
laplace,41024,HetLDC,0.0,1.881381418860834,0.001,0.9300989856602746
laplace,41024,HetLDC_cert,0.0,1.8832628002796947,0.001,0.930284722347826
laplace,41024,LDC_PAC,0.0,1.9531936004002308,0.001,0.9368493968793006
laplace,41024,LDC_cert_pk,0.0,1.8928279178576597,,0.9312214195147739
laplace,41025,CP_PAC,0.0,2.3027230037464226,0.001,0.961478629057837
laplace,41025,FH_PAC,0.0350080921594856,2.0812484119547268,0.001,0.9472454188885046
laplace,41025,FH_normal,0.0350080921594856,1.7055525514399172,0.001,0.9102556748746368
laplace,41025,HetLDC,0.0,2.032403997398298,0.001,0.9435417186831554
laplace,41025,HetLDC_cert,0.0,2.034436401395696,0.001,0.9437037610973638
laplace,41025,LDC_PAC,0.0,2.113698626654271,0.001,0.9496733874166094
laplace,41025,LDC_cert_pk,0.0,2.0428327888916824,,0.944368285502382
laplace,41026,CP_PAC,0.0,2.7024507945505745,0.003,0.978112565310653
laplace,41026,FH_PAC,-0.254870716097252,1.9605365915612976,0.003,0.9333978240753568
laplace,41026,FH_normal,-0.254870716097252,1.591693513359344,0.003,0.8877913446652249
laplace,41026,HetLDC,0.0,2.4747549017107486,0.003,0.9697975413465324
laplace,41026,HetLDC_cert,0.0,2.4821791664158805,0.003,0.970112992995853
laplace,41026,LDC_PAC,0.0,2.5596160913528734,0.003,0.9732131394817074
laplace,41026,LDC_cert_pk,0.0,2.490068476549916,,0.9704445940908759
laplace,41027,CP_PAC,0.0,2.1533863728703224,0.001,0.9524202588076274
laplace,41027,FH_PAC,-0.1444112849660888,1.6772313040454696,0.001,0.904750166938124
laplace,41027,FH_normal,-0.1444112849660888,1.4083724483697706,0.001,0.8606864565052548
laplace,41027,HetLDC,0.0,1.892157277115992,0.001,0.9311561569549148
laplace,41027,HetLDC_cert,0.0,1.894049434393108,0.001,0.93134013093252
laplace,41027,LDC_PAC,0.0,1.962807105318742,0.001,0.9377021540148736
laplace,41027,LDC_cert_pk,0.0,1.9031183455284462,,0.9322150967695657
laplace,41028,CP_PAC,0.0,2.2717543650438654,0.001,0.9597540472683904
laplace,41028,FH_PAC,-0.2066005941908249,1.5807910675504944,0.001,0.8884727348511766
laplace,41028,FH_normal,-0.2066005941908249,1.2419225852680884,0.001,0.8199019373589864
laplace,41028,HetLDC,0.0,1.998882363382728,0.001,0.9408007583940324
laplace,41028,HetLDC_cert,0.0,2.0008812457461107,0.001,0.940967869256139
laplace,41028,LDC_PAC,0.0,2.0706992787845087,0.001,0.9465180467092013
laplace,41028,LDC_cert_pk,0.0,2.0089949065854444,,0.9416413590895991
laplace,41029,CP_PAC,0.0,2.627726254008781,0.003,0.9756729433732818
laplace,41029,FH_PAC,-0.1090538281236312,1.8789610111781416,0.003,0.9290234867946288
laplace,41029,FH_normal,-0.1090538281236312,1.5413247049878955,0.003,0.8855842361030807
laplace,41029,HetLDC,0.0,2.3474017004588044,0.003,0.9638373087883454
laplace,41029,HetLDC_cert,0.0,2.3544439055601805,0.003,0.96419567214544
laplace,41029,LDC_PAC,0.0,2.4283812487959784,0.003,0.967750401862148
laplace,41029,LDC_cert_pk,0.0,2.361181276676733,,0.9645351986165507
laplace,41030,CP_PAC,0.0,2.0128603350530234,0.001,0.9419595086329452
laplace,41030,FH_PAC,-0.0341972818629111,1.6110506269231442,0.001,0.8974290626192478
laplace,41030,FH_normal,-0.0341972818629111,1.2900912997926497,0.001,0.8385073445381014
laplace,41030,HetLDC,0.0,1.7280398634151606,0.001,0.9131712430713924
laplace,41030,HetLDC_cert,0.0,1.7297679032785758,0.001,0.9133831776292058
laplace,41030,LDC_PAC,0.0,1.79367651875468,0.001,0.9208682947279094
laplace,41030,LDC_cert_pk,0.0,1.736596744687819,,0.9142156481687431
laplace,41031,CP_PAC,0.0,2.579680997552406,0.003,0.9739625619936444
laplace,41031,FH_PAC,-0.0507706046704367,2.2787109424950223,0.003,0.9600452804382608
laplace,41031,FH_normal,-0.0507706046704367,1.935337674250479,0.003,0.9350673918175298
laplace,41031,HetLDC,0.0,2.324723294217616,0.003,0.962658695712628
laplace,41031,HetLDC_cert,0.0,2.331697464100268,0.003,0.9630251814246498
laplace,41031,LDC_PAC,0.0,2.414634968002454,0.003,0.9671173304017572
laplace,41031,LDC_cert_pk,0.0,2.33947931729488,,0.9634298658825309
laplace,41032,CP_PAC,0.0,2.642688176778316,0.001,0.976182280552632
laplace,41032,FH_PAC,0.0284447592385864,1.753705132634631,0.001,0.9161985272251408
laplace,41032,FH_normal,0.0284447592385864,1.46463485532599,0.001,0.8738769914743603
laplace,41032,HetLDC,0.0,2.3988112682404794,0.001,0.9663731837994348
laplace,41032,HetLDC_cert,0.0,2.40121007950872,0.001,0.9664870671875624
laplace,41032,LDC_PAC,0.0,2.4736109957897767,0.001,0.9697486424637588
laplace,41032,LDC_cert_pk,0.0,2.4094932933757933,,0.9668773550793739
laplace,41033,CP_PAC,0.0,2.5272788562202244,0.001,0.9719596864423392
laplace,41033,FH_PAC,0.0312606342274796,2.0486925161868945,0.001,0.9447734703984104
laplace,41033,FH_normal,0.0312606342274796,1.6943770135100156,0.001,0.9088486569247408
laplace,41033,HetLDC,0.0,2.258921198357656,0.001,0.95901696158419
laplace,41033,HetLDC_cert,0.0,2.261180119556013,0.001,0.9591476769728996
laplace,41033,LDC_PAC,0.0,2.3355540081699973,0.001,0.9632262923064784
laplace,41033,LDC_cert_pk,0.0,2.2706086379958035,,0.9596887837822781
laplace,41034,CP_PAC,0.0,2.8431298184391336,0.003,0.9820612616125536
laplace,41034,FH_PAC,-0.2234530624195719,2.3093862555159634,0.003,0.9599186305682
laplace,41034,FH_normal,-0.2234530624195719,1.931535893991864,0.003,0.9316068461663424
laplace,41034,HetLDC,0.0,2.63657352500556,0.003,0.9759754255542016
laplace,41034,HetLDC_cert,0.0,2.644483245580577,0.003,0.9762426677865056
laplace,41034,LDC_PAC,0.0,2.7223142091627706,0.003,0.9787188521498956
laplace,41034,LDC_cert_pk,0.0,2.6535932643641993,,0.9765467824251122
laplace,41035,CP_PAC,0.0,2.8125469872642324,0.003,0.9812683766319176
laplace,41035,FH_PAC,0.0135652324641955,2.017318563011058,0.003,0.9423136826088852
laplace,41035,FH_normal,0.0135652324641955,1.694525282653318,0.003,0.908939998469395
laplace,41035,HetLDC,0.0,2.558405992477741,0.003,0.973167258855508
laplace,41035,HetLDC_cert,0.0,2.566081210455174,0.003,0.9734569371045778
laplace,41035,LDC_PAC,0.0,2.6485149319989456,0.003,0.9763777387200558
laplace,41035,LDC_cert_pk,0.0,2.5748726642996362,,0.9737849037980784
laplace,41036,CP_PAC,0.0,2.76403356810774,0.003,0.979938119536094
laplace,41036,FH_PAC,0.1372909467898648,1.9829411785655773,0.003,0.9383061329676448
laplace,41036,FH_normal,0.1372909467898648,1.663004540781626,0.003,0.9030065686251662
laplace,41036,HetLDC,0.0,2.53475119002577,0.003,0.972254441625466
laplace,41036,HetLDC_cert,0.0,2.5423554435958478,0.003,0.9725512197872056
laplace,41036,LDC_PAC,0.0,2.61794398337774,0.003,0.9753340588280316
laplace,41036,LDC_cert_pk,0.0,2.5479057633186173,,0.9727658311447005
laplace,41037,CP_PAC,0.0,2.532601457113504,0.003,0.9721699617418345
laplace,41037,FH_PAC,0.0898675800238303,1.8448175521254992,0.003,0.9257940889890532
laplace,41037,FH_normal,0.0898675800238303,1.5523821168960927,0.003,0.8877857524160953
laplace,41037,HetLDC,0.0,2.311975125864035,0.003,0.9619793778715326
laplace,41037,HetLDC_cert,0.0,2.318911051241627,0.003,0.9623504944868276
laplace,41037,LDC_PAC,0.0,2.3987439311321546,0.003,0.9663699813971328
laplace,41037,LDC_cert_pk,0.0,2.3276024939851196,,0.962810433028989
laplace,41038,CP_PAC,0.0,3.160638942969091,0.01,0.988550605802667
laplace,41038,FH_PAC,-0.0021305256338677,2.027232355849669,0.01,0.9431270219203894
laplace,41038,FH_normal,-0.0021305256338677,1.7154909864612684,0.01,0.9116161554544512
laplace,41038,HetLDC,0.0,2.964610186008934,0.01,0.9848929224371804
laplace,41038,HetLDC_cert,0.0,2.9942562878690238,0.01,0.9855132067005288
laplace,41038,LDC_PAC,0.0,3.056592993333431,0.01,0.9867356496299629
laplace,41038,LDC_cert_pk,0.0,2.9837847342771173,,0.9852970751913892
laplace,41039,CP_PAC,0.0,2.194727719174453,0.001,0.9551222748379612
laplace,41039,FH_PAC,-0.0357002990146067,1.5164489326203507,0.001,0.8827337955452444
laplace,41039,FH_normal,-0.0357002990146067,1.2667955466517522,0.001,0.833080809445228
laplace,41039,HetLDC,0.0,1.9127266179431568,0.001,0.9331299385659
laplace,41039,HetLDC_cert,0.0,1.9146393445611,0.001,0.9333105779192656
laplace,41039,LDC_PAC,0.0,1.9859932640035387,0.001,0.9397117834877496
laplace,41039,LDC_cert_pk,0.0,1.921054258374254,,0.9339128521679088
laplace,41040,CP_PAC,0.0,2.8106308468970047,0.003,0.9812175482481416
laplace,41040,FH_PAC,0.0947326052354114,1.970885358545072,0.003,0.9378562640588224
laplace,41040,FH_normal,0.0947326052354114,1.646057276961826,0.003,0.9016211047458076
laplace,41040,HetLDC,0.0,2.568622808425132,0.003,0.9735521712341711
laplace,41040,HetLDC_cert,0.0,2.5763286768504075,0.003,0.9738388280983434
laplace,41040,LDC_PAC,0.0,2.6620784204756385,0.003,0.9768265350335164
laplace,41040,LDC_cert_pk,0.0,2.5826599397483196,,0.9740720233519613
laplace,41041,CP_PAC,0.0,2.4067811601499645,0.001,0.9667500680449868
laplace,41041,FH_PAC,-0.0501736449961251,1.8685687466377343,0.001,0.9286415833147208
laplace,41041,FH_normal,-0.0501736449961251,1.5152797781161895,0.001,0.882393847527475
laplace,41041,HetLDC,0.0,2.16496224641886,0.001,0.9531928341305564
laplace,41041,HetLDC_cert,0.0,2.167127208665278,0.001,0.9533359253539372
laplace,41041,LDC_PAC,0.0,2.238724801786037,0.001,0.957829526254632
laplace,41041,LDC_cert_pk,0.0,2.175789666807823,,0.9539040993381971
laplace,41042,CP_PAC,0.0,2.1755594075876163,0.001,0.9538890864225232
laplace,41042,FH_PAC,-0.1530741370241009,1.6461225999801283,0.001,0.9002130608480429
laplace,41042,FH_normal,-0.1530741370241009,1.3583491001755668,0.001,0.8500936912149814
laplace,41042,HetLDC,0.0,1.867012223278183,0.001,0.928663988381276
laplace,41042,HetLDC_cert,0.0,1.8688792355014607,0.001,0.928852092265714
laplace,41042,LDC_PAC,0.0,1.9386590100613983,0.001,0.935537902582563
laplace,41042,LDC_cert_pk,0.0,1.8771185665731656,,0.9296763087658821
laplace,41043,CP_PAC,0.0,3.0131085970826423,0.003,0.985894338578038
laplace,41043,FH_PAC,-0.1773926134791957,2.545818612662134,0.003,0.971821266458908
laplace,41043,FH_normal,-0.1773926134791957,2.199033634616072,0.003,0.9539837045405268
laplace,41043,HetLDC,0.0,2.817866593006449,0.003,0.981408766987381
laplace,41043,HetLDC_cert,0.0,2.8263201927854675,0.003,0.98162970549882
laplace,41043,LDC_PAC,0.0,2.899795830984441,0.003,0.9834427398284518
laplace,41043,LDC_cert_pk,0.0,2.833557279474483,,0.9818167626566419
laplace,41044,CP_PAC,0.0,2.9100425213610097,0.003,0.9836809411692102
laplace,41044,FH_PAC,-0.0323074331931931,2.133109246373389,0.003,0.950984985966356
laplace,41044,FH_normal,-0.0323074331931931,1.8065468331662415,0.003,0.9222144521422416
laplace,41044,HetLDC,0.0,2.6801832957682805,0.003,0.9774123406097844
laplace,41044,HetLDC_cert,0.0,2.688223845655585,0.003,0.9776677313374308
laplace,41044,LDC_PAC,0.0,2.7715907971755382,0.003,0.9801513899052104
laplace,41044,LDC_cert_pk,0.0,2.69626637823352,,0.9779202963622888
laplace,41045,CP_PAC,0.0,3.12719544195465,0.01,0.987996082284732
laplace,41045,FH_PAC,0.1282741340259745,2.1961187850042494,0.01,0.9544714728979844
laplace,41045,FH_normal,0.1282741340259745,1.8512089711415496,0.01,0.9258481338623672
laplace,41045,HetLDC,0.0,2.9463284462373363,0.01,0.9844972468441892
laplace,41045,HetLDC_cert,0.0,2.9757917306997093,0.01,0.9851299331717376
laplace,41045,LDC_PAC,0.0,3.0382670884610934,0.01,0.9863873874498932
laplace,41045,LDC_cert_pk,0.0,2.964722060436595,,0.98489531240431
laplace,41046,CP_PAC,0.0,2.2614485440431067,0.001,0.9591631819617584
laplace,41046,FH_PAC,0.0757073807755696,1.8526314799530197,0.001,0.9267806738638869
laplace,41046,FH_normal,0.0757073807755696,1.5454593321218937,0.001,0.8869459049048785
laplace,41046,HetLDC,0.0,1.9886527684272024,0.001,0.9399381080521896
laplace,41046,HetLDC_cert,0.0,1.9906414211956296,0.001,0.9401067875921668
laplace,41046,LDC_PAC,0.0,2.061305544830732,0.001,0.9458028122110014
laplace,41046,LDC_cert_pk,0.0,1.9995874330710626,,0.9408597576699289
laplace,41047,CP_PAC,0.0,3.3674635074129675,0.01,0.9914541762271256
laplace,41047,FH_PAC,0.0094076267652291,2.423951516008648,0.01,0.9675448650890562
laplace,41047,FH_normal,0.0094076267652291,2.109306904891235,0.01,0.9493553626893492
laplace,41047,HetLDC,0.0,3.165701678037671,0.01,0.9886322882811036
laplace,41047,HetLDC_cert,0.0,3.197358694818048,0.01,0.9891299940446971
laplace,41047,LDC_PAC,0.0,3.2717026281451558,0.01,0.9902148194713518
laplace,41047,LDC_cert_pk,0.0,3.1872549167527335,,0.9889735586335888
laplace,41048,CP_PAC,0.0,2.7511229722665185,0.003,0.9795684584775664
laplace,41048,FH_PAC,0.0999631691569798,2.0894363511558063,0.003,0.9473952941424946
laplace,41048,FH_normal,0.0999631691569798,1.7647269974770874,0.003,0.9167361940360926
laplace,41048,HetLDC,0.0,2.521953046119205,0.003,0.9717476941437312
laplace,41048,HetLDC_cert,0.0,2.529518905257562,0.003,0.9720483750156028
laplace,41048,LDC_PAC,0.0,2.6057157611541277,0.003,0.9749037932336996
laplace,41048,LDC_cert_pk,0.0,2.5363766238504106,,0.972318147384879
laplace,41049,CP_PAC,0.0,2.0492600150084512,0.001,0.944871657164882
laplace,41049,FH_PAC,-0.1203985403300212,1.896042197226837,0.001,0.9305384757533912
laplace,41049,FH_normal,-0.1203985403300212,1.5322376303554666,0.001,0.8838049384629436
laplace,41049,HetLDC,0.0,1.7204762726246132,0.001,0.9122374913859408
laplace,41049,HetLDC_cert,0.0,1.7221967488972376,0.001,0.9124507686081488
laplace,41049,LDC_PAC,0.0,1.7962818870041186,0.001,0.921159322741682
laplace,41049,LDC_cert_pk,0.0,1.7304474717328755,,0.9134663811649133
laplace,41050,CP_PAC,0.0,2.0366027637978155,0.001,0.9438759718975284
laplace,41050,FH_PAC,0.0720025821824393,1.5409927480629722,0.001,0.8862915322530039
laplace,41050,FH_normal,0.0720025821824393,1.2060310187244443,0.001,0.8173913582876055
laplace,41050,HetLDC,0.0,1.6873530216388952,0.001,0.9080285915280242
laplace,41050,HetLDC_cert,0.0,1.6890403746605338,0.001,0.9082477991840812
laplace,41050,LDC_PAC,0.0,1.7539499507679572,0.001,0.916295271369938
laplace,41050,LDC_cert_pk,0.0,1.6917408222427774,,0.9085975334750116
laplace,41051,CP_PAC,0.0,2.557559019195398,0.003,0.9731350993120492
laplace,41051,FH_PAC,0.1114658423291123,1.7746237019817268,0.003,0.917694997727636
laplace,41051,FH_normal,0.1114658423291123,1.4742125313874133,0.003,0.8741264994779828
laplace,41051,HetLDC,0.0,2.327321780728015,0.003,0.962795666267832
laplace,41051,HetLDC_cert,0.0,2.3343037460701987,0.003,0.963161213813639
laplace,41051,LDC_PAC,0.0,2.4083982534266597,0.003,0.9668260209392024
laplace,41051,LDC_cert_pk,0.0,2.3392110214483965,,0.9634159875306547
laplace,41052,CP_PAC,0.0,2.516503351704598,0.003,0.97152911149568
laplace,41052,FH_PAC,-0.1315803926838072,2.1365365384162773,0.003,0.950426782175477
laplace,41052,FH_normal,-0.1315803926838072,1.756773250713144,0.003,0.915181208456054
laplace,41052,HetLDC,0.0,2.259475855067243,0.003,0.9590490961992668
laplace,41052,HetLDC_cert,0.0,2.2662542826324445,0.003,0.9594397818914896
laplace,41052,LDC_PAC,0.0,2.3407855107556768,0.003,0.9634973572139338
laplace,41052,LDC_cert_pk,0.0,2.2738139552601937,,0.9598711011175356
laplace,41053,CP_PAC,0.0,2.4794732625051443,0.001,0.9699984044992622
laplace,41053,FH_PAC,0.1572514360780789,1.9558059394256,0.001,0.9355200171832928
laplace,41053,FH_normal,0.1572514360780789,1.6853356449217427,0.001,0.905475638926584
laplace,41053,HetLDC,0.0,2.21613429486559,0.001,0.9564605204158508
laplace,41053,HetLDC_cert,0.0,2.218350429160455,0.001,0.956596763330352
laplace,41053,LDC_PAC,0.0,2.2913750503397603,0.001,0.9608554342742396
laplace,41053,LDC_cert_pk,0.0,2.227860231738297,,0.9571765810708417
laplace,41054,CP_PAC,0.0,2.491843169018002,0.003,0.9705186790680362
laplace,41054,FH_PAC,-0.0118661611545562,1.689279619190226,0.003,0.9082659224619306
laplace,41054,FH_normal,-0.0118661611545562,1.3703906565484971,0.003,0.8559916871673715
laplace,41054,HetLDC,0.0,2.2516836830857097,0.003,0.9585953300088546
laplace,41054,HetLDC_cert,0.0,2.2584387341349665,0.003,0.958988989010012
laplace,41054,LDC_PAC,0.0,2.332416936976985,0.003,0.9630627837367448
laplace,41054,LDC_cert_pk,0.0,2.2626602169954366,,0.9592330985557882
laplace,41055,CP_PAC,0.0,2.165189958426528,0.001,0.9532079051749532
laplace,41055,FH_PAC,0.0214643889116915,1.7289356013169117,0.001,0.9132412088684726
laplace,41055,FH_normal,0.0214643889116915,1.4265516396845643,0.001,0.8669443779139585
laplace,41055,HetLDC,0.0,1.85581882732952,0.001,0.927525764661016
laplace,41055,HetLDC_cert,0.0,1.8576746461568492,0.001,0.9277157256546243
laplace,41055,LDC_PAC,0.0,1.929418708015219,0.001,0.9346899993014396
laplace,41055,LDC_cert_pk,0.0,1.8668642612629338,,0.9286490597669348
laplace,41056,CP_PAC,0.0,2.526163000250129,0.003,0.9719154022507416
laplace,41056,FH_PAC,0.0828823589835596,2.0069231329376502,0.003,0.941067590905924
laplace,41056,FH_normal,0.0828823589835596,1.7153196510574693,0.003,0.910987146777978
laplace,41056,HetLDC,0.0,2.28741698066988,0.003,0.9606357059860552
laplace,41056,HetLDC_cert,0.0,2.294279231611889,0.003,0.9610158764897414
laplace,41056,LDC_PAC,0.0,2.3645410114914944,0.003,0.9647033057677126
laplace,41056,LDC_cert_pk,0.0,2.2997709627282785,,0.961317473241051
laplace,41057,CP_PAC,0.0,2.071885734866457,0.001,0.9466077089574056
laplace,41057,FH_PAC,0.0364605005823821,1.6868076147447384,0.001,0.9078352392973904
laplace,41057,FH_normal,0.0364605005823821,1.383316282788234,0.001,0.8584321071331618
laplace,41057,HetLDC,0.0,1.7518952087061046,0.001,0.91605168473787
laplace,41057,HetLDC_cert,0.0,1.7536471039148105,0.001,0.9162594137829017
laplace,41057,LDC_PAC,0.0,1.8161144950986048,0.001,0.923339887368062
laplace,41057,LDC_cert_pk,0.0,1.7558435156786056,,0.9165191248332001
laplace,41058,CP_PAC,0.0,2.3664709733117104,0.001,0.9647995124428876
laplace,41058,FH_PAC,0.1387872510785518,1.545859237185928,0.001,0.8854834145597541
laplace,41058,FH_normal,0.1387872510785518,1.2166816701155398,0.001,0.8175917980809286
laplace,41058,HetLDC,0.0,2.08146404492531,0.001,0.9473260725907966
laplace,41058,HetLDC_cert,0.0,2.0835455089702357,0.001,0.9474808974047092
laplace,41058,LDC_PAC,0.0,2.1570332660531344,0.001,0.9526650189312031
laplace,41058,LDC_cert_pk,0.0,2.0929474540872715,,0.948174588209568
laplace,41059,CP_PAC,0.0,2.103074158382393,0.001,0.9489115072258189
laplace,41059,FH_PAC,0.0366662142269593,1.812290506441864,0.001,0.9228205465158656
laplace,41059,FH_normal,0.0366662142269593,1.5218161231977163,0.001,0.8836123898833996
laplace,41059,HetLDC,0.0,1.7792386285877355,0.001,0.9192359549298692
laplace,41059,HetLDC_cert,0.0,1.7810178672163233,0.001,0.9194389198502642
laplace,41059,LDC_PAC,0.0,1.858963917299266,0.001,0.927847401834937
laplace,41059,LDC_cert_pk,0.0,1.7908758362069326,,0.9205542512629616
laplace,41060,CP_PAC,0.0,2.843656266808831,0.003,0.9820746122198324
laplace,41060,FH_PAC,-0.0156958294736834,2.0672430580355976,0.003,0.9462427550107964
laplace,41060,FH_normal,-0.0156958294736834,1.712810072713551,0.003,0.9112589673030757
laplace,41060,HetLDC,0.0,2.6110655245656638,0.003,0.9750929473605944
laplace,41060,HetLDC_cert,0.0,2.61889872113936,0.003,0.9753673403845576
laplace,41060,LDC_PAC,0.0,2.6933583225558,0.003,0.9778293041334132
laplace,41060,LDC_cert_pk,0.0,2.6259973363868774,,0.9756133895139634
laplace,41061,CP_PAC,0.0,2.0804019694797478,0.001,0.9472468968266768
laplace,41061,FH_PAC,-0.1595416879819589,1.7213119795624474,0.001,0.9101004434565017
laplace,41061,FH_normal,-0.1595416879819589,1.3958518540479754,0.001,0.8575539783934023
laplace,41061,HetLDC,0.0,1.735437806379548,0.001,0.9140749335104128
laplace,41061,HetLDC_cert,0.0,1.7371732441859271,0.001,0.914285559082554
laplace,41061,LDC_PAC,0.0,1.8078292541112488,0.001,0.9224363701854996
laplace,41061,LDC_cert_pk,0.0,1.745143883620468,,0.9152463231081844
laplace,41062,CP_PAC,0.0,2.612057260903147,0.003,0.9751278556882246
laplace,41062,FH_PAC,-0.1376327500803862,1.819940231070238,0.003,0.9223046445248996
laplace,41062,FH_normal,-0.1376327500803862,1.4822515247873749,0.003,0.8747440268338409
laplace,41062,HetLDC,0.0,2.3427502507629274,0.003,0.9635986412915878
laplace,41062,HetLDC_cert,0.0,2.349778501515216,0.003,0.9639586585364496
laplace,41062,LDC_PAC,0.0,2.4296672545437468,0.003,0.9678090004771972
laplace,41062,LDC_cert_pk,0.0,2.3529827111424018,,0.9641216081175978
laplace,41063,CP_PAC,0.0,3.1045090584721278,0.003,0.987604711211808
laplace,41063,FH_PAC,0.3659992045215871,2.288328091844784,0.003,0.9553014947274254
laplace,41063,FH_normal,0.3659992045215871,1.8973177982543137,0.003,0.92229558147804
laplace,41063,HetLDC,0.0,2.9149503441026927,0.003,0.9837938148507492
laplace,41063,HetLDC_cert,0.0,2.9236951951350005,0.003,0.9839930039183112
laplace,41063,LDC_PAC,0.0,3.002310864065965,0.003,0.9856772878928122
laplace,41063,LDC_cert_pk,0.0,2.9323805585769227,,0.9841884146236424
laplace,41064,CP_PAC,0.0,2.281043815362549,0.001,0.9602793112590722
laplace,41064,FH_PAC,-0.1981828598626183,1.7260756056983395,0.001,0.9094874512282304
laplace,41064,FH_normal,-0.1981828598626183,1.4038918535464562,0.001,0.8572456767667345
laplace,41064,HetLDC,0.0,2.0192369122857903,0.001,0.9424805557227456
laplace,41064,HetLDC_cert,0.0,2.021256149198076,0.001,0.942644575799534
laplace,41064,LDC_PAC,0.0,2.093799024904768,0.001,0.948236964141134
laplace,41064,LDC_cert_pk,0.0,2.031511438255298,,0.9434704081339211
laplace,41065,CP_PAC,0.0,2.567716240193883,0.001,0.9735182412272334
laplace,41065,FH_PAC,0.123089040741507,2.238294880993459,0.001,0.9571629531159768
laplace,41065,FH_normal,0.123089040741507,1.8881262654564848,0.001,0.9297109156188064
laplace,41065,HetLDC,0.0,2.3213461602056364,0.001,0.9624799275068404
laplace,41065,HetLDC_cert,0.0,2.323667506365842,0.001,0.9626028994118652
laplace,41065,LDC_PAC,0.0,2.403435706725976,0.001,0.9665923837228084
laplace,41065,LDC_cert_pk,0.0,2.3311048458369155,,0.9629941802548099
laplace,41066,CP_PAC,0.0,2.71761835475747,0.003,0.9785770549907356
laplace,41066,FH_PAC,-0.0591841557271491,1.8865746255187987,0.003,0.9303672822659638
laplace,41066,FH_normal,-0.0591841557271491,1.5194372849315825,0.003,0.8829682640346508
laplace,41066,HetLDC,0.0,2.4826747668598075,0.003,0.9701339330077254
laplace,41066,HetLDC_cert,0.0,2.490122791160387,0.003,0.9704468642270851
laplace,41066,LDC_PAC,0.0,2.573981988874641,0.003,0.97375186231962
laplace,41066,LDC_cert_pk,0.0,2.4975314326622375,,0.970754887828742
laplace,41067,CP_PAC,0.0,2.703847920738254,0.003,0.9781557685705524
laplace,41067,FH_PAC,-0.0342441396077692,1.828902872699395,0.003,0.924625559272426
laplace,41067,FH_normal,-0.0342441396077692,1.485784251543716,0.003,0.8775489641547729
laplace,41067,HetLDC,0.0,2.4497422593885,0.003,0.9687100627753236
laplace,41067,HetLDC_cert,0.0,2.4570914861666653,0.003,0.969033586698402
laplace,41067,LDC_PAC,0.0,2.530857785815312,0.003,0.972101250310002
laplace,41067,LDC_cert_pk,0.0,2.463393657690684,,0.9693083522041268
laplace,41068,CP_PAC,0.0,2.88544788910186,0.003,0.9831033438620262
laplace,41068,FH_PAC,0.0100450661020705,2.205569942151012,0.003,0.9558006866458464
laplace,41068,FH_normal,0.0100450661020705,1.8813899729029315,0.003,0.930092777984655
laplace,41068,HetLDC,0.0,2.675363549924436,0.003,0.977257853832197
laplace,41068,HetLDC_cert,0.0,2.683389640574209,0.003,0.977514531499279
laplace,41068,LDC_PAC,0.0,2.7628340209287843,0.003,0.9799040573596682
laplace,41068,LDC_cert_pk,0.0,2.6900522380528695,,0.97772540212519
laplace,41069,CP_PAC,0.0,2.5091958608459946,0.001,0.9712333577130148
laplace,41069,FH_PAC,-0.0859174197604376,1.8876800596995575,0.001,0.9302068234608613
laplace,41069,FH_normal,-0.0859174197604376,1.6106411603858706,0.001,0.8967319106113847
laplace,41069,HetLDC,0.0,2.2591637351991927,0.001,0.9590310163103876
laplace,41069,HetLDC_cert,0.0,2.2614228989343914,0.001,0.959161700879046
laplace,41069,LDC_PAC,0.0,2.3339882741415425,0.001,0.9631447747183276
laplace,41069,LDC_cert_pk,0.0,2.2707373914755653,,0.9596961231785315
laplace,41070,CP_PAC,0.0,2.622918533367322,0.001,0.9755069766421548
laplace,41070,FH_PAC,0.0269332831131701,1.8186766728182464,0.001,0.92356174512489
laplace,41070,FH_normal,0.0269332831131701,1.5110116855165716,0.001,0.8818934377539823
laplace,41070,HetLDC,0.0,2.389688179601896,0.001,0.9659365199013976
laplace,41070,HetLDC_cert,0.0,2.3920778677814973,0.001,0.9660514441307072
laplace,41070,LDC_PAC,0.0,2.469945900458476,0.001,0.969591435727527
laplace,41070,LDC_cert_pk,0.0,2.4021840737339772,,0.9665331973244775
laplace,41071,CP_PAC,0.0,2.178263768232907,0.001,0.9540651028117026
laplace,41071,FH_PAC,-0.0883015784642472,1.8970035368457556,0.001,0.9310925612481304
laplace,41071,FH_normal,-0.0883015784642472,1.5665121791733072,0.001,0.890036389554702
laplace,41071,HetLDC,0.0,1.88046457651598,0.001,0.9300082924604642
laplace,41071,HetLDC_cert,0.0,1.882345041092496,0.001,0.9301941796214956
laplace,41071,LDC_PAC,0.0,1.95629119328199,0.001,0.9371254330141195
laplace,41071,LDC_cert_pk,0.0,1.8891163171685856,,0.9308594518663798
laplace,41072,CP_PAC,0.0,3.0982870700357936,0.003,0.9874951610623282
laplace,41072,FH_PAC,-0.0411049279953015,2.1553515261916245,0.003,0.9524721153850424
laplace,41072,FH_normal,-0.0411049279953015,1.806603743764597,0.003,0.9221705085312044
laplace,41072,HetLDC,0.0,2.891867887432512,0.003,0.9832560584893664
laplace,41072,HetLDC_cert,0.0,2.900543491094809,0.003,0.9834602374130044
laplace,41072,LDC_PAC,0.0,2.981771031280348,0.003,0.985255144435606
laplace,41072,LDC_cert_pk,0.0,2.9100535275172077,,0.9836811951742876
laplace,41073,CP_PAC,0.0,2.6621063113456667,0.003,0.976827449061454
laplace,41073,FH_PAC,-0.00696530424668,1.9057239725520905,0.003,0.9324611420525236
laplace,41073,FH_normal,-0.00696530424668,1.5921068579923576,0.003,0.8947619757394574
laplace,41073,HetLDC,0.0,2.414306657206513,0.003,0.9671020593813936
laplace,41073,HetLDC_cert,0.0,2.421549577178133,0.003,0.9674373142152854
laplace,41073,LDC_PAC,0.0,2.506848187103813,0.003,0.9711376905123952
laplace,41073,LDC_cert_pk,0.0,2.4285797013680455,,0.9677594515811674
laplace,41074,CP_PAC,0.0,2.3729119431598478,0.001,0.965118694500616
laplace,41074,FH_PAC,0.1422492420996782,1.940571962525274,0.001,0.9344068080221644
laplace,41074,FH_normal,0.1422492420996782,1.6216336137630794,0.001,0.8970216421573588
laplace,41074,HetLDC,0.0,2.131585766730027,0.001,0.9509304942202824
laplace,41074,HetLDC_cert,0.0,2.1337173524967565,0.001,0.9510781923730232
laplace,41074,LDC_PAC,0.0,2.2072205431736243,0.001,0.9559081899666032
laplace,41074,LDC_cert_pk,0.0,2.144025322503557,,0.9517861854059793
laplace,41075,CP_PAC,0.0,2.4377706880896035,0.001,0.9681758030782512
laplace,41075,FH_PAC,0.1388038866526777,1.8381321051364297,0.001,0.924253823397374
laplace,41075,FH_normal,0.1388038866526777,1.5099196372821029,0.001,0.8795119602759568
laplace,41075,HetLDC,0.0,2.149094831945278,0.001,0.9521306118984436
laplace,41075,HetLDC_cert,0.0,2.1512439267772225,0.001,0.9522758794610752
laplace,41075,LDC_PAC,0.0,2.237660607519797,0.001,0.9577660119950636
laplace,41075,LDC_cert_pk,0.0,2.1626002051540483,,0.9530362165930315
laplace,41076,CP_PAC,0.0,2.752773823996395,0.003,0.979616103478073
laplace,41076,FH_PAC,-0.1728880279827389,1.9690717317486592,0.003,0.9363967573275728
laplace,41076,FH_normal,-0.1728880279827389,1.6700162294414542,0.003,0.902914425422026
laplace,41076,HetLDC,0.0,2.5519251846237103,0.003,0.9729201997228818
laplace,41076,HetLDC_cert,0.0,2.5595809601775814,0.003,0.973211808597469
laplace,41076,LDC_PAC,0.0,2.6357977912492405,0.003,0.9759490548555668
laplace,41076,LDC_cert_pk,0.0,2.567652661734284,,0.9735158600520422
laplace,41077,CP_PAC,0.0,2.841515211802146,0.003,0.982020253521272
laplace,41077,FH_PAC,-0.0123391650027633,2.24176816772516,0.003,0.9580042434038004
laplace,41077,FH_normal,-0.0123391650027633,1.8982986986083523,0.003,0.9317411045905708
laplace,41077,HetLDC,0.0,2.6263472668217296,0.003,0.9756254548854806
laplace,41077,HetLDC_cert,0.0,2.6342263086221944,0.003,0.9758955443061832
laplace,41077,LDC_PAC,0.0,2.706323826286152,0.003,0.9782321215044169
laplace,41077,LDC_cert_pk,0.0,2.6403113413715413,,0.9761020860876237
laplace,41078,CP_PAC,0.0,2.979783143926604,0.003,0.9852136339417864
laplace,41078,FH_PAC,-0.1233682719267253,2.2646053151233434,0.003,0.9587247574159464
laplace,41078,FH_normal,-0.1233682719267253,1.877403531532518,0.003,0.9286320505877476
laplace,41078,HetLDC,0.0,2.7631514937792097,0.003,0.9799130778985268
laplace,41078,HetLDC_cert,0.0,2.7714409482605467,0.003,0.9801471831744282
laplace,41078,LDC_PAC,0.0,2.8531606050224285,0.003,0.9823139382832292
laplace,41078,LDC_cert_pk,0.0,2.7793029854942612,,0.9803666960977437
laplace,41079,CP_PAC,0.0,2.515614840133616,0.001,0.971493314053998
laplace,41079,FH_PAC,0.1645400756931155,1.8336181528040647,0.001,0.9231803702829824
laplace,41079,FH_normal,0.1645400756931155,1.51110111944691,0.001,0.8787847167099239
laplace,41079,HetLDC,0.0,2.2814422867732893,0.001,0.9603016885018518
laplace,41079,HetLDC_cert,0.0,2.2837237290600627,0.001,0.9604295665781252
laplace,41079,LDC_PAC,0.0,2.3689003232379005,0.001,0.9649202404218816
laplace,41079,LDC_cert_pk,0.0,2.2954102701096506,,0.9610781829203747
laplace,41080,CP_PAC,0.0,2.708602087707994,0.003,0.9783021436169994
laplace,41080,FH_PAC,0.0371849718117327,1.9809109157024227,0.003,0.9391929168457428
laplace,41080,FH_normal,0.0371849718117327,1.6390124157756372,0.003,0.9013849608369904
laplace,41080,HetLDC,0.0,2.4858650954699653,0.003,0.9702683793815988
laplace,41080,HetLDC_cert,0.0,2.493322690756375,0.003,0.9705803001069292
laplace,41080,LDC_PAC,0.0,2.565442265498249,0.003,0.9734329418307308
laplace,41080,LDC_cert_pk,0.0,2.500236328846227,,0.970866545483503
laplace,41081,CP_PAC,0.0,2.4323616576999054,0.001,0.967931429637138
laplace,41081,FH_PAC,-0.059279916019281,1.928506488291705,0.001,0.9343757529096046
laplace,41081,FH_normal,-0.059279916019281,1.623563260946403,0.001,0.8989919622050223
laplace,41081,HetLDC,0.0,2.20101156962088,0.001,0.9555193231719644
laplace,41081,HetLDC_cert,0.0,2.2032125811905003,0.001,0.955657562931989
laplace,41081,LDC_PAC,0.0,2.2767410075444,0.001,0.9600368704371692
laplace,41081,LDC_cert_pk,0.0,2.2101089048911353,,0.9560879271009277
laplace,41082,CP_PAC,0.0,2.662314836756288,0.003,0.9768342816267912
laplace,41082,FH_PAC,0.1036303876038829,2.505962591791341,0.003,0.9707906160151696
laplace,41082,FH_normal,0.1036303876038829,2.1504873740409,0.003,0.9517108015525656
laplace,41082,HetLDC,0.0,2.4527290970020825,0.003,0.9688419535407564
laplace,41082,HetLDC_cert,0.0,2.4600872842930888,0.003,0.969164504524753
laplace,41082,LDC_PAC,0.0,2.5356493063498533,0.003,0.9722896596735172
laplace,41082,LDC_cert_pk,0.0,2.466394645424386,,0.969438332693813
laplace,41083,CP_PAC,0.0,2.8191095144844,0.003,0.9814414171424826
laplace,41083,FH_PAC,0.1253113422058156,2.0217496632445178,0.003,0.9417822142096512
laplace,41083,FH_normal,0.1253113422058156,1.710831852851222,0.003,0.909631560120486
laplace,41083,HetLDC,0.0,2.6063031312593163,0.003,0.9749246311627996
laplace,41083,HetLDC_cert,0.0,2.614122040653094,0.003,0.9752003773980435
laplace,41083,LDC_PAC,0.0,2.699314621053819,0.003,0.9780152741480954
laplace,41083,LDC_cert_pk,0.0,2.624145691285634,,0.9755494465239221
laplace,41084,CP_PAC,0.0,2.542470646552069,0.003,0.9725556914216598
laplace,41084,FH_PAC,0.0505954945032186,1.898566730168901,0.003,0.9316026430514388
laplace,41084,FH_normal,0.0505954945032186,1.555442206224169,0.003,0.8888827957797677
laplace,41084,HetLDC,0.0,2.2836769432652444,0.003,0.9604269483096028
laplace,41084,HetLDC_cert,0.0,2.29052797409504,0.003,0.960808513071432
laplace,41084,LDC_PAC,0.0,2.364939608341642,0.003,0.9647231969452024
laplace,41084,LDC_cert_pk,0.0,2.2975984317705334,,0.9611984414015686
laplace,41085,CP_PAC,0.0,2.1489479651134498,0.001,0.9521206683429256
laplace,41085,FH_PAC,0.1957912065141533,1.5298242740212251,0.001,0.8806439324817102
laplace,41085,FH_normal,0.1957912065141533,1.2572776259227805,0.001,0.8245155639253788
laplace,41085,HetLDC,0.0,1.8478484023250727,0.001,0.9267042220821328
laplace,41085,HetLDC_cert,0.0,1.8496962507273975,0.001,0.9268955123865156
laplace,41085,LDC_PAC,0.0,1.9149453332280548,0.001,0.9333394304113068
laplace,41085,LDC_cert_pk,0.0,1.8569603555750918,,0.9276426701207283
laplace,41086,CP_PAC,0.0,2.822001457994928,0.003,0.981517163511936
laplace,41086,FH_PAC,-0.1303094547314532,1.835242052457135,0.003,0.9241152015335076
laplace,41086,FH_normal,-0.1303094547314532,1.5423037391662195,0.003,0.8851652984833916
laplace,41086,HetLDC,0.0,2.634721863807433,0.003,0.975912431293578
laplace,41086,HetLDC_cert,0.0,2.6426260293988557,0.003,0.9761801871292096
laplace,41086,LDC_PAC,0.0,2.715875581400845,0.003,0.9785241897291668
laplace,41086,LDC_cert_pk,0.0,2.6491180885207464,,0.9763978797318165
laplace,41087,CP_PAC,0.0,2.83640233013652,0.003,0.9818897760963354
laplace,41087,FH_PAC,-0.1035070390838388,2.126808985861925,0.003,0.9500676629584636
laplace,41087,FH_normal,-0.1035070390838388,1.7750686975384793,0.003,0.917886312830389
laplace,41087,HetLDC,0.0,2.62055641600221,0.003,0.9754250199432248
laplace,41087,HetLDC_cert,0.0,2.6284180852502166,0.003,0.9756967332556592
laplace,41087,LDC_PAC,0.0,2.7014542013004426,0.003,0.9780816955057504
laplace,41087,LDC_cert_pk,0.0,2.634348770384899,,0.9758997185251461
laplace,41088,CP_PAC,0.0,2.59106029706282,0.001,0.974378222692256
laplace,41088,FH_PAC,-0.038019267939945,2.13467906904792,0.001,0.9510740487051124
laplace,41088,FH_normal,-0.038019267939945,1.7707841872922412,0.001,0.9181463387450652
laplace,41088,HetLDC,0.0,2.3182801423709507,0.001,0.9623168871057954
laplace,41088,HetLDC_cert,0.0,2.320598422513321,0.001,0.9624402305162008
laplace,41088,LDC_PAC,0.0,2.410136428688097,0.001,0.9669074674450324
laplace,41088,LDC_cert_pk,0.0,2.3311818934463107,,0.9629982122549126
laplace,41089,CP_PAC,0.0,2.359912991633918,0.001,0.964471530949029
laplace,41089,FH_PAC,-0.1273029214789356,1.8918558586752008,0.001,0.9300076252808196
laplace,41089,FH_normal,-0.1273029214789356,1.5982975943402549,0.001,0.8939892629081244
laplace,41089,HetLDC,0.0,2.0757676529626994,0.001,0.946900022111949
laplace,41089,HetLDC_cert,0.0,2.077843420615662,0.001,0.9470556727055068
laplace,41089,LDC_PAC,0.0,2.1510556796822486,0.001,0.9522631725782468
laplace,41089,LDC_cert_pk,0.0,2.0886199123359392,,0.9478564406035221
laplace,41090,CP_PAC,0.0,2.877026047995257,0.003,0.9829008967159124
laplace,41090,FH_PAC,-0.0301591967224912,2.0485598955574287,0.003,0.9447668457830724
laplace,41090,FH_normal,-0.0301591967224912,1.7021957360045883,0.003,0.909857091355928
laplace,41090,HetLDC,0.0,2.667803175065327,0.003,0.9770133905844192
laplace,41090,HetLDC_cert,0.0,2.675806584590523,0.003,0.9772720983616824
laplace,41090,LDC_PAC,0.0,2.754770056503691,0.003,0.9796735680853969
laplace,41090,LDC_cert_pk,0.0,2.683128418382985,,0.9775062232938061
laplace,41091,CP_PAC,0.0,2.3279900115505257,0.001,0.9628308085402126
laplace,41091,FH_PAC,-0.0950812909736771,1.7962852543031822,0.001,0.920445871649848
laplace,41091,FH_normal,-0.0950812909736771,1.474641431060095,0.001,0.8746248168855928
laplace,41091,HetLDC,0.0,2.062478779558276,0.001,0.9458926618668044
laplace,41091,HetLDC_cert,0.0,2.064541258337833,0.001,0.9460502514248752
laplace,41091,LDC_PAC,0.0,2.1368915333166463,0.001,0.9512973087072952
laplace,41091,LDC_cert_pk,0.0,2.072757019845047,,0.946673457517095
laplace,41092,CP_PAC,0.0,2.243927962855273,0.001,0.95813869378411
laplace,41092,FH_PAC,0.2344214756575945,1.615564889947962,0.001,0.8925552400327437
laplace,41092,FH_normal,0.2344214756575945,1.3025725054655348,0.001,0.8327290538417711
laplace,41092,HetLDC,0.0,1.9533494560153064,0.001,0.9368633145671784
laplace,41092,HetLDC_cert,0.0,1.9553028054713213,0.001,0.9370374860307188
laplace,41092,LDC_PAC,0.0,2.0305142092140884,0.001,0.9433906284993148
laplace,41092,LDC_cert_pk,0.0,1.9622286983598054,,0.9376511740919473
laplace,41093,CP_PAC,0.0,2.49809796725983,0.001,0.9707783096552224
laplace,41093,FH_PAC,0.1148478704168748,2.006608183914601,0.001,0.9406699919084616
laplace,41093,FH_normal,0.1148478704168748,1.6809744016517376,0.001,0.905968396999902
laplace,41093,HetLDC,0.0,2.242001145814607,0.001,0.958024469065298
laplace,41093,HetLDC_cert,0.0,2.244243146960421,0.001,0.9581573487858616
laplace,41093,LDC_PAC,0.0,2.323665304180542,0.001,0.962602782943638
laplace,41093,LDC_cert_pk,0.0,2.2558690456571338,,0.9588396802386412
laplace,41094,CP_PAC,0.0,2.227430883912003,0.001,0.9571505712440556
laplace,41094,FH_PAC,-0.0289654488289989,1.90029919325527,0.001,0.931887200297755
laplace,41094,FH_normal,-0.0289654488289989,1.5685936693853206,0.001,0.8911176871210349
laplace,41094,HetLDC,0.0,1.917348133231722,0.001,0.9335655634240878
laplace,41094,HetLDC_cert,0.0,1.9192654813649532,0.001,0.9337454590312904
laplace,41094,LDC_PAC,0.0,2.0004480106540763,0.001,0.9409316899582636
laplace,41094,LDC_cert_pk,0.0,1.927072262457155,,0.9344729162369592
laplace,41095,CP_PAC,0.0,2.607820292769633,0.001,0.974978374956356
laplace,41095,FH_PAC,-0.0851859601572238,2.0690505898801304,0.001,0.9460037264417672
laplace,41095,FH_normal,-0.0851859601572238,1.782000907940672,0.001,0.9189663428064228
laplace,41095,HetLDC,0.0,2.387906643889847,0.001,0.965850589714337
laplace,41095,HetLDC_cert,0.0,2.3902945505337363,0.001,0.9659657181087704
laplace,41095,LDC_PAC,0.0,2.469987168014206,0.001,0.9695932103541274
laplace,41095,LDC_cert_pk,0.0,2.39812643575798,,0.9663406004727157
laplace,41096,CP_PAC,0.0,2.5469554089970456,0.003,0.972729203705424
laplace,41096,FH_PAC,-0.1259929623588668,2.003887721524321,0.003,0.9402827442527624
laplace,41096,FH_normal,-0.1259929623588668,1.6845305345114077,0.003,0.9061910483580752
laplace,41096,HetLDC,0.0,2.342894782558385,0.003,0.9636060809261962
laplace,41096,HetLDC_cert,0.0,2.3499234669060605,0.003,0.9639660466873758
laplace,41096,LDC_PAC,0.0,2.425778359104926,0.003,0.9676314709795776
laplace,41096,LDC_cert_pk,0.0,2.3553914162229073,,0.9642436171857434
laplace,41097,CP_PAC,0.0,2.2751942007397,0.001,0.9599493547993528
laplace,41097,FH_PAC,0.1161001788999991,1.8409005053547047,0.001,0.9249805106846376
laplace,41097,FH_normal,0.1161001788999991,1.5191986704626734,0.001,0.881761586999289
laplace,41097,HetLDC,0.0,1.987666606285198,0.001,0.9398542846641074
laplace,41097,HetLDC_cert,0.0,1.989654272891483,0.001,0.940023115969756
laplace,41097,LDC_PAC,0.0,2.0588068020886894,0.001,0.9456109537895004
laplace,41097,LDC_cert_pk,0.0,1.9995087439722123,,0.940853175988849
laplace,41098,CP_PAC,0.0,2.3853007495106198,0.001,0.965724507011002
laplace,41098,FH_PAC,-0.0126514252294017,1.7544954889813384,0.001,0.9163464376110216
laplace,41098,FH_normal,-0.0126514252294017,1.435345956567496,0.001,0.868628444432437
laplace,41098,HetLDC,0.0,2.0873734821007317,0.001,0.9477644451272208
laplace,41098,HetLDC_cert,0.0,2.089460855582832,0.001,0.947918416688265
laplace,41098,LDC_PAC,0.0,2.1741965670660948,0.001,0.953800128967834
laplace,41098,LDC_cert_pk,0.0,2.097352940916676,,0.9484964722741549
laplace,41099,CP_PAC,0.0,2.909787390409401,0.003,0.9836750520329088
laplace,41099,FH_PAC,0.1017707692788183,2.163332321366328,0.003,0.9525980627490708
laplace,41099,FH_normal,0.1017707692788183,1.7988088329389462,0.003,0.9206254998971486
laplace,41099,HetLDC,0.0,2.7294397609984524,0.003,0.9789322264865958
laplace,41099,HetLDC_cert,0.0,2.737628080281447,0.003,0.9791747848545268
laplace,41099,LDC_PAC,0.0,2.8139992925798487,0.003,0.9813068094673136
laplace,41099,LDC_cert_pk,0.0,2.745523012651383,,0.979406007672323
laplace,41100,CP_PAC,0.0,2.4172990871713025,0.001,0.9672409871550648
laplace,41100,FH_PAC,0.0666628723497019,1.9885143317071372,0.001,0.9396591866339804
laplace,41100,FH_normal,0.0666628723497019,1.6732084380760837,0.001,0.9057530387504245
laplace,41100,HetLDC,0.0,2.1534638961476222,0.001,0.952425474901406
laplace,41100,HetLDC_cert,0.0,2.15561736004377,0.001,0.9525701407136042
laplace,41100,LDC_PAC,0.0,2.233917542614319,0.001,0.9575418539024508
laplace,41100,LDC_cert_pk,0.0,2.163307788066871,,0.953083188493903
laplace,41101,CP_PAC,0.0,2.571342599611529,0.003,0.9736537038614924
laplace,41101,FH_PAC,-0.0087592922366267,2.1496971039716883,0.003,0.9521676971645606
laplace,41101,FH_normal,-0.0087592922366267,1.758262397945037,0.003,0.9167978263708768
laplace,41101,HetLDC,0.0,2.3550569433887865,0.003,0.9642266998431456
laplace,41101,HetLDC_cert,0.0,2.362122114218953,0.003,0.9645823547595858
laplace,41101,LDC_PAC,0.0,2.435437458331724,0.003,0.96807061980729
laplace,41101,LDC_cert_pk,0.0,2.366050665932687,,0.9647785828986597
laplace,41102,CP_PAC,0.0,2.445687789969438,0.001,0.9685301345024686
laplace,41102,FH_PAC,0.0853250046600845,1.7889900090888655,0.001,0.9197614476463668
laplace,41102,FH_normal,0.0853250046600845,1.4543753857026234,0.001,0.8712051741879159
laplace,41102,HetLDC,0.0,2.206286593335791,0.001,0.9558499148277352
laplace,41102,HetLDC_cert,0.0,2.2084928799291266,0.001,0.955987455490102
laplace,41102,LDC_PAC,0.0,2.2892145439997864,0.001,0.960735648383518
laplace,41102,LDC_cert_pk,0.0,2.2175139026168527,,0.9565453857369781
laplace,41103,CP_PAC,0.0,2.117884754007978,0.001,0.949970444723662
laplace,41103,FH_PAC,0.1570287265338061,1.6586627185093916,0.001,0.9018487220105712
laplace,41103,FH_normal,0.1570287265338061,1.3332280458337094,0.001,0.8444847077572977
laplace,41103,HetLDC,0.0,1.776166141634528,0.001,0.918884259287506
laplace,41103,HetLDC_cert,0.0,1.7779423077761622,0.001,0.9190877564649882
laplace,41103,LDC_PAC,0.0,1.8564350031350292,0.001,0.92758889150421
laplace,41103,LDC_cert_pk,0.0,1.7863767645448776,,0.9200471543869777
laplace,41104,CP_PAC,0.0,2.4485151838862813,0.001,0.9686557167413772
laplace,41104,FH_PAC,-0.0412434692911981,2.0691090942664254,0.001,0.946306433171827
laplace,41104,FH_normal,-0.0412434692911981,1.6876918919560815,0.001,0.9079162419546816
laplace,41104,HetLDC,0.0,2.164927840104932,0.001,0.9531905565378826
laplace,41104,HetLDC_cert,0.0,2.1670927679450367,0.001,0.9533336524532624
laplace,41104,LDC_PAC,0.0,2.2475231163723954,0.001,0.9583509896985152
laplace,41104,LDC_cert_pk,0.0,2.173881146108193,,0.9537795158742772
laplace,41105,CP_PAC,0.0,3.1697710232151755,0.01,0.9886975207044956
laplace,41105,FH_PAC,-0.0323433525887469,2.249052969185798,0.01,0.9583975193976192
laplace,41105,FH_normal,-0.0323433525887469,1.9032959285683977,0.01,0.9321612143252797
laplace,41105,HetLDC,0.0,2.976973052891332,0.01,0.9851547549879592
laplace,41105,HetLDC_cert,0.0,3.006742783420245,0.01,0.9857667773370168
laplace,41105,LDC_PAC,0.0,3.065424452098069,0.01,0.9869002853910308
laplace,41105,LDC_cert_pk,0.0,2.9970619976175215,,0.9855705745638499
laplace,41106,CP_PAC,0.0,2.615072633559998,0.003,0.9752336941573796
laplace,41106,FH_PAC,-0.0958138211090678,2.0931099924601515,0.003,0.9477101085308826
laplace,41106,FH_normal,-0.0958138211090678,1.7748285308179583,0.003,0.9179834519536904
laplace,41106,HetLDC,0.0,2.3971509939023155,0.003,0.9662941358586516
laplace,41106,HetLDC_cert,0.0,2.404342446884022,0.003,0.966635195663335
laplace,41106,LDC_PAC,0.0,2.476856195278061,0.003,0.9698871600992904
laplace,41106,LDC_cert_pk,0.0,2.4109003490159897,,0.9669431995413686
laplace,41107,CP_PAC,0.0,2.4705162554187066,0.001,0.9696159534992006
laplace,41107,FH_PAC,0.1143200871382316,1.7964440657905558,0.001,0.9201450184154342
laplace,41107,FH_normal,0.1143200871382316,1.4630466605038226,0.001,0.8720413209712846
laplace,41107,HetLDC,0.0,2.2188445652996625,0.001,0.9566270835257492
laplace,41107,HetLDC_cert,0.0,2.221063409864961,0.001,0.9567629709577016
laplace,41107,LDC_PAC,0.0,2.29800951818852,0.001,0.9612209926745174
laplace,41107,LDC_cert_pk,0.0,2.228976585121852,,0.9572441357210513
laplace,41108,CP_PAC,0.0,2.868840816723879,0.003,0.982701813184096
laplace,41108,FH_PAC,0.196495025601721,2.295359534052164,0.003,0.9595628033394692
laplace,41108,FH_normal,0.196495025601721,1.9039015465632605,0.003,0.9296589703025424
laplace,41108,HetLDC,0.0,2.647403134345564,0.003,0.9763405677676172
laplace,41108,HetLDC_cert,0.0,2.6553453437486003,0.003,0.9766048232091556
laplace,41108,LDC_PAC,0.0,2.7323493549759896,0.003,0.9790187377828768
laplace,41108,LDC_cert_pk,0.0,2.6646372031197405,,0.9769102405004957
laplace,41109,CP_PAC,0.0,2.405525579420667,0.001,0.9666909750452276
laplace,41109,FH_PAC,0.1535374176575468,1.7943390757940727,0.001,0.919071389284276
laplace,41109,FH_normal,0.1535374176575468,1.46067478468987,0.001,0.8702719958750481
laplace,41109,HetLDC,0.0,2.130039553973151,0.001,0.9508230777565754
laplace,41109,HetLDC_cert,0.0,2.132169593527124,0.001,0.950970992020161
laplace,41109,LDC_PAC,0.0,2.2080624136428257,0.001,0.9559606537606812
laplace,41109,LDC_cert_pk,0.0,2.1417565085200088,,0.9516312387157793
laplace,41110,CP_PAC,0.0,2.897226592187173,0.003,0.98338247038577
laplace,41110,FH_PAC,-0.0977993118159668,2.010730353532263,0.003,0.9412267095143362
laplace,41110,FH_normal,-0.0977993118159668,1.633882351295753,0.003,0.8998538054406259
laplace,41110,HetLDC,0.0,2.708602561652443,0.003,0.978302158160171
laplace,41110,HetLDC_cert,0.0,2.7167283693374,0.003,0.9785500744655315
laplace,41110,LDC_PAC,0.0,2.7882717541531723,0.003,0.9806141474763695
laplace,41110,LDC_cert_pk,0.0,2.72422171340329,,0.9787761832017954
laplace,41111,CP_PAC,0.0,2.5215840712450563,0.001,0.971732947981595
laplace,41111,FH_PAC,0.0185390280503264,1.6890924047180649,0.001,0.9082230159004916
laplace,41111,FH_normal,0.0185390280503264,1.339590779556147,0.001,0.8495498971492527
laplace,41111,HetLDC,0.0,2.290344101351816,0.001,0.9607983205751572
laplace,41111,HetLDC_cert,0.0,2.292634445453168,0.001,0.9609250907964788
laplace,41111,LDC_PAC,0.0,2.374521419633015,0.001,0.9651979990673648
laplace,41111,LDC_cert_pk,0.0,2.3015897135991197,,0.9614168408046782
laplace,41112,CP_PAC,0.0,2.4924363137986583,0.001,0.970543398615271
laplace,41112,FH_PAC,-0.0426208635593153,1.8233488396062585,0.001,0.923982311227468
laplace,41112,FH_normal,-0.0426208635593153,1.4607793641854314,0.001,0.8730597212678559
laplace,41112,HetLDC,0.0,2.217019581996208,0.001,0.9565149970849988
laplace,41112,HetLDC_cert,0.0,2.219236601578204,0.001,0.9566511238043188
laplace,41112,LDC_PAC,0.0,2.3033546964845315,0.001,0.9615130266975516
laplace,41112,LDC_cert_pk,0.0,2.2313022338852693,,0.9573845272225641
laplace,41113,CP_PAC,0.0,2.475405144173846,0.001,0.9698253022089642
laplace,41113,FH_PAC,0.1769273235786273,2.10706322916933,0.001,0.9476003516109964
laplace,41113,FH_normal,0.1769273235786273,1.7914494132362884,0.001,0.9181207811852924
laplace,41113,HetLDC,0.0,2.2259986570074206,0.001,0.9570636928543612
laplace,41113,HetLDC_cert,0.0,2.228224655664428,0.001,0.9571986454296288
laplace,41113,LDC_PAC,0.0,2.3025570344689874,0.001,0.9614695864144308
laplace,41113,LDC_cert_pk,0.0,2.23840864879292,,0.9578106672890732
laplace,41114,CP_PAC,0.0,2.8012977381542576,0.003,0.980967995195587
laplace,41114,FH_PAC,0.0788509254003705,2.2204204329435524,0.003,0.956454289001677
laplace,41114,FH_normal,0.0788509254003705,1.9036568339770537,0.003,0.931845131633674
laplace,41114,HetLDC,0.0,2.563862118701842,0.003,0.9733735069711218
laplace,41114,HetLDC_cert,0.0,2.571553705057947,0.003,0.9736615683263776
laplace,41114,LDC_PAC,0.0,2.65323860168284,0.003,0.9765350160729548
laplace,41114,LDC_cert_pk,0.0,2.577317678811061,,0.9738753931057011
laplace,41115,CP_PAC,0.0,2.067006849686533,0.001,0.9462380397444308
laplace,41115,FH_PAC,-0.0655204034973169,1.726882173350904,0.001,0.912655341597665
laplace,41115,FH_normal,-0.0655204034973169,1.413507387545916,0.001,0.8639475116213464
laplace,41115,HetLDC,0.0,1.7454028956136096,0.001,0.9152773625485104
laplace,41115,HetLDC_cert,0.0,1.7471482985092228,0.001,0.9154862316829552
laplace,41115,LDC_PAC,0.0,1.8118379011020969,0.001,0.9228748407986886
laplace,41115,LDC_cert_pk,0.0,1.7529611973894383,,0.9161781444709343
laplace,41116,CP_PAC,0.0,2.560952330661122,0.001,0.9732637115566494
laplace,41116,FH_PAC,-0.125078819641481,2.142739838561632,0.001,0.9509408193138642
laplace,41116,FH_normal,-0.125078819641481,1.7752182029967198,0.001,0.9175013920445916
laplace,41116,HetLDC,0.0,2.3286405453078665,0.001,0.9628649882358302
laplace,41116,HetLDC_cert,0.0,2.3309691858531743,0.001,0.9629870799262056
laplace,41116,LDC_PAC,0.0,2.4115936617617337,0.001,0.9669755955946486
laplace,41116,LDC_cert_pk,0.0,2.3373434951965257,,0.9633192384873299
laplace,41117,CP_PAC,0.0,2.9395293614118154,0.003,0.9843474633661842
laplace,41117,FH_PAC,0.1625825293287233,2.048805724994814,0.003,0.9433716442982883
laplace,41117,FH_normal,0.1625825293287233,1.7295778450349568,0.003,0.9110596214588184
laplace,41117,HetLDC,0.0,2.715149350493594,0.003,0.9785021217622908
laplace,41117,HetLDC_cert,0.0,2.7232947985450746,0.003,0.978748343600602
laplace,41117,LDC_PAC,0.0,2.799674735441972,0.003,0.9809242613880372
laplace,41117,LDC_cert_pk,0.0,2.729788566577093,,0.9789426163526753
laplace,41118,CP_PAC,0.0,2.195980594077323,0.001,0.955201720255212
laplace,41118,FH_PAC,0.037029901620244,1.8460085586967268,0.001,0.9264124740978028
laplace,41118,FH_normal,0.037029901620244,1.5065159935206154,0.001,0.8810634073366335
laplace,41118,HetLDC,0.0,1.808126519807916,0.001,0.9224689708636362
laplace,41118,HetLDC_cert,0.0,1.809934646327724,0.001,0.9226669704207068
laplace,41118,LDC_PAC,0.0,1.891208302048481,0.001,0.9310637028152212
laplace,41118,LDC_cert_pk,0.0,1.8183534911553747,,0.9235822414740151
laplace,41119,CP_PAC,0.0,3.4542618110149164,0.001,0.992441359259036
laplace,41119,FH_PAC,-0.033861911796834,2.3394479980089296,0.001,0.963386303825808
laplace,41119,FH_normal,-0.033861911796834,1.9988478285544784,0.001,0.9407299711944024
laplace,41119,HetLDC,0.0,3.275938895550712,0.001,0.9902732671046016
laplace,41119,HetLDC_cert,0.0,3.2792148344462624,0.001,0.9903182256397144
laplace,41119,LDC_PAC,0.0,3.370783161138865,0.001,0.9914942022715572
laplace,41119,LDC_cert_pk,0.0,3.2874385948301077,,0.9904301739117349
laplace,41120,CP_PAC,0.0,2.118176663800009,0.001,0.9499910938015994
laplace,41120,FH_PAC,0.0799910845081976,2.251510697317734,0.001,0.9583199212119304
laplace,41120,FH_normal,0.0799910845081976,1.9075359802665788,0.001,0.9322057761259364
laplace,41120,HetLDC,0.0,1.84700720591498,0.001,0.9266169752398024
laplace,41120,HetLDC_cert,0.0,1.8488542131208952,0.001,0.9268084061735808
laplace,41120,LDC_PAC,0.0,1.9167227668034603,0.001,0.9335067827074336
laplace,41120,LDC_cert_pk,0.0,1.856408572105387,,0.9275861847900666
laplace,41121,CP_PAC,0.0,2.685780611691103,0.003,0.9775904341994704
laplace,41121,FH_PAC,0.1647493228810707,2.132721903765444,0.003,0.9496735237360726
laplace,41121,FH_normal,0.1647493228810707,1.7834302199241423,0.003,0.917524247404184
laplace,41121,HetLDC,0.0,2.4818539480697352,0.003,0.9700992439570992
laplace,41121,HetLDC_cert,0.0,2.4892995099139443,0.003,0.9704124356053092
laplace,41121,LDC_PAC,0.0,2.557998645021204,0.003,0.97315179669607
laplace,41121,LDC_cert_pk,0.0,2.4927808377382688,,0.9705577472719349
laplace,41122,CP_PAC,0.0,2.9284841479533847,0.003,0.9841010466541912
laplace,41122,FH_PAC,0.1062660024603391,2.3492589605771688,0.003,0.9635241059152476
laplace,41122,FH_normal,0.1062660024603391,2.028769271595169,0.003,0.9426087145064692
laplace,41122,HetLDC,0.0,2.7279559252931125,0.003,0.9788879701755728
laplace,41122,HetLDC_cert,0.0,2.736139793068992,0.003,0.9791309066986128
laplace,41122,LDC_PAC,0.0,2.8183538195607665,0.003,0.9814215727228608
laplace,41122,LDC_cert_pk,0.0,2.745731144674837,,0.9794120684804684
laplace,41123,CP_PAC,0.0,2.802247927607215,0.003,0.98099355267258
laplace,41123,FH_PAC,0.1128860640424661,2.438033841832392,0.003,0.9677813894621128
laplace,41123,FH_normal,0.1128860640424661,2.0830034164492988,0.003,0.946769417231891
laplace,41123,HetLDC,0.0,2.591104692696524,0.003,0.97437983130267
laplace,41123,HetLDC_cert,0.0,2.5988780067746133,0.003,0.9746599346238476
laplace,41123,LDC_PAC,0.0,2.683169548378244,0.003,0.977507531642202
laplace,41123,LDC_cert_pk,0.0,2.6068596936932753,,0.9749443601736794
laplace,41124,CP_PAC,0.0,1.89912734125618,0.001,0.9318314280831844
laplace,41124,FH_PAC,-0.0586104398156749,1.729725969786438,0.001,0.91308030810614
laplace,41124,FH_normal,-0.0586104398156749,1.4580250317362116,0.001,0.872358218035818
laplace,41124,HetLDC,0.0,1.5519914875650287,0.001,0.8886244450404808
laplace,41124,HetLDC_cert,0.0,1.5535434790525935,0.001,0.8888686293172252
laplace,41124,LDC_PAC,0.0,1.62042796163515,0.001,0.8988985893658508
laplace,41124,LDC_cert_pk,0.0,1.5547785557218823,,0.8890625688562597
laplace,41125,CP_PAC,0.0,2.7302205264786155,0.003,0.9789554760336918
laplace,41125,FH_PAC,-0.00543647321283,2.070103413946002,0.003,0.9464713775227924
laplace,41125,FH_normal,-0.00543647321283,1.7747449658683327,0.003,0.9187186629640992
laplace,41125,HetLDC,0.0,2.501314090880276,0.003,0.9709109164544588
laplace,41125,HetLDC_cert,0.0,2.508818033152916,0.003,0.9712179827531552
laplace,41125,LDC_PAC,0.0,2.585918088354595,0.003,0.974191217338278
laplace,41125,LDC_cert_pk,0.0,2.515649215976733,,0.9714946998666796
laplace,41126,CP_PAC,0.0,2.76497336473349,0.003,0.9799647655312758
laplace,41126,FH_PAC,-0.0754137954715501,2.108091440276227,0.003,0.9489839512298508
laplace,41126,FH_normal,-0.0754137954715501,1.7689564693732267,0.003,0.917586476770214
laplace,41126,HetLDC,0.0,2.546928186409652,0.003,0.9727281537990368
laplace,41126,HetLDC_cert,0.0,2.5545689709688806,0.003,0.9730212587646008
laplace,41126,LDC_PAC,0.0,2.6334236272763154,0.003,0.975868166287351
laplace,41126,LDC_cert_pk,0.0,2.5619094584187185,,0.9732998768617653
laplace,41127,CP_PAC,0.0,3.107573159718993,0.01,0.9876583074287012
laplace,41127,FH_PAC,-0.0628425472689184,2.415162086637543,0.01,0.967011985493845
laplace,41127,FH_normal,-0.0628425472689184,2.0545649555529653,0.01,0.9450674729042782
laplace,41127,HetLDC,0.0,2.927142767252835,0.01,0.9840708577339874
laplace,41127,HetLDC_cert,0.0,2.9564141949253635,0.01,0.9847167993484716
laplace,41127,LDC_PAC,0.0,3.019202806927149,0.01,0.9860153860475628
laplace,41127,LDC_cert_pk,0.0,2.944502784026116,,0.9844571689380268
laplace,41128,CP_PAC,0.0,2.6271218191973533,0.003,0.9756521397173032
laplace,41128,FH_PAC,-0.006918108032821,2.071607380321423,0.003,0.9465841304033038
laplace,41128,FH_normal,-0.006918108032821,1.7289264917003622,0.003,0.9132758973673109
laplace,41128,HetLDC,0.0,2.4112170144887,0.003,0.9669580001401292
laplace,41128,HetLDC_cert,0.0,2.418450665532166,0.003,0.9672942943348144
laplace,41128,LDC_PAC,0.0,2.4882685360715597,0.003,0.97036926496368
laplace,41128,LDC_cert_pk,0.0,2.4235384577099195,,0.9675287746551506
laplace,41129,CP_PAC,0.0,3.1057117826062406,0.003,0.9876257765471808
laplace,41129,FH_PAC,0.1135216541871174,1.8442907517942289,0.003,0.925383141370746
laplace,41129,FH_normal,0.1135216541871174,1.5033342378396828,0.003,0.8791497960376211
laplace,41129,HetLDC,0.0,2.884817014685792,0.003,0.9830882620879526
laplace,41129,HetLDC_cert,0.0,2.8934714657298493,0.003,0.9832939874124637
laplace,41129,LDC_PAC,0.0,2.973738047598127,0.003,0.9850866825682968
laplace,41129,LDC_cert_pk,0.0,2.902101555952674,,0.9834966416069204
laplace,41130,CP_PAC,0.0,2.311739282598988,0.001,0.9619666946340848
laplace,41130,FH_PAC,0.0326999352566166,2.1362172269131725,0.001,0.951198706953359
laplace,41130,FH_normal,0.0326999352566166,1.7692191581271892,0.001,0.9179958008083514
laplace,41130,HetLDC,0.0,2.053035651779775,0.001,0.9451652335972868
laplace,41130,HetLDC_cert,0.0,2.0550886874315544,0.001,0.9453242116478436
laplace,41130,LDC_PAC,0.0,2.121974783272845,0.001,0.9502589891192954
laplace,41130,LDC_cert_pk,0.0,2.061895369398888,,0.9458480012900283
laplace,41131,CP_PAC,0.0,2.774829119859155,0.003,0.980242082355376
laplace,41131,FH_PAC,-0.064721394219754,2.1155276286177025,0.003,0.9495929806562592
laplace,41131,FH_normal,-0.064721394219754,1.7814740973788032,0.003,0.919153404805863
laplace,41131,HetLDC,0.0,2.55001694867252,0.003,0.9728470220380432
laplace,41131,HetLDC_cert,0.0,2.557666999518537,0.003,0.9731392014635956
laplace,41131,LDC_PAC,0.0,2.6428104730027937,0.003,0.9761863995419642
laplace,41131,LDC_cert_pk,0.0,2.566261239592235,,0.9734636940988273
laplace,41132,CP_PAC,0.0,2.1754774157917254,0.001,0.953883739371812
laplace,41132,FH_PAC,-0.1030192806473905,1.5232346540577704,0.001,0.8827683595031699
laplace,41132,FH_normal,-0.1030192806473905,1.1992955489813806,0.001,0.8146453741618997
laplace,41132,HetLDC,0.0,1.8309450803645249,0.001,0.92493098320146
laplace,41132,HetLDC_cert,0.0,1.8327760254448893,0.001,0.9251251115209804
laplace,41132,LDC_PAC,0.0,1.906917935719879,0.001,0.9325783574839296
laplace,41132,LDC_cert_pk,0.0,1.8385153193598902,,0.9257303804076282
laplace,41133,CP_PAC,0.0,2.568894679326723,0.001,0.9735623380337636
laplace,41133,FH_PAC,0.1391719825104843,2.101728423280102,0.001,0.94781957079295
laplace,41133,FH_normal,0.1391719825104843,1.710615069220892,0.001,0.909275692971216
laplace,41133,HetLDC,0.0,2.314221088509216,0.001,0.962099950078307
laplace,41133,HetLDC_cert,0.0,2.3165353095977244,0.001,0.9622237867127126
laplace,41133,LDC_PAC,0.0,2.3895185515855464,0.001,0.9659283474247284
laplace,41133,LDC_cert_pk,0.0,2.321282325045001,,0.9624765401712465
laplace,41134,CP_PAC,0.0,2.2705741074835,0.001,0.959686815195676
laplace,41134,FH_PAC,0.1718514369818316,1.625683528272758,0.001,0.8966689130667493
laplace,41134,FH_normal,0.1718514369818316,1.3002471452617217,0.001,0.8362771898630806
laplace,41134,HetLDC,0.0,1.9805189114802348,0.001,0.939243226507122
laplace,41134,HetLDC_cert,0.0,1.982499430391715,0.001,0.9394131606453008
laplace,41134,LDC_PAC,0.0,2.054626113064844,0.001,0.9452884321966056
laplace,41134,LDC_cert_pk,0.0,1.988440852989051,,0.9399201051848227
laplace,41135,CP_PAC,0.0,2.626194258608399,0.001,0.9756201799973958
laplace,41135,FH_PAC,-0.1733771540497589,1.9810419826861336,0.001,0.937454016308232
laplace,41135,FH_normal,-0.1733771540497589,1.636428540741578,0.001,0.8981746563271208
laplace,41135,HetLDC,0.0,2.397389198489565,0.001,0.9663054885135351
laplace,41135,HetLDC_cert,0.0,2.399786587688055,0.001,0.966419533630225
laplace,41135,LDC_PAC,0.0,2.473030580377924,0.001,0.9697238010072676
laplace,41135,LDC_cert_pk,0.0,2.4103600764319175,,0.9669179324838884
laplace,41136,CP_PAC,0.0,2.0900752473392106,0.001,0.947963649740581
laplace,41136,FH_PAC,-0.1655389736254369,1.4395283167280437,0.001,0.8658295174142787
laplace,41136,FH_normal,-0.1655389736254369,1.0908110318726476,0.001,0.7802980262712301
laplace,41136,HetLDC,0.0,1.748424748019553,0.001,0.9156386559713792
laplace,41136,HetLDC_cert,0.0,1.7501731727675724,0.001,0.915846994031242
laplace,41136,LDC_PAC,0.0,1.816235146315753,0.001,0.92335296650563
laplace,41136,LDC_cert_pk,0.0,1.7583431292098985,,0.9168137076913347
laplace,41137,CP_PAC,0.0,2.5868461357070034,0.001,0.9742250680410172
laplace,41137,FH_PAC,0.0184033829225145,2.100729508421379,0.001,0.9487244636806422
laplace,41137,FH_normal,0.0184033829225145,1.7867476486539466,0.001,0.9200620132868516
laplace,41137,HetLDC,0.0,2.347510290500976,0.001,0.9638428618487276
laplace,41137,HetLDC_cert,0.0,2.3498578007914763,0.001,0.963962700206132
laplace,41137,LDC_PAC,0.0,2.421341686063747,0.001,0.9674277392989694
laplace,41137,LDC_cert_pk,0.0,2.3584267850852196,,0.9643967782040042
laplace,41138,CP_PAC,0.0,2.7228711417453755,0.003,0.9787356070427392
laplace,41138,FH_PAC,0.1305864119346423,1.8933484123954576,0.003,0.9300966882420318
laplace,41138,FH_normal,0.1305864119346423,1.5498654290947838,0.003,0.8863786623520074
laplace,41138,HetLDC,0.0,2.4978039795148077,0.003,0.9707661578767468
laplace,41138,HetLDC_cert,0.0,2.505297391453351,0.003,0.971074321494524
laplace,41138,LDC_PAC,0.0,2.57895714628576,0.003,0.9739358943346066
laplace,41138,LDC_cert_pk,0.0,2.508286124715022,,0.9711963238498678
laplace,41139,CP_PAC,0.0,2.517415493068286,0.001,0.9715658142018752
laplace,41139,FH_PAC,0.0922819432117117,1.972672286115554,0.001,0.9380413473227732
laplace,41139,FH_normal,0.0922819432117117,1.5897577786724446,0.001,0.8935164876099009
laplace,41139,HetLDC,0.0,2.2798320355286283,0.001,0.9602111829404664
laplace,41139,HetLDC_cert,0.0,2.2821118675641565,0.001,0.9603392622406473
laplace,41139,LDC_PAC,0.0,2.356353163170647,0.001,0.9642922169408544
laplace,41139,LDC_cert_pk,0.0,2.293860261092301,,0.9609927710144497
laplace,41140,CP_PAC,0.0,3.0264279650011336,0.003,0.986157552108369
laplace,41140,FH_PAC,-0.1820387725210855,2.040337460121969,0.003,0.9423113306311576
laplace,41140,FH_normal,-0.1820387725210855,1.702674366260032,0.003,0.9070010214593376
laplace,41140,HetLDC,0.0,2.806747821643794,0.003,0.9811141220671612
laplace,41140,HetLDC_cert,0.0,2.815168065108725,0.003,0.9813376818076882
laplace,41140,LDC_PAC,0.0,2.897823306799712,0.003,0.9833964877028872
laplace,41140,LDC_cert_pk,0.0,2.821023657345741,,0.9814915874161076
laplace,41141,CP_PAC,0.0,2.879092221555683,0.003,0.982950787551904
laplace,41141,FH_PAC,-0.028777906474293,1.93646729050954,0.003,0.9352842299426676
laplace,41141,FH_normal,-0.028777906474293,1.5814485315254194,0.003,0.8930803885877983
laplace,41141,HetLDC,0.0,2.6827153326508952,0.003,0.9774930787828128
laplace,41141,HetLDC_cert,0.0,2.690763478648848,0.003,0.9777477956784012
laplace,41141,LDC_PAC,0.0,2.770819355522192,0.003,0.9801297235874404
laplace,41141,LDC_cert_pk,0.0,2.6963255267662785,,0.9779221432226051
laplace,41142,CP_PAC,0.0,2.8470000767969728,0.003,0.9821591787854412
laplace,41142,FH_PAC,-0.002397750579823,2.313796459336305,0.003,0.9620769656177344
laplace,41142,FH_normal,-0.002397750579823,1.9427563529228515,0.003,0.935909980774738
laplace,41142,HetLDC,0.0,2.630488434421686,0.003,0.9757677871056184
laplace,41142,HetLDC_cert,0.0,2.6383798997249506,0.003,0.9760367203978904
laplace,41142,LDC_PAC,0.0,2.71154773666953,0.003,0.978392344033966
laplace,41142,LDC_cert_pk,0.0,2.6462294452717856,,0.9763012641198618
laplace,41143,CP_PAC,0.0,2.489979628937281,0.001,0.9704408802356204
laplace,41143,FH_PAC,-0.0497817661916047,2.083339922776085,0.001,0.9473353798913496
laplace,41143,FH_normal,-0.0497817661916047,1.728354090632486,0.001,0.9129946454619454
laplace,41143,HetLDC,0.0,2.21267606942212,0.001,0.9562470616660604
laplace,41143,HetLDC_cert,0.0,2.2148887454915416,0.001,0.9563837592195475
laplace,41143,LDC_PAC,0.0,2.301084381057851,0.001,0.9613892575669988
laplace,41143,LDC_cert_pk,0.0,2.224193655903108,,0.9569539511807386
laplace,41144,CP_PAC,0.0,2.729338755364493,0.003,0.978929216876355
laplace,41144,FH_PAC,0.1986106058719277,2.133602454725386,0.003,0.9491274282147856
laplace,41144,FH_normal,0.1986106058719277,1.7855666608636958,0.003,0.9167772412194432
laplace,41144,HetLDC,0.0,2.486595364946381,0.003,0.9702990690706232
laplace,41144,HetLDC_cert,0.0,2.49405515104122,0.003,0.970610758879904
laplace,41144,LDC_PAC,0.0,2.570159531840439,0.003,0.9736095867009766
laplace,41144,LDC_cert_pk,0.0,2.499820154687208,,0.9708493936756364
laplace,41145,CP_PAC,0.0,2.5876267013678165,0.003,0.9742535049431308
laplace,41145,FH_PAC,0.184602669312948,2.1627709754439457,0.003,0.9514383965930704
laplace,41145,FH_normal,0.184602669312948,1.7904854356110782,0.003,0.9177860969351956
laplace,41145,HetLDC,0.0,2.348216093102334,0.003,0.9638789342931068
laplace,41145,HetLDC_cert,0.0,2.355260741381641,0.003,0.9642370087193282
laplace,41145,LDC_PAC,0.0,2.4367123422453885,0.003,0.9681281352780388
laplace,41145,LDC_cert_pk,0.0,2.3605204361421626,,0.9645020387969896
laplace,41146,CP_PAC,0.0,2.989214581816004,0.003,0.9854095460396805
laplace,41146,FH_PAC,-0.0556863876411044,2.321568855118929,0.003,0.9623753698995444
laplace,41146,FH_normal,-0.0556863876411044,1.955607387137417,0.003,0.9368693389781249
laplace,41146,HetLDC,0.0,2.7814300131580527,0.003,0.9804256657401922
laplace,41146,HetLDC_cert,0.0,2.7897743031975266,0.003,0.9806552972280748
laplace,41146,LDC_PAC,0.0,2.8768003883632347,0.003,0.9828954389926676
laplace,41146,LDC_cert_pk,0.0,2.7966300966547775,,0.9808419485723592
laplace,41147,CP_PAC,0.0,2.54274066673778,0.003,0.9725661694749936
laplace,41147,FH_PAC,-0.0092053979417261,2.053921285719503,0.003,0.9452292288968892
laplace,41147,FH_normal,-0.0092053979417261,1.76232864797706,0.003,0.9172742482906864
laplace,41147,HetLDC,0.0,2.3248656571781403,0.003,0.9626662129415164
laplace,41147,HetLDC_cert,0.0,2.3318402541496743,0.003,0.9630326472038986
laplace,41147,LDC_PAC,0.0,2.4083472453387365,0.003,0.9668236278037952
laplace,41147,LDC_cert_pk,0.0,2.336903205813113,,0.9632963916141344
laplace,41148,CP_PAC,0.0,1.911898308187712,0.001,0.93305156061793
laplace,41148,FH_PAC,0.0332397465948549,1.672355686340702,0.001,0.9059532818576356
laplace,41148,FH_normal,0.0332397465948549,1.3775469849055064,0.001,0.8573043380550674
laplace,41148,HetLDC,0.0,1.5769221064663983,0.001,0.8924828199506398
laplace,41148,HetLDC_cert,0.0,1.5784990285728646,0.001,0.8927223273491056
laplace,41148,LDC_PAC,0.0,1.6465527805068252,0.001,0.9025657291413612
laplace,41148,LDC_cert_pk,0.0,1.5815346697807344,,0.8931818880585027
laplace,41149,CP_PAC,0.0,2.4381496513443297,0.001,0.9681928542088594
laplace,41149,FH_PAC,0.0994067322962387,1.900329412538985,0.001,0.9312736298595664
laplace,41149,FH_normal,0.0994067322962387,1.5125046694752535,0.001,0.8810622815323241
laplace,41149,HetLDC,0.0,2.157575715186413,0.001,0.9527013175127068
laplace,41149,HetLDC_cert,0.0,2.1597332909016,0.001,0.952845418739984
laplace,41149,LDC_PAC,0.0,2.238008462693765,0.001,0.9577867835370644
laplace,41149,LDC_cert_pk,0.0,2.169848092493244,,0.9535151395300507
normal,40000,CP_PAC,0.0,2.033495883778376,0.001,0.9579975509853362
normal,40000,FH_PAC,-0.0406223724305461,1.7291813845423316,0.001,0.9159680955571858
normal,40000,FH_normal,-0.0406223724305461,1.3837321381935068,0.001,0.8332098454371225
normal,40000,HetLDC,0.0,1.6957294511639585,0.001,0.9100628716247904
normal,40000,HetLDC_cert,0.0,1.6974251806151224,0.001,0.9103836947180656
normal,40000,LDC_PAC,0.0,1.7670687687960027,0.001,0.92278328788399
normal,40000,LDC_cert_pk,0.0,1.7023339552028112,,0.9113072169626781
normal,40001,CP_PAC,0.0,2.3635053175566747,0.001,0.9818970331390048
normal,40001,FH_PAC,0.0152762900838252,2.15014304163358,0.001,0.9684362586056808
normal,40001,FH_normal,0.0152762900838252,1.8300376642188827,0.001,0.932723764787256
normal,40001,HetLDC,0.0,2.0908608275435503,0.001,0.9634594585137944
normal,40001,HetLDC_cert,0.0,2.092951688371093,0.001,0.9636465325596546
normal,40001,LDC_PAC,0.0,2.169491482771388,0.001,0.9699546097038472
normal,40001,LDC_cert_pk,0.0,2.101430975447885,,0.964396848776647
normal,40002,CP_PAC,0.0,2.3540361963294947,0.001,0.981429197356552
normal,40002,FH_PAC,0.1147882509197001,1.7906049453601214,0.001,0.9247484589774576
normal,40002,FH_normal,0.1147882509197001,1.483937556355902,0.001,0.8595829252937008
normal,40002,HetLDC,0.0,2.078904793653085,0.001,0.9623738979603398
normal,40002,HetLDC_cert,0.0,2.0809836984467376,0.001,0.9625646018111622
normal,40002,LDC_PAC,0.0,2.160799656398459,0.001,0.9692891813642892
normal,40002,LDC_cert_pk,0.0,2.0916353559622096,,0.9635288527486723
normal,40003,CP_PAC,0.0,2.001625877653241,0.001,0.9546750162996118
normal,40003,FH_PAC,0.0890295647903372,1.582722307897637,0.001,0.8850853965936413
normal,40003,FH_normal,0.0890295647903372,1.3002349138071585,0.001,0.8047154728117933
normal,40003,HetLDC,0.0,1.6365179623247916,0.001,0.8982687704832892
normal,40003,HetLDC_cert,0.0,1.6381544802871162,0.001,0.8986105274818759
normal,40003,LDC_PAC,0.0,1.7078847060020728,0.001,0.9123422624544344
normal,40003,LDC_cert_pk,0.0,1.642017777313701,,0.8994136800496728
normal,40004,CP_PAC,0.0,2.36862940401802,0.001,0.982145866598839
normal,40004,FH_PAC,0.0285076048287303,1.7349872360760972,0.001,0.9171320589161412
normal,40004,FH_normal,0.0285076048287303,1.437188730540598,0.001,0.8491697443254579
normal,40004,HetLDC,0.0,2.0826023199092494,0.001,0.9627125124147806
normal,40004,HetLDC_cert,0.0,2.084684922229158,0.001,0.9629020898153616
normal,40004,LDC_PAC,0.0,2.159000671057669,0.001,0.9691498851270716
normal,40004,LDC_cert_pk,0.0,2.096650599249942,,0.9639754834141174
normal,40005,CP_PAC,0.0,2.4202381356656364,0.001,0.984489653941366
normal,40005,FH_PAC,0.2394020902778375,2.043785342331069,0.001,0.9532047115984852
normal,40005,FH_normal,0.2394020902778375,1.6841393763255448,0.001,0.8985281117288062
normal,40005,HetLDC,0.0,2.1763225617637065,0.001,0.9704688503494046
normal,40005,HetLDC_cert,0.0,2.17849888432547,0.001,0.9706310847960145
normal,40005,LDC_PAC,0.0,2.2512421279737183,0.001,0.975629794007392
normal,40005,LDC_cert_pk,0.0,2.1885196249750845,,0.971368226664096
normal,40006,CP_PAC,0.0,2.347506445656545,0.001,0.9811004538516808
normal,40006,FH_PAC,-0.0264342060808636,2.203813343995878,0.001,0.9724083479869862
normal,40006,FH_normal,-0.0264342060808636,1.8434791424840664,0.001,0.9346469575960864
normal,40006,HetLDC,0.0,2.096476994603207,0.001,0.9639601013933752
normal,40006,HetLDC_cert,0.0,2.0985734715978097,0.001,0.964145483069043
normal,40006,LDC_PAC,0.0,2.169419522053837,0.001,0.969949151823824
normal,40006,LDC_cert_pk,0.0,2.1091978697180185,,0.9650724942706059
normal,40007,CP_PAC,0.0,2.282920785861711,0.001,0.9775649651392178
normal,40007,FH_PAC,0.1132305264570401,1.7013163196425234,0.001,0.9090697411320467
normal,40007,FH_normal,0.1132305264570401,1.3501844703792876,0.001,0.8202709804823624
normal,40007,HetLDC,0.0,1.9676535481752009,0.001,0.9508920860228336
normal,40007,HetLDC_cert,0.0,1.969621201723376,0.001,0.9511182000854356
normal,40007,LDC_PAC,0.0,2.050283300614556,0.001,0.9596632067796522
normal,40007,LDC_cert_pk,0.0,1.9767574636528915,,0.9519309480824378
normal,40008,CP_PAC,0.0,2.394923530567634,0.001,0.9833761681110716
normal,40008,FH_PAC,2.357371534605404e-05,1.7519145682446464,0.001,0.920211500787181
normal,40008,FH_normal,2.357371534605404e-05,1.429214477946494,0.001,0.847057402185027
normal,40008,HetLDC,0.0,2.147745573947192,0.001,0.9682660272092658
normal,40008,HetLDC_cert,0.0,2.1498933195211385,0.001,0.9684363458152768
normal,40008,LDC_PAC,0.0,2.227695145298823,0.001,0.9740991490226474
normal,40008,LDC_cert_pk,0.0,2.159529654482965,,0.969190900738784
normal,40009,CP_PAC,0.0,2.086248831777864,0.001,0.9630439110037295
normal,40009,FH_PAC,-0.0657543028889582,1.9107639119219524,0.001,0.9434338721725926
normal,40009,FH_normal,-0.0657543028889582,1.5336242321495397,0.001,0.8740619617162199
normal,40009,HetLDC,0.0,1.784040518009547,0.001,0.9255829185021728
normal,40009,HetLDC_cert,0.0,1.7858245585275567,0.001,0.9258723309653772
normal,40009,LDC_PAC,0.0,1.8590736161238743,0.001,0.936983295554808
normal,40009,LDC_cert_pk,0.0,1.7936990844501755,,0.9271387884662847
normal,40010,CP_PAC,0.0,2.4926936817822085,0.001,0.98732218341636
normal,40010,FH_PAC,0.1213547260169942,1.9793751576104943,0.001,0.9505846012917692
normal,40010,FH_normal,0.1213547260169942,1.656393831670372,0.001,0.89989030835668
normal,40010,HetLDC,0.0,2.2824718943551003,0.001,0.9775385050212428
normal,40010,HetLDC_cert,0.0,2.284754366249455,0.001,0.9776727651794256
normal,40010,LDC_PAC,0.0,2.360945432038643,0.001,0.981771587394022
normal,40010,LDC_cert_pk,0.0,2.2938666341336003,,0.9782018395136374
normal,40011,CP_PAC,0.0,2.32999612730703,0.001,0.9801936441974188
normal,40011,FH_PAC,0.090439497243084,1.9723824831831969,0.001,0.9505133489814652
normal,40011,FH_normal,0.090439497243084,1.68230676328515,0.001,0.906157353087858
normal,40011,HetLDC,0.0,2.0861239232965856,0.001,0.9630326008241494
normal,40011,HetLDC_cert,0.0,2.088210047219882,0.001,0.963221108605179
normal,40011,LDC_PAC,0.0,2.167301375228751,0.001,0.9697881182835416
normal,40011,LDC_cert_pk,0.0,2.097863303359704,,0.9640827774905334
normal,40012,CP_PAC,0.0,2.416855016098158,0.001,0.984344748601327
normal,40012,FH_PAC,-0.0521006690713019,2.0182628419467887,0.001,0.9561509016795372
normal,40012,FH_normal,-0.0521006690713019,1.721752799229049,0.001,0.9144621993929642
normal,40012,HetLDC,0.0,2.1454375878760814,0.001,0.9680821234941815
normal,40012,HetLDC_cert,0.0,2.147583025463957,0.001,0.9682531049158074
normal,40012,LDC_PAC,0.0,2.233507159734629,0.001,0.9744844812924622
normal,40012,LDC_cert_pk,0.0,2.1605923905019138,,0.9692731602500153
normal,40013,CP_PAC,0.0,2.5917256023924207,0.003,0.990450409436191
normal,40013,FH_PAC,0.0325426388876577,1.9890582312516805,0.003,0.9531889752096396
normal,40013,FH_normal,0.0325426388876577,1.6484570264165626,0.003,0.900562097970288
normal,40013,HetLDC,0.0,2.3643123458992927,0.003,0.981936424048969
normal,40013,HetLDC_cert,0.0,2.3714052829369905,0.003,0.9822794120301096
normal,40013,LDC_PAC,0.0,2.4405721890737646,0.003,0.9853359851822264
normal,40013,LDC_cert_pk,0.0,2.3771248559633498,,0.9825518189817397
normal,40014,CP_PAC,0.0,2.3580169203828887,0.001,0.9816271445083478
normal,40014,FH_PAC,0.2174479572080074,2.016914350858722,0.001,0.951297910522831
normal,40014,FH_normal,0.2174479572080074,1.6931502124574438,0.001,0.901959959977089
normal,40014,HetLDC,0.0,2.047664904439941,0.001,0.9594071550771954
normal,40014,HetLDC_cert,0.0,2.0497125693443805,0.001,0.9596075122799848
normal,40014,LDC_PAC,0.0,2.133752482995156,0.001,0.9671369525851718
normal,40014,LDC_cert_pk,0.0,2.058991484847155,,0.9605049457858978
normal,40015,CP_PAC,0.0,2.4583149519070475,0.001,0.9860409305508172
normal,40015,FH_PAC,0.14003546912298,2.0211498951616806,0.001,0.9546813107331292
normal,40015,FH_normal,0.14003546912298,1.7211513656805824,0.001,0.9117153312332532
normal,40015,HetLDC,0.0,2.205869688230371,0.001,0.9726068748694964
normal,40015,HetLDC_cert,0.0,2.208075557918601,0.001,0.9727609934761676
normal,40015,LDC_PAC,0.0,2.2866601852130333,0.001,0.9777843346564126
normal,40015,LDC_cert_pk,0.0,2.217998303962154,,0.9734450519410964
normal,40016,CP_PAC,0.0,3.024496442281058,0.003,0.9975095259918124
normal,40016,FH_PAC,0.086145513671212,1.9479295748395675,0.003,0.9477112203588924
normal,40016,FH_normal,0.086145513671212,1.5703963373959309,0.003,0.8823227359106223
normal,40016,HetLDC,0.0,2.799532922788498,0.003,0.9948823402480358
normal,40016,HetLDC_cert,0.0,2.8079315215568634,0.003,0.9950139171889284
normal,40016,LDC_PAC,0.0,2.8959738619688498,0.003,0.9962201611844
normal,40016,LDC_cert_pk,0.0,2.815771465305508,,0.9951339732564315
normal,40017,CP_PAC,0.0,2.1816981431077878,0.001,0.9708681819322014
normal,40017,FH_PAC,0.0606176671279076,1.7746254526130578,0.001,0.9235015146093416
normal,40017,FH_normal,0.0606176671279076,1.457741598298972,0.001,0.8543499193871038
normal,40017,HetLDC,0.0,1.8674518439422665,0.001,0.9381614842919432
normal,40017,HetLDC_cert,0.0,1.8693192957862088,0.001,0.9384215948647814
normal,40017,LDC_PAC,0.0,1.9441292881356524,0.001,0.9481201377908136
normal,40017,LDC_cert_pk,0.0,1.8774552541691134,,0.9395442754119014
normal,40018,CP_PAC,0.0,2.631324047091628,0.003,0.991494710398662
normal,40018,FH_PAC,-0.1864744370107887,2.000325583969557,0.003,0.9507711141968664
normal,40018,FH_normal,-0.1864744370107887,1.6882809773602026,0.003,0.9030132708757836
normal,40018,HetLDC,0.0,2.411332356360105,0.003,0.9841056429572808
normal,40018,HetLDC_cert,0.0,2.418566353429185,0.003,0.9844181965643783
normal,40018,LDC_PAC,0.0,2.492248660394047,0.003,0.9873062865061282
normal,40018,LDC_cert_pk,0.0,2.4256547727712947,,0.98471920151106
normal,40019,CP_PAC,0.0,2.707025190858024,0.003,0.9932110894264254
normal,40019,FH_PAC,-0.188199317653243,1.9405410799484768,0.003,0.9435045982198405
normal,40019,FH_normal,-0.188199317653243,1.6053095582754735,0.003,0.8853288541826202
normal,40019,HetLDC,0.0,2.4932580094164547,0.003,0.9873423168022724
normal,40019,HetLDC_cert,0.0,2.500737783444704,0.003,0.987606509687894
normal,40019,LDC_PAC,0.0,2.578232466237454,0.003,0.9900692835046452
normal,40019,LDC_cert_pk,0.0,2.5062520615093375,,0.9877981399748257
normal,40020,CP_PAC,0.0,2.1975562709097995,0.001,0.972019257656212
normal,40020,FH_PAC,-0.0810394678741434,1.8031977961011296,0.001,0.9277131347639792
normal,40020,FH_normal,-0.0810394678741434,1.51360993192159,0.001,0.8686143566399462
normal,40020,HetLDC,0.0,1.912157402252382,0.001,0.944143991977634
normal,40020,HetLDC_cert,0.0,1.9140695596546344,0.001,0.9443887315978264
normal,40020,LDC_PAC,0.0,1.9885528000426589,0.001,0.9532494144049002
normal,40020,LDC_cert_pk,0.0,1.9200139777292862,,0.9451438661392717
normal,40021,CP_PAC,0.0,2.3779978192941007,0.001,0.9825930711382
normal,40021,FH_PAC,0.2118483065956179,2.0741891047701437,0.001,0.9575964308962434
normal,40021,FH_normal,0.2118483065956179,1.767429841171496,0.001,0.9162038345107388
normal,40021,HetLDC,0.0,2.1067324897878112,0.001,0.9648592257302622
normal,40021,HetLDC_cert,0.0,2.108839222277599,0.001,0.9650415382069422
normal,40021,LDC_PAC,0.0,2.1827943337740243,0.001,0.9709490408540892
normal,40021,LDC_cert_pk,0.0,2.1177208411416397,,0.965801283257214
normal,40022,CP_PAC,0.0,2.5171526222269027,0.001,0.9881692431453342
normal,40022,FH_PAC,0.0059381162251088,2.050491790091102,0.001,0.9596800116065808
normal,40022,FH_normal,0.0059381162251088,1.6882280880520733,0.001,0.90862683520992
normal,40022,HetLDC,0.0,2.217426849585493,0.001,0.9734060633599062
normal,40022,HetLDC_cert,0.0,2.2196442764350786,0.001,0.9735570757903936
normal,40022,LDC_PAC,0.0,2.2943792690083105,0.001,0.9782312771051986
normal,40022,LDC_cert_pk,0.0,2.229051233594783,,0.9741895038998587
normal,40023,CP_PAC,0.0,2.4400275605417696,0.001,0.9853138585726228
normal,40023,FH_PAC,0.0346055764181497,1.956086850471431,0.001,0.9494071136264906
normal,40023,FH_normal,0.0346055764181497,1.6335234282221085,0.001,0.8974355113141229
normal,40023,HetLDC,0.0,2.1967865480644497,0.001,0.9719643057621292
normal,40023,HetLDC_cert,0.0,2.198983334612514,0.001,0.97212089267686
normal,40023,LDC_PAC,0.0,2.2696497327102123,0.001,0.9767711564165682
normal,40023,LDC_cert_pk,0.0,2.206259337465331,,0.9726341532725256
normal,40024,CP_PAC,0.0,2.3650549325763266,0.001,0.9819726032355308
normal,40024,FH_PAC,0.1429766581922099,2.0419622180376464,0.001,0.9567701484058884
normal,40024,FH_normal,0.1429766581922099,1.687446580289052,0.001,0.9051693961054504
normal,40024,HetLDC,0.0,2.1268811755997725,0.001,0.9665700426857258
normal,40024,HetLDC_cert,0.0,2.129008056775372,0.001,0.9667464061699176
normal,40024,LDC_PAC,0.0,2.199912157703245,0.001,0.9721868720313384
normal,40024,LDC_cert_pk,0.0,2.137896590090325,,0.9674748629263834
normal,40025,CP_PAC,0.0,2.6834805679147955,0.001,0.9927139790736204
normal,40025,FH_PAC,-0.1187997862023066,1.9479030231374823,0.001,0.9469268447720044
normal,40025,FH_normal,-0.1187997862023066,1.6408042967767753,0.001,0.8967585453621043
normal,40025,HetLDC,0.0,2.400754687180008,0.001,0.98363869928423
normal,40025,HetLDC_cert,0.0,2.403155441867187,0.001,0.9837457233953482
normal,40025,LDC_PAC,0.0,2.479905919686753,0.001,0.9868582947828016
normal,40025,LDC_cert_pk,0.0,2.4126163861569663,,0.9841615202164551
normal,40026,CP_PAC,0.0,2.6759655761288355,0.003,0.9925485701836314
normal,40026,FH_PAC,-0.0884962148968231,2.0287242150240257,0.003,0.9567034343151696
normal,40026,FH_normal,-0.0884962148968231,1.7363955358394425,0.003,0.9163046504410944
normal,40026,HetLDC,0.0,2.475505539265232,0.003,0.9866952302175503
normal,40026,HetLDC_cert,0.0,2.482932055883028,0.003,0.9869694060849286
normal,40026,LDC_PAC,0.0,2.548650581534623,0.003,0.9891859410165316
normal,40026,LDC_cert_pk,0.0,2.486965519848543,,0.9871162114623837
normal,40027,CP_PAC,0.0,2.659020405698166,0.001,0.9921631783657688
normal,40027,FH_PAC,-0.0442200763903748,1.892980599930499,0.001,0.9413933912090476
normal,40027,FH_normal,-0.0442200763903748,1.5785722970000036,0.001,0.8852115890813536
normal,40027,HetLDC,0.0,2.413386262831306,0.001,0.9841949401123888
normal,40027,HetLDC_cert,0.0,2.4157996490941374,0.001,0.984299302190886
normal,40027,LDC_PAC,0.0,2.503942256208026,0.001,0.9877181922927044
normal,40027,LDC_cert_pk,0.0,2.4256702421302876,,0.9847198527690453
normal,40028,CP_PAC,0.0,2.707007368609905,0.003,0.9932107249569048
normal,40028,FH_PAC,-0.0865412850382828,1.9326652861883005,0.003,0.9458300218706254
normal,40028,FH_normal,-0.0865412850382828,1.5911382791687945,0.003,0.8870813047312678
normal,40028,HetLDC,0.0,2.4204569668527265,0.003,0.9844989861164904
normal,40028,HetLDC_cert,0.0,2.4277183377532845,0.003,0.984805861824732
normal,40028,LDC_PAC,0.0,2.5016479263227205,0.003,0.9876383211788746
normal,40028,LDC_cert_pk,0.0,2.431979873764872,,0.9849834582958101
normal,40029,CP_PAC,0.0,2.3560184200387444,0.001,0.9815279983005628
normal,40029,FH_PAC,0.0964581504768997,1.8201064882239544,0.001,0.9299676946711232
normal,40029,FH_normal,0.0964581504768997,1.5018638612678763,0.001,0.8650639996856258
normal,40029,HetLDC,0.0,2.067148096728008,0.001,0.9612797987938356
normal,40029,HetLDC_cert,0.0,2.0692152448247354,0.001,0.9614741072204392
normal,40029,LDC_PAC,0.0,2.147505785944884,0.001,0.9682469629405588
normal,40029,LDC_cert_pk,0.0,2.0787019567545952,,0.9623552469724053
normal,40030,CP_PAC,0.0,2.553859951585697,0.001,0.9893463902154432
normal,40030,FH_PAC,-0.0436262162077192,2.1090796843776443,0.001,0.9648890432780164
normal,40030,FH_normal,-0.0436262162077192,1.7202469195291883,0.001,0.9143149918190914
normal,40030,HetLDC,0.0,2.2992978785955227,0.001,0.9785119697852124
normal,40030,HetLDC_cert,0.0,2.301597176474118,0.001,0.9786421004766854
normal,40030,LDC_PAC,0.0,2.375533641599032,0.001,0.9824764050866428
normal,40030,LDC_cert_pk,0.0,2.309438951267679,,0.9790807643245678
normal,40031,CP_PAC,0.0,2.2444297800777893,0.001,0.975195237773916
normal,40031,FH_PAC,-0.1942787774988696,1.9823939655145304,0.001,0.9483687904463872
normal,40031,FH_normal,-0.1942787774988696,1.6578236087302116,0.001,0.8963352611354165
normal,40031,HetLDC,0.0,1.9689693807160404,0.001,0.951043392692068
normal,40031,HetLDC_cert,0.0,1.970938350096756,0.001,0.951269072118373
normal,40031,LDC_PAC,0.0,2.0457929776223023,0.001,0.9592232567570274
normal,40031,LDC_cert_pk,0.0,1.9804580017400117,,0.9523479119408651
normal,40032,CP_PAC,0.0,2.400324710180852,0.001,0.9836194659490952
normal,40032,FH_PAC,0.275463008094661,2.1227938162375657,0.001,0.9594137394719428
normal,40032,FH_normal,0.275463008094661,1.7546074932510545,0.001,0.9092744617513656
normal,40032,HetLDC,0.0,2.1244004223939106,0.001,0.9663633252840036
normal,40032,HetLDC_cert,0.0,2.1265248228163043,0.001,0.96654041536161
normal,40032,LDC_PAC,0.0,2.2032884698590007,0.001,0.9724255768734388
normal,40032,LDC_cert_pk,0.0,2.1358706500909466,,0.9673100415164957
normal,40033,CP_PAC,0.0,2.934514452362238,0.003,0.9966593000462712
normal,40033,FH_PAC,0.0354551729451313,2.3421661336653994,0.003,0.9807521753020942
normal,40033,FH_normal,0.0354551729451313,1.9405269597774315,0.003,0.9475362294529664
normal,40033,HetLDC,0.0,2.7083337997605463,0.003,0.9932378028159484
normal,40033,HetLDC_cert,0.0,2.716458801159828,0.003,0.993401559299416
normal,40033,LDC_PAC,0.0,2.794898421807909,0.003,0.994808397523185
normal,40033,LDC_cert_pk,0.0,2.72593211789413,,0.9935879816111901
normal,40034,CP_PAC,0.0,2.579446986801707,0.003,0.9901041353646556
normal,40034,FH_PAC,0.046903413993485,2.1802472165564093,0.003,0.9705831290959612
normal,40034,FH_normal,0.046903413993485,1.876301297309913,0.003,0.9391028148469924
normal,40034,HetLDC,0.0,2.326072251327046,0.003,0.979985303417482
normal,40034,HetLDC_cert,0.0,2.333050468081027,0.003,0.9803545033237484
normal,40034,LDC_PAC,0.0,2.4144159290817258,0.003,0.9842395403688856
normal,40034,LDC_cert_pk,0.0,2.3424633494204383,,0.9808430845988774
normal,40035,CP_PAC,0.0,2.308072620570968,0.001,0.9790049022831058
normal,40035,FH_PAC,0.0665847355335938,1.9870963738196683,0.001,0.9526000647032906
normal,40035,FH_normal,0.0665847355335938,1.67595873128527,0.001,0.9055260098289571
normal,40035,HetLDC,0.0,2.0631849217943543,0.001,0.9609049378418436
normal,40035,HetLDC_cert,0.0,2.0652481067161483,0.001,0.9611004691407364
normal,40035,LDC_PAC,0.0,2.1329772323518457,0.001,0.9670734060600884
normal,40035,LDC_cert_pk,0.0,2.0731889297823156,,0.961845299763765
normal,40036,CP_PAC,0.0,2.796350521805149,0.003,0.9948316687387668
normal,40036,FH_PAC,-0.0057015480455784,1.853383110233909,0.003,0.936168218846932
normal,40036,FH_normal,-0.0057015480455784,1.5613563768111305,0.003,0.8815543269635281
normal,40036,HetLDC,0.0,2.579390735422021,0.003,0.9901025235859002
normal,40036,HetLDC_cert,0.0,2.587128907628287,0.003,0.9903220621567964
normal,40036,LDC_PAC,0.0,2.663307946540719,0.003,0.9922623433070188
normal,40036,LDC_cert_pk,0.0,2.5954264886604586,,0.9905526390261068
normal,40037,CP_PAC,0.0,2.2163462494850217,0.001,0.9733322021592266
normal,40037,FH_PAC,0.029610853393034,1.9568867096394007,0.001,0.9495383180077646
normal,40037,FH_normal,0.029610853393034,1.634603690846495,0.001,0.8977175282384162
normal,40037,HetLDC,0.0,1.8987653616567992,0.001,0.9424046666203404
normal,40037,HetLDC_cert,0.0,1.900664127018456,0.001,0.9426539798680198
normal,40037,LDC_PAC,0.0,1.975004502747362,0.001,0.9517323629727296
normal,40037,LDC_cert_pk,0.0,1.9005067942293596,,0.9426333557876878
normal,40038,CP_PAC,0.0,2.7880207794715317,0.003,0.9946968857837512
normal,40038,FH_PAC,-0.1087827706574841,2.184963523667725,0.003,0.9701588436977756
normal,40038,FH_normal,-0.1087827706574841,1.8449108941391528,0.003,0.9333606806855098
normal,40038,HetLDC,0.0,2.575927883923945,0.003,0.990002850531849
normal,40038,HetLDC_cert,0.0,2.5836556675757163,0.003,0.990224066022287
normal,40038,LDC_PAC,0.0,2.6553745101647093,0.003,0.992077959729851
normal,40038,LDC_cert_pk,0.0,2.587356221714341,,0.9903284451000469
normal,40039,CP_PAC,0.0,2.3169212748682355,0.001,0.9794919793867352
normal,40039,FH_PAC,0.0789082990047468,1.9360954806833948,0.001,0.9464056094604832
normal,40039,FH_normal,0.0789082990047468,1.5970168832448777,0.001,0.8886300620331277
normal,40039,HetLDC,0.0,2.0383811364333484,0.001,0.9584881687052508
normal,40039,HetLDC_cert,0.0,2.040419517569781,0.001,0.9586914404155829
normal,40039,LDC_PAC,0.0,2.1118688211599417,0.001,0.9653022976810576
normal,40039,LDC_cert_pk,0.0,2.0475109133172595,,0.9593920535559413
normal,40040,CP_PAC,0.0,3.05182367328158,0.003,0.997725443279668
normal,40040,FH_PAC,0.0330459812816716,2.246355236690144,0.003,0.9752402210229064
normal,40040,FH_normal,0.0330459812816716,1.8779795810401008,0.003,0.9394757528794724
normal,40040,HetLDC,0.0,2.860495329376863,0.003,0.9957702021647532
normal,40040,HetLDC_cert,0.0,2.869076815364993,0.003,0.9958832819360766
normal,40040,LDC_PAC,0.0,2.951359843677277,0.003,0.9968362190604908
normal,40040,LDC_cert_pk,0.0,2.877181039744338,,0.9959875467881798
normal,40041,CP_PAC,0.0,2.6761547150224776,0.003,0.9925527742041652
normal,40041,FH_PAC,-0.0113167764910773,1.7785713499881612,0.003,0.9246712490859228
normal,40041,FH_normal,-0.0113167764910773,1.443291099969704,0.003,0.851035490496395
normal,40041,HetLDC,0.0,2.4388244898743308,0.003,0.985264877118625
normal,40041,HetLDC_cert,0.0,2.4461409633439537,0.003,0.985560546688451
normal,40041,LDC_PAC,0.0,2.5200772663253392,0.003,0.9882670923934228
normal,40041,LDC_cert_pk,0.0,2.453175119225364,,0.9858398615472035
normal,40042,CP_PAC,0.0,2.416691908024652,0.001,0.9843377323808602
normal,40042,FH_PAC,0.0227186058885474,1.80206829999458,0.001,0.92839217946478
normal,40042,FH_normal,0.0227186058885474,1.4802640754850172,0.001,0.8610953102019941
normal,40042,HetLDC,0.0,2.128000218657484,0.001,0.96666293454915
normal,40042,HetLDC_cert,0.0,2.130128218876141,0.001,0.9668389708173896
normal,40042,LDC_PAC,0.0,2.2028095413803146,0.001,0.9723918246094554
normal,40042,LDC_cert_pk,0.0,2.1390734666631013,,0.9675702810925229
normal,40043,CP_PAC,0.0,2.323098076749588,0.001,0.9798261157182132
normal,40043,FH_PAC,-0.245281730555159,1.8472778809100108,0.001,0.9272275270429572
normal,40043,FH_normal,-0.245281730555159,1.5601843942705818,0.001,0.8702278053872006
normal,40043,HetLDC,0.0,2.067162271289097,0.001,0.9612811340087396
normal,40043,HetLDC_cert,0.0,2.069229433560386,0.001,0.961475438068646
normal,40043,LDC_PAC,0.0,2.1468628248800257,0.001,0.9681957960497528
normal,40043,LDC_cert_pk,0.0,2.07648189746749,,0.9621505963179156
normal,40044,CP_PAC,0.0,2.069251091834215,0.001,0.9614774694551352
normal,40044,FH_PAC,0.147171075175752,1.8080375595609364,0.001,0.926350642676672
normal,40044,FH_normal,0.147171075175752,1.475928877419579,0.001,0.8557520360793138
normal,40044,HetLDC,0.0,1.71602613966882,0.001,0.9138427417471104
normal,40044,HetLDC_cert,0.0,1.7177421658084888,0.001,0.914156345357838
normal,40044,LDC_PAC,0.0,1.7820671341333156,0.001,0.925261715419474
normal,40044,LDC_cert_pk,0.0,1.7204847089902515,,0.9146556291681749
normal,40045,CP_PAC,0.0,2.342629897165218,0.001,0.9808516328638496
normal,40045,FH_PAC,-0.1166414894010041,2.081832362117763,0.001,0.961346247039388
normal,40045,FH_normal,-0.1166414894010041,1.7357497544576976,0.001,0.9153031837193084
normal,40045,HetLDC,0.0,2.0896131097051747,0.001,0.9633474320636164
normal,40045,HetLDC_cert,0.0,2.0917027228148792,0.001,0.963534883201234
normal,40045,LDC_PAC,0.0,2.164912919093534,0.001,0.9696056453402466
normal,40045,LDC_cert_pk,0.0,2.10335205851425,,0.9645649940841148
normal,40046,CP_PAC,0.0,2.541781285352925,0.003,0.9889710836758896
normal,40046,FH_PAC,0.2161318738928521,2.0713542265735176,0.003,0.957134026610663
normal,40046,FH_normal,0.2161318738928521,1.749833485364189,0.003,0.9127971553153502
normal,40046,HetLDC,0.0,2.272010577489173,0.003,0.9769141285309856
normal,40046,HetLDC_cert,0.0,2.2788266092216403,0.003,0.9773226255311008
normal,40046,LDC_PAC,0.0,2.348956251616824,0.003,0.9811738813730086
normal,40046,LDC_cert_pk,0.0,2.2802702512224062,,0.9774083349611988
normal,40047,CP_PAC,0.0,2.297822218039183,0.001,0.9784280903148764
normal,40047,FH_PAC,-0.1631003290347115,1.7442416925838198,0.001,0.9148389845831122
normal,40047,FH_normal,-0.1631003290347115,1.4206358557058805,0.001,0.8390932251426273
normal,40047,HetLDC,0.0,2.0236931895887524,0.001,0.9569982702383936
normal,40047,HetLDC_cert,0.0,2.025716882778341,0.001,0.9572061943920276
normal,40047,LDC_PAC,0.0,2.094460071424528,0.001,0.9637809836299044
normal,40047,LDC_cert_pk,0.0,2.0336268124207453,,0.9580107636423045
normal,40048,CP_PAC,0.0,2.4362255009039746,0.001,0.9851585709007388
normal,40048,FH_PAC,-0.0111516627470004,1.7323169974143584,0.001,0.9167636948445088
normal,40048,FH_normal,-0.0111516627470004,1.3783524055691454,0.001,0.8318790413663573
normal,40048,HetLDC,0.0,2.1243731574146665,0.001,0.9663610472743608
normal,40048,HetLDC_cert,0.0,2.126497530572081,0.001,0.9665381453468752
normal,40048,LDC_PAC,0.0,2.204522862730725,0.001,0.9725124061042631
normal,40048,LDC_cert_pk,0.0,2.137806259198222,,0.9674675291997228
normal,40049,CP_PAC,0.0,2.307580117815341,0.001,0.978977498598701
normal,40049,FH_PAC,0.1091065328702316,1.9513190313901727,0.001,0.9475990259976356
normal,40049,FH_normal,0.1091065328702316,1.6429506391885804,0.001,0.8975840065525884
normal,40049,HetLDC,0.0,2.020437009590908,0.001,0.9566619222223732
normal,40049,HetLDC_cert,0.0,2.0224574466004985,0.001,0.9568708845181456
normal,40049,LDC_PAC,0.0,2.1033543763458047,0.001,0.9645651965453874
normal,40049,LDC_cert_pk,0.0,2.0327102206386467,,0.9579181919075197
normal,40050,CP_PAC,0.0,2.673559247947762,0.003,0.992494898237848
normal,40050,FH_PAC,0.0306978478125146,1.925842490334068,0.003,0.9457626114557222
normal,40050,FH_normal,0.0306978478125146,1.5939467934904334,0.003,0.8888838245223181
normal,40050,HetLDC,0.0,2.4323168855283144,0.003,0.984997424684517
normal,40050,HetLDC_cert,0.0,2.439613836184899,0.003,0.9852970305399044
normal,40050,LDC_PAC,0.0,2.5176331708723483,0.003,0.9881853702868884
normal,40050,LDC_cert_pk,0.0,2.4451693385436912,,0.9855215855769908
normal,40051,CP_PAC,0.0,3.051836808049838,0.003,0.9977255428030684
normal,40051,FH_PAC,0.1777462017519049,2.444324842125868,0.003,0.98392215041607
normal,40051,FH_normal,0.1777462017519049,2.056346946665963,0.003,0.9571120129440625
normal,40051,HetLDC,0.0,2.83445259900317,0.003,0.9954095732625584
normal,40051,HetLDC_cert,0.0,2.8429559568001794,0.003,0.9955302753379942
normal,40051,LDC_PAC,0.0,2.9221524295929333,0.003,0.9965237863272778
normal,40051,LDC_cert_pk,0.0,2.8515762539053995,,0.9956496949383447
normal,40052,CP_PAC,0.0,2.787427061731248,0.003,0.9946871587359344
normal,40052,FH_PAC,-0.2513876759924508,2.2908732356505985,0.003,0.973792308331502
normal,40052,FH_normal,-0.2513876759924508,1.9357331927508656,0.003,0.9395756924029732
normal,40052,HetLDC,0.0,2.564254045041451,0.003,0.9896602167048568
normal,40052,HetLDC_cert,0.0,2.571946807176575,0.003,0.989887157172876
normal,40052,LDC_PAC,0.0,2.654809039862125,0.003,0.9920646684211574
normal,40052,LDC_cert_pk,0.0,2.5791237268587417,,0.9900948697613658
normal,40053,CP_PAC,0.0,2.496248963828105,0.001,0.9874485525788824
normal,40053,FH_PAC,-0.3851395415055776,2.0727977777329274,0.001,0.9472746953713655
normal,40053,FH_normal,-0.3851395415055776,1.7136183649699797,0.001,0.8900708889841468
normal,40053,HetLDC,0.0,2.238491165569287,0.001,0.974810957113361
normal,40053,HetLDC_cert,0.0,2.240729656734856,0.001,0.9749564081366172
normal,40053,LDC_PAC,0.0,2.321945409613588,0.001,0.9797641247282332
normal,40053,LDC_cert_pk,0.0,2.250834145319038,,0.9756039559889651
normal,40054,CP_PAC,0.0,2.5118315770289743,0.001,0.9879893604949594
normal,40054,FH_PAC,0.0129044189505525,1.92931987314582,0.001,0.9462889056064104
normal,40054,FH_normal,0.0129044189505525,1.582383348761597,0.001,0.8864078574993514
normal,40054,HetLDC,0.0,2.270478203163535,0.001,0.9768214156726316
normal,40054,HetLDC_cert,0.0,2.2727486813666986,0.001,0.9769586708052592
normal,40054,LDC_PAC,0.0,2.351126501835504,0.001,0.981283330521801
normal,40054,LDC_cert_pk,0.0,2.280806841144926,,0.9774401206078591
normal,40055,CP_PAC,0.0,2.6030447016122675,0.003,0.9907600094802842
normal,40055,FH_PAC,0.0099184255295539,1.897160697695014,0.003,0.94218095538583
normal,40055,FH_normal,0.0099184255295539,1.546045122652239,0.003,0.8778879648573323
normal,40055,HetLDC,0.0,2.384855234764672,0.003,0.9829141566707298
normal,40055,HetLDC_cert,0.0,2.392009800468965,0.003,0.9832436050664406
normal,40055,LDC_PAC,0.0,2.465463984836638,0.003,0.9863164069389264
normal,40055,LDC_cert_pk,0.0,2.398035771475163,,0.9835167445650874
normal,40056,CP_PAC,0.0,2.4873556486878377,0.001,0.987130333010076
normal,40056,FH_PAC,-0.0235825271462696,1.933283444439231,0.001,0.9467325194786612
normal,40056,FH_normal,-0.0235825271462696,1.6056171698592532,0.001,0.8915437933312484
normal,40056,HetLDC,0.0,2.224746853493786,0.001,0.9739017629947996
normal,40056,HetLDC_cert,0.0,2.22697160034728,0.001,0.9740508281104489
normal,40056,LDC_PAC,0.0,2.2986594616336005,0.001,0.9784757158159384
normal,40056,LDC_cert_pk,0.0,2.2345755112637233,,0.9745547699614676
normal,40057,CP_PAC,0.0,2.262796016928844,0.001,0.9763517334335224
normal,40057,FH_PAC,0.1072595865088201,1.8727695922384908,0.001,0.9374108299060132
normal,40057,FH_normal,0.1072595865088201,1.5278078401771176,0.001,0.871258477659735
normal,40057,HetLDC,0.0,2.007218441003212,0.001,0.9552735911045668
normal,40057,HetLDC_cert,0.0,2.0092256594442155,0.001,0.9554867923294352
normal,40057,LDC_PAC,0.0,2.077049139475198,0.001,0.962202975918643
normal,40057,LDC_cert_pk,0.0,2.016409632191745,,0.9562428408750823
normal,40058,CP_PAC,0.0,2.4729303293647,0.003,0.9865989734585672
normal,40058,FH_PAC,0.0100530648133448,2.1917304660778405,0.003,0.9715930235564032
normal,40058,FH_normal,0.0100530648133448,1.842053633785265,0.003,0.9345190806762692
normal,40058,HetLDC,0.0,2.23332703389563,0.003,0.9744726139724988
normal,40058,HetLDC_cert,0.0,2.2400270149973167,0.003,0.974910830903021
normal,40058,LDC_PAC,0.0,2.314714126430093,0.003,0.9793714178400376
normal,40058,LDC_cert_pk,0.0,2.2470708730026274,,0.975364501948065
normal,40059,CP_PAC,0.0,2.7120910860590937,0.003,0.9933139782393844
normal,40059,FH_PAC,0.1044491868510696,1.9946025377203984,0.003,0.9527251025372656
normal,40059,FH_normal,0.1044491868510696,1.5637453684834746,0.003,0.8801196413546791
normal,40059,HetLDC,0.0,2.479270982826994,0.003,0.9868348756143754
normal,40059,HetLDC_cert,0.0,2.4867087957754745,0.003,0.98710691130801
normal,40059,LDC_PAC,0.0,2.568746857145278,0.003,0.989793301322922
normal,40059,LDC_cert_pk,0.0,2.49586205212573,,0.9874348544583189
normal,40060,CP_PAC,0.0,2.9883721207305016,0.003,0.9971953215793384
normal,40060,FH_PAC,0.0421926645696877,2.100998231804201,0.003,0.9641946794338924
normal,40060,FH_normal,0.0421926645696877,1.76009021051881,0.003,0.9213418920138426
normal,40060,HetLDC,0.0,2.758149897797184,0.003,0.9941870464605964
normal,40060,HetLDC_cert,0.0,2.7664243474905748,0.003,0.9943325266880384
normal,40060,LDC_PAC,0.0,2.846193692207256,0.003,0.9955754726761508
normal,40060,LDC_cert_pk,0.0,2.773430725035411,,0.99445313510909
normal,40061,CP_PAC,0.0,2.831331194739948,0.003,0.9953645305362152
normal,40061,FH_PAC,-0.0469121517782212,2.158930754596576,0.003,0.9689600726735352
normal,40061,FH_normal,-0.0469121517782212,1.7742172661926945,0.003,0.9236499662125928
normal,40061,HetLDC,0.0,2.579822352946231,0.003,0.9901148847986398
normal,40061,HetLDC_cert,0.0,2.587561820005069,0.003,0.9903342150348724
normal,40061,LDC_PAC,0.0,2.666203615676224,0.003,0.9923286785013266
normal,40061,LDC_cert_pk,0.0,2.5953700332358403,,0.990551086918174
normal,40062,CP_PAC,0.0,2.630309215042689,0.003,0.9914692763382448
normal,40062,FH_PAC,-0.070210775839489,1.921679341305514,0.003,0.9447573557407264
normal,40062,FH_normal,-0.070210775839489,1.6124932832247303,0.003,0.8922813232894389
normal,40062,HetLDC,0.0,2.421707158263647,0.003,0.9845522065139868
normal,40062,HetLDC_cert,0.0,2.428972279738438,0.003,0.9848583100215512
normal,40062,LDC_PAC,0.0,2.505166423042085,0.003,0.9877606211408908
normal,40062,LDC_cert_pk,0.0,2.432759729042143,,0.9850157595386355
normal,40063,CP_PAC,0.0,2.360663193500533,0.001,0.9817577099782504
normal,40063,FH_PAC,-0.0813976333162593,2.0014782837879657,0.001,0.9539448758465936
normal,40063,FH_normal,-0.0813976333162593,1.688407520897819,0.001,0.9075940979468404
normal,40063,HetLDC,0.0,2.0820558379562266,0.001,0.9626626302870632
normal,40063,HetLDC_cert,0.0,2.0841378937941824,0.001,0.9628523739544756
normal,40063,LDC_PAC,0.0,2.16688266108312,0.001,0.9697561976307296
normal,40063,LDC_cert_pk,0.0,2.0942834050005597,,0.9637652582571488
normal,40064,CP_PAC,0.0,2.6742736127243254,0.003,0.9925108678545902
normal,40064,FH_PAC,-0.0491279132731139,2.1380004355871094,0.003,0.9672738222149148
normal,40064,FH_normal,-0.0491279132731139,1.8081192821908696,0.003,0.9290725161093322
normal,40064,HetLDC,0.0,2.453372682284698,0.003,0.9858476371428112
normal,40064,HetLDC_cert,0.0,2.460732800331552,0.003,0.9861346414377332
normal,40064,LDC_PAC,0.0,2.532928179714713,0.003,0.988688587367329
normal,40064,LDC_cert_pk,0.0,2.4668753240141905,,0.9863702195039685
normal,40065,CP_PAC,0.0,2.71706587035052,0.003,0.9934136501948192
normal,40065,FH_PAC,0.1402645819700224,2.251922584379387,0.003,0.9742679536304962
normal,40065,FH_normal,0.1402645819700224,1.903328072645731,0.003,0.9405582062391972
normal,40065,HetLDC,0.0,2.481329599612259,0.003,0.9869106722845472
normal,40065,HetLDC_cert,0.0,2.4887735884110955,0.003,0.9871815430961894
normal,40065,LDC_PAC,0.0,2.573458705349516,0.003,0.9899312338445276
normal,40065,LDC_cert_pk,0.0,2.496811176871276,,0.9874684334571486
normal,40066,CP_PAC,0.0,2.5494340256202843,0.001,0.9892102075978556
normal,40066,FH_PAC,-0.1257659479099277,2.154166764281146,0.001,0.9674344817882028
normal,40066,FH_normal,-0.1257659479099277,1.778647182038228,0.001,0.9223942812070592
normal,40066,HetLDC,0.0,2.321528200089128,0.001,0.9797416460700012
normal,40066,HetLDC_cert,0.0,2.323849728289217,0.001,0.9798664505779716
normal,40066,LDC_PAC,0.0,2.4007471219420915,0.001,0.9836383610545234
normal,40066,LDC_cert_pk,0.0,2.333909047070528,,0.9803995150743074
normal,40067,CP_PAC,0.0,2.187437543846205,0.001,0.9712894020644588
normal,40067,FH_PAC,-0.1198929578774516,1.6300812683404715,0.001,0.8944409290932119
normal,40067,FH_normal,-0.1198929578774516,1.351271915247995,0.001,0.820286151168332
normal,40067,HetLDC,0.0,1.873707392807252,0.001,0.9390292335805888
normal,40067,HetLDC_cert,0.0,1.8755811002000595,0.001,0.9392871763663826
normal,40067,LDC_PAC,0.0,1.949243715677866,0.001,0.9487336733808932
normal,40067,LDC_cert_pk,0.0,1.885895209071229,,0.9406909227368518
normal,40068,CP_PAC,0.0,2.3118255646370747,0.001,0.9792127019928624
normal,40068,FH_PAC,-0.1834416611447378,1.652619411181701,0.001,0.8959333958311125
normal,40068,FH_normal,-0.1834416611447378,1.3421392124525808,0.001,0.8131531161348551
normal,40068,HetLDC,0.0,2.008902842454299,0.001,0.9554525615697352
normal,40068,HetLDC_cert,0.0,2.0109117452967533,0.001,0.9556652204744932
normal,40068,LDC_PAC,0.0,2.0919542587485127,0.001,0.9635573923377788
normal,40068,LDC_cert_pk,0.0,2.0181359068359526,,0.9564228910021693
normal,40069,CP_PAC,0.0,2.905129769751788,0.003,0.996328991369444
normal,40069,FH_PAC,-0.1492435568546467,2.193482513636541,0.003,0.969963310587109
normal,40069,FH_normal,-0.1492435568546467,1.8711700784689715,0.003,0.9357883349294888
normal,40069,HetLDC,0.0,2.7189000620756243,0.003,0.9934500605430788
normal,40069,HetLDC_cert,0.0,2.7270567622618507,0.003,0.9936097954629012
normal,40069,LDC_PAC,0.0,2.809494997427967,0.003,0.9950380709717436
normal,40069,LDC_cert_pk,0.0,2.735031987054329,,0.9937625785508886
normal,40070,CP_PAC,0.0,2.4174056711908625,0.001,0.9843684150364918
normal,40070,FH_PAC,0.065567370512349,1.9531538680312464,0.001,0.9487011572901904
normal,40070,FH_normal,0.065567370512349,1.6360105299438883,0.001,0.8974267142597093
normal,40070,HetLDC,0.0,2.1317909592543405,0.001,0.966975964802508
normal,40070,HetLDC_cert,0.0,2.133922750213595,0.001,0.967150895148073
normal,40070,LDC_PAC,0.0,2.203460134990362,0.001,0.972437666226612
normal,40070,LDC_cert_pk,0.0,2.1411486940717945,,0.9677379510641648
normal,40071,CP_PAC,0.0,2.220771693525774,0.001,0.9736335712694736
normal,40071,FH_PAC,0.007236014324213,1.8306036381946544,0.001,0.9328331164007
normal,40071,FH_normal,0.007236014324213,1.5135462886265267,0.001,0.8698489906373856
normal,40071,HetLDC,0.0,1.9628252200401133,0.001,0.9503335137284028
normal,40071,HetLDC_cert,0.0,1.9647880452601527,0.001,0.9505612255783936
normal,40071,LDC_PAC,0.0,2.024228681977279,0.001,0.95705337226112
normal,40071,LDC_cert_pk,0.0,1.9670456449940343,,0.9508220512340131
normal,40072,CP_PAC,0.0,2.29244725761232,0.001,0.9781201522906476
normal,40072,FH_PAC,-0.1168359472705431,1.973342374639455,0.001,0.9500084040711444
normal,40072,FH_normal,-0.1168359472705431,1.606614180996659,0.001,0.8894551437127566
normal,40072,HetLDC,0.0,2.024469326797687,0.001,0.9570781151042622
normal,40072,HetLDC_cert,0.0,2.0264937961244844,0.001,0.957285792165634
normal,40072,LDC_PAC,0.0,2.104266389057233,0.001,0.9646447837736374
normal,40072,LDC_cert_pk,0.0,2.0347409846879634,,0.9581230580193951
normal,40073,CP_PAC,0.0,2.729082531055358,0.003,0.9936489193149972
normal,40073,FH_PAC,-0.1700837501505841,2.2639016256480846,0.003,0.9743950971982942
normal,40073,FH_normal,-0.1700837501505841,1.880234954262935,0.003,0.9362143716168896
normal,40073,HetLDC,0.0,2.4949075992646588,0.003,0.9874010066453578
normal,40073,HetLDC_cert,0.0,2.502392322062452,0.003,0.987664285652887
normal,40073,LDC_PAC,0.0,2.584840240275685,0.003,0.990257587207503
normal,40073,LDC_cert_pk,0.0,2.509433237559226,,0.9879074928165976
normal,40074,CP_PAC,0.0,2.7020874895980524,0.003,0.993109437170455
normal,40074,FH_PAC,-0.0997693362787789,1.888685809924052,0.003,0.9398051783427664
normal,40074,FH_normal,-0.0997693362787789,1.5979581369115392,0.003,0.8881782927220152
normal,40074,HetLDC,0.0,2.442082366632305,0.003,0.985397185488332
normal,40074,HetLDC_cert,0.0,2.449408613732202,0.003,0.9856908984468764
normal,40074,LDC_PAC,0.0,2.5292099857214527,0.003,0.9885680391574918
normal,40074,LDC_cert_pk,0.0,2.4565727719118335,,0.9859730610608228
normal,40075,CP_PAC,0.0,2.2739038063876484,0.001,0.9770282292015297
normal,40075,FH_PAC,0.1172263933697799,1.7763371586158418,0.001,0.922311780182
normal,40075,FH_normal,0.1172263933697799,1.4641333178433622,0.001,0.8540969874977047
normal,40075,HetLDC,0.0,1.982244766637553,0.001,0.9525481474714504
normal,40075,HetLDC_cert,0.0,1.9842270114041904,0.001,0.9527694613666084
normal,40075,LDC_PAC,0.0,2.057639133558013,0.001,0.9603752128510524
normal,40075,LDC_cert_pk,0.0,1.9898258919656266,,0.9533898818178506
normal,40076,CP_PAC,0.0,1.9079035621548317,0.001,0.9435963181915296
normal,40076,FH_PAC,0.2084808161859646,1.4966981873809784,0.001,0.8570843243115904
normal,40076,FH_normal,0.2084808161859646,1.195924513563254,0.001,0.7581883219379842
normal,40076,HetLDC,0.0,1.561236278999934,0.001,0.8815319879619774
normal,40076,HetLDC_cert,0.0,1.562797515278934,0.001,0.8818997711762913
normal,40076,LDC_PAC,0.0,1.62791626083064,0.001,0.8964573570193166
normal,40076,LDC_cert_pk,0.0,1.5702231044982304,,0.8836367837916215
normal,40077,CP_PAC,0.0,2.1965039036269207,0.001,0.9719441039312235
normal,40077,FH_PAC,0.0871626213013064,1.9461187304862728,0.001,0.9474712669965836
normal,40077,FH_normal,0.0871626213013064,1.627754125695797,0.001,0.8951116356768618
normal,40077,HetLDC,0.0,1.9118933630251864,0.001,0.9441101268499476
normal,40077,HetLDC_cert,0.0,1.9138052563882115,0.001,0.9443549563698224
normal,40077,LDC_PAC,0.0,1.987600520487981,0.001,0.9531441112903136
normal,40077,LDC_cert_pk,0.0,1.9224492511730844,,0.9454507465655075
normal,40078,CP_PAC,0.0,2.2545788657310646,0.001,0.9758402247476254
normal,40078,FH_PAC,-0.2680633552949929,1.769170875846515,0.001,0.912522835500024
normal,40078,FH_normal,-0.2680633552949929,1.4470268139997289,0.001,0.8376292884250393
normal,40078,HetLDC,0.0,1.975541325376538,0.001,0.9517932502889116
normal,40078,HetLDC_cert,0.0,1.9775168667019145,0.001,0.9520167641018176
normal,40078,LDC_PAC,0.0,2.055043847639737,0.001,0.960125230239804
normal,40078,LDC_cert_pk,0.0,1.9858503320995862,,0.9529500549025531
normal,40079,CP_PAC,0.0,2.646855811609649,0.003,0.9918756014207608
normal,40079,FH_PAC,0.0566219804913248,2.0758701331076126,0.003,0.9617860770521331
normal,40079,FH_normal,0.0566219804913248,1.7264410299401969,0.003,0.9152343914437464
normal,40079,HetLDC,0.0,2.3903408998176383,0.003,0.9831672595112828
normal,40079,HetLDC_cert,0.0,2.397511922517091,0.003,0.9834931562283036
normal,40079,LDC_PAC,0.0,2.477511988512191,0.003,0.9867698035951338
normal,40079,LDC_cert_pk,0.0,2.405178322335299,,0.9838354240451164
normal,40080,CP_PAC,0.0,2.584587059162125,0.001,0.9902504312771458
normal,40080,FH_PAC,0.1091469536489097,2.1105372790492845,0.001,0.964104723824067
normal,40080,FH_normal,0.1091469536489097,1.764345962473509,0.001,0.9205577568613338
normal,40080,HetLDC,0.0,2.3266541641004257,0.001,0.980016320756928
normal,40080,HetLDC_cert,0.0,2.328980818264526,0.001,0.9801399180991052
normal,40080,LDC_PAC,0.0,2.4041151923263997,0.001,0.9837883360290154
normal,40080,LDC_cert_pk,0.0,2.340453213785286,,0.9807396485601125
normal,40081,CP_PAC,0.0,2.7727913286953814,0.003,0.9944422253153922
normal,40081,FH_PAC,0.1566866782051968,2.3249895376363536,0.003,0.9783938726848528
normal,40081,FH_normal,0.1566866782051968,1.936403415350072,0.003,0.9442682786020458
normal,40081,HetLDC,0.0,2.5253122629403406,0.003,0.9884404474447764
normal,40081,HetLDC_cert,0.0,2.532888199729161,0.003,0.9886872971951692
normal,40081,LDC_PAC,0.0,2.611077884430374,0.003,0.9909742664387744
normal,40081,LDC_cert_pk,0.0,2.5397405312266303,,0.9889065264995658
normal,40082,CP_PAC,0.0,2.1775877076460253,0.001,0.9705632544757958
normal,40082,FH_PAC,0.1857395561055715,1.8953439479819008,0.001,0.9376173417850234
normal,40082,FH_normal,0.1857395561055715,1.5699198838056383,0.001,0.8772750891253651
normal,40082,HetLDC,0.0,1.8755858289311755,0.001,0.9392878261985748
normal,40082,HetLDC_cert,0.0,1.8774614147601063,0.001,0.9395451190399872
normal,40082,LDC_PAC,0.0,1.955684025595721,0.001,0.949497612322102
normal,40082,LDC_cert_pk,0.0,1.8871348692616763,,0.9408578122333511
normal,40083,CP_PAC,0.0,2.344474097339294,0.001,0.9809460660211944
normal,40083,FH_PAC,0.2231691165235882,2.0567667542663592,0.001,0.9553373823226864
normal,40083,FH_normal,0.2231691165235882,1.7514563803395349,0.001,0.9126240529529168
normal,40083,HetLDC,0.0,2.053185271481965,0.001,0.95994538768622
normal,40083,HetLDC_cert,0.0,2.0552384567534467,0.001,0.9601440216352572
normal,40083,LDC_PAC,0.0,2.136983160323189,0.001,0.96740063869607
normal,40083,LDC_cert_pk,0.0,2.0654074952903474,,0.9611155400187266
normal,40084,CP_PAC,0.0,3.181688663134053,0.001,0.9985358087635284
normal,40084,FH_PAC,-0.075184263767778,2.3285370954747364,0.001,0.9797669753893816
normal,40084,FH_normal,-0.075184263767778,1.9698293217662548,0.001,0.9505035200587352
normal,40084,HetLDC,0.0,3.016947762840602,0.001,0.9974466619174596
normal,40084,HetLDC_cert,0.0,3.019964710603442,0.001,0.9974719586090928
normal,40084,LDC_PAC,0.0,3.1047972494382474,0.001,0.9980959050355324
normal,40084,LDC_cert_pk,0.0,3.025942245691293,,0.9975214035856803
normal,40085,CP_PAC,0.0,3.224209422515342,0.001,0.9987367901698936
normal,40085,FH_PAC,0.063926838791793,2.0446986740087736,0.001,0.95870310720809
normal,40085,FH_normal,0.063926838791793,1.7716465897445774,0.001,0.9229454372410972
normal,40085,HetLDC,0.0,3.0529795251061533,0.001,0.9977341860246414
normal,40085,HetLDC_cert,0.0,3.056032504631259,0.001,0.9977571306029932
normal,40085,LDC_PAC,0.0,3.1325222732518205,0.001,0.9982668872286676
normal,40085,LDC_cert_pk,0.0,3.06178148159865,,0.9977997598837431
normal,40086,CP_PAC,0.0,2.022477943904051,0.001,0.9568730000668249
normal,40086,FH_PAC,0.121045647775099,1.8515270405183315,0.001,0.9339557149454724
normal,40086,FH_normal,0.121045647775099,1.551081173986821,0.001,0.8763969301886607
normal,40086,HetLDC,0.0,1.7582369819493515,0.001,0.9212928048215008
normal,40086,HetLDC_cert,0.0,1.7599952189313008,0.001,0.921591382778409
normal,40086,LDC_PAC,0.0,1.8301256862514248,0.001,0.9327688531819815
normal,40086,LDC_cert_pk,0.0,1.7672727441472638,,0.9228174378492646
normal,40087,CP_PAC,0.0,2.842703448018926,0.003,0.9955267329030322
normal,40087,FH_PAC,0.1187423690310054,2.0297329879032526,0.003,0.9561591007614322
normal,40087,FH_normal,0.1187423690310054,1.769328339757268,0.003,0.9210801979862276
normal,40087,HetLDC,0.0,2.653693251264626,0.003,0.9920383833514748
normal,40087,HetLDC_cert,0.0,2.66165433101842,0.003,0.9922242314352264
normal,40087,LDC_PAC,0.0,2.7357990399920142,0.003,0.9937770983853498
normal,40087,LDC_cert_pk,0.0,2.671579498247946,,0.992450481258017
normal,40088,CP_PAC,0.0,2.538246153149779,0.001,0.9888590406883356
normal,40088,FH_PAC,-0.0403175463918073,1.9201756207121552,0.001,0.9449672005035308
normal,40088,FH_normal,-0.0403175463918073,1.5932686864045402,0.001,0.8886097158055353
normal,40088,HetLDC,0.0,2.3085535170619425,0.001,0.9790316301340614
normal,40088,HetLDC_cert,0.0,2.310862070579004,0.001,0.979159525309664
normal,40088,LDC_PAC,0.0,2.3902117433583348,0.001,0.9831613384083596
normal,40088,LDC_cert_pk,0.0,2.3204282376927976,,0.9796822771892935
normal,40089,CP_PAC,0.0,1.9825378934756992,0.001,0.952580929366249
normal,40089,FH_PAC,-0.1270846948430692,1.7162528285958785,0.001,0.9113489077501784
normal,40089,FH_normal,-0.1270846948430692,1.3836071145530184,0.001,0.8301031936003768
normal,40089,HetLDC,0.0,1.6228850204947918,0.001,0.8953860137005645
normal,40089,HetLDC_cert,0.0,1.6245079055152865,0.001,0.895732545450951
normal,40089,LDC_PAC,0.0,1.6915979080498729,0.001,0.9092773343595262
normal,40089,LDC_cert_pk,0.0,1.6300471599367987,,0.8969084698734213
normal,40090,CP_PAC,0.0,2.7905043335600186,0.003,0.9947374004281432
normal,40090,FH_PAC,-0.0457907151944062,2.0896991309151427,0.003,0.9631581928398016
normal,40090,FH_normal,-0.0457907151944062,1.7080658703607676,0.003,0.9120436493985205
normal,40090,HetLDC,0.0,2.5334517266073457,0.003,0.9887054704085718
normal,40090,HetLDC_cert,0.0,2.541052081787168,0.003,0.9889480544909656
normal,40090,LDC_PAC,0.0,2.6277578396762755,0.003,0.991405032265986
normal,40090,LDC_cert_pk,0.0,2.5477491511817068,,0.9891579598870281
normal,40091,CP_PAC,0.0,1.993883705647548,0.001,0.953835234948314
normal,40091,FH_PAC,-0.0478879115509835,1.6004714374699045,0.001,0.8900991917509802
normal,40091,FH_normal,-0.0478879115509835,1.290452187781877,0.001,0.8025929816343524
normal,40091,HetLDC,0.0,1.671996174973104,0.001,0.9054749236642364
normal,40091,HetLDC_cert,0.0,1.6736681711480768,0.001,0.9058041675015712
normal,40091,LDC_PAC,0.0,1.7477417014026757,0.001,0.9194912356811588
normal,40091,LDC_cert_pk,0.0,1.6803171696230705,,0.9071043777949148
normal,40092,CP_PAC,0.0,2.398637398726269,0.001,0.983543798638998
normal,40092,FH_PAC,0.043711066506021,1.7962202588730816,0.001,0.9272676945265996
normal,40092,FH_normal,0.043711066506021,1.472061623676972,0.001,0.8586160887098763
normal,40092,HetLDC,0.0,2.1459247194136606,0.001,0.9681210147352816
normal,40092,HetLDC_cert,0.0,2.1480706441330737,0.001,0.9682918561386162
normal,40092,LDC_PAC,0.0,2.2311496881941064,0.001,0.9743287846653156
normal,40092,LDC_cert_pk,0.0,2.158393418027684,,0.969102742963363
normal,40093,CP_PAC,0.0,2.364783596169422,0.001,0.9819593909581374
normal,40093,FH_PAC,0.0541869158259286,1.8959087879731,0.001,0.9416597217932302
normal,40093,FH_normal,0.0541869158259286,1.5683968859737174,0.001,0.882674500355313
normal,40093,HetLDC,0.0,2.090841965416092,0.001,0.9634577671504104
normal,40093,HetLDC_cert,0.0,2.092932807381508,0.001,0.963644846893896
normal,40093,LDC_PAC,0.0,2.1706648309091574,0.001,0.9700434824789672
normal,40093,LDC_cert_pk,0.0,2.1027760006104907,,0.9645146451363029
normal,40094,CP_PAC,0.0,2.027606493509841,0.001,0.9573995742508944
normal,40094,FH_PAC,0.024721586378818,1.823942658017404,0.001,0.9317549863821092
normal,40094,FH_normal,0.024721586378818,1.4919214705081114,0.001,0.8641607416253385
normal,40094,HetLDC,0.0,1.6534614370209546,0.001,0.9017630118284434
normal,40094,HetLDC_cert,0.0,1.655114898457975,0.001,0.902098806670494
normal,40094,LDC_PAC,0.0,1.7134994495913956,0.001,0.9133793054679616
normal,40094,LDC_cert_pk,0.0,1.6514488438835728,,0.9013530417279161
normal,40095,CP_PAC,0.0,2.445975563364749,0.003,0.9855539208640895
normal,40095,FH_PAC,-0.0389454298194611,1.9238149049750977,0.003,0.9454392545291124
normal,40095,FH_normal,-0.0389454298194611,1.6033465872728696,0.003,0.8908735551133503
normal,40095,HetLDC,0.0,2.179071441381948,0.003,0.9706736385764524
normal,40095,HetLDC_cert,0.0,2.185608655706093,0.003,0.9711557511842028
normal,40095,LDC_PAC,0.0,2.260418559211262,0.003,0.9762047142815832
normal,40095,LDC_cert_pk,0.0,2.1914687743962977,,0.9715821130146274
normal,40096,CP_PAC,0.0,2.586919430795912,0.003,0.9903161767563736
normal,40096,FH_PAC,-0.0137981275279179,1.8796253134995655,0.003,0.939816435983551
normal,40096,FH_normal,-0.0137981275279179,1.5768941627237056,0.003,0.8851455745396433
normal,40096,HetLDC,0.0,2.340463897591224,0.003,0.9807401996070176
normal,40096,HetLDC_cert,0.0,2.347485289283997,0.003,0.9810993805051288
normal,40096,LDC_PAC,0.0,2.4214102917885745,0.003,0.9845395835487268
normal,40096,LDC_cert_pk,0.0,2.3533601649727514,,0.9813953960102983
normal,40097,CP_PAC,0.0,2.127903967422594,0.001,0.9666549534160276
normal,40097,FH_PAC,0.0246828130323364,1.5758866035414447,0.001,0.8848374126613027
normal,40097,FH_normal,0.0246828130323364,1.269027177280298,0.001,0.7954307685267314
normal,40097,HetLDC,0.0,1.7810188135268796,0.001,0.9250906226701164
normal,40097,HetLDC_cert,0.0,1.7827998323404062,0.001,0.9253811069218618
normal,40097,LDC_PAC,0.0,1.849107575690268,0.001,0.9355577192970574
normal,40097,LDC_cert_pk,0.0,1.7879256067381444,,0.9262119890293345
normal,40098,CP_PAC,0.0,2.8176562976296164,0.003,0.9951624436655662
normal,40098,FH_PAC,0.0208107520390767,1.8612475175352376,0.003,0.9372338777744862
normal,40098,FH_normal,0.0208107520390767,1.5523692188014595,0.003,0.8793457100210449
normal,40098,HetLDC,0.0,2.6132373554704875,0.003,0.9910311010018198
normal,40098,HetLDC_cert,0.0,2.6210770675368984,0.003,0.9912347555319908
normal,40098,LDC_PAC,0.0,2.69792315701756,0.003,0.993022645546711
normal,40098,LDC_cert_pk,0.0,2.629918634116076,,0.9914594693595584
normal,40099,CP_PAC,0.0,2.348253718697761,0.001,0.981138331794067
normal,40099,FH_PAC,0.1994030889304099,1.7760398271048723,0.001,0.9184514795104852
normal,40099,FH_normal,0.1994030889304099,1.4647736499301445,0.001,0.84909218086318
normal,40099,HetLDC,0.0,2.1106451023763597,0.001,0.9651971721081058
normal,40099,HetLDC_cert,0.0,2.1127557474787357,0.001,0.9653783209207192
normal,40099,LDC_PAC,0.0,2.1842841085757065,0.001,0.9710586222350448
normal,40099,LDC_cert_pk,0.0,2.120383514066237,,0.9660262841497127
normal,40100,CP_PAC,0.0,2.4472145817933795,0.001,0.9856034900801448
normal,40100,FH_PAC,-0.0293203331991011,1.901021584602293,0.001,0.9425937836075962
normal,40100,FH_normal,-0.0293203331991011,1.538592670001892,0.001,0.8759346811196702
normal,40100,HetLDC,0.0,2.1912443600270475,0.001,0.9715658859410032
normal,40100,HetLDC_cert,0.0,2.193435604387074,0.001,0.9717239905620548
normal,40100,LDC_PAC,0.0,2.2615635830182166,0.001,0.9762756198711692
normal,40100,LDC_cert_pk,0.0,2.199885215445231,,0.9721849600739736
normal,40101,CP_PAC,0.0,2.7031758323874167,0.003,0.9931319595948472
normal,40101,FH_PAC,-0.2231342791895267,2.022412568965273,0.003,0.9516461405929773
normal,40101,FH_normal,-0.2231342791895267,1.667496287875918,0.003,0.8963445757795095
normal,40101,HetLDC,0.0,2.4523893509527266,0.003,0.985808898317544
normal,40101,HetLDC_cert,0.0,2.4597465190055847,0.003,0.9860964824661912
normal,40101,LDC_PAC,0.0,2.545522470670156,0.003,0.9890885659154118
normal,40101,LDC_cert_pk,0.0,2.465802132860037,,0.9863293171585907
normal,40102,CP_PAC,0.0,2.925777534312717,0.003,0.996564034541206
normal,40102,FH_PAC,-0.0575955169939447,2.202784104373968,0.003,0.9721322640515866
normal,40102,FH_normal,-0.0575955169939447,1.907209686494589,0.003,0.9430970165907524
normal,40102,HetLDC,0.0,2.7172589659085133,0.003,0.9934174918681676
normal,40102,HetLDC_cert,0.0,2.7254107428062384,0.003,0.9935778461927248
normal,40102,LDC_PAC,0.0,2.801449903149837,0.003,0.9949126460784392
normal,40102,LDC_cert_pk,0.0,2.734074000133261,,0.993744401624967
normal,40103,CP_PAC,0.0,2.1368942522437777,0.001,0.9673934063884966
normal,40103,FH_PAC,0.1219486520110492,1.8074848911606336,0.001,0.9272188889952918
normal,40103,FH_normal,0.1219486520110492,1.5058940706191388,0.001,0.8650332964086342
normal,40103,HetLDC,0.0,1.8665570633143027,0.001,0.938036531688224
normal,40103,HetLDC_cert,0.0,1.8684236203776168,0.001,0.9382969527502109
normal,40103,LDC_PAC,0.0,1.9336601774184308,0.001,0.9468450768923476
normal,40103,LDC_cert_pk,0.0,1.8778655187312423,,0.9396004355167531
normal,40104,CP_PAC,0.0,3.183928468753773,0.001,0.9985470908898988
normal,40104,FH_PAC,0.1450100678172227,2.629613566294173,0.001,0.9907519287763794
normal,40104,FH_normal,0.1450100678172227,2.2639508621099265,0.001,0.9749532593424404
normal,40104,HetLDC,0.0,3.0191259050920483,0.001,0.9974649484470142
normal,40104,HetLDC_cert,0.0,3.02214503099714,0.001,0.9974900973694611
normal,40104,LDC_PAC,0.0,3.106982925996725,0.001,0.9981099268521612
normal,40104,LDC_cert_pk,0.0,3.028484508125995,,0.9975421632132244
normal,40105,CP_PAC,0.0,2.724719897850182,0.003,0.993564394113309
normal,40105,FH_PAC,-0.1517650285669984,1.9501903901608,0.003,0.9461665960242712
normal,40105,FH_normal,-0.1517650285669984,1.5841030869686803,0.003,0.8826828735756633
normal,40105,HetLDC,0.0,2.4773102382042698,0.003,0.9867623219210332
normal,40105,HetLDC_cert,0.0,2.484742168918882,0.003,0.987035470518081
normal,40105,LDC_PAC,0.0,2.565810053182546,0.003,0.9897064820613216
normal,40105,LDC_cert_pk,0.0,2.4894104169712463,,0.9872044839589222
normal,40106,CP_PAC,0.0,2.9076438207060504,0.003,0.9963583715161451
normal,40106,FH_PAC,0.0849331936186903,2.157334295641137,0.003,0.968413929856148
normal,40106,FH_normal,0.0849331936186903,1.8240994726002224,0.003,0.9308683015772266
normal,40106,HetLDC,0.0,2.704876602299001,0.003,0.9931670233097644
normal,40106,HetLDC_cert,0.0,2.7129912321058978,0.003,0.993332112919192
normal,40106,LDC_PAC,0.0,2.798297226138716,0.003,0.9948627185408274
normal,40106,LDC_cert_pk,0.0,2.7216553850811467,,0.9935044160093136
normal,40107,CP_PAC,0.0,2.4136432889884367,0.003,0.984206083649876
normal,40107,FH_PAC,-0.1424641424926663,2.012461099659409,0.003,0.9536740374256082
normal,40107,FH_normal,-0.1424641424926663,1.682381708935912,0.003,0.9041976286397956
normal,40107,HetLDC,0.0,2.1761257246782977,0.003,0.9704541391465628
normal,40107,HetLDC_cert,0.0,2.182654101852332,0.003,0.9709387076358208
normal,40107,LDC_PAC,0.0,2.2592202258362897,0.003,0.976130310701067
normal,40107,LDC_cert_pk,0.0,2.1888812038950576,,0.971394524436765
normal,40108,CP_PAC,0.0,2.528728046095368,0.003,0.9885523309176244
normal,40108,FH_PAC,0.0885261073315985,2.025652320422485,0.003,0.9563850261462444
normal,40108,FH_normal,0.0885261073315985,1.723835965536474,0.003,0.9140428114280515
normal,40108,HetLDC,0.0,2.295594465866269,0.003,0.9783009205037
normal,40108,HetLDC_cert,0.0,2.3024812492638675,0.003,0.978691952342245
normal,40108,LDC_PAC,0.0,2.381248746909876,0.003,0.9827459434287664
normal,40108,LDC_cert_pk,0.0,2.310261993709422,,0.9791263462805468
normal,40109,CP_PAC,0.0,2.433746412906417,0.001,0.985056539804384
normal,40109,FH_PAC,-0.0150869925641366,2.0564406360501053,0.001,0.9602373980564292
normal,40109,FH_normal,-0.0150869925641366,1.739395953719369,0.001,0.9180000640165084
normal,40109,HetLDC,0.0,2.1673124000246013,0.001,0.9697889583670134
normal,40109,HetLDC_cert,0.0,2.169479712424625,0.001,0.9699537170370092
normal,40109,LDC_PAC,0.0,2.2491171385947077,0.001,0.9754949555696788
normal,40109,LDC_cert_pk,0.0,2.178908211698647,,0.970661512373695
normal,40110,CP_PAC,0.0,2.3732640306636874,0.001,0.9823683448921888
normal,40110,FH_PAC,-0.1965481938974505,1.8140103828927123,0.001,0.924924672869784
normal,40110,FH_normal,-0.1965481938974505,1.494837943734488,0.001,0.857524567281086
normal,40110,HetLDC,0.0,2.069310172473781,0.001,0.9614830103208988
normal,40110,HetLDC_cert,0.0,2.071379482646255,0.001,0.9616766532636354
normal,40110,LDC_PAC,0.0,2.147549482982278,0.001,0.9682504377911504
normal,40110,LDC_cert_pk,0.0,2.0804899188919093,,0.9625193806556336
normal,40111,CP_PAC,0.0,2.291932093341795,0.001,0.9780904380099468
normal,40111,FH_PAC,0.1148405607009483,1.8302057386735373,0.001,0.9309761491390148
normal,40111,FH_normal,0.1148405607009483,1.502845547286119,0.001,0.8645671059897215
normal,40111,HetLDC,0.0,2.0321980111265185,0.001,0.9578663858253016
normal,40111,HetLDC_cert,0.0,2.034230209137645,0.001,0.9580716099407738
normal,40111,LDC_PAC,0.0,2.1037935132448413,0.001,0.9646035371003252
normal,40111,LDC_cert_pk,0.0,2.0438796597065294,,0.9590345629768859
normal,40112,CP_PAC,0.0,2.523849764463767,0.003,0.9883922475896044
normal,40112,FH_PAC,0.1362724917724138,2.084689849223111,0.003,0.9611407216221745
normal,40112,FH_normal,0.1362724917724138,1.726989724369366,0.003,0.9129506948833416
normal,40112,HetLDC,0.0,2.265282509232289,0.003,0.9765046513219902
normal,40112,HetLDC_cert,0.0,2.2720783567599856,0.003,0.976918221915043
normal,40112,LDC_PAC,0.0,2.347618951502356,0.003,0.9811061608233134
normal,40112,LDC_cert_pk,0.0,2.2789650723782002,,0.9773308583609135
normal,40113,CP_PAC,0.0,2.2107479051853214,0.001,0.9729467008533428
normal,40113,FH_PAC,0.1006235747827482,1.732864484150588,0.001,0.9153206156889792
normal,40113,FH_normal,0.1006235747827482,1.3832005757883925,0.001,0.8312520548096624
normal,40113,HetLDC,0.0,1.8785647079877552,0.001,0.939696046160645
normal,40113,HetLDC_cert,0.0,1.8804432726957423,0.001,0.939952309274698
normal,40113,LDC_PAC,0.0,1.9541396434377196,0.001,0.94931529512724
normal,40113,LDC_cert_pk,0.0,1.887405385613227,,0.9408941786938139
normal,40114,CP_PAC,0.0,2.905289533390901,0.003,0.9963308648211529
normal,40114,FH_PAC,-0.1967595517056513,2.2553800434181244,0.003,0.9731342180071608
normal,40114,FH_normal,-0.1967595517056513,1.8637439048898583,0.003,0.9325660240335072
normal,40114,HetLDC,0.0,2.678465155493245,0.003,0.992603957295998
normal,40114,HetLDC_cert,0.0,2.6865005509597246,0.003,0.9927795170882868
normal,40114,LDC_PAC,0.0,2.7670639431449384,0.003,0.9943436340526252
normal,40114,LDC_cert_pk,0.0,2.6936414770520756,,0.9929323856715655
normal,40115,CP_PAC,0.0,2.515751449154068,0.003,0.9881221084795824
normal,40115,FH_PAC,-0.009334305661244,1.937747974090218,0.003,0.947335717934242
normal,40115,FH_normal,-0.009334305661244,1.6700269249457789,0.003,0.905071569600954
normal,40115,HetLDC,0.0,2.2638107597755743,0.003,0.9764142435380908
normal,40115,HetLDC_cert,0.0,2.2706021920549007,0.003,0.9768289293441584
normal,40115,LDC_PAC,0.0,2.340086110695435,0.003,0.980720705827894
normal,40115,LDC_cert_pk,0.0,2.2778734151050837,,0.97726587937104
normal,40116,CP_PAC,0.0,2.5026222222417265,0.001,0.9876722947861384
normal,40116,FH_PAC,-0.0524161621226156,1.970064324637872,0.001,0.9508588118608056
normal,40116,FH_normal,-0.0524161621226156,1.6109641735523084,0.001,0.8923301385581497
normal,40116,HetLDC,0.0,2.244953037664636,0.001,0.9752288524511352
normal,40116,HetLDC_cert,0.0,2.2471979907023005,0.001,0.9753726234532044
normal,40116,LDC_PAC,0.0,2.327873647674865,0.001,0.980081186070786
normal,40116,LDC_cert_pk,0.0,2.2600479471283625,,0.9761817247857563
normal,40117,CP_PAC,0.0,2.7157471728041527,0.003,0.993387360507754
normal,40117,FH_PAC,-0.1998589190732493,2.2837972119558656,0.003,0.9749150440018622
normal,40117,FH_normal,-0.1998589190732493,1.938338641306848,0.003,0.9426864838095772
normal,40117,HetLDC,0.0,2.490045911708454,0.003,0.9872273405466264
normal,40117,HetLDC_cert,0.0,2.497516049443579,0.003,0.9874933196398604
normal,40117,LDC_PAC,0.0,2.5722097059353115,0.003,0.9898948338316338
normal,40117,LDC_cert_pk,0.0,2.5031744016606328,,0.9876915124867651
normal,40118,CP_PAC,0.0,2.32589367478808,0.001,0.9799757764393242
normal,40118,FH_PAC,-0.1876700670843625,1.6985135383411163,0.001,0.904950723446872
normal,40118,FH_normal,-0.1876700670843625,1.3847756024869438,0.001,0.8264436737192586
normal,40118,HetLDC,0.0,2.0356081126713,0.001,0.9582102774911724
normal,40118,HetLDC_cert,0.0,2.0376437207839704,0.001,0.9584144237125616
normal,40118,LDC_PAC,0.0,2.1200471446305027,0.001,0.96599793031712
normal,40118,LDC_cert_pk,0.0,2.047297801605305,,0.9593711463715766
normal,40119,CP_PAC,0.0,2.279748805398155,0.001,0.9773774091127096
normal,40119,FH_PAC,-0.1708142052166212,2.019760743915196,0.001,0.9535259508340848
normal,40119,FH_normal,-0.1708142052166212,1.6940532716409618,0.001,0.9050505561287692
normal,40119,HetLDC,0.0,1.9994452709527823,0.001,0.9544398021509336
normal,40119,HetLDC_cert,0.0,2.001444716223735,0.001,0.9546555141364944
normal,40119,LDC_PAC,0.0,2.077986194188144,0.001,0.962289369260658
normal,40119,LDC_cert_pk,0.0,2.009893999538128,,0.9555575910207557
normal,40120,CP_PAC,0.0,2.653152998969419,0.003,0.9920256284219772
normal,40120,FH_PAC,0.2158002636355167,2.142957585335957,0.003,0.9638518783904284
normal,40120,FH_normal,0.2158002636355167,1.807473629257024,0.003,0.92274848357558
normal,40120,HetLDC,0.0,2.4063947176471188,0.003,0.9838891529785624
normal,40120,HetLDC_cert,0.0,2.41361390180006,0.003,0.9842048098990436
normal,40120,LDC_PAC,0.0,2.498417045641388,0.003,0.9875250664237664
normal,40120,LDC_cert_pk,0.0,2.4202556935247665,,0.9844904028882209
normal,40121,CP_PAC,0.0,2.331857884607637,0.001,0.9802918313168444
normal,40121,FH_PAC,0.1341997435403774,1.8539033339198536,0.001,0.9338566870182468
normal,40121,FH_normal,0.1341997435403774,1.507449434065963,0.001,0.8648312667104892
normal,40121,HetLDC,0.0,2.0472889212309644,0.001,0.9593702749702951
normal,40121,HetLDC_cert,0.0,2.049336210152195,0.001,0.9595707498080704
normal,40121,LDC_PAC,0.0,2.1254835092137125,0.001,0.9664537113438234
normal,40121,LDC_cert_pk,0.0,2.058690485014422,,0.9604761016916079
normal,40122,CP_PAC,0.0,2.196825483547898,0.001,0.9719670876681668
normal,40122,FH_PAC,-0.0847305965209766,1.974668987226156,0.001,0.9508889120336896
normal,40122,FH_normal,-0.0847305965209766,1.6810553654847469,0.001,0.906075966320638
normal,40122,HetLDC,0.0,1.9093469816405533,0.001,0.943782654636368
normal,40122,HetLDC_cert,0.0,1.9112563286221933,0.001,0.9440283517203204
normal,40122,LDC_PAC,0.0,1.9878915158362065,0.001,0.953176310722646
normal,40122,LDC_cert_pk,0.0,1.921372690122197,,0.9453152610259521
normal,40123,CP_PAC,0.0,2.4227796086750244,0.001,0.9845977322953788
normal,40123,FH_PAC,-0.0314777238927687,2.0455438671497403,0.001,0.9590989219663676
normal,40123,FH_normal,-0.0314777238927687,1.708730334258034,0.001,0.9123422068153252
normal,40123,HetLDC,0.0,2.1465179254868434,0.001,0.9681683198094472
normal,40123,HetLDC_cert,0.0,2.14866444341233,0.001,0.9683389907932404
normal,40123,LDC_PAC,0.0,2.2239001057490206,0.001,0.9738448340377692
normal,40123,LDC_cert_pk,0.0,2.159081288153086,,0.9691561389340915
normal,40124,CP_PAC,0.0,2.3586316835026904,0.001,0.981657549262573
normal,40124,FH_PAC,0.0909851951878074,2.0095462228791914,0.001,0.9546389842015152
normal,40124,FH_normal,0.0909851951878074,1.717169283267526,0.001,0.9127535193397388
normal,40124,HetLDC,0.0,2.087557409143111,0.001,0.9631622226738936
normal,40124,HetLDC_cert,0.0,2.089644966552254,0.001,0.9633502959690424
normal,40124,LDC_PAC,0.0,2.1650179123115616,0.001,0.969613686447416
normal,40124,LDC_cert_pk,0.0,2.0983377235182092,,0.9641246776292018
normal,40125,CP_PAC,0.0,2.6038673128447343,0.001,0.9907821564555436
normal,40125,FH_PAC,-0.2209314351171353,2.1103099471483504,0.001,0.9607091183713288
normal,40125,FH_normal,-0.2209314351171353,1.7663853911754748,0.001,0.915438101952182
normal,40125,HetLDC,0.0,2.3463328722534635,0.001,0.98104083322931
normal,40125,HetLDC_cert,0.0,2.3486792051257166,0.001,0.9811598692675544
normal,40125,LDC_PAC,0.0,2.4372738612250653,0.001,0.9852015329432268
normal,40125,LDC_cert_pk,0.0,2.358954645769955,,0.9816735045706269
normal,40126,CP_PAC,0.0,2.509623360109103,0.003,0.987914000681156
normal,40126,FH_PAC,-0.1659856533377644,1.8467613154102576,0.003,0.931526123425813
normal,40126,FH_normal,-0.1659856533377644,1.494993399153934,0.003,0.8597184658658336
normal,40126,HetLDC,0.0,2.248102059720678,0.003,0.9754303172218926
normal,40126,HetLDC_cert,0.0,2.25484636589984,0.003,0.975857026183758
normal,40126,LDC_PAC,0.0,2.334385922759918,0.003,0.9804244767654802
normal,40126,LDC_cert_pk,0.0,2.262829466975377,,0.9763537963094131
normal,40127,CP_PAC,0.0,2.5219095025921523,0.003,0.988328026805736
normal,40127,FH_PAC,-0.019447774562749,1.9678412106316452,0.003,0.9508708568906898
normal,40127,FH_normal,-0.019447774562749,1.6386792556114678,0.003,0.8986553519792638
normal,40127,HetLDC,0.0,2.2792744764661577,0.003,0.9773492457185148
normal,40127,HetLDC_cert,0.0,2.286112299895556,0.003,0.9777523103988156
normal,40127,LDC_PAC,0.0,2.3605596493808254,0.003,0.9817526164879786
normal,40127,LDC_cert_pk,0.0,2.2924641281580658,,0.9781211247775627
normal,40128,CP_PAC,0.0,2.461647609350077,0.001,0.9861699524731128
normal,40128,FH_PAC,-0.1856900797587023,1.743797264180946,0.001,0.9135608841701284
normal,40128,FH_normal,-0.1856900797587023,1.4216566579129968,0.001,0.8377753429076032
normal,40128,HetLDC,0.0,2.176414445385765,0.001,0.9704757153870004
normal,40128,HetLDC_cert,0.0,2.1785908598311505,0.001,0.9706379242100992
normal,40128,LDC_PAC,0.0,2.259577536127748,0.001,0.9761525169023186
normal,40128,LDC_cert_pk,0.0,2.190739607572464,,0.9715293588621721
normal,40129,CP_PAC,0.0,2.053003542644131,0.001,0.9599277660759752
normal,40129,FH_PAC,0.1761855679701441,1.908176033786788,0.001,0.939798726087364
normal,40129,FH_normal,0.1761855679701441,1.5284406255328162,0.001,0.8677210504434534
normal,40129,HetLDC,0.0,1.695579104840983,0.001,0.9100343823302496
normal,40129,HetLDC_cert,0.0,1.6972746839458237,0.001,0.9103552588529148
normal,40129,LDC_PAC,0.0,1.7680745241807954,0.001,0.9229515542337132
normal,40129,LDC_cert_pk,0.0,1.7051902233173988,,0.9118410471902318
normal,40130,CP_PAC,0.0,2.349608169642054,0.001,0.981206817301082
normal,40130,FH_PAC,0.0541317195975547,1.7791323505401877,0.001,0.9243546656544536
normal,40130,FH_normal,0.0541317195975547,1.5270119000672122,0.001,0.8726857248652918
normal,40130,HetLDC,0.0,2.062606669718834,0.001,0.9608499864477328
normal,40130,HetLDC_cert,0.0,2.0646692763885524,0.001,0.96104569649605
normal,40130,LDC_PAC,0.0,2.1261434651729982,0.001,0.9665086842431614
normal,40130,LDC_cert_pk,0.0,2.0599211242405415,,0.9605939181130776
normal,40131,CP_PAC,0.0,2.3198295776398155,0.001,0.979649901637895
normal,40131,FH_PAC,0.1582515027879606,1.8669775967043505,0.001,0.9348272283991635
normal,40131,FH_normal,0.1582515027879606,1.5859812912205729,0.001,0.8827559231055594
normal,40131,HetLDC,0.0,2.079804007558151,0.001,0.9624564866168336
normal,40131,HetLDC_cert,0.0,2.081883811565709,0.001,0.96264691620316
normal,40131,LDC_PAC,0.0,2.157844716989343,0.001,0.969060093125392
normal,40131,LDC_cert_pk,0.0,2.08860703868649,,0.9632568889363593
normal,40132,CP_PAC,0.0,2.327818108554256,0.001,0.9800782358999474
normal,40132,FH_PAC,-0.0266371305670041,1.922070610683964,0.001,0.9453173332698592
normal,40132,FH_normal,-0.0266371305670041,1.6057702190656102,0.001,0.8915503822917629
normal,40132,HetLDC,0.0,2.044712505730516,0.001,0.9591167900235064
normal,40132,HetLDC_cert,0.0,2.046757218236247,0.001,0.9593180718633176
normal,40132,LDC_PAC,0.0,2.1218012619210898,0.001,0.966145569360522
normal,40132,LDC_cert_pk,0.0,2.055167627137548,,0.9601371832194814
normal,40133,CP_PAC,0.0,2.611639878217451,0.003,0.9909890882809458
normal,40133,FH_PAC,0.0163862672458745,1.933293612218341,0.003,0.9467680051365488
normal,40133,FH_normal,0.0163862672458745,1.6364106012569644,0.003,0.8982003692992632
normal,40133,HetLDC,0.0,2.395441243200636,0.003,0.9833996253628838
normal,40133,HetLDC_cert,0.0,2.4026275669302373,0.003,0.9837222439750462
normal,40133,LDC_PAC,0.0,2.4736048739847445,0.003,0.986624246044691
normal,40133,LDC_cert_pk,0.0,2.4095354639951485,,0.984027156392195
normal,40134,CP_PAC,0.0,2.77970292047602,0.003,0.9945591351740424
normal,40134,FH_PAC,0.0975043308157226,2.280217501353885,0.003,0.9767615495642052
normal,40134,FH_normal,0.0975043308157226,1.927166371626904,0.003,0.9448991603555422
normal,40134,HetLDC,0.0,2.551780535390563,0.003,0.9892825995735112
normal,40134,HetLDC_cert,0.0,2.5594358769967345,0.003,0.989515780447118
normal,40134,LDC_PAC,0.0,2.632785151455177,0.003,0.9915312099989682
normal,40134,LDC_cert_pk,0.0,2.5635613885487474,,0.9896395622389347
normal,40135,CP_PAC,0.0,2.3705046295849166,0.001,0.9822361785348546
normal,40135,FH_PAC,0.1218640579457802,1.9622617576186625,0.001,0.9485707023279122
normal,40135,FH_normal,0.1218640579457802,1.603881233923566,0.001,0.8886355146211835
normal,40135,HetLDC,0.0,2.082188437775882,0.001,0.9626747390338816
normal,40135,HetLDC_cert,0.0,2.084270626213657,0.001,0.9628644423508896
normal,40135,LDC_PAC,0.0,2.160709935179125,0.001,0.9692822470282764
normal,40135,LDC_cert_pk,0.0,2.094962528696786,,0.9638256763923114
normal,40136,CP_PAC,0.0,2.539978161282012,0.001,0.9889140609130184
normal,40136,FH_PAC,-0.0098098627108329,1.983645374872734,0.001,0.9526939650737328
normal,40136,FH_normal,-0.0098098627108329,1.6657083437072653,0.001,0.90421250936812
normal,40136,HetLDC,0.0,2.2668152954706624,0.001,0.9765984886441116
normal,40136,HetLDC_cert,0.0,2.2690821107661328,0.001,0.9767366669670776
normal,40136,LDC_PAC,0.0,2.3472899164434478,0.001,0.9810894659478302
normal,40136,LDC_cert_pk,0.0,2.2801800860697647,,0.9774029900856691
normal,40137,CP_PAC,0.0,2.7448156012143547,0.003,0.9939455092964397
normal,40137,FH_PAC,-0.0178177816778715,1.9404951456368535,0.003,0.94764305691444
normal,40137,FH_normal,-0.0178177816778715,1.6191205604859904,0.003,0.8945233863597433
normal,40137,HetLDC,0.0,2.521383252155682,0.003,0.9883105541750246
normal,40137,HetLDC_cert,0.0,2.5289474019121485,0.003,0.9885594829294158
normal,40137,LDC_PAC,0.0,2.599741758418608,0.003,0.9906706062220436
normal,40137,LDC_cert_pk,0.0,2.535117419756895,,0.9887590359912233
normal,40138,CP_PAC,0.0,2.40416668659636,0.001,0.9837906195815465
normal,40138,FH_PAC,0.0569382324427531,1.987128092524656,0.001,0.9527348435843472
normal,40138,FH_normal,0.0569382324427531,1.6419767252555568,0.001,0.8988536014661089
normal,40138,HetLDC,0.0,2.1486026813233603,0.001,0.968334091037846
normal,40138,HetLDC_cert,0.0,2.1507512840046834,0.001,0.9685041638705824
normal,40138,LDC_PAC,0.0,2.221781394391414,0.001,0.9737019172986088
normal,40138,LDC_cert_pk,0.0,2.159621517237204,,0.9691980186972684
normal,40139,CP_PAC,0.0,2.699300517280999,0.003,0.9930514600922736
normal,40139,FH_PAC,-0.1073517846822638,2.093104141149866,0.003,0.9625823039919468
normal,40139,FH_normal,-0.1073517846822638,1.771106692389299,0.003,0.9217600545657542
normal,40139,HetLDC,0.0,2.4711168949051125,0.003,0.9865308217113268
normal,40139,HetLDC_cert,0.0,2.478530245589828,0.003,0.9868075074461592
normal,40139,LDC_PAC,0.0,2.556632318102426,0.003,0.989430913375972
normal,40139,LDC_cert_pk,0.0,2.4839217364697452,,0.9870055636622819
normal,40140,CP_PAC,0.0,2.0552979093381087,0.001,0.9601497608597428
normal,40140,FH_PAC,-0.0855778521086704,1.8379747532846893,0.001,0.9329418647249856
normal,40140,FH_normal,-0.0855778521086704,1.499986344289805,0.001,0.8649598992024871
normal,40140,HetLDC,0.0,1.6828015887463943,0.001,0.9075864926154428
normal,40140,HetLDC_cert,0.0,1.6844843903351407,0.001,0.9079119063172694
normal,40140,LDC_PAC,0.0,1.75368029801456,0.001,0.9205146966847316
normal,40140,LDC_cert_pk,0.0,1.6900668537759818,,0.9089848346704343
normal,40141,CP_PAC,0.0,2.2398614134360035,0.001,0.9749000786181228
normal,40141,FH_PAC,0.1891402340882356,1.8934202860564184,0.001,0.9371899595602649
normal,40141,FH_normal,0.1891402340882356,1.5159365971094347,0.001,0.8636219250233288
normal,40141,HetLDC,0.0,1.95549971882914,0.001,0.9494758834813491
normal,40141,HetLDC_cert,0.0,1.9574552185479688,0.001,0.9497060281500602
normal,40141,LDC_PAC,0.0,2.0268344180109024,0.001,0.9573206506996428
normal,40141,LDC_cert_pk,0.0,1.9652044795284336,,0.9506094242828556
normal,40142,CP_PAC,0.0,2.662667484589338,0.003,0.9922476021013392
normal,40142,FH_PAC,-0.0783998298559967,2.2233456085476986,0.003,0.9733466427146468
normal,40142,FH_normal,-0.0783998298559967,1.8912908767681176,0.003,0.9406387719403364
normal,40142,HetLDC,0.0,2.4559332727115466,0.003,0.9859480753361471
normal,40142,HetLDC_cert,0.0,2.4633010725296813,0.003,0.9862335736604002
normal,40142,LDC_PAC,0.0,2.5359851761804664,0.003,0.9887868519436008
normal,40142,LDC_cert_pk,0.0,2.46884626400363,,0.9864450560898823
normal,40143,CP_PAC,0.0,2.151653485080779,0.001,0.9685753437608512
normal,40143,FH_PAC,-0.0483879316030801,1.7900068509354603,0.001,0.9262102990176516
normal,40143,FH_normal,-0.0483879316030801,1.472740313468777,0.001,0.8587139255523728
normal,40143,HetLDC,0.0,1.8628927491266776,0.001,0.937522642827738
normal,40143,HetLDC_cert,0.0,1.864755641875804,0.001,0.9377843364631936
normal,40143,LDC_PAC,0.0,1.9323925895681344,0.001,0.9466889319999056
normal,40143,LDC_cert_pk,0.0,1.873893136495493,,0.9390548443421907
normal,40144,CP_PAC,0.0,2.2741504207963628,0.001,0.9770430559817468
normal,40144,FH_PAC,-0.0332509864640968,1.876576217629396,0.001,0.9392814976047718
normal,40144,FH_normal,-0.0332509864640968,1.5610438205438475,0.001,0.8812829988631521
normal,40144,HetLDC,0.0,1.9885498694104389,0.001,0.953249090641211
normal,40144,HetLDC_cert,0.0,1.990538419279849,0.001,0.9534683438193974
normal,40144,LDC_PAC,0.0,2.072883278513955,0.001,0.9618168564213884
normal,40144,LDC_cert_pk,0.0,2.0000908441796983,,0.9545095447426715
normal,40145,CP_PAC,0.0,2.596454793504299,0.003,0.9905808700620168
normal,40145,FH_PAC,-0.0605208888576883,1.909017708580508,0.003,0.9432891105716056
normal,40145,FH_normal,-0.0605208888576883,1.562280919168514,0.003,0.8811045633029408
normal,40145,HetLDC,0.0,2.355110248123291,0.003,0.9814827890903182
normal,40145,HetLDC_cert,0.0,2.36217557886766,0.003,0.981831964726229
normal,40145,LDC_PAC,0.0,2.445025566504543,0.003,0.9855158126059532
normal,40145,LDC_cert_pk,0.0,2.368551329279097,,0.9821420977671926
normal,40146,CP_PAC,0.0,2.469766723763759,0.001,0.9864798814141658
normal,40146,FH_PAC,-0.1014671083798278,1.784726795942804,0.001,0.9242031698429416
normal,40146,FH_normal,-0.1014671083798278,1.4561308749152837,0.001,0.8525733579552124
normal,40146,HetLDC,0.0,2.2427632372042567,0.001,0.9750879136886046
normal,40146,HetLDC_cert,0.0,2.245006000441461,0.001,0.9752322526416712
normal,40146,LDC_PAC,0.0,2.325726139354236,0.001,0.9799668349008356
normal,40146,LDC_cert_pk,0.0,2.254316600359766,,0.9758237422638567
normal,40147,CP_PAC,0.0,2.609588954542414,0.001,0.9909348925904088
normal,40147,FH_PAC,0.0026444708808495,2.020980341352367,0.001,0.9567174682999312
normal,40147,FH_normal,0.0026444708808495,1.697364843678632,0.001,0.9103711737427164
normal,40147,HetLDC,0.0,2.366010117751176,0.001,0.9820190469891252
normal,40147,HetLDC_cert,0.0,2.368376127868927,0.001,0.9821336378899446
normal,40147,LDC_PAC,0.0,2.4426294366356323,0.001,0.9854193000060952
normal,40147,LDC_cert_pk,0.0,2.3794309464536214,,0.9826606085807699
normal,40148,CP_PAC,0.0,2.414364495796595,0.001,0.9842373151525676
normal,40148,FH_PAC,-0.0085485040751121,1.7793200283959316,0.001,0.9248020380785096
normal,40148,FH_normal,-0.0085485040751121,1.420506360128602,0.001,0.8445245821875832
normal,40148,HetLDC,0.0,2.1231161528172304,0.001,0.966255880221613
normal,40148,HetLDC_cert,0.0,2.125239268970048,0.001,0.9664333471025286
normal,40148,LDC_PAC,0.0,2.200688110077605,0.001,0.972241888883937
normal,40148,LDC_cert_pk,0.0,2.1351809980776064,,0.9672537715697447
normal,40149,CP_PAC,0.0,2.5667547991962065,0.001,0.9897344825575468
normal,40149,FH_PAC,0.0800303578873057,2.151435972271832,0.001,0.9680144189644426
normal,40149,FH_normal,0.0800303578873057,1.8138931746562807,0.001,0.9294112064271576
normal,40149,HetLDC,0.0,2.317120042044194,0.001,0.9795028064673326
normal,40149,HetLDC_cert,0.0,2.319437162086237,0.001,0.979628655384816
normal,40149,LDC_PAC,0.0,2.4025357779925924,0.001,0.983718158242296
normal,40149,LDC_cert_pk,0.0,2.3286666717701876,,0.9801232689673629
trunc_laplace,43000,CP_PAC,0.0,2.640463281786078,0.003,1.0
trunc_laplace,43000,FH_PAC,-0.0721492862126105,2.0785220023114834,0.003,0.9487102178802947
trunc_laplace,43000,FH_normal,-0.0721492862126105,1.7954537440035183,0.003,0.9064801294597092
trunc_laplace,43000,HetLDC,0.0,2.3992446686776963,0.003,0.9839172056609388
trunc_laplace,43000,HetLDC_cert,0.0,2.4064424026837288,0.003,0.9845734938195316
trunc_laplace,43000,LDC_PAC,0.0,2.486467412232556,0.003,0.9915476879167532
trunc_laplace,43000,LDC_cert_pk,0.0,2.4140401731564807,,0.9852609324776902
trunc_laplace,43001,CP_PAC,0.0,2.21286959338244,0.001,0.9650888444581952
trunc_laplace,43001,FH_PAC,0.0105160746053436,1.9454368837326408,0.001,0.93079191167553
trunc_laplace,43001,FH_normal,0.0105160746053436,1.6384132161877,0.001,0.8776190434991732
trunc_laplace,43001,HetLDC,0.0,1.9593795103002452,0.001,0.932834095601651
trunc_laplace,43001,HetLDC_cert,0.0,1.9613388898105453,0.001,0.9331175332338092
trunc_laplace,43001,LDC_PAC,0.0,2.031221042603755,0.001,0.9428568732455984
trunc_laplace,43001,LDC_cert_pk,0.0,1.9705524632168279,,0.9344426008043079
trunc_laplace,43002,CP_PAC,0.0,2.490739102548747,0.001,0.9919038515323564
trunc_laplace,43002,FH_PAC,0.0686150031621219,1.8676266528181695,0.001,0.918499888636041
trunc_laplace,43002,FH_normal,0.0686150031621219,1.571010249010663,0.001,0.862965092452215
trunc_laplace,43002,HetLDC,0.0,2.247539801235725,0.001,0.9688739813123683
trunc_laplace,43002,HetLDC_cert,0.0,2.2497873410369613,0.001,0.9691146653434202
trunc_laplace,43002,LDC_PAC,0.0,2.331383507841293,0.001,0.9774812925235568
trunc_laplace,43002,LDC_cert_pk,0.0,2.2601176796447597,,0.9702136904538574
trunc_laplace,43003,CP_PAC,0.0,2.3153141600186675,0.001,0.9758894085148588
trunc_laplace,43003,FH_PAC,0.1213379756000969,1.9597126801996476,0.001,0.931769372019793
trunc_laplace,43003,FH_normal,0.1213379756000969,1.5934224253239744,0.001,0.866677429105623
trunc_laplace,43003,HetLDC,0.0,2.0473521893436324,0.001,0.9450059695790268
trunc_laplace,43003,HetLDC_cert,0.0,2.0493995415329755,0.001,0.9452761543189137
trunc_laplace,43003,LDC_PAC,0.0,2.125256208559404,0.001,0.9548907345693948
trunc_laplace,43003,LDC_cert_pk,0.0,2.058876379974929,,0.9465193035001178
trunc_laplace,43004,CP_PAC,0.0,2.374175666445633,0.001,0.9815925671075978
trunc_laplace,43004,FH_PAC,-0.0766447388427296,1.943781281667252,0.001,0.9301057764571922
trunc_laplace,43004,FH_normal,-0.0766447388427296,1.6175880908596816,0.001,0.8727359363161478
trunc_laplace,43004,HetLDC,0.0,2.081396422469354,0.001,0.9494245972820732
trunc_laplace,43004,HetLDC_cert,0.0,2.083477818891823,0.001,0.9496896874662528
trunc_laplace,43004,LDC_PAC,0.0,2.1640560774807955,0.001,0.9595221532065086
trunc_laplace,43004,LDC_cert_pk,0.0,2.0915039073248765,,0.9507065322620019
trunc_laplace,43005,CP_PAC,0.0,2.260598392932169,0.001,0.9702645448424838
trunc_laplace,43005,FH_PAC,0.075645947560712,1.9708038292984216,0.001,0.9340513265666832
trunc_laplace,43005,FH_normal,0.075645947560712,1.6606079362224704,0.001,0.8814805233335872
trunc_laplace,43005,HetLDC,0.0,1.963365801633564,0.001,0.9334101309517324
trunc_laplace,43005,HetLDC_cert,0.0,1.965329167435197,0.001,0.9336929661901274
trunc_laplace,43005,LDC_PAC,0.0,2.045599161006291,0.001,0.944774167172048
trunc_laplace,43005,LDC_cert_pk,0.0,1.9753731691428067,,0.9351308419839413
trunc_laplace,43006,CP_PAC,0.0,2.650791625918096,0.001,1.0
trunc_laplace,43006,FH_PAC,0.1568079151444638,2.0538478547528225,0.001,0.9441747754126644
trunc_laplace,43006,FH_normal,0.1568079151444638,1.69655541904511,0.001,0.886600057456187
trunc_laplace,43006,HetLDC,0.0,2.403155604269252,0.001,0.984274415295462
trunc_laplace,43006,HetLDC_cert,0.0,2.405558759873521,0.001,0.9844931884827612
trunc_laplace,43006,LDC_PAC,0.0,2.4811959924125797,0.001,0.9911059760647288
trunc_laplace,43006,LDC_cert_pk,0.0,2.4144872269994964,,0.9853012120052356
trunc_laplace,43007,CP_PAC,0.0,2.4641545063829504,0.001,0.9896612754899928
trunc_laplace,43007,FH_PAC,-0.0251451879022356,2.1618197310100933,0.001,0.9592216050849024
trunc_laplace,43007,FH_normal,-0.0251451879022356,1.8077609185246892,0.001,0.908991775129514
trunc_laplace,43007,HetLDC,0.0,2.1799272815849307,0.001,0.9613632908004076
trunc_laplace,43007,HetLDC_cert,0.0,2.182107208866516,0.001,0.9616138007712274
trunc_laplace,43007,LDC_PAC,0.0,2.261878648683156,0.001,0.9703998580606656
trunc_laplace,43007,LDC_cert_pk,0.0,2.1929316150977063,,0.9628493040065513
trunc_laplace,43008,CP_PAC,0.0,3.183177213918656,0.01,1.0
trunc_laplace,43008,FH_PAC,0.0504030965134769,2.239369621033357,0.01,0.9678509883542864
trunc_laplace,43008,FH_normal,0.0504030965134769,1.9173810658376984,0.01,0.926416859023334
trunc_laplace,43008,HetLDC,0.0,2.962472593207701,0.01,1.0
trunc_laplace,43008,HetLDC_cert,0.0,2.992097319139778,0.01,1.0
trunc_laplace,43008,LDC_PAC,0.0,3.0634687455816296,0.01,1.0
trunc_laplace,43008,LDC_cert_pk,0.0,2.980700749755363,,1.0
trunc_laplace,43009,CP_PAC,0.0,2.4026710232011044,0.003,0.984230234595316
trunc_laplace,43009,FH_PAC,-0.0688749921915403,1.9083413664316364,0.003,0.9248652795366978
trunc_laplace,43009,FH_normal,-0.0688749921915403,1.5789941251488464,0.003,0.8646918004382208
trunc_laplace,43009,HetLDC,0.0,2.179919420625162,0.003,0.9613623864140276
trunc_laplace,43009,HetLDC_cert,0.0,2.1864591788870382,0.003,0.9621122142068366
trunc_laplace,43009,LDC_PAC,0.0,2.2625435629856283,0.003,0.9704700631453204
trunc_laplace,43009,LDC_cert_pk,0.0,2.191990876860545,,0.9627424802837956
trunc_laplace,43010,CP_PAC,0.0,2.1692193042155536,0.001,0.9601244609362538
trunc_laplace,43010,FH_PAC,-0.0412840830306121,1.854237319999916,0.001,0.9165991279488094
trunc_laplace,43010,FH_normal,-0.0412840830306121,1.5361197378685338,0.001,0.8555831133876146
trunc_laplace,43010,HetLDC,0.0,1.8730089832848005,0.001,0.9197465685462972
trunc_laplace,43010,HetLDC_cert,0.0,1.8748819922680848,0.001,0.9200430676449818
trunc_laplace,43010,LDC_PAC,0.0,1.9330092914262276,0.001,0.9289625639439558
trunc_laplace,43010,LDC_cert_pk,0.0,1.8749904250498377,,0.9200602149258186
trunc_laplace,43011,CP_PAC,0.0,2.306184588311512,0.001,0.9749730454767942
trunc_laplace,43011,FH_PAC,-0.105873582201605,1.846262462550164,0.001,0.9144952736369222
trunc_laplace,43011,FH_normal,-0.105873582201605,1.5335304531050729,0.001,0.8538782378588013
trunc_laplace,43011,HetLDC,0.0,2.030102609369946,0.001,0.9427065235500712
trunc_laplace,43011,HetLDC_cert,0.0,2.0321327119793158,0.001,0.942979298224878
trunc_laplace,43011,LDC_PAC,0.0,2.1020823541670133,0.001,0.9520338036591496
trunc_laplace,43011,LDC_cert_pk,0.0,2.0411460479747436,,0.9441834239947942
trunc_laplace,43012,CP_PAC,0.0,2.406162347292692,0.003,0.984548050435484
trunc_laplace,43012,FH_PAC,0.02926383069218,1.964290935271736,0.003,0.9334791274244594
trunc_laplace,43012,FH_normal,0.02926383069218,1.6581582143007814,0.003,0.8814973762265652
trunc_laplace,43012,HetLDC,0.0,2.15639562748755,0.003,0.9586225382794522
trunc_laplace,43012,HetLDC_cert,0.0,2.162864814370013,0.003,0.9593827272291132
trunc_laplace,43012,LDC_PAC,0.0,2.2381491982728563,0.003,0.9678622365059084
trunc_laplace,43012,LDC_cert_pk,0.0,2.168060165929721,,0.9599895257895579
trunc_laplace,43013,CP_PAC,0.0,2.5535495884007915,0.001,0.9969616959115256
trunc_laplace,43013,FH_PAC,-0.2316566770924275,1.9016624253915624,0.001,0.919894510897147
trunc_laplace,43013,FH_normal,-0.2316566770924275,1.562739376613083,0.001,0.855535530605906
trunc_laplace,43013,HetLDC,0.0,2.302499589034939,0.001,0.9746006918134428
trunc_laplace,43013,HetLDC_cert,0.0,2.304802088623974,0.001,0.9748335174247352
trunc_laplace,43013,LDC_PAC,0.0,2.3901754265473145,0.001,0.983083227337528
trunc_laplace,43013,LDC_cert_pk,0.0,2.315582800016912,,0.9759162407929507
trunc_laplace,43014,CP_PAC,0.0,2.820644543663113,0.003,1.0
trunc_laplace,43014,FH_PAC,-0.1363548828895826,2.207046727654612,0.003,0.9633533218425778
trunc_laplace,43014,FH_normal,-0.1363548828895826,1.792575982347753,0.003,0.9047778583440136
trunc_laplace,43014,HetLDC,0.0,2.5618009327014293,0.003,0.9976018529621004
trunc_laplace,43014,HetLDC_cert,0.0,2.569486335499533,0.003,0.9981931676741972
trunc_laplace,43014,LDC_PAC,0.0,2.6561402264854923,0.003,1.0
trunc_laplace,43014,LDC_cert_pk,0.0,2.5788217416043033,,0.9989050868445721
trunc_laplace,43015,CP_PAC,0.0,2.6758645319454937,0.003,1.0
trunc_laplace,43015,FH_PAC,0.1140356973122548,1.9729291564407296,0.003,0.9338129260226076
trunc_laplace,43015,FH_normal,0.1140356973122548,1.6232445568026552,0.003,0.8731402993745232
trunc_laplace,43015,HetLDC,0.0,2.4579138094696797,0.003,0.9891257602622284
trunc_laplace,43015,HetLDC_cert,0.0,2.465287550898088,0.003,0.9897581288849292
trunc_laplace,43015,LDC_PAC,0.0,2.548554344752307,0.003,0.9965714683508846
trunc_laplace,43015,LDC_cert_pk,0.0,2.4732457696816463,,0.9904351868388015
trunc_laplace,43016,CP_PAC,0.0,2.550456693820601,0.003,0.9967203192898362
trunc_laplace,43016,FH_PAC,0.1269180818962359,1.8863072867842647,0.003,0.920524474084298
trunc_laplace,43016,FH_normal,0.1269180818962359,1.5866130773249922,0.003,0.8650615795582799
trunc_laplace,43016,HetLDC,0.0,2.34484519472885,0.003,0.9787944672066936
trunc_laplace,43016,HetLDC_cert,0.0,2.351879730313036,0.003,0.979473379321941
trunc_laplace,43016,LDC_PAC,0.0,2.429113062541053,0.003,0.986608693322963
trunc_laplace,43016,LDC_cert_pk,0.0,2.357487203220053,,0.9800110069802797
trunc_laplace,43017,CP_PAC,0.0,2.774069102067176,0.003,1.0
trunc_laplace,43017,FH_PAC,0.0139590432680818,2.013239899217327,0.003,0.9404043903251942
trunc_laplace,43017,FH_normal,0.0139590432680818,1.7143755400179508,0.003,0.8923920420398623
trunc_laplace,43017,HetLDC,0.0,2.5313565511902096,0.003,0.9952123228831256
trunc_laplace,43017,HetLDC_cert,0.0,2.53895062084378,0.003,0.9958154908870251
trunc_laplace,43017,LDC_PAC,0.0,2.6122811360987845,0.003,1.0
trunc_laplace,43017,LDC_cert_pk,0.0,2.54596026741262,,0.9963680159737573
trunc_laplace,43018,CP_PAC,0.0,2.259956118516376,0.001,0.9701965932670596
trunc_laplace,43018,FH_PAC,-0.0269346316844958,1.839353703286779,0.001,0.9142568940883472
trunc_laplace,43018,FH_normal,-0.0269346316844958,1.5191361239161711,0.001,0.8518382557050179
trunc_laplace,43018,HetLDC,0.0,1.9772551976303472,0.001,0.9353985970416784
trunc_laplace,43018,HetLDC_cert,0.0,1.9792324528279772,0.001,0.9356793343387868
trunc_laplace,43018,LDC_PAC,0.0,2.059945202132862,0.001,0.9466587395057656
trunc_laplace,43018,LDC_cert_pk,0.0,1.9894841255271105,,0.9371256540990502
trunc_laplace,43019,CP_PAC,0.0,2.1771801423333024,0.001,0.961046786441319
trunc_laplace,43019,FH_PAC,-0.0725417463123113,1.7450670705719116,0.001,0.8975613068007535
trunc_laplace,43019,FH_normal,-0.0725417463123113,1.4422587454598808,0.001,0.8328973560178425
trunc_laplace,43019,HetLDC,0.0,1.8840776453669048,0.001,0.9214903747491648
trunc_laplace,43019,HetLDC_cert,0.0,1.8859617230122716,0.001,0.921785200770004
trunc_laplace,43019,LDC_PAC,0.0,1.955317992591089,0.001,0.9322447212213284
trunc_laplace,43019,LDC_cert_pk,0.0,1.8929109503409165,,0.9228676404724467
trunc_laplace,43020,CP_PAC,0.0,2.890662293314688,0.003,1.0
trunc_laplace,43020,FH_PAC,-0.0123254963025642,2.2875404685784413,0.003,0.9730662046422172
trunc_laplace,43020,FH_normal,-0.0123254963025642,1.9507066436027676,0.003,0.931560948982978
trunc_laplace,43020,HetLDC,0.0,2.6761958572063795,0.003,1.0
trunc_laplace,43020,HetLDC_cert,0.0,2.6842244447779984,0.003,1.0
trunc_laplace,43020,LDC_PAC,0.0,2.7678268448894903,0.003,1.0
trunc_laplace,43020,LDC_cert_pk,0.0,2.6912651906409026,,1.0
trunc_laplace,43021,CP_PAC,0.0,2.4532691667658177,0.001,0.9887249339903924
trunc_laplace,43021,FH_PAC,0.0463248418065802,1.9312019200712272,0.001,0.9285263660400024
trunc_laplace,43021,FH_normal,0.0463248418065802,1.636830194463626,0.001,0.8770831477644312
trunc_laplace,43021,HetLDC,0.0,2.171099640016712,0.001,0.9603430039193634
trunc_laplace,43021,HetLDC_cert,0.0,2.1732707396567283,0.001,0.9605948084847692
trunc_laplace,43021,LDC_PAC,0.0,2.2518868575029027,0.001,0.9693389887391086
trunc_laplace,43021,LDC_cert_pk,0.0,2.1831425220007947,,0.9617325761501492
trunc_laplace,43022,CP_PAC,0.0,2.535848570482324,0.003,0.99556968391494
trunc_laplace,43022,FH_PAC,0.0858584419708412,2.040134148074623,0.003,0.9435367302044134
trunc_laplace,43022,FH_normal,0.0858584419708412,1.7011276918622302,0.003,0.889187639405226
trunc_laplace,43022,HetLDC,0.0,2.3078957710738623,0.003,0.9751454672876436
trunc_laplace,43022,HetLDC_cert,0.0,2.314819458387084,0.003,0.9758399770922156
trunc_laplace,43022,LDC_PAC,0.0,2.387953991390382,0.003,0.9828777456289236
trunc_laplace,43022,LDC_cert_pk,0.0,2.3212472621990785,,0.9764802709997793
trunc_laplace,43023,CP_PAC,0.0,2.1310193916314395,0.001,0.9555905763431892
trunc_laplace,43023,FH_PAC,-0.2555588626381635,1.6753525646293812,0.001,0.8782922533060107
trunc_laplace,43023,FH_normal,-0.2555588626381635,1.3446300135279208,0.001,0.798636688687043
trunc_laplace,43023,HetLDC,0.0,1.8159546776716495,0.001,0.9104315718093994
trunc_laplace,43023,HetLDC_cert,0.0,1.817770632349321,0.001,0.9107366748168944
trunc_laplace,43023,LDC_PAC,0.0,1.8836654619706368,0.001,0.921425797798586
trunc_laplace,43023,LDC_cert_pk,0.0,1.8192879427136985,,0.9109911590731707
trunc_laplace,43024,CP_PAC,0.0,2.426711331748077,0.001,0.9863953562489765
trunc_laplace,43024,FH_PAC,0.0286350127791567,2.0528589571456064,0.001,0.9456752025281432
trunc_laplace,43024,FH_normal,0.0286350127791567,1.6735278689752016,0.001,0.8845253675501674
trunc_laplace,43024,HetLDC,0.0,2.1659694806598235,0.001,0.9597457364991906
trunc_laplace,43024,HetLDC_cert,0.0,2.1681354501404835,0.001,0.9599982945700412
trunc_laplace,43024,LDC_PAC,0.0,2.2426157539308336,0.001,0.9683446996964952
trunc_laplace,43024,LDC_cert_pk,0.0,2.175397475489809,,0.9608409154756683
trunc_laplace,43025,CP_PAC,0.0,2.1298071011888857,0.001,0.9554437132240184
trunc_laplace,43025,FH_PAC,-0.0098922413804534,1.7093775258892456,0.001,0.8914645422742333
trunc_laplace,43025,FH_normal,-0.0098922413804534,1.3902527619431548,0.001,0.8202943597599861
trunc_laplace,43025,HetLDC,0.0,1.8271008651765197,0.001,0.9122951900665304
trunc_laplace,43025,HetLDC_cert,0.0,1.8289279660416955,0.001,0.9125986157702828
trunc_laplace,43025,LDC_PAC,0.0,1.89788875082525,0.001,0.9236381939823336
trunc_laplace,43025,LDC_cert_pk,0.0,1.8363492630199216,,0.9138251395056742
trunc_laplace,43026,CP_PAC,0.0,2.590717461614222,0.003,0.9998022687974528
trunc_laplace,43026,FH_PAC,-0.2086446754762143,1.8580116724018845,0.003,0.9136828458414908
trunc_laplace,43026,FH_normal,-0.2086446754762143,1.550888929033061,0.003,0.8540295139477992
trunc_laplace,43026,HetLDC,0.0,2.3675405260689963,0.003,0.9809670519591568
trunc_laplace,43026,HetLDC_cert,0.0,2.3746431476472027,0.003,0.9816364749701524
trunc_laplace,43026,LDC_PAC,0.0,2.453788285902696,0.003,0.988769829706091
trunc_laplace,43026,LDC_cert_pk,0.0,2.38100771602388,,0.9822321377556746
trunc_laplace,43027,CP_PAC,0.0,2.431074699041532,0.001,0.9867825423332142
trunc_laplace,43027,FH_PAC,-0.0750531834475892,1.9791657450792548,0.001,0.935252950858068
trunc_laplace,43027,FH_normal,-0.0750531834475892,1.6498826062587637,0.001,0.8793503314482856
trunc_laplace,43027,HetLDC,0.0,2.183349676574628,0.001,0.961756326378767
trunc_laplace,43027,HetLDC_cert,0.0,2.1855330262512025,0.001,0.9620063351348676
trunc_laplace,43027,LDC_PAC,0.0,2.261322015417341,0.001,0.9703410483934544
trunc_laplace,43027,LDC_cert_pk,0.0,2.194520297887152,,0.9630294660228271
trunc_laplace,43028,CP_PAC,0.0,2.55124505727851,0.001,0.9967819189564692
trunc_laplace,43028,FH_PAC,-0.0477919263692823,2.092885831959051,0.001,0.950730654773074
trunc_laplace,43028,FH_normal,-0.0477919263692823,1.7727651526676629,0.001,0.9027926344866024
trunc_laplace,43028,HetLDC,0.0,2.3020536521085324,0.001,0.974555534610487
trunc_laplace,43028,HetLDC_cert,0.0,2.3043557057606403,0.001,0.9747884234826952
trunc_laplace,43028,LDC_PAC,0.0,2.3880183375746897,0.001,0.9828837043190232
trunc_laplace,43028,LDC_cert_pk,0.0,2.3167721008758835,,0.9760349401626491
trunc_laplace,43029,CP_PAC,0.0,2.720003321867941,0.003,1.0
trunc_laplace,43029,FH_PAC,-0.0964289642298933,2.3751408711770536,0.003,0.9812276849898628
trunc_laplace,43029,FH_normal,-0.0964289642298933,2.017433498238314,0.003,0.9403296106166884
trunc_laplace,43029,HetLDC,0.0,2.501772381135171,0.003,0.9928164713836812
trunc_laplace,43029,HetLDC_cert,0.0,2.5092776982785763,0.003,0.9934313001599632
trunc_laplace,43029,LDC_PAC,0.0,2.590593133893541,0.003,0.9997929493788776
trunc_laplace,43029,LDC_cert_pk,0.0,2.513606705660457,,0.993783745933229
trunc_laplace,43030,CP_PAC,0.0,2.505339085637581,0.001,0.9931092527853688
trunc_laplace,43030,FH_PAC,0.0249548452602934,2.0496105192686143,0.001,0.9452611565321604
trunc_laplace,43030,FH_normal,0.0249548452602934,1.7139738137133815,0.001,0.8922751650474003
trunc_laplace,43030,HetLDC,0.0,2.231804846298158,0.001,0.9671730643522218
trunc_laplace,43030,HetLDC_cert,0.0,2.234036651144456,0.001,0.967416020250108
trunc_laplace,43030,LDC_PAC,0.0,2.3152786361047,0.001,0.9758858597553416
trunc_laplace,43030,LDC_cert_pk,0.0,2.2422353334824336,,0.9683036953959734
trunc_laplace,43031,CP_PAC,0.0,2.609165809126699,0.001,1.0
trunc_laplace,43031,FH_PAC,-0.0811884330927655,2.075129058583786,0.001,0.9481814507918908
trunc_laplace,43031,FH_normal,-0.0811884330927655,1.6763447354527954,0.001,0.8844884480104211
trunc_laplace,43031,HetLDC,0.0,2.3475012753744875,0.001,0.9790513945041228
trunc_laplace,43031,HetLDC_cert,0.0,2.349848776649862,0.001,0.979277880581896
trunc_laplace,43031,LDC_PAC,0.0,2.426977701828161,0.001,0.986419043299477
trunc_laplace,43031,LDC_cert_pk,0.0,2.3604783854848654,,0.9802965090753597
trunc_laplace,43032,CP_PAC,0.0,2.3419502048019587,0.001,0.978513617894202
trunc_laplace,43032,FH_PAC,0.1459122433871281,1.9596959503648437,0.001,0.9312695034980704
trunc_laplace,43032,FH_normal,0.1459122433871281,1.6349451676137083,0.001,0.8746678984200558
trunc_laplace,43032,HetLDC,0.0,2.0705685332674046,0.001,0.9480362159684554
trunc_laplace,43032,HetLDC_cert,0.0,2.072639101800672,0.001,0.94830292383987
trunc_laplace,43032,LDC_PAC,0.0,2.149705771614251,0.001,0.9578310050841052
trunc_laplace,43032,LDC_cert_pk,0.0,2.082413032559531,,0.9495541463709793
trunc_laplace,43033,CP_PAC,0.0,2.3738038423286096,0.001,0.9815576284836216
trunc_laplace,43033,FH_PAC,0.0065367208761809,1.9200031657310372,0.001,0.9270101417577276
trunc_laplace,43033,FH_normal,0.0065367208761809,1.6321577707970536,0.001,0.876356032031169
trunc_laplace,43033,HetLDC,0.0,2.0850404711793677,0.001,0.9498883316248524
trunc_laplace,43033,HetLDC_cert,0.0,2.0871255116505467,0.001,0.9501528779837398
trunc_laplace,43033,LDC_PAC,0.0,2.163717160587842,0.001,0.9594825038500668
trunc_laplace,43033,LDC_cert_pk,0.0,2.0960664623699476,,0.9512807898223223
trunc_laplace,43034,CP_PAC,0.0,2.7728955409628657,0.003,1.0
trunc_laplace,43034,FH_PAC,-0.1721029768182282,1.9361270821331036,0.003,0.927127960795311
trunc_laplace,43034,FH_normal,-0.1721029768182282,1.605095687314805,0.003,0.8675236889428173
trunc_laplace,43034,HetLDC,0.0,2.5589706697063184,0.003,0.9973828955831148
trunc_laplace,43034,HetLDC_cert,0.0,2.566647581715437,0.003,0.9979753059031418
trunc_laplace,43034,LDC_PAC,0.0,2.640968888409019,0.003,1.0
trunc_laplace,43034,LDC_cert_pk,0.0,2.5724962819453387,,0.9984234642017262
trunc_laplace,43035,CP_PAC,0.0,2.9181799691827752,0.003,1.0
trunc_laplace,43035,FH_PAC,0.1767468350167176,2.1438422630248013,0.003,0.9551809095103114
trunc_laplace,43035,FH_normal,0.1767468350167176,1.8540981022223604,0.003,0.9140798115714596
trunc_laplace,43035,HetLDC,0.0,2.710727249702095,0.003,1.0
trunc_laplace,43035,HetLDC_cert,0.0,2.7188594314512007,0.003,1.0
trunc_laplace,43035,LDC_PAC,0.0,2.7941751880193,0.003,1.0
trunc_laplace,43035,LDC_cert_pk,0.0,2.726255174171355,,1.0
trunc_laplace,43036,CP_PAC,0.0,2.3456210030726448,0.001,0.9788695861003522
trunc_laplace,43036,FH_PAC,0.1182428252719689,1.9501716087426624,0.001,0.9304269217467632
trunc_laplace,43036,FH_normal,0.1182428252719689,1.6530631929037989,0.001,0.8791179300472034
trunc_laplace,43036,HetLDC,0.0,2.0509167132253903,0.001,0.945476000385796
trunc_laplace,43036,HetLDC_cert,0.0,2.0529676299386157,0.001,0.94574565060734
trunc_laplace,43036,LDC_PAC,0.0,2.138028562463238,0.001,0.9564360722873002
trunc_laplace,43036,LDC_cert_pk,0.0,2.0632862211668828,,0.9470935998687717
trunc_laplace,43037,CP_PAC,0.0,2.22529241996844,0.001,0.9664608752623725
trunc_laplace,43037,FH_PAC,-0.1352815051671037,1.811830351375576,0.001,0.9081217790689682
trunc_laplace,43037,FH_normal,-0.1352815051671037,1.4660696385065808,0.001,0.8371035053357927
trunc_laplace,43037,HetLDC,0.0,1.9612999866100964,0.001,0.9331119112547216
trunc_laplace,43037,HetLDC_cert,0.0,1.963261286596706,0.001,0.9333950586575386
trunc_laplace,43037,LDC_PAC,0.0,2.042624112556707,0.001,0.9443798060915888
trunc_laplace,43037,LDC_cert_pk,0.0,1.9727676289467677,,0.9347592847302195
trunc_laplace,43038,CP_PAC,0.0,2.6404312580847398,0.003,1.0
trunc_laplace,43038,FH_PAC,-0.109466867710393,1.9887055501313176,0.003,0.9361377154234792
trunc_laplace,43038,FH_normal,-0.109466867710393,1.6305156605631994,0.003,0.874749137226365
trunc_laplace,43038,HetLDC,0.0,2.420596054364817,0.003,0.9858497392999436
trunc_laplace,43038,HetLDC_cert,0.0,2.427857842527911,0.003,0.9864972633304596
trunc_laplace,43038,LDC_PAC,0.0,2.500874520984116,0.003,0.9927425966343266
trunc_laplace,43038,LDC_cert_pk,0.0,2.4324401249545096,,0.9869033426926905
trunc_laplace,43039,CP_PAC,0.0,2.137098829376419,0.001,0.956324276546813
trunc_laplace,43039,FH_PAC,-0.0344434772891981,1.7702769715420672,0.001,0.9024548040563816
trunc_laplace,43039,FH_normal,-0.0344434772891981,1.4405109587826384,0.001,0.832990838611446
trunc_laplace,43039,HetLDC,0.0,1.8250139926034887,0.001,0.9119479160484544
trunc_laplace,43039,HetLDC_cert,0.0,1.8268390065960924,0.001,0.9122516559506808
trunc_laplace,43039,LDC_PAC,0.0,1.904386470216584,0.001,0.924638026974077
trunc_laplace,43039,LDC_cert_pk,0.0,1.8341738092678848,,0.9134665836233617
trunc_laplace,43040,CP_PAC,0.0,2.505160502949557,0.001,0.9930946192902071
trunc_laplace,43040,FH_PAC,-0.1763453663269842,1.812303843167356,0.001,0.9070708594203408
trunc_laplace,43040,FH_normal,-0.1763453663269842,1.5158256215680102,0.001,0.8474243635669629
trunc_laplace,43040,HetLDC,0.0,2.240373008746788,0.001,0.9681027264278192
trunc_laplace,43040,HetLDC_cert,0.0,2.2426133817555347,0.001,0.9683444440577336
trunc_laplace,43040,LDC_PAC,0.0,2.3151136010861952,0.001,0.9758693714017226
trunc_laplace,43040,LDC_cert_pk,0.0,2.2527050641289907,,0.9694262773041125
trunc_laplace,43041,CP_PAC,0.0,2.264092710312528,0.001,0.9706334413723464
trunc_laplace,43041,FH_PAC,0.0360003968982295,1.7645903783849626,0.001,0.9014380338696244
trunc_laplace,43041,FH_normal,0.0360003968982295,1.4999918966815595,0.001,0.8473350206980637
trunc_laplace,43041,HetLDC,0.0,1.9906515258727733,0.001,0.9372893738209158
trunc_laplace,43041,HetLDC_cert,0.0,1.9926421773986456,0.001,0.9375680893645412
trunc_laplace,43041,LDC_PAC,0.0,2.063715696769395,0.001,0.9471493897140436
trunc_laplace,43041,LDC_cert_pk,0.0,2.000771872385741,,0.9387003573133641
trunc_laplace,43042,CP_PAC,0.0,2.298523975924881,0.001,0.9741973646486236
trunc_laplace,43042,FH_PAC,0.0516354612513005,1.895556691061394,0.001,0.9230624308518196
trunc_laplace,43042,FH_normal,0.0516354612513005,1.59203965041653,0.001,0.867719303575482
trunc_laplace,43042,HetLDC,0.0,2.0369529014759458,0.001,0.9436246536832024
trunc_laplace,43042,HetLDC_cert,0.0,2.038989854377421,0.001,0.9438963991935652
trunc_laplace,43042,LDC_PAC,0.0,2.1098442858042272,0.001,0.952998415562686
trunc_laplace,43042,LDC_cert_pk,0.0,2.0482470675428113,,0.9451241357464966
trunc_laplace,43043,CP_PAC,0.0,2.7869790753416286,0.003,1.0
trunc_laplace,43043,FH_PAC,0.1534225187089296,1.9779622698810284,0.003,0.9337518493144868
trunc_laplace,43043,FH_normal,0.1534225187089296,1.6475253381246713,0.003,0.8769999281957692
trunc_laplace,43043,HetLDC,0.0,2.566614397468166,0.003,0.9979727553428392
trunc_laplace,43043,HetLDC_cert,0.0,2.57431424066057,0.003,0.9985622097403009
trunc_laplace,43043,LDC_PAC,0.0,2.6543823674181257,0.003,1.0
trunc_laplace,43043,LDC_cert_pk,0.0,2.578707437135866,,0.9988964118256556
trunc_laplace,43044,CP_PAC,0.0,2.4987110622674087,0.001,0.99256430564869
trunc_laplace,43044,FH_PAC,-0.1032031830739699,1.9866815983225607,0.001,0.9359492850166268
trunc_laplace,43044,FH_normal,-0.1032031830739699,1.6608953038244745,0.001,0.8810286169643471
trunc_laplace,43044,HetLDC,0.0,2.2320468799933724,0.001,0.9671994396661804
trunc_laplace,43044,HetLDC_cert,0.0,2.234278926873366,0.001,0.9674423605475386
trunc_laplace,43044,LDC_PAC,0.0,2.309153428943508,0.001,0.9752719950604264
trunc_laplace,43044,LDC_cert_pk,0.0,2.2436269308490835,,0.9684536121469485
trunc_laplace,43045,CP_PAC,0.0,2.6043278498905438,0.003,1.0
trunc_laplace,43045,FH_PAC,-0.0073802855134003,2.0808331047861226,0.003,0.949349129170898
trunc_laplace,43045,FH_normal,-0.0073802855134003,1.7083595879302886,0.003,0.8912773713361141
trunc_laplace,43045,HetLDC,0.0,2.362426454274944,0.003,0.9804819697747038
trunc_laplace,43045,HetLDC_cert,0.0,2.3695137336377687,0.003,0.9811535248072244
trunc_laplace,43045,LDC_PAC,0.0,2.4524394541636148,0.003,0.9886531262834128
trunc_laplace,43045,LDC_cert_pk,0.0,2.376343440387286,,0.9817959934150637
trunc_laplace,43046,CP_PAC,0.0,2.129613299437972,0.001,0.9554202178583904
trunc_laplace,43046,FH_PAC,-0.1242604677540052,1.76897809936249,0.001,0.900910462063372
trunc_laplace,43046,FH_normal,-0.1242604677540052,1.474573001339805,0.001,0.8395339841083717
trunc_laplace,43046,HetLDC,0.0,1.8566404431837449,0.001,0.9171306134068024
trunc_laplace,43046,HetLDC_cert,0.0,1.8584970836269283,0.001,0.9174295849271474
trunc_laplace,43046,LDC_PAC,0.0,1.927071695803364,0.001,0.9280760526664836
trunc_laplace,43046,LDC_cert_pk,0.0,1.8669022015341672,,0.9187758262217913
trunc_laplace,43047,CP_PAC,0.0,2.2449193417119244,0.001,0.9685926487801866
trunc_laplace,43047,FH_PAC,-0.0901320549104202,1.7958780564028176,0.001,0.906291538708962
trunc_laplace,43047,FH_normal,-0.0901320549104202,1.4703619234101435,0.001,0.8394343619211604
trunc_laplace,43047,HetLDC,0.0,1.986302570896819,0.001,0.9366784500210468
trunc_laplace,43047,HetLDC_cert,0.0,1.9882888734677155,0.001,0.936957821696399
trunc_laplace,43047,LDC_PAC,0.0,2.060639912749417,0.001,0.9467492864869882
trunc_laplace,43047,LDC_cert_pk,0.0,1.997876545098637,,0.9382982092974703
trunc_laplace,43048,CP_PAC,0.0,2.267397247978952,0.001,0.9709810679676598
trunc_laplace,43048,FH_PAC,-0.1070627869386904,1.8180455932026376,0.001,0.909778648322818
trunc_laplace,43048,FH_normal,-0.1070627869386904,1.5035750350239507,0.001,0.846935331264594
trunc_laplace,43048,HetLDC,0.0,1.950774811393995,0.001,0.9315824864734152
trunc_laplace,43048,HetLDC_cert,0.0,1.9527255862053885,0.001,0.93186722476951
trunc_laplace,43048,LDC_PAC,0.0,2.036341664669678,0.001,0.9435429972104818
trunc_laplace,43048,LDC_cert_pk,0.0,1.9617055738678808,,0.933170512271082
trunc_laplace,43049,CP_PAC,0.0,2.016427631254825,0.001,0.9408539586881068
trunc_laplace,43049,FH_PAC,0.1493889459671071,1.9137795517344116,0.001,0.924300413525078
trunc_laplace,43049,FH_normal,0.1493889459671071,1.562265797009148,0.001,0.8590356971034809
trunc_laplace,43049,HetLDC,0.0,1.746789234860832,0.001,0.8983700613083303
trunc_laplace,43049,HetLDC_cert,0.0,1.7485360240956926,0.001,0.8986855101424427
trunc_laplace,43049,LDC_PAC,0.0,1.8109467156561991,0.001,0.9095871712303618
trunc_laplace,43049,LDC_cert_pk,0.0,1.7562720301345094,,0.9000756501132852
trunc_laplace,43050,CP_PAC,0.0,2.5482126098725417,0.003,0.996544697703003
trunc_laplace,43050,FH_PAC,0.0306550876291628,1.8440172060660305,0.003,0.9150024439123312
trunc_laplace,43050,FH_normal,0.0306550876291628,1.490935910238927,0.003,0.8452498905142227
trunc_laplace,43050,HetLDC,0.0,2.320207940799988,0.003,0.9763770316243252
trunc_laplace,43050,HetLDC_cert,0.0,2.3271685646223874,0.003,0.9770663239593362
trunc_laplace,43050,LDC_PAC,0.0,2.399596941034635,0.003,0.9839494405950416
trunc_laplace,43050,LDC_cert_pk,0.0,2.3326969010219387,,0.9776102260227919
trunc_laplace,43051,CP_PAC,0.0,2.0547455966307058,0.001,0.9459789475964232
trunc_laplace,43051,FH_PAC,-0.0020866811031567,1.6766787662366751,0.001,0.8852221155152464
trunc_laplace,43051,FH_normal,-0.0020866811031567,1.3807864235360534,0.001,0.8178130065778471
trunc_laplace,43051,HetLDC,0.0,1.7009016826051253,0.001,0.8898740779464829
trunc_laplace,43051,HetLDC_cert,0.0,1.7026025842877304,0.001,0.8901963069568528
trunc_laplace,43051,LDC_PAC,0.0,1.7695748047255837,0.001,0.902440050854211
trunc_laplace,43051,LDC_cert_pk,0.0,1.7116827567881416,,0.8919068705756481
trunc_laplace,43052,CP_PAC,0.0,2.484326199558518,0.003,0.991368560600558
trunc_laplace,43052,FH_PAC,-0.0826780060906193,2.084577796203579,0.003,0.9493762428052148
trunc_laplace,43052,FH_normal,-0.0826780060906193,1.7215550514728586,0.003,0.8930863966688072
trunc_laplace,43052,HetLDC,0.0,2.279369831975317,0.003,0.9722305574189828
trunc_laplace,43052,HetLDC_cert,0.0,2.2862079414712437,0.003,0.9729372301280604
trunc_laplace,43052,LDC_PAC,0.0,2.353020202766364,0.003,0.979582979277862
trunc_laplace,43052,LDC_cert_pk,0.0,2.291981099337953,,0.9735299357504943
trunc_laplace,43053,CP_PAC,0.0,2.513673892977341,0.001,0.9937892034514269
trunc_laplace,43053,FH_PAC,-0.0782285950892439,1.880145501665374,0.001,0.920370939901092
trunc_laplace,43053,FH_normal,-0.0782285950892439,1.556316180032667,0.001,0.8595793449784768
trunc_laplace,43053,HetLDC,0.0,2.245932938248749,0.001,0.9687015597057944
trunc_laplace,43053,HetLDC_cert,0.0,2.248178871186997,0.001,0.968942475308078
trunc_laplace,43053,LDC_PAC,0.0,2.322981146906699,0.001,0.9766522548375064
trunc_laplace,43053,LDC_cert_pk,0.0,2.2602729794113743,,0.9702301223172041
trunc_laplace,43054,CP_PAC,0.0,2.608114018187872,0.003,1.0
trunc_laplace,43054,FH_PAC,-0.0242100234960432,2.138691932032101,0.003,0.956479057865067
trunc_laplace,43054,FH_normal,-0.0242100234960432,1.7816665383763226,0.003,0.9045076448481244
trunc_laplace,43054,HetLDC,0.0,2.3828625036412965,0.003,0.9824049853443486
trunc_laplace,43054,HetLDC_cert,0.0,2.39001109115222,0.003,0.9830680426933
trunc_laplace,43054,LDC_PAC,0.0,2.4702653689377825,0.003,0.9901822825993628
trunc_laplace,43054,LDC_cert_pk,0.0,2.396528426560357,,0.9836682558234702
trunc_laplace,43055,CP_PAC,0.0,2.8452909986753383,0.003,1.0
trunc_laplace,43055,FH_PAC,-0.0101664602280504,2.2785095580693344,0.003,0.9721357009275204
trunc_laplace,43055,FH_normal,-0.0101664602280504,1.941553069849106,0.003,0.9302206431433178
trunc_laplace,43055,HetLDC,0.0,2.640907066133826,0.003,1.0
trunc_laplace,43055,HetLDC_cert,0.0,2.648829787332227,0.003,1.0
trunc_laplace,43055,LDC_PAC,0.0,2.724383552471481,0.003,1.0
trunc_laplace,43055,LDC_cert_pk,0.0,2.655748329554818,,1.0
trunc_laplace,43056,CP_PAC,0.0,2.252095232167902,0.001,0.969361225800136
trunc_laplace,43056,FH_PAC,-0.1887754959038511,1.948162495844556,0.001,0.9284685838261064
trunc_laplace,43056,FH_normal,-0.1887754959038511,1.6102701792461631,0.001,0.867964654959074
trunc_laplace,43056,HetLDC,0.0,1.9417099548552463,0.001,0.9302517372916864
trunc_laplace,43056,HetLDC_cert,0.0,1.9436516648101017,0.001,0.9305378462422536
trunc_laplace,43056,LDC_PAC,0.0,2.022598976934986,0.001,0.941693270356028
trunc_laplace,43056,LDC_cert_pk,0.0,1.9513353385037515,,0.931664361259849
trunc_laplace,43057,CP_PAC,0.0,2.9847458524321686,0.003,1.0
trunc_laplace,43057,FH_PAC,-0.204460652264476,2.2919089505772305,0.003,0.9712823364541808
trunc_laplace,43057,FH_normal,-0.204460652264476,1.91498656427825,0.003,0.9229354491949048
trunc_laplace,43057,HetLDC,0.0,2.7908862053188277,0.003,1.0
trunc_laplace,43057,HetLDC_cert,0.0,2.7992588639347837,0.003,1.0
trunc_laplace,43057,LDC_PAC,0.0,2.872499712692404,0.003,1.0
trunc_laplace,43057,LDC_cert_pk,0.0,2.806344079699318,,1.0
trunc_laplace,43058,CP_PAC,0.0,2.9552774418381724,0.003,1.0
trunc_laplace,43058,FH_PAC,0.2747038664604355,2.0162080355826406,0.003,0.935416285089127
trunc_laplace,43058,FH_normal,0.2747038664604355,1.7146757216970347,0.003,0.8850608033188229
trunc_laplace,43058,HetLDC,0.0,2.7572794339156235,0.003,1.0
trunc_laplace,43058,HetLDC_cert,0.0,2.76555127221737,0.003,1.0
trunc_laplace,43058,LDC_PAC,0.0,2.8441395087923707,0.003,1.0
trunc_laplace,43058,LDC_cert_pk,0.0,2.7725300112615168,,1.0
trunc_laplace,43059,CP_PAC,0.0,2.31814363108398,0.001,0.9761716444235062
trunc_laplace,43059,FH_PAC,-0.0120626219617176,1.8517253611899365,0.001,0.9163240510647406
trunc_laplace,43059,FH_normal,-0.0120626219617176,1.5587885418273522,0.001,0.8608111228734465
trunc_laplace,43059,HetLDC,0.0,2.0592388016332235,0.001,0.9465666015902108
trunc_laplace,43059,HetLDC_cert,0.0,2.0612980404348566,0.001,0.9468350048341564
trunc_laplace,43059,LDC_PAC,0.0,2.142284234193805,0.001,0.9569464138758272
trunc_laplace,43059,LDC_cert_pk,0.0,2.0721979627520235,,0.9482461494353984
trunc_laplace,43060,CP_PAC,0.0,2.631987175374057,0.003,1.0
trunc_laplace,43060,FH_PAC,0.0258272733372363,2.0640347729258286,0.003,0.9471456540400288
trunc_laplace,43060,FH_normal,0.0258272733372363,1.736263959843567,0.003,0.8963935331478567
trunc_laplace,43060,HetLDC,0.0,2.407498752723149,0.003,0.98466939768676
trunc_laplace,43060,HetLDC_cert,0.0,2.414721248981319,0.003,0.9853222898851044
trunc_laplace,43060,LDC_PAC,0.0,2.492876739849096,0.003,0.9920814878898834
trunc_laplace,43060,LDC_cert_pk,0.0,2.4219954937679096,,0.9859749072692605
trunc_laplace,43061,CP_PAC,0.0,2.3929068320393267,0.001,0.9833352293221568
trunc_laplace,43061,FH_PAC,0.0110830751007903,1.9328196306040613,0.001,0.9289247944357576
trunc_laplace,43061,FH_normal,0.0110830751007903,1.6287735409837327,0.001,0.8756568579460238
trunc_laplace,43061,HetLDC,0.0,2.129407064106616,0.001,0.9553952099029565
trunc_laplace,43061,HetLDC_cert,0.0,2.1315364711707225,0.001,0.9556531615514992
trunc_laplace,43061,LDC_PAC,0.0,2.211375736789617,0.001,0.9649226557873668
trunc_laplace,43061,LDC_cert_pk,0.0,2.1401540379056336,,0.9566912431863137
trunc_laplace,43062,CP_PAC,0.0,2.383287127374367,0.001,0.9824445089958866
trunc_laplace,43062,FH_PAC,-0.0168323758178518,2.013167990411407,0.001,0.9403882278076028
trunc_laplace,43062,FH_normal,-0.0168323758178518,1.6696743367375837,0.001,0.8838265004936137
trunc_laplace,43062,HetLDC,0.0,2.076669203383005,0.001,0.948820388481515
trunc_laplace,43062,HetLDC_cert,0.0,2.078745872586388,0.001,0.949086184591328
trunc_laplace,43062,LDC_PAC,0.0,2.1566193108146585,0.001,0.9586489088315466
trunc_laplace,43062,LDC_cert_pk,0.0,2.083961352945558,,0.949751188849473
trunc_laplace,43063,CP_PAC,0.0,2.124371400872438,0.001,0.9547829165293412
trunc_laplace,43063,FH_PAC,-0.0139481306947859,1.650698339028452,0.001,0.8800808992552538
trunc_laplace,43063,FH_normal,-0.0139481306947859,1.3417953293371172,0.001,0.8072488845850319
trunc_laplace,43063,HetLDC,0.0,1.7665867491114455,0.001,0.901911814862428
trunc_laplace,43063,HetLDC_cert,0.0,1.7683533358605568,0.001,0.9022243154393804
trunc_laplace,43063,LDC_PAC,0.0,1.8460378433764384,0.001,0.915412157134062
trunc_laplace,43063,LDC_cert_pk,0.0,1.776773861007395,,0.9037059770721472
trunc_laplace,43064,CP_PAC,0.0,2.457149796650098,0.001,0.9890599603738156
trunc_laplace,43064,FH_PAC,-0.0260963507759511,2.186522823501451,0.001,0.9620789028533075
trunc_laplace,43064,FH_normal,-0.0260963507759511,1.8460701456873876,0.001,0.9153595358132984
trunc_laplace,43064,HetLDC,0.0,2.2091169831318616,0.001,0.9646708814975168
trunc_laplace,43064,HetLDC_cert,0.0,2.211326100114993,0.001,0.9649171293565876
trunc_laplace,43064,LDC_PAC,0.0,2.285576388308332,0.001,0.9728721744038612
trunc_laplace,43064,LDC_cert_pk,0.0,2.2219578589993887,,0.966094335719228
trunc_laplace,43065,CP_PAC,0.0,2.467947886244016,0.001,0.9899850867262594
trunc_laplace,43065,FH_PAC,0.2499352831754143,1.9701753452242328,0.001,0.9296974546297314
trunc_laplace,43065,FH_normal,0.2499352831754143,1.6492306297792778,0.001,0.8732512939686659
trunc_laplace,43065,HetLDC,0.0,2.2255153944709583,0.001,0.9664853394834614
trunc_laplace,43065,HetLDC_cert,0.0,2.2277409098654286,0.001,0.9667292060801428
trunc_laplace,43065,LDC_PAC,0.0,2.31005045623339,0.001,0.9753621399197336
trunc_laplace,43065,LDC_cert_pk,0.0,2.2378807241799676,,0.9678331651098349
trunc_laplace,43066,CP_PAC,0.0,2.5974062038240344,0.003,1.0
trunc_laplace,43066,FH_PAC,-0.1323503384782933,2.190332669005364,0.003,0.9615126265147512
trunc_laplace,43066,FH_normal,-0.1323503384782933,1.8617235439250208,0.003,0.9164807470338958
trunc_laplace,43066,HetLDC,0.0,2.3594606407419936,0.003,0.9801994674280214
trunc_laplace,43066,HetLDC_cert,0.0,2.36653902266422,0.003,0.980872260553777
trunc_laplace,43066,LDC_PAC,0.0,2.445921489114792,0.003,0.9880868603492732
trunc_laplace,43066,LDC_cert_pk,0.0,2.372895678607737,,0.9814722354750725
trunc_laplace,43067,CP_PAC,0.0,2.517930822016414,0.001,0.9941342083572504
trunc_laplace,43067,FH_PAC,-0.0853656304654717,1.8933264748945977,0.001,0.922342143620847
trunc_laplace,43067,FH_normal,-0.0853656304654717,1.6340211536404512,0.001,0.8759665866869466
trunc_laplace,43067,HetLDC,0.0,2.2869445738075918,0.001,0.9730130558399086
trunc_laplace,43067,HetLDC_cert,0.0,2.2892315183813987,0.001,0.9732480930496408
trunc_laplace,43067,LDC_PAC,0.0,2.371081233504148,0.001,0.9813013840107598
trunc_laplace,43067,LDC_cert_pk,0.0,2.300230104069631,,0.9743706567548336
trunc_laplace,43068,CP_PAC,0.0,2.5959827737922927,0.003,1.0
trunc_laplace,43068,FH_PAC,-0.1159278511720412,1.870955890461792,0.003,0.9183065577315508
trunc_laplace,43068,FH_normal,-0.1159278511720412,1.539337068127001,0.003,0.8549316916081067
trunc_laplace,43068,HetLDC,0.0,2.3353105905768867,0.003,0.977866282431527
trunc_laplace,43068,HetLDC_cert,0.0,2.3423165223486166,0.003,0.9785492020444868
trunc_laplace,43068,LDC_PAC,0.0,2.4147151876226243,0.003,0.985321744015862
trunc_laplace,43068,LDC_cert_pk,0.0,2.3492653731733295,,0.9792216457986735
trunc_laplace,43069,CP_PAC,0.0,2.39973811830197,0.001,0.9839623557977496
trunc_laplace,43069,FH_PAC,-0.044286719964841,1.940543410757277,0.001,0.9299284869047684
trunc_laplace,43069,FH_normal,-0.044286719964841,1.648233837741799,0.001,0.8794031724705298
trunc_laplace,43069,HetLDC,0.0,2.14341598193004,0.001,0.9570817525505396
trunc_laplace,43069,HetLDC_cert,0.0,2.145559397911969,0.001,0.9573376329417562
trunc_laplace,43069,LDC_PAC,0.0,2.217688786879996,0.001,0.9656232087244224
trunc_laplace,43069,LDC_cert_pk,0.0,2.1539411243622686,,0.9583327666174632
trunc_laplace,43070,CP_PAC,0.0,2.379111637493313,0.001,0.9820550962827364
trunc_laplace,43070,FH_PAC,0.0956236397939186,1.8880514494966996,0.001,0.9213670405652614
trunc_laplace,43070,FH_normal,0.0956236397939186,1.5461275378612622,0.001,0.8569615309093421
trunc_laplace,43070,HetLDC,0.0,2.136639396324187,0.001,0.9562689919899956
trunc_laplace,43070,HetLDC_cert,0.0,2.138776035720511,0.001,0.9565258736122476
trunc_laplace,43070,LDC_PAC,0.0,2.2129873364731685,0.001,0.9651019321444356
trunc_laplace,43070,LDC_cert_pk,0.0,2.1481312431011492,,0.957643905030436
trunc_laplace,43071,CP_PAC,0.0,2.333284289136801,0.001,0.9776678317445472
trunc_laplace,43071,FH_PAC,0.0291689499698009,1.9050100213628192,0.001,0.9246656115078988
trunc_laplace,43071,FH_normal,0.0291689499698009,1.6077368667729734,0.001,0.87122917416437
trunc_laplace,43071,HetLDC,0.0,2.090631201800756,0.001,0.950596379093261
trunc_laplace,43071,HetLDC_cert,0.0,2.0927218330025568,0.001,0.95086009171382
trunc_laplace,43071,LDC_PAC,0.0,2.170359937246137,0.001,0.9602570827279298
trunc_laplace,43071,LDC_cert_pk,0.0,2.1011169501920652,,0.9519132813572959
trunc_laplace,43072,CP_PAC,0.0,2.87759813186682,0.003,1.0
trunc_laplace,43072,FH_PAC,0.1152620352494167,1.7287678993223097,0.003,0.8938041875256257
trunc_laplace,43072,FH_normal,0.1152620352494167,1.3832432589946473,0.003,0.8166312390622503
trunc_laplace,43072,HetLDC,0.0,2.648832507780857,0.003,1.0
trunc_laplace,43072,HetLDC_cert,0.0,2.656779005304199,0.003,1.0
trunc_laplace,43072,LDC_PAC,0.0,2.7406900214370387,0.003,1.0
trunc_laplace,43072,LDC_cert_pk,0.0,2.6643934263066065,,1.0
trunc_laplace,43073,CP_PAC,0.0,2.3883168586793806,0.001,0.9829113432253926
trunc_laplace,43073,FH_PAC,-0.02389448109168,2.043792152249654,0.001,0.9444952974808652
trunc_laplace,43073,FH_normal,-0.02389448109168,1.748537816913391,0.001,0.8986321076457675
trunc_laplace,43073,HetLDC,0.0,2.115271781319667,0.001,0.9536682914252405
trunc_laplace,43073,HetLDC_cert,0.0,2.117387053100986,0.001,0.9539283385998822
trunc_laplace,43073,LDC_PAC,0.0,2.192266310794956,0.001,0.9627737675077044
trunc_laplace,43073,LDC_cert_pk,0.0,2.1268845833071577,,0.9550888999190204
trunc_laplace,43074,CP_PAC,0.0,2.5339575929002947,0.001,0.9954194518935944
trunc_laplace,43074,FH_PAC,0.0244676782789316,2.070294276367912,0.001,0.9479605721489616
trunc_laplace,43074,FH_normal,0.0244676782789316,1.7398090238637076,0.001,0.8970469175766577
trunc_laplace,43074,HetLDC,0.0,2.2917737373481684,0.001,0.9735087085127496
trunc_laplace,43074,HetLDC_cert,0.0,2.294065511085516,0.001,0.9737430580304952
trunc_laplace,43074,LDC_PAC,0.0,2.371836912028143,0.001,0.9813725793730216
trunc_laplace,43074,LDC_cert_pk,0.0,2.3024385739364095,,0.9745945144418331
trunc_laplace,43075,CP_PAC,0.0,2.128359539319401,0.001,0.9552681046738996
trunc_laplace,43075,FH_PAC,-0.0052314361468443,1.6452362224706845,0.001,0.8790038166552281
trunc_laplace,43075,FH_normal,-0.0052314361468443,1.3204564857331689,0.001,0.8013223152389106
trunc_laplace,43075,HetLDC,0.0,1.767062690761883,0.001,0.9019960632960636
trunc_laplace,43075,HetLDC_cert,0.0,1.7688297534526445,0.001,0.9023084928491938
trunc_laplace,43075,LDC_PAC,0.0,1.8495034588967256,0.001,0.915975951863892
trunc_laplace,43075,LDC_cert_pk,0.0,1.7761086027063704,,0.903589392188751
trunc_laplace,43076,CP_PAC,0.0,2.123277381075315,0.001,0.954649467343121
trunc_laplace,43076,FH_PAC,0.0928463526138541,1.6591413472918248,0.001,0.8808896343474342
trunc_laplace,43076,FH_normal,0.0928463526138541,1.324558164585786,0.001,0.8012171704425886
trunc_laplace,43076,HetLDC,0.0,1.7689450139138407,0.001,0.90232885173962
trunc_laplace,43076,HetLDC_cert,0.0,1.7707139589277543,0.001,0.9026410003337908
trunc_laplace,43076,LDC_PAC,0.0,1.8450871612376836,0.001,0.9152571413154968
trunc_laplace,43076,LDC_cert_pk,0.0,1.7775523107261075,,0.9038422957975487
trunc_laplace,43077,CP_PAC,0.0,2.7965738448407222,0.003,1.0
trunc_laplace,43077,FH_PAC,-0.2824905472514716,2.157093656375939,0.003,0.9537657723901406
trunc_laplace,43077,FH_normal,-0.2824905472514716,1.8088501316745256,0.003,0.9021301444308156
trunc_laplace,43077,HetLDC,0.0,2.5727305836015284,0.003,0.9984413607384444
trunc_laplace,43077,HetLDC_cert,0.0,2.580448775352333,0.003,0.9990284568064468
trunc_laplace,43077,LDC_PAC,0.0,2.663520644487793,0.003,1.0
trunc_laplace,43077,LDC_cert_pk,0.0,2.586629696464927,,0.9994952218308542
trunc_laplace,43078,CP_PAC,0.0,2.573502450449592,0.001,0.998500286898888
trunc_laplace,43078,FH_PAC,-0.0101100151768525,2.281039205122608,0.001,0.972398022307194
trunc_laplace,43078,FH_normal,-0.0101100151768525,1.9327396334586584,0.001,0.9289144850616068
trunc_laplace,43078,HetLDC,0.0,2.2774477537918365,0.001,0.9720310143669564
trunc_laplace,43078,HetLDC_cert,0.0,2.279725201545628,0.001,0.9722674067745554
trunc_laplace,43078,LDC_PAC,0.0,2.362250512266006,0.001,0.9804652351607266
trunc_laplace,43078,LDC_cert_pk,0.0,2.292000866887889,,0.9735319590758893
trunc_laplace,43079,CP_PAC,0.0,2.314891288364201,0.001,0.9758471560478386
trunc_laplace,43079,FH_PAC,-0.0515858026634303,1.940277422123993,0.001,0.9298352258925626
trunc_laplace,43079,FH_normal,-0.0515858026634303,1.6194371910812444,0.001,0.8734654450958714
trunc_laplace,43079,HetLDC,0.0,2.048644711060477,0.001,0.9451766080785942
trunc_laplace,43079,HetLDC_cert,0.0,2.050693355771537,0.001,0.94544659897042
trunc_laplace,43079,LDC_PAC,0.0,2.124868049308881,0.001,0.9548434477628418
trunc_laplace,43079,LDC_cert_pk,0.0,2.058554470400391,,0.9464772774714691
trunc_laplace,43080,CP_PAC,0.0,2.386785709863524,0.001,0.9827694889446656
trunc_laplace,43080,FH_PAC,-0.2601792971615864,1.7941810349494856,0.001,0.9006171416283497
trunc_laplace,43080,FH_normal,-0.2601792971615864,1.4756445806512797,0.001,0.8332081996368436
trunc_laplace,43080,HetLDC,0.0,2.1049751501427894,0.001,0.9523942182981496
trunc_laplace,43080,HetLDC_cert,0.0,2.107080125292932,0.001,0.9526557952909078
trunc_laplace,43080,LDC_PAC,0.0,2.175550105273877,0.001,0.9608585568874736
trunc_laplace,43080,LDC_cert_pk,0.0,2.11382064831084,,0.9534895600027953
trunc_laplace,43081,CP_PAC,0.0,2.7219992193419795,0.003,1.0
trunc_laplace,43081,FH_PAC,-0.1208446110299209,2.131457120840299,0.003,0.9547206964039898
trunc_laplace,43081,FH_normal,-0.1208446110299209,1.7970063822854525,0.003,0.9059052102146772
trunc_laplace,43081,HetLDC,0.0,2.501827338691271,0.003,0.9928209909723468
trunc_laplace,43081,HetLDC_cert,0.0,2.509332820707345,0.003,0.9934357979582068
trunc_laplace,43081,LDC_PAC,0.0,2.578131308265455,0.003,0.9988526713756336
trunc_laplace,43081,LDC_cert_pk,0.0,2.5144438534454467,,0.9938517188096523
trunc_laplace,43082,CP_PAC,0.0,2.6933837131148444,0.003,1.0
trunc_laplace,43082,FH_PAC,-0.066267743856305,1.9575898702087795,0.003,0.9322423173563346
trunc_laplace,43082,FH_normal,-0.066267743856305,1.6269695808228342,0.003,0.8748315644764775
trunc_laplace,43082,HetLDC,0.0,2.461039656158872,0.003,0.989394425409858
trunc_laplace,43082,HetLDC_cert,0.0,2.4684227751273484,0.003,0.990025534121864
trunc_laplace,43082,LDC_PAC,0.0,2.551028239321932,0.003,0.9967649826907226
trunc_laplace,43082,LDC_cert_pk,0.0,2.475307451508916,,0.9906096730010978
trunc_laplace,43083,CP_PAC,0.0,2.4944620098344226,0.001,0.9922129673210012
trunc_laplace,43083,FH_PAC,0.0123059222376737,1.9599350557409545,0.001,0.9329030880567648
trunc_laplace,43083,FH_normal,0.0123059222376737,1.675099719991495,0.001,0.8848998495806366
trunc_laplace,43083,HetLDC,0.0,2.271415627366101,0.001,0.9714021771617358
trunc_laplace,43083,HetLDC_cert,0.0,2.273687042993467,0.001,0.9716394322695704
trunc_laplace,43083,LDC_PAC,0.0,2.348981158454116,0.001,0.9791942376889248
trunc_laplace,43083,LDC_cert_pk,0.0,2.2753199778534148,,0.9718096494751731
trunc_laplace,43084,CP_PAC,0.0,2.3117613122822283,0.001,0.975533835117408
trunc_laplace,43084,FH_PAC,0.0115526063725503,1.8304047952623328,0.001,0.912831919332695
trunc_laplace,43084,FH_normal,0.0115526063725503,1.5349112769253903,0.001,0.8554953175601091
trunc_laplace,43084,HetLDC,0.0,2.033785025927294,0.001,0.94320088536345
trunc_laplace,43084,HetLDC_cert,0.0,2.0358188109532214,0.001,0.9434731067050044
trunc_laplace,43084,LDC_PAC,0.0,2.1071655262219813,0.001,0.9526663956107148
trunc_laplace,43084,LDC_cert_pk,0.0,2.040859772865384,,0.9441453532262067
trunc_laplace,43085,CP_PAC,0.0,2.5541409404755324,0.001,0.99700775778165
trunc_laplace,43085,FH_PAC,-0.1599056944308052,1.885462425835729,0.001,0.9196165041825548
trunc_laplace,43085,FH_normal,-0.1599056944308052,1.5544301723937273,0.001,0.8569144055209708
trunc_laplace,43085,HetLDC,0.0,2.2752213813569866,0.001,0.9717993799939212
trunc_laplace,43085,HetLDC_cert,0.0,2.2774966027383434,0.001,0.9720360906399288
trunc_laplace,43085,LDC_PAC,0.0,2.3603782765311525,0.001,0.980286968284966
trunc_laplace,43085,LDC_cert_pk,0.0,2.2844092455111458,,0.9727518352342392
trunc_laplace,43086,CP_PAC,0.0,2.5802802463435945,0.003,0.9990156877990116
trunc_laplace,43086,FH_PAC,0.0327021525853248,2.282313051377172,0.003,0.9724776651544156
trunc_laplace,43086,FH_normal,0.0327021525853248,1.9205289889521024,0.003,0.9270087055326448
trunc_laplace,43086,HetLDC,0.0,2.324788732105449,0.003,0.9768312181770684
trunc_laplace,43086,HetLDC_cert,0.0,2.331763098301765,0.003,0.9775185744008524
trunc_laplace,43086,LDC_PAC,0.0,2.415195877311438,0.003,0.98536502288944
trunc_laplace,43086,LDC_cert_pk,0.0,2.339848450612562,,0.9783091901246488
trunc_laplace,43087,CP_PAC,0.0,2.568291931879773,0.003,0.9981015810932236
trunc_laplace,43087,FH_PAC,-0.0606770069424506,1.96858160960827,0.003,0.9338847534745944
trunc_laplace,43087,FH_normal,-0.0606770069424506,1.676496641644669,0.003,0.8848135480378739
trunc_laplace,43087,HetLDC,0.0,2.329272959815471,0.003,0.9772737334080366
trunc_laplace,43087,HetLDC_cert,0.0,2.336260778694917,0.003,0.9779591970237778
trunc_laplace,43087,LDC_PAC,0.0,2.4185052061770054,0.003,0.9856623899502192
trunc_laplace,43087,LDC_cert_pk,0.0,2.345039710317577,,0.9788133072023277
trunc_laplace,43088,CP_PAC,0.0,2.6765929241922173,0.003,1.0
trunc_laplace,43088,FH_PAC,-0.0682056681431673,1.825624935406086,0.003,0.9116455772970572
trunc_laplace,43088,FH_normal,-0.0682056681431673,1.5001763829266417,0.003,0.8469688040562349
trunc_laplace,43088,HetLDC,0.0,2.447846097715199,0.003,0.988254466688356
trunc_laplace,43088,HetLDC_cert,0.0,2.455189636008344,0.003,0.9888909033370896
trunc_laplace,43088,LDC_PAC,0.0,2.5351249068359047,0.003,0.995512226188726
trunc_laplace,43088,LDC_cert_pk,0.0,2.4613987326872957,,0.9894252318252801
trunc_laplace,43089,CP_PAC,0.0,2.557056154762831,0.003,0.9972344162060516
trunc_laplace,43089,FH_PAC,0.0875010074234349,2.025862569355148,0.003,0.9415950998643194
trunc_laplace,43089,FH_normal,0.0875010074234349,1.679042358352493,0.003,0.8849064984439631
trunc_laplace,43089,HetLDC,0.0,2.297869464451928,0.003,0.974130803773818
trunc_laplace,43089,HetLDC_cert,0.0,2.304763072845283,0.003,0.974829576857906
trunc_laplace,43089,LDC_PAC,0.0,2.3785066660861243,0.003,0.9819985349082508
trunc_laplace,43089,LDC_cert_pk,0.0,2.312323688550548,,0.975590206246882
trunc_laplace,43090,CP_PAC,0.0,2.5775945134015306,0.001,0.9988118935531412
trunc_laplace,43090,FH_PAC,0.2381923133822399,2.132567688382752,0.001,0.9521829242598576
trunc_laplace,43090,FH_normal,0.2381923133822399,1.7536698346728887,0.001,0.8942718905359839
trunc_laplace,43090,HetLDC,0.0,2.3257238187539624,0.001,0.9769236658334411
trunc_laplace,43090,HetLDC_cert,0.0,2.328049542572716,0.001,0.9771532086583474
trunc_laplace,43090,LDC_PAC,0.0,2.4126819755217297,0.001,0.9851384436668892
trunc_laplace,43090,LDC_cert_pk,0.0,2.335943147304519,,0.9779281475346515
trunc_laplace,43091,CP_PAC,0.0,2.263929176425896,0.001,0.9706162070054632
trunc_laplace,43091,FH_PAC,0.0653938616254313,2.052521478309457,0.001,0.9453938789308513
trunc_laplace,43091,FH_normal,0.0653938616254313,1.689752834211818,0.001,0.8873197656614784
trunc_laplace,43091,HetLDC,0.0,1.981238590907284,0.001,0.9359635814063144
trunc_laplace,43091,HetLDC_cert,0.0,1.9832198294981904,0.001,0.936243717344032
trunc_laplace,43091,LDC_PAC,0.0,2.063566635979058,0.001,0.947130029214312
trunc_laplace,43091,LDC_cert_pk,0.0,1.991236833887762,,0.9373713841683524
trunc_laplace,43092,CP_PAC,0.0,2.6359199529066792,0.003,1.0
trunc_laplace,43092,FH_PAC,0.0507033032194976,2.335597684361479,0.003,0.97776320380706
trunc_laplace,43092,FH_normal,0.0507033032194976,2.01965343773408,0.003,0.9411109876763142
trunc_laplace,43092,HetLDC,0.0,2.420236438984701,0.003,0.9858175452400704
trunc_laplace,43092,HetLDC_cert,0.0,2.4274971483016548,0.003,0.9864652163286354
trunc_laplace,43092,LDC_PAC,0.0,2.4966016552764216,0.003,0.9923900812664216
trunc_laplace,43092,LDC_cert_pk,0.0,2.43247575798017,,0.9869064928730316
trunc_laplace,43093,CP_PAC,0.0,2.3279886914656944,0.001,0.9771472099054086
trunc_laplace,43093,FH_PAC,0.0528190496568426,1.906151033474824,0.001,0.924685608403417
trunc_laplace,43093,FH_normal,0.0528190496568426,1.596554766167049,0.001,0.8686638744781008
trunc_laplace,43093,HetLDC,0.0,2.066868759539682,0.001,0.9475582152741816
trunc_laplace,43093,HetLDC_cert,0.0,2.0689356282992217,0.001,0.9478254764802864
trunc_laplace,43093,LDC_PAC,0.0,2.136890321594051,0.001,0.956299189645039
trunc_laplace,43093,LDC_cert_pk,0.0,2.0779785563993536,,0.9489880416606433
trunc_laplace,43094,CP_PAC,0.0,2.852674586973964,0.003,1.0
trunc_laplace,43094,FH_PAC,-0.1140642697845483,1.854560271164502,0.003,0.9156975941917156
trunc_laplace,43094,FH_normal,-0.1140642697845483,1.5301174314656163,0.003,0.852888210916686
trunc_laplace,43094,HetLDC,0.0,2.632055877660849,0.003,1.0
trunc_laplace,43094,HetLDC_cert,0.0,2.6399520452938314,0.003,1.0
trunc_laplace,43094,LDC_PAC,0.0,2.716952269445111,0.003,1.0
trunc_laplace,43094,LDC_cert_pk,0.0,2.647928818406538,,1.0
trunc_laplace,43095,CP_PAC,0.0,2.291177367016729,0.001,0.9734476336626284
trunc_laplace,43095,FH_PAC,-0.0096513781541671,1.8849914315086416,0.001,0.9216258369014858
trunc_laplace,43095,FH_normal,-0.0096513781541671,1.56088987519675,0.001,0.8612787510230884
trunc_laplace,43095,HetLDC,0.0,2.0182174642045725,0.001,0.9410979349599636
trunc_laplace,43095,HetLDC_cert,0.0,2.020235681668777,0.001,0.941372497044742
trunc_laplace,43095,LDC_PAC,0.0,2.0884033038304834,0.001,0.9503147179601524
trunc_laplace,43095,LDC_cert_pk,0.0,2.0279754381673696,,0.9424200858931351
trunc_laplace,43096,CP_PAC,0.0,2.445893490149418,0.001,0.9880844195493288
trunc_laplace,43096,FH_PAC,-0.0059122187499386,1.9599815769073892,0.001,0.932918612234746
trunc_laplace,43096,FH_normal,-0.0059122187499386,1.6657998453512843,0.001,0.8830913444285504
trunc_laplace,43096,HetLDC,0.0,2.200672536578164,0.001,0.963724340937469
trunc_laplace,43096,HetLDC_cert,0.0,2.2028732091147414,0.001,0.9639718187889676
trunc_laplace,43096,LDC_PAC,0.0,2.27510606680307,0.001,0.9717873678757276
trunc_laplace,43096,LDC_cert_pk,0.0,2.21162853429932,,0.9649507972294611
trunc_laplace,43097,CP_PAC,0.0,2.1347828530070574,0.001,0.9560453201529968
trunc_laplace,43097,FH_PAC,0.141819820093241,1.7601952566843606,0.001,0.8989033094638206
trunc_laplace,43097,FH_normal,0.141819820093241,1.431407992595078,0.001,0.8282300092442552
trunc_laplace,43097,HetLDC,0.0,1.7780510100641416,0.001,0.9039295677048234
trunc_laplace,43097,HetLDC_cert,0.0,1.7798290610742056,0.001,0.9042403557295032
trunc_laplace,43097,LDC_PAC,0.0,1.8385039765681688,0.001,0.9141794759112918
trunc_laplace,43097,LDC_cert_pk,0.0,1.7765822012496744,,0.9036723974658947
trunc_laplace,43098,CP_PAC,0.0,2.728666153861806,0.003,1.0
trunc_laplace,43098,FH_PAC,-0.2101566579067397,2.27537885929183,0.003,0.9694073340823872
trunc_laplace,43098,FH_normal,-0.2101566579067397,1.9567143135084435,0.003,0.929089559953726
trunc_laplace,43098,HetLDC,0.0,2.51382531410717,0.003,0.9938015017452164
trunc_laplace,43098,HetLDC_cert,0.0,2.521366790049491,0.003,0.9944115630039208
trunc_laplace,43098,LDC_PAC,0.0,2.598843812450789,0.003,1.0
trunc_laplace,43098,LDC_cert_pk,0.0,2.5297901963603118,,0.9950873178283748
trunc_laplace,43099,CP_PAC,0.0,2.6382769677445093,0.001,1.0
trunc_laplace,43099,FH_PAC,0.0550951970801895,2.041254587909469,0.001,0.9439873245793236
trunc_laplace,43099,FH_normal,0.0550951970801895,1.7198951792801591,0.001,0.8931457062877115
trunc_laplace,43099,HetLDC,0.0,2.3936108302223547,0.001,0.9834000645560046
trunc_laplace,43099,HetLDC_cert,0.0,2.3960044410525767,0.001,0.9836201501388552
trunc_laplace,43099,LDC_PAC,0.0,2.4694820125572363,0.001,0.990115679699052
trunc_laplace,43099,LDC_cert_pk,0.0,2.4054795285220405,,0.9844859843319695
trunc_laplace,43100,CP_PAC,0.0,2.3339244847908858,0.001,0.9777305761702676
trunc_laplace,43100,FH_PAC,-0.0654429707818632,2.1552321660125298,0.001,0.9582215014604164
trunc_laplace,43100,FH_normal,-0.0654429707818632,1.7931889509032437,0.001,0.9061724050582842
trunc_laplace,43100,HetLDC,0.0,2.076134098573614,0.001,0.9487518062476136
trunc_laplace,43100,HetLDC_cert,0.0,2.078210232672187,0.001,0.949017682297422
trunc_laplace,43100,LDC_PAC,0.0,2.1423388615092507,0.001,0.9569529500870873
trunc_laplace,43100,LDC_cert_pk,0.0,2.0798345818193695,,0.9492253003086599
trunc_laplace,43101,CP_PAC,0.0,2.248917855299005,0.001,0.9690216209645874
trunc_laplace,43101,FH_PAC,-0.1764661968474674,1.883125125721799,0.001,0.9187875261103572
trunc_laplace,43101,FH_normal,-0.1764661968474674,1.571941966855292,0.001,0.8601678996500166
trunc_laplace,43101,HetLDC,0.0,1.96919183126697,0.001,0.9342477194443496
trunc_laplace,43101,HetLDC_cert,0.0,1.9711610230982368,0.001,0.9345296744872228
trunc_laplace,43101,LDC_PAC,0.0,2.035029526852252,0.001,0.9433675298947968
trunc_laplace,43101,LDC_cert_pk,0.0,1.9749686482544395,,0.9350732223800424
trunc_laplace,43102,CP_PAC,0.0,2.764219090878345,0.003,1.0
trunc_laplace,43102,FH_PAC,0.108056612105939,2.203689077644573,0.003,0.9633792759173928
trunc_laplace,43102,FH_normal,0.108056612105939,1.8165915666283896,0.003,0.9095141682440236
trunc_laplace,43102,HetLDC,0.0,2.560424310065605,0.003,0.9974954341673246
trunc_laplace,43102,HetLDC_cert,0.0,2.568105582995801,0.003,0.9980872816134349
trunc_laplace,43102,LDC_PAC,0.0,2.6467567043661586,0.003,1.0
trunc_laplace,43102,LDC_cert_pk,0.0,2.573388408635439,,0.9984915836607393
trunc_laplace,43103,CP_PAC,0.0,2.0280405140223605,0.001,0.9424288582141512
trunc_laplace,43103,FH_PAC,-0.1022378960120197,1.7554887805217845,0.001,0.8989580552463116
trunc_laplace,43103,FH_normal,-0.1022378960120197,1.4065100417744667,0.001,0.8231275691257737
trunc_laplace,43103,HetLDC,0.0,1.6495370724935468,0.001,0.8798690020636779
trunc_laplace,43103,HetLDC_cert,0.0,1.6511866095660404,0.001,0.8801987080318401
trunc_laplace,43103,LDC_PAC,0.0,1.730422960514608,0.001,0.8953864243291725
trunc_laplace,43103,LDC_cert_pk,0.0,1.6572014314704586,,0.8813961437793822
trunc_laplace,43104,CP_PAC,0.0,2.25183276718438,0.001,0.9693332156074952
trunc_laplace,43104,FH_PAC,0.1119695177802174,1.9423258621327757,0.001,0.9293776682241752
trunc_laplace,43104,FH_normal,0.1119695177802174,1.6320809411141854,0.001,0.8750113569152268
trunc_laplace,43104,HetLDC,0.0,1.953415634509258,0.001,0.9319678067160276
trunc_laplace,43104,HetLDC_cert,0.0,1.9553690501437668,0.001,0.9322521457847506
trunc_laplace,43104,LDC_PAC,0.0,2.022363258036615,0.001,0.9416613113951284
trunc_laplace,43104,LDC_cert_pk,0.0,1.9626552984303596,,0.9333076356666479
trunc_laplace,43105,CP_PAC,0.0,2.55817028599489,0.001,0.9973208582366802
trunc_laplace,43105,FH_PAC,-0.1261361350022681,1.7456622730480067,0.001,0.8966624944121128
trunc_laplace,43105,FH_normal,-0.1261361350022681,1.4228314140216392,0.001,0.8265997781702588
trunc_laplace,43105,HetLDC,0.0,2.286515442345062,0.001,0.9729688900076175
trunc_laplace,43105,HetLDC_cert,0.0,2.288801957787407,0.001,0.97320398837426
trunc_laplace,43105,LDC_PAC,0.0,2.364101947171959,0.001,0.9806411794501222
trunc_laplace,43105,LDC_cert_pk,0.0,2.298659982979153,,0.9742111902533197
trunc_laplace,43106,CP_PAC,0.0,2.395823461424651,0.001,0.9836035287817018
trunc_laplace,43106,FH_PAC,-0.0492283532981421,1.8962596473694149,0.001,0.9231909391672668
trunc_laplace,43106,FH_normal,-0.0492283532981421,1.592761909123256,0.001,0.8678997747383757
trunc_laplace,43106,HetLDC,0.0,2.1448948920695106,0.001,0.9572583655994372
trunc_laplace,43106,HetLDC_cert,0.0,2.14703978696158,0.001,0.9575140276627704
trunc_laplace,43106,LDC_PAC,0.0,2.22853223741291,0.001,0.9668157815014644
trunc_laplace,43106,LDC_cert_pk,0.0,2.1566515147061893,,0.95865270491722
trunc_laplace,43107,CP_PAC,0.0,2.224569070563262,0.001,0.966381471941718
trunc_laplace,43107,FH_PAC,-0.0415026488716051,1.684188242787828,0.001,0.8865038348547356
trunc_laplace,43107,FH_normal,-0.0415026488716051,1.415741406794432,0.001,0.8266728102759288
trunc_laplace,43107,HetLDC,0.0,1.9596935445862145,0.001,0.932879561796063
trunc_laplace,43107,HetLDC_cert,0.0,1.9616532381308005,0.001,0.9331629519684892
trunc_laplace,43107,LDC_PAC,0.0,2.027689983081743,0.001,0.9423815990922468
trunc_laplace,43107,LDC_cert_pk,0.0,1.9702317503738702,,0.9343966904739855
trunc_laplace,43108,CP_PAC,0.0,2.481136544215341,0.001,0.991100980817296
trunc_laplace,43108,FH_PAC,-0.0006755416305834,1.9931393075177772,0.001,0.9376375701255368
trunc_laplace,43108,FH_normal,-0.0006755416305834,1.66665660791939,0.001,0.8832633202861568
trunc_laplace,43108,HetLDC,0.0,2.207961245654629,0.001,0.9645418264488844
trunc_laplace,43108,HetLDC_cert,0.0,2.210169206900284,0.001,0.9647882425006912
trunc_laplace,43108,LDC_PAC,0.0,2.292912151896799,0.001,0.9736251891976222
trunc_laplace,43108,LDC_cert_pk,0.0,2.2212307298884664,,0.9660142392359123
trunc_laplace,43109,CP_PAC,0.0,2.4353274537443133,0.001,0.9871582212066664
trunc_laplace,43109,FH_PAC,-0.1858992756743655,2.1780315593607256,0.001,0.9590608429104974
trunc_laplace,43109,FH_normal,-0.1858992756743655,1.831043239116039,0.001,0.9099561674334892
trunc_laplace,43109,HetLDC,0.0,2.178723974862765,0.001,0.9612247666249654
trunc_laplace,43109,HetLDC_cert,0.0,2.1809026988376274,0.001,0.9614754529137404
trunc_laplace,43109,LDC_PAC,0.0,2.2652778164625995,0.001,0.9707582485016176
trunc_laplace,43109,LDC_cert_pk,0.0,2.1914336340103286,,0.9626791541912558
trunc_laplace,43110,CP_PAC,0.0,2.5531870238558705,0.001,0.9969334408129296
trunc_laplace,43110,FH_PAC,-0.0362671399329932,1.7329161915996918,0.001,0.89571843353573
trunc_laplace,43110,FH_normal,-0.0362671399329932,1.4650132055547962,0.001,0.8389969784272044
trunc_laplace,43110,HetLDC,0.0,2.3341184120278284,0.001,0.9777495743636764
trunc_laplace,43110,HetLDC_cert,0.0,2.336452530439856,0.001,0.9779779363941068
trunc_laplace,43110,LDC_PAC,0.0,2.418241473137223,0.001,0.9856387292579952
trunc_laplace,43110,LDC_cert_pk,0.0,2.346602564145074,,0.9789645402688056
trunc_laplace,43111,CP_PAC,0.0,2.158235027031038,0.001,0.9588392067893192
trunc_laplace,43111,FH_PAC,0.1246622282435809,1.8614106838885869,0.001,0.9165958705348076
trunc_laplace,43111,FH_normal,0.1246622282435809,1.5421782875364585,0.001,0.8553271645768558
trunc_laplace,43111,HetLDC,0.0,1.8517872795791568,0.001,0.9163463768561242
trunc_laplace,43111,HetLDC_cert,0.0,1.8536390668587357,0.001,0.9166460809290322
trunc_laplace,43111,LDC_PAC,0.0,1.9232211110352424,0.001,0.9274982002820288
trunc_laplace,43111,LDC_cert_pk,0.0,1.8608443930051317,,0.9178067402260048
trunc_laplace,43112,CP_PAC,0.0,1.9352236162017948,0.001,0.929291770138926
trunc_laplace,43112,FH_PAC,-0.0554033405075855,1.5307865730084236,0.001,0.8542164905155536
trunc_laplace,43112,FH_normal,-0.0554033405075855,1.2396350578445428,0.001,0.777057432688364
trunc_laplace,43112,HetLDC,0.0,1.5738588930702018,0.001,0.8641160319333632
trunc_laplace,43112,HetLDC_cert,0.0,1.5754327519632718,0.001,0.8644564629632367
trunc_laplace,43112,LDC_PAC,0.0,1.6354280832164598,0.001,0.8770256297732772
trunc_laplace,43112,LDC_cert_pk,0.0,1.5797169028614484,,0.8653803132699089
trunc_laplace,43113,CP_PAC,0.0,2.7624194640797235,0.003,1.0
trunc_laplace,43113,FH_PAC,0.1605341390264389,2.2448724170679983,0.003,0.9671392288645048
trunc_laplace,43113,FH_normal,0.1605341390264389,1.87278949685788,0.003,0.9175766228709504
trunc_laplace,43113,HetLDC,0.0,2.5337855603574053,0.003,0.9954057697567024
trunc_laplace,43113,HetLDC_cert,0.0,2.5413869170384773,0.003,0.9960079865541478
trunc_laplace,43113,LDC_PAC,0.0,2.6164151908270825,0.003,1.0
trunc_laplace,43113,LDC_cert_pk,0.0,2.5486013160194925,,0.9965751472155193
trunc_laplace,43114,CP_PAC,0.0,2.308067877708332,0.001,0.975162792030781
trunc_laplace,43114,FH_PAC,-0.0947863473675603,1.9917278571259536,0.001,0.936783623505684
trunc_laplace,43114,FH_normal,-0.0947863473675603,1.6134304438959854,0.001,0.8715340130202478
trunc_laplace,43114,HetLDC,0.0,2.03712116802575,0.001,0.9436471236456944
trunc_laplace,43114,HetLDC_cert,0.0,2.039158289193776,0.001,0.9439188438864324
trunc_laplace,43114,LDC_PAC,0.0,2.1186047541974222,0.001,0.954077780265655
trunc_laplace,43114,LDC_cert_pk,0.0,2.0474754397149564,,0.9450222509965278
trunc_laplace,43115,CP_PAC,0.0,2.789291020837968,0.003,1.0
trunc_laplace,43115,FH_PAC,-0.0019375322467081,2.0115095368256166,0.003,0.9401809433276772
trunc_laplace,43115,FH_normal,-0.0019375322467081,1.666137869078632,0.003,0.883161017482883
trunc_laplace,43115,HetLDC,0.0,2.536412961432066,0.003,0.995614465553282
trunc_laplace,43115,HetLDC_cert,0.0,2.5440222003163617,0.003,0.996215654520261
trunc_laplace,43115,LDC_PAC,0.0,2.6266152892136216,0.003,1.0
trunc_laplace,43115,LDC_cert_pk,0.0,2.5531067704253823,,0.9969271851204091
trunc_laplace,43116,CP_PAC,0.0,2.4380093870893216,0.001,0.987394281820276
trunc_laplace,43116,FH_PAC,-0.1413801098772393,1.749808206922004,0.001,0.8970331713258228
trunc_laplace,43116,FH_normal,-0.1413801098772393,1.4445114887097328,0.001,0.8315506568791182
trunc_laplace,43116,HetLDC,0.0,2.1611795006552583,0.001,0.9591851811938156
trunc_laplace,43116,HetLDC_cert,0.0,2.163340680155913,0.001,0.9594384435582816
trunc_laplace,43116,LDC_PAC,0.0,2.237879712356578,0.001,0.96783305553035
trunc_laplace,43116,LDC_cert_pk,0.0,2.172285548025455,,0.9604806164313593
trunc_laplace,43117,CP_PAC,0.0,2.4098407319165758,0.001,0.9848816447454204
trunc_laplace,43117,FH_PAC,0.0160770696568155,1.8283656315164525,0.001,0.9124829123434732
trunc_laplace,43117,FH_normal,0.0160770696568155,1.501723320470607,0.001,0.8478660930885495
trunc_laplace,43117,HetLDC,0.0,2.158773790062537,0.001,0.9589025906672975
trunc_laplace,43117,HetLDC_cert,0.0,2.1609325638526,0.001,0.9591562070258002
trunc_laplace,43117,LDC_PAC,0.0,2.241570735313425,0.001,0.9682320214371876
trunc_laplace,43117,LDC_cert_pk,0.0,2.1713950624132723,,0.9603773005931195
trunc_laplace,43118,CP_PAC,0.0,1.863386037547756,0.001,0.9182140805336788
trunc_laplace,43118,FH_PAC,0.1161674956622609,1.5744603756837785,0.001,0.8627217181188919
trunc_laplace,43118,FH_normal,0.1161674956622609,1.2427050579427588,0.001,0.7763341710828797
trunc_laplace,43118,HetLDC,0.0,1.511195614181191,0.001,0.8500974812437279
trunc_laplace,43118,HetLDC_cert,0.0,1.512706809795372,0.001,0.8504464480174061
trunc_laplace,43118,LDC_PAC,0.0,1.574719236663796,0.001,0.8643021964251012
trunc_laplace,43118,LDC_cert_pk,0.0,1.517576444053816,,0.8515672139789716
trunc_laplace,43119,CP_PAC,0.0,2.1651260809467274,0.001,0.959647239296504
trunc_laplace,43119,FH_PAC,0.0582079935698767,1.671715815408182,0.001,0.8839094169566767
trunc_laplace,43119,FH_normal,0.0582079935698767,1.3612363078962322,0.001,0.8121064054466487
trunc_laplace,43119,HetLDC,0.0,1.8772207600155928,0.001,0.92041248449847
trunc_laplace,43119,HetLDC_cert,0.0,1.879097980775608,0.001,0.9207083470633264
trunc_laplace,43119,LDC_PAC,0.0,1.944492281546477,0.001,0.9306615306277723
trunc_laplace,43119,LDC_cert_pk,0.0,1.887288958992687,,0.9219925430064719
trunc_laplace,43120,CP_PAC,0.0,2.721940474774249,0.003,1.0
trunc_laplace,43120,FH_PAC,-0.0657699668350458,2.110312555397741,0.003,0.952777162666782
trunc_laplace,43120,FH_normal,-0.0657699668350458,1.793672024177487,0.003,0.9062519147349865
trunc_laplace,43120,HetLDC,0.0,2.516729914244908,0.003,0.9940370352673136
trunc_laplace,43120,HetLDC_cert,0.0,2.5242801039876426,0.003,0.994645951056808
trunc_laplace,43120,LDC_PAC,0.0,2.592438122455885,0.003,0.9999311229143176
trunc_laplace,43120,LDC_cert_pk,0.0,2.5280614832809896,,0.9949491182654944
trunc_laplace,43121,CP_PAC,0.0,2.56274778754786,0.001,0.9976749602310032
trunc_laplace,43121,FH_PAC,0.0622058963136552,2.122591357440546,0.001,0.9543191385580264
trunc_laplace,43121,FH_normal,0.0622058963136552,1.7212869494519922,0.001,0.8933238707970057
trunc_laplace,43121,HetLDC,0.0,2.3050064771794734,0.001,0.9748541579080894
trunc_laplace,43121,HetLDC_cert,0.0,2.3073114836566524,0.001,0.9750866280480208
trunc_laplace,43121,LDC_PAC,0.0,2.383800873839399,0.001,0.9824923047270322
trunc_laplace,43121,LDC_cert_pk,0.0,2.3172836991319348,,0.976085955465309
trunc_laplace,43122,CP_PAC,0.0,2.3382249199345995,0.001,0.9781509698289796
trunc_laplace,43122,FH_PAC,-0.0307534432101048,1.7304798285328318,0.001,0.8953061875319759
trunc_laplace,43122,FH_normal,-0.0307534432101048,1.408194786395616,0.001,0.8248410210002991
trunc_laplace,43122,HetLDC,0.0,2.110571765853129,0.001,0.9530884233125024
trunc_laplace,43122,HetLDC_cert,0.0,2.112682337618982,0.001,0.9533491684471926
trunc_laplace,43122,LDC_PAC,0.0,2.188627066713168,0.001,0.9623596506453578
trunc_laplace,43122,LDC_cert_pk,0.0,2.1201621331169727,,0.9542686322900722
trunc_laplace,43123,CP_PAC,0.0,2.3861406288717704,0.001,0.9827096571326526
trunc_laplace,43123,FH_PAC,-0.1471184630376792,2.032490858919912,0.001,0.9415098738527482
trunc_laplace,43123,FH_normal,-0.1471184630376792,1.7221008757609624,0.001,0.891751999897377
trunc_laplace,43123,HetLDC,0.0,2.122069408555443,0.001,0.9545019411285808
trunc_laplace,43123,HetLDC_cert,0.0,2.1241914779639983,0.001,0.9547609798872164
trunc_laplace,43123,LDC_PAC,0.0,2.205122832449764,0.001,0.9642242149560528
trunc_laplace,43123,LDC_cert_pk,0.0,2.134679755507025,,0.9560328865174343
trunc_laplace,43124,CP_PAC,0.0,2.372877827675257,0.001,0.9814705561731124
trunc_laplace,43124,FH_PAC,-0.1471106268163345,1.917317738191609,0.001,0.9248967662547032
trunc_laplace,43124,FH_normal,-0.1471106268163345,1.605842503877193,0.001,0.8685578518240094
trunc_laplace,43124,HetLDC,0.0,2.1358704893181075,0.001,0.9561764084813164
trunc_laplace,43124,HetLDC_cert,0.0,2.138006359807425,0.001,0.9564334037926993
trunc_laplace,43124,LDC_PAC,0.0,2.20718880984334,0.001,0.9644554858791964
trunc_laplace,43124,LDC_cert_pk,0.0,2.148912398051385,,0.9577367675002413
trunc_laplace,43125,CP_PAC,0.0,2.1782696726522026,0.001,0.9611724223128536
trunc_laplace,43125,FH_PAC,-0.1085046015702505,1.4164320840108595,0.001,0.8255103703325016
trunc_laplace,43125,FH_normal,-0.1085046015702505,1.098593585463035,0.001,0.7287515800805866
trunc_laplace,43125,HetLDC,0.0,1.8149561288766407,0.001,0.910263556753254
trunc_laplace,43125,HetLDC_cert,0.0,1.8167710850055168,0.001,0.9105688099172258
trunc_laplace,43125,LDC_PAC,0.0,1.8928744037618648,0.001,0.9228619683279496
trunc_laplace,43125,LDC_cert_pk,0.0,1.8216441377598231,,0.9113855441449381
trunc_laplace,43126,CP_PAC,0.0,2.7421735319806664,0.003,1.0
trunc_laplace,43126,FH_PAC,-0.3220797917808955,2.056176951877469,0.003,0.9390179221700746
trunc_laplace,43126,FH_normal,-0.3220797917808955,1.7303626195270505,0.003,0.8853336274458099
trunc_laplace,43126,HetLDC,0.0,2.5074859695413143,0.003,0.9932849604294558
trunc_laplace,43126,HetLDC_cert,0.0,2.515008427449938,0.003,0.9938975263426024
trunc_laplace,43126,LDC_PAC,0.0,2.5972393324952003,0.003,1.0
trunc_laplace,43126,LDC_cert_pk,0.0,2.518606145426577,,0.9941887996257237
trunc_laplace,43127,CP_PAC,0.0,2.6820773026698035,0.003,1.0
trunc_laplace,43127,FH_PAC,-0.1080072569295939,1.941406950620584,0.003,0.9293084430189388
trunc_laplace,43127,FH_normal,-0.1080072569295939,1.6071650070060792,0.003,0.8699289489916384
trunc_laplace,43127,HetLDC,0.0,2.443857073342073,0.003,0.9879067043652134
trunc_laplace,43127,HetLDC_cert,0.0,2.451188644562099,0.003,0.9885447570942244
trunc_laplace,43127,LDC_PAC,0.0,2.5256544395747267,0.003,0.9947562749845464
trunc_laplace,43127,LDC_cert_pk,0.0,2.455010620346053,,0.9888754466272147
trunc_laplace,43128,CP_PAC,0.0,2.3983163954536986,0.001,0.9838322066060212
trunc_laplace,43128,FH_PAC,0.0293752208043145,1.82503102814525,0.001,0.9118757797313166
trunc_laplace,43128,FH_normal,0.0293752208043145,1.433298916127923,0.001,0.8312309504411121
trunc_laplace,43128,HetLDC,0.0,2.115157519520915,0.001,0.9536542279740186
trunc_laplace,43128,HetLDC_cert,0.0,2.1172726770404355,0.001,0.9539142921097984
trunc_laplace,43128,LDC_PAC,0.0,2.2014450123203533,0.001,0.9638112748367562
trunc_laplace,43128,LDC_cert_pk,0.0,2.1277977786247746,,0.9551998841675682
trunc_laplace,43129,CP_PAC,0.0,2.7245607211527822,0.003,1.0
trunc_laplace,43129,FH_PAC,0.0956148535547906,1.8952154591265309,0.003,0.9224860597103794
trunc_laplace,43129,FH_normal,0.0956148535547906,1.6172565471927385,0.003,0.872314046708532
trunc_laplace,43129,HetLDC,0.0,2.501023529308553,0.003,0.9927548616314424
trunc_laplace,43129,HetLDC_cert,0.0,2.5085265998964785,0.003,0.9933699873714628
trunc_laplace,43129,LDC_PAC,0.0,2.5805574250577314,0.003,0.9990366877239076
trunc_laplace,43129,LDC_cert_pk,0.0,2.5128521445087113,,0.9937224278642389
trunc_laplace,43130,CP_PAC,0.0,2.228874351169776,0.001,0.966853188437611
trunc_laplace,43130,FH_PAC,-0.0809796214873041,1.714571224649569,0.001,0.8918079454281753
trunc_laplace,43130,FH_normal,-0.0809796214873041,1.3644551545264725,0.001,0.812530788048287
trunc_laplace,43130,HetLDC,0.0,1.8708701131491403,0.001,0.9194072741976824
trunc_laplace,43130,HetLDC_cert,0.0,1.8727409832622888,0.001,0.9197040964978032
trunc_laplace,43130,LDC_PAC,0.0,1.9537230981388245,0.001,0.9320125995307578
trunc_laplace,43130,LDC_cert_pk,0.0,1.8767907093424818,,0.9203446240350222
trunc_laplace,43131,CP_PAC,0.0,2.3048801200749107,0.001,0.9748413980665712
trunc_laplace,43131,FH_PAC,-0.1044390571954403,1.8045192390405709,0.001,0.9075278535095932
trunc_laplace,43131,FH_normal,-0.1044390571954403,1.539863443529654,0.001,0.8553474579811373
trunc_laplace,43131,HetLDC,0.0,2.0549792036570653,0.001,0.9460095683406192
trunc_laplace,43131,HetLDC_cert,0.0,2.057034182860722,0.001,0.9462786096697112
trunc_laplace,43131,LDC_PAC,0.0,2.130026921858289,0.001,0.955470357219674
trunc_laplace,43131,LDC_cert_pk,0.0,2.06641159704922,,0.947499022974406
trunc_laplace,43132,CP_PAC,0.0,2.142700081237721,0.001,0.956996161005732
trunc_laplace,43132,FH_PAC,-0.0969873471050873,1.8181125858774383,0.001,0.909970208506092
trunc_laplace,43132,FH_normal,-0.0969873471050873,1.4668147150809878,0.001,0.8384113591012669
trunc_laplace,43132,HetLDC,0.0,1.846081393425332,0.001,0.915419254613186
trunc_laplace,43132,HetLDC_cert,0.0,1.8479274748187569,0.001,0.9157198196061924
trunc_laplace,43132,LDC_PAC,0.0,1.924351568391769,0.001,0.9276680873161364
trunc_laplace,43132,LDC_cert_pk,0.0,1.8565229155402656,,0.9171116686465459
trunc_laplace,43133,CP_PAC,0.0,2.251241907742606,0.001,0.9692701311773684
trunc_laplace,43133,FH_PAC,-0.0873118056085094,1.9071768621546863,0.001,0.9244569755120836
trunc_laplace,43133,FH_normal,-0.0873118056085094,1.599579690425872,0.001,0.868771595791274
trunc_laplace,43133,HetLDC,0.0,1.9406883834615671,0.001,0.9301009770150812
trunc_laplace,43133,HetLDC_cert,0.0,1.9426290718450283,0.001,0.9303872404556626
trunc_laplace,43133,LDC_PAC,0.0,2.021832609205529,0.001,0.9415893368311548
trunc_laplace,43133,LDC_cert_pk,0.0,1.9522386290943727,,0.9317962019618302
trunc_laplace,43134,CP_PAC,0.0,2.585129626975564,0.003,0.99938221737064
trunc_laplace,43134,FH_PAC,0.0786623027051674,2.0963529472920364,0.003,0.9509114473135956
trunc_laplace,43134,FH_normal,0.0786623027051674,1.7043809147174285,0.003,0.8899225709408412
trunc_laplace,43134,HetLDC,0.0,2.34802136269177,0.003,0.97910162017362
trunc_laplace,43134,HetLDC_cert,0.0,2.355065426779845,0.003,0.9797792000474664
trunc_laplace,43134,LDC_PAC,0.0,2.434360901062667,0.003,0.9870729843701344
trunc_laplace,43134,LDC_cert_pk,0.0,2.363558023625107,,0.9805895249240071
trunc_laplace,43135,CP_PAC,0.0,2.707971344984451,0.003,1.0
trunc_laplace,43135,FH_PAC,0.0319802197919839,1.9761097705235435,0.003,0.9351597934318246
trunc_laplace,43135,FH_normal,0.0319802197919839,1.6578438718678623,0.003,0.8814178057812743
trunc_laplace,43135,HetLDC,0.0,2.515293597731965,0.003,0.9939206537964383
trunc_laplace,43135,HetLDC_cert,0.0,2.5228394785251607,0.003,0.9945301358497184
trunc_laplace,43135,LDC_PAC,0.0,2.592899143277235,0.003,0.9999656078459376
trunc_laplace,43135,LDC_cert_pk,0.0,2.5289976386492254,,0.9950239888377337
trunc_laplace,43136,CP_PAC,0.0,2.213844154650461,0.001,0.965197123036178
trunc_laplace,43136,FH_PAC,0.0254706327651642,1.7691588210508915,0.001,0.9023068618520096
trunc_laplace,43136,FH_normal,0.0254706327651642,1.453671249718602,0.001,0.8363134710064759
trunc_laplace,43136,HetLDC,0.0,1.8656759763591344,0.001,0.9185801572421036
trunc_laplace,43136,HetLDC_cert,0.0,1.8675416523354933,0.001,0.91887776426673
trunc_laplace,43136,LDC_PAC,0.0,1.9405483572235556,0.001,0.9300802998640694
trunc_laplace,43136,LDC_cert_pk,0.0,1.8741710387730064,,0.9199305912335527
trunc_laplace,43137,CP_PAC,0.0,3.0733234041547126,0.003,1.0
trunc_laplace,43137,FH_PAC,0.0301905764759297,2.3104788738944904,0.003,0.9753574331027208
trunc_laplace,43137,FH_normal,0.0301905764759297,1.891917263173764,0.003,0.922639482386154
trunc_laplace,43137,HetLDC,0.0,2.8699863546367226,0.003,1.0
trunc_laplace,43137,HetLDC_cert,0.0,2.8785963137006325,0.003,1.0
trunc_laplace,43137,LDC_PAC,0.0,2.9577461639661937,0.003,1.0
trunc_laplace,43137,LDC_cert_pk,0.0,2.8862118520070807,,1.0
trunc_laplace,43138,CP_PAC,0.0,2.316093954009004,0.001,0.9759672750752384
trunc_laplace,43138,FH_PAC,-0.3948796667322051,1.704148455099953,0.001,0.874902659471665
trunc_laplace,43138,FH_normal,-0.3948796667322051,1.4052452906712083,0.001,0.8029198170510767
trunc_laplace,43138,HetLDC,0.0,2.0119392452544287,0.001,0.9402401293941094
trunc_laplace,43138,HetLDC_cert,0.0,2.013951184499683,0.001,0.9405156365350376
trunc_laplace,43138,LDC_PAC,0.0,2.095816693467287,0.001,0.9512494237791028
trunc_laplace,43138,LDC_cert_pk,0.0,2.023893664723615,,0.9418686651512329
trunc_laplace,43139,CP_PAC,0.0,2.439080024628306,0.001,0.9874883338040364
trunc_laplace,43139,FH_PAC,-0.1054052294712999,2.085172731258456,0.001,0.9491685225668336
trunc_laplace,43139,FH_normal,-0.1054052294712999,1.7672228466281368,0.001,0.9009981279042096
trunc_laplace,43139,HetLDC,0.0,2.1537676420288974,0.001,0.958312257702465
trunc_laplace,43139,HetLDC_cert,0.0,2.155921409670926,0.001,0.9585666112761182
trunc_laplace,43139,LDC_PAC,0.0,2.238862464121387,0.001,0.9679394321124616
trunc_laplace,43139,LDC_cert_pk,0.0,2.1672567393946913,,0.9598959032313727
trunc_laplace,43140,CP_PAC,0.0,2.3876432871857074,0.003,0.9828489676639288
trunc_laplace,43140,FH_PAC,-0.1848291666627799,1.9848547339112297,0.003,0.9339544341433516
trunc_laplace,43140,FH_normal,-0.1848291666627799,1.6635990977633537,0.003,0.8791384488785713
trunc_laplace,43140,HetLDC,0.0,2.1222480744970458,0.003,0.954523772801768
trunc_laplace,43140,HetLDC_cert,0.0,2.1286148187205365,0.003,0.9552990927276848
trunc_laplace,43140,LDC_PAC,0.0,2.2065114958492886,0.003,0.9643797204797846
trunc_laplace,43140,LDC_cert_pk,0.0,2.1342087617860566,,0.9559760673128355
trunc_laplace,43141,CP_PAC,0.0,2.3750909985249216,0.001,0.981678518992232
trunc_laplace,43141,FH_PAC,0.0725129051615216,1.7433190376129004,0.001,0.8972439777258846
trunc_laplace,43141,FH_normal,0.0725129051615216,1.454889520218606,0.001,0.8360228745079897
trunc_laplace,43141,HetLDC,0.0,2.113750664191681,0.001,0.9534809334422296
trunc_laplace,43141,HetLDC_cert,0.0,2.1158644148558725,0.001,0.953741206441465
trunc_laplace,43141,LDC_PAC,0.0,2.1949114509942262,0.001,0.9630737783294478
trunc_laplace,43141,LDC_cert_pk,0.0,2.120908835209102,,0.9543600284496581
trunc_laplace,43142,CP_PAC,0.0,2.2607456679293665,0.001,0.9702801198797206
trunc_laplace,43142,FH_PAC,-0.0365210998705843,1.6455387861428965,0.001,0.8789277211746414
trunc_laplace,43142,FH_normal,-0.0365210998705843,1.3714939083065134,0.001,0.8151552077947946
trunc_laplace,43142,HetLDC,0.0,1.9706365680566365,0.001,0.9344546379457226
trunc_laplace,43142,HetLDC_cert,0.0,1.9726072046246927,0.001,0.93473637476004
trunc_laplace,43142,LDC_PAC,0.0,2.045732429087719,0.001,0.94479180406009
trunc_laplace,43142,LDC_cert_pk,0.0,1.982236402047512,,0.9361047386209806
trunc_laplace,43143,CP_PAC,0.0,2.466467554421403,0.001,0.9898588747632704
trunc_laplace,43143,FH_PAC,0.0494585540249932,2.0072221567344988,0.001,0.9394161404229092
trunc_laplace,43143,FH_normal,0.0494585540249932,1.721441300787013,0.001,0.8934904358060188
trunc_laplace,43143,HetLDC,0.0,2.178927460450513,0.001,0.9612482040185252
trunc_laplace,43143,HetLDC_cert,0.0,2.181106387910963,0.001,0.9614988604876468
trunc_laplace,43143,LDC_PAC,0.0,2.264001824790012,0.001,0.9706238635709156
trunc_laplace,43143,LDC_cert_pk,0.0,2.1864975336138466,,0.9621165967679368
trunc_laplace,43144,CP_PAC,0.0,2.4835028355121778,0.001,0.9912995739121432
trunc_laplace,43144,FH_PAC,-0.0706147174886015,2.058133749360136,0.001,0.9460824628367912
trunc_laplace,43144,FH_normal,-0.0706147174886015,1.671702422210912,0.001,0.883743732566487
trunc_laplace,43144,HetLDC,0.0,2.2232050925348026,0.001,0.966231582615686
trunc_laplace,43144,HetLDC_cert,0.0,2.225428297627337,0.001,0.9664757841063988
trunc_laplace,43144,LDC_PAC,0.0,2.3100892948740843,0.001,0.9753660410220992
trunc_laplace,43144,LDC_cert_pk,0.0,2.234441837329622,,0.9674600684838954
trunc_laplace,43145,CP_PAC,0.0,3.00871191830423,0.003,1.0
trunc_laplace,43145,FH_PAC,-0.0101266930739261,2.122705216802631,0.003,0.9545730822533016
trunc_laplace,43145,FH_normal,-0.0101266930739261,1.7594240081436243,0.003,0.900629303321173
trunc_laplace,43145,HetLDC,0.0,2.801040131518004,0.003,1.0
trunc_laplace,43145,HetLDC_cert,0.0,2.809443251912558,0.003,1.0
trunc_laplace,43145,LDC_PAC,0.0,2.895564496340823,0.003,1.0
trunc_laplace,43145,LDC_cert_pk,0.0,2.817959455698912,,1.0
trunc_laplace,43146,CP_PAC,0.0,2.7647049962798693,0.003,1.0
trunc_laplace,43146,FH_PAC,-0.0185090831418602,1.8165013463233184,0.003,0.9104934492298272
trunc_laplace,43146,FH_normal,-0.0185090831418602,1.5243881922300604,0.003,0.8530847175191103
trunc_laplace,43146,HetLDC,0.0,2.5472412679052208,0.003,0.996468553096172
trunc_laplace,43146,HetLDC_cert,0.0,2.5548829917089364,0.003,0.9970655178006538
trunc_laplace,43146,LDC_PAC,0.0,2.6331680270468176,0.003,1.0
trunc_laplace,43146,LDC_cert_pk,0.0,2.5626181969993724,,0.9976649587259678
trunc_laplace,43147,CP_PAC,0.0,2.3354554137089822,0.001,0.9778804499784496
trunc_laplace,43147,FH_PAC,0.046641316014654,2.1611999569928497,0.001,0.9590544554190036
trunc_laplace,43147,FH_normal,0.046641316014654,1.8406722594787883,0.001,0.914349264402496
trunc_laplace,43147,HetLDC,0.0,2.0635554455138605,0.001,0.9471285756388594
trunc_laplace,43147,HetLDC_cert,0.0,2.0656190009593742,0.001,0.9473963326272988
trunc_laplace,43147,LDC_PAC,0.0,2.1437441205640395,0.001,0.9571209627426812
trunc_laplace,43147,LDC_cert_pk,0.0,2.076652164881314,,0.9488182053151619
trunc_laplace,43148,CP_PAC,0.0,2.7087761031096407,0.003,1.0
trunc_laplace,43148,FH_PAC,-0.2206478157509205,2.0254812406212235,0.003,0.938636511125444
trunc_laplace,43148,FH_normal,-0.2206478157509205,1.7276653408098848,0.003,0.8901760783359061
trunc_laplace,43148,HetLDC,0.0,2.514569591056366,0.003,0.9938619230485566
trunc_laplace,43148,HetLDC_cert,0.0,2.5221132998295346,0.003,0.994471690663686
trunc_laplace,43148,LDC_PAC,0.0,2.593669704109504,0.003,1.0
trunc_laplace,43148,LDC_cert_pk,0.0,2.526718290593024,,0.9948415664318773
trunc_laplace,43149,CP_PAC,0.0,2.528279613064881,0.001,0.9949665700886108
trunc_laplace,43149,FH_PAC,-0.1930607990345262,1.779790383780862,0.001,0.9008274442153654
trunc_laplace,43149,FH_normal,-0.1930607990345262,1.4590198754982957,0.001,0.83294576605824
trunc_laplace,43149,HetLDC,0.0,2.2800830708777187,0.001,0.9723045015373006
trunc_laplace,43149,HetLDC_cert,0.0,2.282363153948596,0.001,0.9725405175132442
trunc_laplace,43149,LDC_PAC,0.0,2.366522205027079,0.001,0.980870667933888
trunc_laplace,43149,LDC_cert_pk,0.0,2.292222015723926,,0.9735545921205471
