shape,seed,method,k,p_k,half,cov
gamma2_skew,42000,SF_k106,106,0.9187206599719125,3.147754260409019,0.9882413768875823
gamma2_skew,42000,SF_k107,107,0.9310223909852352,2.890235052647278,0.9839024741768317
gamma2_skew,42000,SF_k108,108,0.9438729148535301,2.861149864510751,0.9833238805886743
gamma2_skew,42000,SF_k109,109,0.957600953042881,2.834520973545575,0.9827764469484775
gamma2_skew,42000,SF_k110,110,0.9731335699937322,2.785496942649489,0.9817225723620844
gamma2_skew,42001,SF_k106,106,0.9187206599719125,3.5668606612884144,0.992982432407505
gamma2_skew,42001,SF_k107,107,0.9310223909852352,3.5568684746415653,0.992895065485447
gamma2_skew,42001,SF_k108,108,0.9438729148535301,3.6465713998854454,0.9936426935676625
gamma2_skew,42001,SF_k109,109,0.957600953042881,3.9859989858143368,0.9958348054472771
gamma2_skew,42001,SF_k110,110,0.9731335699937322,4.298790295940817,0.9971867041903035
gamma2_skew,42002,SF_k106,106,0.9187206599719125,3.5263979659544824,0.992622014277307
gamma2_skew,42002,SF_k107,107,0.9310223909852352,4.5349255942077695,0.9979113221832913
gamma2_skew,42002,SF_k108,108,0.9438729148535301,4.591102788159717,0.9980545582964004
gamma2_skew,42002,SF_k109,109,0.957600953042881,4.493429296449286,0.997798889146815
gamma2_skew,42002,SF_k110,110,0.9731335699937322,6.044156396832715,0.9996968367886685
gamma2_skew,42003,SF_k106,106,0.9187206599719125,3.4469527007676217,0.9918608433341666
gamma2_skew,42003,SF_k107,107,0.9310223909852352,3.215830328566157,0.9891826650763447
gamma2_skew,42003,SF_k108,108,0.9438729148535301,3.523324154961245,0.9925939051917859
gamma2_skew,42003,SF_k109,109,0.957600953042881,3.4386846470984405,0.9917773428550716
gamma2_skew,42003,SF_k110,110,0.9731335699937322,4.13698078334437,0.9965524518370681
gamma2_skew,42004,SF_k106,106,0.9187206599719125,3.2081655189265703,0.9890804751822542
gamma2_skew,42004,SF_k107,107,0.9310223909852352,3.0222389936801894,0.9862919560036729
gamma2_skew,42004,SF_k108,108,0.9438729148535301,2.8713267637273887,0.9835285946317921
gamma2_skew,42004,SF_k109,109,0.957600953042881,2.7018079306150606,0.9797770481832943
gamma2_skew,42004,SF_k110,110,0.9731335699937322,2.6807172889949538,0.9792558878024621
gamma2_skew,42005,SF_k106,106,0.9187206599719125,3.1537394252543645,0.9883272412890979
gamma2_skew,42005,SF_k107,107,0.9310223909852352,2.9054642717386545,0.9841975904843373
gamma2_skew,42005,SF_k108,108,0.9438729148535301,3.035419679894254,0.9865106323737307
gamma2_skew,42005,SF_k109,109,0.957600953042881,3.452027920572077,0.9919116871295961
gamma2_skew,42005,SF_k110,110,0.9731335699937322,3.587104198152798,0.9931562177724664
gamma2_skew,42006,SF_k106,106,0.9187206599719125,3.1808427776982686,0.9887084715863828
gamma2_skew,42006,SF_k107,107,0.9310223909852352,2.970292220364916,0.9853959933725963
gamma2_skew,42006,SF_k108,108,0.9438729148535301,3.917996320440871,0.9954654030417925
gamma2_skew,42006,SF_k109,109,0.957600953042881,3.7687216769761136,0.9945380018042286
gamma2_skew,42006,SF_k110,110,0.9731335699937322,3.861481504868219,0.9951340676144335
gamma2_skew,42007,SF_k106,106,0.9187206599719125,3.5367758443775115,0.9927161470312876
gamma2_skew,42007,SF_k107,107,0.9310223909852352,3.3210090754761734,0.9904940305426156
gamma2_skew,42007,SF_k108,108,0.9438729148535301,3.2190368559901503,0.9892251379644944
gamma2_skew,42007,SF_k109,109,0.957600953042881,3.703604528791917,0.9940773308518992
gamma2_skew,42007,SF_k110,110,0.9731335699937322,4.225592106871034,0.9969154441719587
gamma2_skew,42008,SF_k106,106,0.9187206599719125,2.8705014444110417,0.9835120843675433
gamma2_skew,42008,SF_k107,107,0.9310223909852352,2.638772030617936,0.9781803977849816
gamma2_skew,42008,SF_k108,108,0.9438729148535301,2.691706830418442,0.9795290501630409
gamma2_skew,42008,SF_k109,109,0.957600953042881,2.545967384449209,0.9756053125415616
gamma2_skew,42008,SF_k110,110,0.9731335699937322,5.214978930363315,0.999120085497236
gamma2_skew,42009,SF_k106,106,0.9187206599719125,3.1433188839544104,0.9881773486991313
gamma2_skew,42009,SF_k107,107,0.9310223909852352,3.306765607594805,0.9903259922449963
gamma2_skew,42009,SF_k108,108,0.9438729148535301,3.1510259177229987,0.988288388853541
gamma2_skew,42009,SF_k109,109,0.957600953042881,3.5416749622416903,0.9927601748007971
gamma2_skew,42009,SF_k110,110,0.9731335699937322,3.242240917435443,0.989527676079712
gamma2_skew,42010,SF_k106,106,0.9187206599719125,3.3587273277194836,0.9909253489270621
gamma2_skew,42010,SF_k107,107,0.9310223909852352,3.0932735216602945,0.9874309089362066
gamma2_skew,42010,SF_k108,108,0.9438729148535301,3.160950629828345,0.9884298820871493
gamma2_skew,42010,SF_k109,109,0.957600953042881,2.9908420758154546,0.9857570516518028
gamma2_skew,42010,SF_k110,110,0.9731335699937322,3.2750575210535398,0.9899414193310747
gamma2_skew,42011,SF_k106,106,0.9187206599719125,2.972799835180923,0.9854405248806696
gamma2_skew,42011,SF_k107,107,0.9310223909852352,3.2836494809386347,0.9900470786864702
gamma2_skew,42011,SF_k108,108,0.9438729148535301,3.460050329153156,0.9919914225081481
gamma2_skew,42011,SF_k109,109,0.957600953042881,3.8247093417717015,0.9949058299263946
gamma2_skew,42011,SF_k110,110,0.9731335699937322,3.7227637611227378,0.994216692480744
gamma2_skew,42012,SF_k106,106,0.9187206599719125,3.2180301464345598,0.9892118209041355
gamma2_skew,42012,SF_k107,107,0.9310223909852352,3.031017723535304,0.9864379818561204
gamma2_skew,42012,SF_k108,108,0.9438729148535301,2.8195447339776107,0.982460931128485
gamma2_skew,42012,SF_k109,109,0.957600953042881,2.6971899619961923,0.9796640336495843
gamma2_skew,42012,SF_k110,110,0.9731335699937322,2.492497919057501,0.9739905410229182
gamma2_skew,42013,SF_k106,106,0.9187206599719125,3.3180473579244616,0.990459326143139
gamma2_skew,42013,SF_k107,107,0.9310223909852352,3.2057349715252483,0.9890478738436072
gamma2_skew,42013,SF_k108,108,0.9438729148535301,3.2528412283205252,0.9896631077982416
gamma2_skew,42013,SF_k109,109,0.957600953042881,3.242977390750819,0.9895371411836652
gamma2_skew,42013,SF_k110,110,0.9731335699937322,6.689373435534216,0.9998686523404134
gamma2_skew,42014,SF_k106,106,0.9187206599719125,2.826133473371774,0.9826004273431649
gamma2_skew,42014,SF_k107,107,0.9310223909852352,2.8058856207144767,0.9821682699786116
gamma2_skew,42014,SF_k108,108,0.9438729148535301,2.5851801980842453,0.9767274019519632
gamma2_skew,42014,SF_k109,109,0.957600953042881,2.37729682058777,0.9701527258773297
gamma2_skew,42014,SF_k110,110,0.9731335699937322,2.7599152631935673,0.9811480254518274
gamma2_skew,42015,SF_k106,106,0.9187206599719125,3.3641347647577846,0.9909855943738091
gamma2_skew,42015,SF_k107,107,0.9310223909852352,3.244487288193344,0.9895565201566536
gamma2_skew,42015,SF_k108,108,0.9438729148535301,3.4059552842945835,0.9914384970387532
gamma2_skew,42015,SF_k109,109,0.957600953042881,3.700409769228646,0.9940537743419797
gamma2_skew,42015,SF_k110,110,0.9731335699937322,4.274180131689391,0.9970982324498671
gamma2_skew,42016,SF_k106,106,0.9187206599719125,2.9423538721442664,0.9848907903672508
gamma2_skew,42016,SF_k107,107,0.9310223909852352,2.879065554612982,0.9836826264188453
gamma2_skew,42016,SF_k108,108,0.9438729148535301,2.8047362229519632,0.982143427517243
gamma2_skew,42016,SF_k109,109,0.957600953042881,3.172020494864902,0.98858573315842
gamma2_skew,42016,SF_k110,110,0.9731335699937322,3.1297919507711747,0.9879799683186241
gamma2_skew,42017,SF_k106,106,0.9187206599719125,2.8284776746403,0.9826497979430233
gamma2_skew,42017,SF_k107,107,0.9310223909852352,2.623251978170921,0.9777689126634779
gamma2_skew,42017,SF_k108,108,0.9438729148535301,2.883304383981097,0.9837664005350636
gamma2_skew,42017,SF_k109,109,0.957600953042881,3.587434936652441,0.9931590217653724
gamma2_skew,42017,SF_k110,110,0.9731335699937322,4.688264045396385,0.99827977798488
gamma2_skew,42018,SF_k106,106,0.9187206599719125,3.1996190487595433,0.9889654188625578
gamma2_skew,42018,SF_k107,107,0.9310223909852352,3.0984912093799974,0.987510829880482
gamma2_skew,42018,SF_k108,108,0.9438729148535301,3.1232146055034273,0.9878828356553961
gamma2_skew,42018,SF_k109,109,0.957600953042881,2.9792994264688684,0.9855553331564593
gamma2_skew,42018,SF_k110,110,0.9731335699937322,3.9802599165347923,0.9958048079893208
gamma2_skew,42019,SF_k106,106,0.9187206599719125,3.250844265372405,0.9896377256952803
gamma2_skew,42019,SF_k107,107,0.9310223909852352,3.0376668494315733,0.9865475735817011
gamma2_skew,42019,SF_k108,108,0.9438729148535301,3.2085182299226394,0.9890851982724451
gamma2_skew,42019,SF_k109,109,0.957600953042881,4.0876099473572625,0.9963323025430865
gamma2_skew,42019,SF_k110,110,0.9731335699937322,4.77697524398379,0.9984628346216847
gamma2_skew,42020,SF_k106,106,0.9187206599719125,2.747571988737205,0.9808645666950097
gamma2_skew,42020,SF_k107,107,0.9310223909852352,2.8138862251957337,0.9823402624017582
gamma2_skew,42020,SF_k108,108,0.9438729148535301,2.5969444969095328,0.97705417840239
gamma2_skew,42020,SF_k109,109,0.957600953042881,2.756418393630362,0.9810681378184168
gamma2_skew,42020,SF_k110,110,0.9731335699937322,2.495041485571149,0.9740696454274546
gamma2_skew,42021,SF_k106,106,0.9187206599719125,3.5733641254035455,0.9930387291556307
gamma2_skew,42021,SF_k107,107,0.9310223909852352,3.516225878532916,0.99252859215956
gamma2_skew,42021,SF_k108,108,0.9438729148535301,3.37206679552431,0.9910732596638369
gamma2_skew,42021,SF_k109,109,0.957600953042881,3.497240654791773,0.9923511195908966
gamma2_skew,42021,SF_k110,110,0.9731335699937322,3.615351340205994,0.9933916819420221
gamma2_skew,42022,SF_k106,106,0.9187206599719125,3.7568853448923565,0.9944569647901256
gamma2_skew,42022,SF_k107,107,0.9310223909852352,4.223946154908875,0.9969090575887336
gamma2_skew,42022,SF_k108,108,0.9438729148535301,4.705734675102808,0.9983174534182487
gamma2_skew,42022,SF_k109,109,0.957600953042881,4.6004662850704765,0.9980774718931678
gamma2_skew,42022,SF_k110,110,0.9731335699937322,4.428506872718076,0.9976109087610027
gamma2_skew,42023,SF_k106,106,0.9187206599719125,2.871560187501361,0.9835332612857869
gamma2_skew,42023,SF_k107,107,0.9310223909852352,2.781679200703417,0.9816379214939617
gamma2_skew,42023,SF_k108,108,0.9438729148535301,2.75811060999179,0.981106838271781
gamma2_skew,42023,SF_k109,109,0.957600953042881,2.729488835787594,0.9804418071260571
gamma2_skew,42023,SF_k110,110,0.9731335699937322,3.1351876465149364,0.9880590830076391
gamma2_skew,42024,SF_k106,106,0.9187206599719125,3.1803166500000692,0.9887011881997528
gamma2_skew,42024,SF_k107,107,0.9310223909852352,3.0217707430050287,0.986284124198614
gamma2_skew,42024,SF_k108,108,0.9438729148535301,3.0841899689871406,0.9872905815835648
gamma2_skew,42024,SF_k109,109,0.957600953042881,3.029792858870208,0.9864176987817995
gamma2_skew,42024,SF_k110,110,0.9731335699937322,2.800747989789413,0.9820569668825171
gamma2_skew,42025,SF_k106,106,0.9187206599719125,4.021342799193993,0.9960149505212325
gamma2_skew,42025,SF_k107,107,0.9310223909852352,3.7786693187376654,0.9946052078598037
gamma2_skew,42025,SF_k108,108,0.9438729148535301,3.892476920586903,0.9953186263103416
gamma2_skew,42025,SF_k109,109,0.957600953042881,3.6842304365473204,0.9939330578730067
gamma2_skew,42025,SF_k110,110,0.9731335699937322,5.231116546575631,0.999138047650895
gamma2_skew,42026,SF_k106,106,0.9187206599719125,2.839816753565341,0.9828866909187126
gamma2_skew,42026,SF_k107,107,0.9310223909852352,2.676653843889973,0.979153991605638
gamma2_skew,42026,SF_k108,108,0.9438729148535301,3.290292170978687,0.9901280227054275
gamma2_skew,42026,SF_k109,109,0.957600953042881,3.1332558616161315,0.9880308166748418
gamma2_skew,42026,SF_k110,110,0.9731335699937322,3.329965294937602,0.9905982272233282
gamma2_skew,42027,SF_k106,106,0.9187206599719125,3.013612346239726,0.9861469676258767
gamma2_skew,42027,SF_k107,107,0.9310223909852352,3.4795561752745563,0.992182096360225
gamma2_skew,42027,SF_k108,108,0.9438729148535301,4.147122023558722,0.9965960362677143
gamma2_skew,42027,SF_k109,109,0.957600953042881,4.501093929695711,0.9978200961165232
gamma2_skew,42027,SF_k110,110,0.9731335699937322,4.353148030482078,0.997372811178501
gamma2_skew,42028,SF_k106,106,0.9187206599719125,3.3363833763019084,0.990672207482461
gamma2_skew,42028,SF_k107,107,0.9310223909852352,3.686898970763583,0.993953132440198
gamma2_skew,42028,SF_k108,108,0.9438729148535301,3.4916044957885095,0.9922976430279591
gamma2_skew,42028,SF_k109,109,0.957600953042881,4.512725393259007,0.99785189458859
gamma2_skew,42028,SF_k110,110,0.9731335699937322,4.254882653134778,0.9970269484195406
gamma2_skew,42029,SF_k106,106,0.9187206599719125,2.9528734388606295,0.985082979808579
gamma2_skew,42029,SF_k107,107,0.9310223909852352,2.70589602574261,0.9798765864223513
gamma2_skew,42029,SF_k108,108,0.9438729148535301,2.670131136777808,0.9789894101146459
gamma2_skew,42029,SF_k109,109,0.957600953042881,2.5064868895240973,0.9744227247340733
gamma2_skew,42029,SF_k110,110,0.9731335699937322,2.66471725990251,0.9788518500924798
gamma2_skew,42030,SF_k106,106,0.9187206599719125,3.6325957609506876,0.9935315056937213
gamma2_skew,42030,SF_k107,107,0.9310223909852352,3.7986958638879607,0.9947380543917512
gamma2_skew,42030,SF_k108,108,0.9438729148535301,3.679655115577334,0.9938984869221015
gamma2_skew,42030,SF_k109,109,0.957600953042881,3.4740187641421785,0.9921284234525153
gamma2_skew,42030,SF_k110,110,0.9731335699937322,3.216786258799543,0.9891953441758575
gamma2_skew,42031,SF_k106,106,0.9187206599719125,3.179529296153436,0.988690279990954
gamma2_skew,42031,SF_k107,107,0.9310223909852352,3.074341354226665,0.9871367086993875
gamma2_skew,42031,SF_k108,108,0.9438729148535301,3.602497049947392,0.9932855317255304
gamma2_skew,42031,SF_k109,109,0.957600953042881,4.147771453567606,0.9965988088067718
gamma2_skew,42031,SF_k110,110,0.9731335699937322,3.9102663859956097,0.9954214276798071
gamma2_skew,42032,SF_k106,106,0.9187206599719125,3.2263539114238964,0.9893214489120465
gamma2_skew,42032,SF_k107,107,0.9310223909852352,3.6450382180989354,0.9936305879298006
gamma2_skew,42032,SF_k108,108,0.9438729148535301,3.6571735937846044,0.993725790774492
gamma2_skew,42032,SF_k109,109,0.957600953042881,3.5158114967285403,0.9925247619490879
gamma2_skew,42032,SF_k110,110,0.9731335699937322,3.443413035311942,0.9918251977483028
gamma2_skew,42033,SF_k106,106,0.9187206599719125,2.554889045411965,0.9758651234771635
gamma2_skew,42033,SF_k107,107,0.9310223909852352,2.3214457848887737,0.9681006402096827
gamma2_skew,42033,SF_k108,108,0.9438729148535301,2.239295072460557,0.9648332650660233
gamma2_skew,42033,SF_k109,109,0.957600953042881,2.0218671110755144,0.9545577455188057
gamma2_skew,42033,SF_k110,110,0.9731335699937322,3.7362621701400087,0.9943129411648919
gamma2_skew,42034,SF_k106,106,0.9187206599719125,3.142969240071244,0.9881722868676347
gamma2_skew,42034,SF_k107,107,0.9310223909852352,3.050933617971549,0.9867636645739475
gamma2_skew,42034,SF_k108,108,0.9438729148535301,2.981380473147183,0.9855919058703662
gamma2_skew,42034,SF_k109,109,0.957600953042881,3.05968091469697,0.9869042866187073
gamma2_skew,42034,SF_k110,110,0.9731335699937322,5.005291641248542,0.9988501707068437
gamma2_skew,42035,SF_k106,106,0.9187206599719125,3.483280211216693,0.9922179909218101
gamma2_skew,42035,SF_k107,107,0.9310223909852352,3.5916050510610975,0.9931942794481974
gamma2_skew,42035,SF_k108,108,0.9438729148535301,3.4811609916536517,0.9921975844063986
gamma2_skew,42035,SF_k109,109,0.957600953042881,3.741129046287949,0.9943472568857376
gamma2_skew,42035,SF_k110,110,0.9731335699937322,5.008583848061076,0.9988549830275155
gamma2_skew,42036,SF_k106,106,0.9187206599719125,2.8360049691219653,0.982807409213501
gamma2_skew,42036,SF_k107,107,0.9310223909852352,2.6572361292652387,0.978660325246539
gamma2_skew,42036,SF_k108,108,0.9438729148535301,2.959737861521255,0.9852071050816494
gamma2_skew,42036,SF_k109,109,0.957600953042881,3.5070631574608186,0.9924434490206445
gamma2_skew,42036,SF_k110,110,0.9731335699937322,5.394626907079728,0.99930078611989
gamma2_skew,42037,SF_k106,106,0.9187206599719125,3.180783235339278,0.988707647548849
gamma2_skew,42037,SF_k107,107,0.9310223909852352,3.496864167455519,0.9923475587938961
gamma2_skew,42037,SF_k108,108,0.9438729148535301,3.731796197620299,0.994281272383129
gamma2_skew,42037,SF_k109,109,0.957600953042881,3.617875028541928,0.993412328429696
gamma2_skew,42037,SF_k110,110,0.9731335699937322,3.5511459437179616,0.992844551402141
gamma2_skew,42038,SF_k106,106,0.9187206599719125,2.6668986891530477,0.9789073823170379
gamma2_skew,42038,SF_k107,107,0.9310223909852352,2.40735690993286,0.9712038419386273
gamma2_skew,42038,SF_k108,108,0.9438729148535301,2.547441357228811,0.9756484225783294
gamma2_skew,42038,SF_k109,109,0.957600953042881,3.7318942552223486,0.9942819695763206
gamma2_skew,42038,SF_k110,110,0.9731335699937322,6.046859267509516,0.9996978934310056
gamma2_skew,42039,SF_k106,106,0.9187206599719125,3.4852199975097613,0.9922366238129078
gamma2_skew,42039,SF_k107,107,0.9310223909852352,3.2185275231751986,0.9892184023629532
gamma2_skew,42039,SF_k108,108,0.9438729148535301,3.345112363726943,0.9907719122938597
gamma2_skew,42039,SF_k109,109,0.957600953042881,3.510346243548387,0.9924740652636055
gamma2_skew,42039,SF_k110,110,0.9731335699937322,3.3764955461924755,0.9911218431194946
gamma2_skew,42040,SF_k106,106,0.9187206599719125,2.9492053210263824,0.9850162362282643
gamma2_skew,42040,SF_k107,107,0.9310223909852352,2.8896914044335507,0.983891840667482
gamma2_skew,42040,SF_k108,108,0.9438729148535301,3.0800719089629047,0.9872264614140446
gamma2_skew,42040,SF_k109,109,0.957600953042881,2.9347400182485934,0.9847501856556558
gamma2_skew,42040,SF_k110,110,0.9731335699937322,3.544947130284675,0.9927894360439337
gamma2_skew,42041,SF_k106,106,0.9187206599719125,3.6572033399916863,0.9937260224125073
gamma2_skew,42041,SF_k107,107,0.9310223909852352,3.429270334081525,0.9916812449996139
gamma2_skew,42041,SF_k108,108,0.9438729148535301,3.2847407448335817,0.9900604205895717
gamma2_skew,42041,SF_k109,109,0.957600953042881,3.155406461545504,0.9883510477685152
gamma2_skew,42041,SF_k110,110,0.9731335699937322,3.911186364078089,0.9954266832906221
gamma2_skew,42042,SF_k106,106,0.9187206599719125,3.9548096830360784,0.9956692039800458
gamma2_skew,42042,SF_k107,107,0.9310223909852352,3.8517428917177003,0.9950746184999228
gamma2_skew,42042,SF_k108,108,0.9438729148535301,4.624743777986594,0.9981356494951886
gamma2_skew,42042,SF_k109,109,0.957600953042881,5.408908589676833,0.9993134646566637
gamma2_skew,42042,SF_k110,110,0.9731335699937322,8.133190333727832,0.9999801593324535
gamma2_skew,42043,SF_k106,106,0.9187206599719125,3.673850987764157,0.9938543530514669
gamma2_skew,42043,SF_k107,107,0.9310223909852352,3.4829095074895977,0.9922144250944112
gamma2_skew,42043,SF_k108,108,0.9438729148535301,3.3572065703071483,0.9909083350036527
gamma2_skew,42043,SF_k109,109,0.957600953042881,3.8481409258240427,0.9950524501920662
gamma2_skew,42043,SF_k110,110,0.9731335699937322,3.948034389059106,0.9956323837199323
gamma2_skew,42044,SF_k106,106,0.9187206599719125,3.059200002438792,0.9868965934298684
gamma2_skew,42044,SF_k107,107,0.9310223909852352,2.827625088022196,0.9826318576225043
gamma2_skew,42044,SF_k108,108,0.9438729148535301,2.825431551653646,0.982585617804418
gamma2_skew,42044,SF_k109,109,0.957600953042881,2.8125902473626345,0.9823125120704733
gamma2_skew,42044,SF_k110,110,0.9731335699937322,2.6165683083618685,0.977589399464979
gamma2_skew,42045,SF_k106,106,0.9187206599719125,3.5147496253616706,0.9925149380878697
gamma2_skew,42045,SF_k107,107,0.9310223909852352,3.321619004438219,0.9905011621416894
gamma2_skew,42045,SF_k108,108,0.9438729148535301,3.322804833417696,0.9905150124876718
gamma2_skew,42045,SF_k109,109,0.957600953042881,4.111532812686999,0.9964406512174314
gamma2_skew,42045,SF_k110,110,0.9731335699937322,5.907731229413424,0.9996384656957558
gamma2_skew,42046,SF_k106,106,0.9187206599719125,3.161804900326325,0.9884419828408466
gamma2_skew,42046,SF_k107,107,0.9310223909852352,3.3735404244884135,0.9910894541936266
gamma2_skew,42046,SF_k108,108,0.9438729148535301,3.2842046762215618,0.9900538687460846
gamma2_skew,42046,SF_k109,109,0.957600953042881,3.273673851224133,0.9899243015272691
gamma2_skew,42046,SF_k110,110,0.9731335699937322,3.4402236522299248,0.991792948781344
gamma2_skew,42047,SF_k106,106,0.9187206599719125,2.5079223084397895,0.9744666763732551
gamma2_skew,42047,SF_k107,107,0.9310223909852352,2.256230383243435,0.9655321627833524
gamma2_skew,42047,SF_k108,108,0.9438729148535301,2.369315178154796,0.9698674662328562
gamma2_skew,42047,SF_k109,109,0.957600953042881,2.493822322378214,0.9740317587810846
gamma2_skew,42047,SF_k110,110,0.9731335699937322,3.5070102981493627,0.9924429550875553
gamma2_skew,42048,SF_k106,106,0.9187206599719125,3.899738627538729,0.9953608611091004
gamma2_skew,42048,SF_k107,107,0.9310223909852352,3.7576350155475753,0.994462132194972
gamma2_skew,42048,SF_k108,108,0.9438729148535301,3.8450581393631933,0.9950333993883737
gamma2_skew,42048,SF_k109,109,0.957600953042881,3.7478337775649373,0.9943941985598799
gamma2_skew,42048,SF_k110,110,0.9731335699937322,3.5495802765464015,0.9928306697078277
gamma2_skew,42049,SF_k106,106,0.9187206599719125,3.5233338717904106,0.9925939942143517
gamma2_skew,42049,SF_k107,107,0.9310223909852352,3.240229697610641,0.9895017853879405
gamma2_skew,42049,SF_k108,108,0.9438729148535301,3.0841915684944334,0.9872906064275685
gamma2_skew,42049,SF_k109,109,0.957600953042881,2.943641845499202,0.9849144501642284
gamma2_skew,42049,SF_k110,110,0.9731335699937322,2.864167188199805,0.9833848324637595
gamma2_skew,42050,SF_k106,106,0.9187206599719125,3.2074629169268416,0.9890710608150836
gamma2_skew,42050,SF_k107,107,0.9310223909852352,3.150955253864156,0.9882873753927041
gamma2_skew,42050,SF_k108,108,0.9438729148535301,2.931477814547488,0.9846895535996141
gamma2_skew,42050,SF_k109,109,0.957600953042881,2.7270618739879273,0.9803843823553376
gamma2_skew,42050,SF_k110,110,0.9731335699937322,3.9270782208399724,0.9955165397489902
gamma2_skew,42051,SF_k106,106,0.9187206599719125,3.616782675741508,0.9934033995807302
gamma2_skew,42051,SF_k107,107,0.9310223909852352,3.642695720170368,0.9936120484663001
gamma2_skew,42051,SF_k108,108,0.9438729148535301,3.658234516305521,0.9937340471496814
gamma2_skew,42051,SF_k109,109,0.957600953042881,4.052120621176334,0.9961655680330493
gamma2_skew,42051,SF_k110,110,0.9731335699937322,4.740845375667495,0.9983907244057144
gamma2_skew,42052,SF_k106,106,0.9187206599719125,4.878232846114344,0.998648368833114
gamma2_skew,42052,SF_k107,107,0.9310223909852352,5.179391471084254,0.9990791562795202
gamma2_skew,42052,SF_k108,108,0.9438729148535301,5.049279240653407,0.9989128506860393
gamma2_skew,42052,SF_k109,109,0.957600953042881,4.972693860786455,0.998801430061206
gamma2_skew,42052,SF_k110,110,0.9731335699937322,6.078433045987273,0.9997099695910288
gamma2_skew,42053,SF_k106,106,0.9187206599719125,4.216023320104468,0.9968781330294771
gamma2_skew,42053,SF_k107,107,0.9310223909852352,4.6967207101896715,0.9982981175919566
gamma2_skew,42053,SF_k108,108,0.9438729148535301,4.483753033284947,0.9977718256646695
gamma2_skew,42053,SF_k109,109,0.957600953042881,5.46744704119035,0.9993630981453592
gamma2_skew,42053,SF_k110,110,0.9731335699937322,5.530581188075294,0.9994126532226805
gamma2_skew,42054,SF_k106,106,0.9187206599719125,3.535794599825119,0.9927072972320852
gamma2_skew,42054,SF_k107,107,0.9310223909852352,3.2594381607716922,0.9897465260844609
gamma2_skew,42054,SF_k108,108,0.9438729148535301,3.0956462384361805,0.9874673142315973
gamma2_skew,42054,SF_k109,109,0.957600953042881,2.879619354457978,0.9836935952824374
gamma2_skew,42054,SF_k110,110,0.9731335699937322,5.166317727231065,0.9990636521438595
gamma2_skew,42055,SF_k106,106,0.9187206599719125,2.9343033897158417,0.9847420839496943
gamma2_skew,42055,SF_k107,107,0.9310223909852352,3.1617607987322383,0.9884413584436672
gamma2_skew,42055,SF_k108,108,0.9438729148535301,3.2447808935722797,0.9895602843982259
gamma2_skew,42055,SF_k109,109,0.957600953042881,3.318508416024041,0.9904647367943824
gamma2_skew,42055,SF_k110,110,0.9731335699937322,3.9519850488248287,0.9956538907591274
gamma2_skew,42056,SF_k106,106,0.9187206599719125,3.1659546352660324,0.9885005883581558
gamma2_skew,42056,SF_k107,107,0.9310223909852352,3.1184097785046694,0.9878113954611311
gamma2_skew,42056,SF_k108,108,0.9438729148535301,3.157296483660757,0.9883779813252772
gamma2_skew,42056,SF_k109,109,0.957600953042881,3.007430641613879,0.9860421534776526
gamma2_skew,42056,SF_k110,110,0.9731335699937322,3.5107489856853498,0.9924778126379584
gamma2_skew,42057,SF_k106,106,0.9187206599719125,2.911452962975132,0.9843121929725485
gamma2_skew,42057,SF_k107,107,0.9310223909852352,2.7637202974214405,0.9812345812644518
gamma2_skew,42057,SF_k108,108,0.9438729148535301,2.559391023090958,0.9759952081030615
gamma2_skew,42057,SF_k109,109,0.957600953042881,2.759950357123759,0.9811488255273372
gamma2_skew,42057,SF_k110,110,0.9731335699937322,2.83606601405619,0.9828086817028853
gamma2_skew,42058,SF_k106,106,0.9187206599719125,3.002035218033999,0.985950039888983
gamma2_skew,42058,SF_k107,107,0.9310223909852352,3.2489928547339733,0.9896141392218751
gamma2_skew,42058,SF_k108,108,0.9438729148535301,3.2347577513107564,0.9894310274066278
gamma2_skew,42058,SF_k109,109,0.957600953042881,3.073199166398004,0.9871187462384087
gamma2_skew,42058,SF_k110,110,0.9731335699937322,4.618374957753773,0.9981205576993087
gamma2_skew,42059,SF_k106,106,0.9187206599719125,2.9978997956157016,0.9858790370045616
gamma2_skew,42059,SF_k107,107,0.9310223909852352,2.793020393317865,0.981888281481013
gamma2_skew,42059,SF_k108,108,0.9438729148535301,3.3009988750764943,0.9902571360468612
gamma2_skew,42059,SF_k109,109,0.957600953042881,3.217190156186775,0.9892006969560422
gamma2_skew,42059,SF_k110,110,0.9731335699937322,3.9097532317278945,0.99541849357715
gamma2_skew,42060,SF_k106,106,0.9187206599719125,2.8017120436846557,0.9820779037537014
gamma2_skew,42060,SF_k107,107,0.9310223909852352,2.5979423363994494,0.9770816899086407
gamma2_skew,42060,SF_k108,108,0.9438729148535301,4.140076138011289,0.9965658127611604
gamma2_skew,42060,SF_k109,109,0.957600953042881,3.98865069565872,0.995848594327459
gamma2_skew,42060,SF_k110,110,0.9731335699937322,3.937756836006894,0.995575942531338
gamma2_skew,42061,SF_k106,106,0.9187206599719125,2.882065210134354,0.9837419534994699
gamma2_skew,42061,SF_k107,107,0.9310223909852352,2.8339100153319934,0.9827636840927252
gamma2_skew,42061,SF_k108,108,0.9438729148535301,2.753983090567569,0.9810123080444412
gamma2_skew,42061,SF_k109,109,0.957600953042881,3.1685841225283546,0.9885375736068222
gamma2_skew,42061,SF_k110,110,0.9731335699937322,4.241847096960043,0.9969778229358471
gamma2_skew,42062,SF_k106,106,0.9187206599719125,3.060694372666929,0.9869204845639756
gamma2_skew,42062,SF_k107,107,0.9310223909852352,2.925754355630017,0.9845826085475393
gamma2_skew,42062,SF_k108,108,0.9438729148535301,2.7425259829296906,0.9807474989080895
gamma2_skew,42062,SF_k109,109,0.957600953042881,2.5997505134712267,0.9771314618804163
gamma2_skew,42062,SF_k110,110,0.9731335699937322,2.7574415257161062,0.9810915457189863
gamma2_skew,42063,SF_k106,106,0.9187206599719125,2.8352019588320756,0.9827906618340104
gamma2_skew,42063,SF_k107,107,0.9310223909852352,2.6765778691891815,0.9791520818240623
gamma2_skew,42063,SF_k108,108,0.9438729148535301,2.507527390268577,0.9744545915147893
gamma2_skew,42063,SF_k109,109,0.957600953042881,3.222476608100303,0.9892705190087723
gamma2_skew,42063,SF_k110,110,0.9731335699937322,3.5201428226412057,0.9925647023964475
gamma2_skew,42064,SF_k106,106,0.9187206599719125,3.9976328846549833,0.9958949691128639
gamma2_skew,42064,SF_k107,107,0.9310223909852352,3.7385119440878394,0.9943288293619688
gamma2_skew,42064,SF_k108,108,0.9438729148535301,3.5805554172696716,0.9931004648561071
gamma2_skew,42064,SF_k109,109,0.957600953042881,3.371789578153907,0.9910702099518746
gamma2_skew,42064,SF_k110,110,0.9731335699937322,4.394790076655101,0.9975071297045721
gamma2_skew,42065,SF_k106,106,0.9187206599719125,2.8610362135247556,0.9833215805207663
gamma2_skew,42065,SF_k107,107,0.9310223909852352,2.6642138228664476,0.9788390140667467
gamma2_skew,42065,SF_k108,108,0.9438729148535301,2.517826891757269,0.9747679630384716
gamma2_skew,42065,SF_k109,109,0.957600953042881,2.4524592246145773,0.9727141657731311
gamma2_skew,42065,SF_k110,110,0.9731335699937322,2.6303164682105957,0.9779571387370769
gamma2_skew,42066,SF_k106,106,0.9187206599719125,3.433550071038588,0.9917250664846948
gamma2_skew,42066,SF_k107,107,0.9310223909852352,3.3080855390764436,0.9903416855203647
gamma2_skew,42066,SF_k108,108,0.9438729148535301,3.1480694892435177,0.9882459145635206
gamma2_skew,42066,SF_k109,109,0.957600953042881,3.374591905525433,0.9911009919322719
gamma2_skew,42066,SF_k110,110,0.9731335699937322,3.947775491325259,0.9956309706582602
gamma2_skew,42067,SF_k106,106,0.9187206599719125,3.4415264914822634,0.9918061372603748
gamma2_skew,42067,SF_k107,107,0.9310223909852352,3.5422673579906276,0.9927654808880046
gamma2_skew,42067,SF_k108,108,0.9438729148535301,3.5578774386747747,0.9929039355364075
gamma2_skew,42067,SF_k109,109,0.957600953042881,3.465450735435781,0.9920446637075805
gamma2_skew,42067,SF_k110,110,0.9731335699937322,4.349791698529407,0.9973616798016872
gamma2_skew,42068,SF_k106,106,0.9187206599719125,3.0179565242771624,0.9862201662027487
gamma2_skew,42068,SF_k107,107,0.9310223909852352,2.802639914586054,0.9820980323954944
gamma2_skew,42068,SF_k108,108,0.9438729148535301,2.7356406001196554,0.9805866348741689
gamma2_skew,42068,SF_k109,109,0.957600953042881,2.961557018036795,0.9852398308428635
gamma2_skew,42068,SF_k110,110,0.9731335699937322,3.2717957546632443,0.9899010214668296
gamma2_skew,42069,SF_k106,106,0.9187206599719125,2.8006486942662883,0.9820548090790776
gamma2_skew,42069,SF_k107,107,0.9310223909852352,2.756834832544209,0.9810776687811067
gamma2_skew,42069,SF_k108,108,0.9438729148535301,2.6258677190755457,0.9778387873271184
gamma2_skew,42069,SF_k109,109,0.957600953042881,2.94901872038968,0.9850128331575291
gamma2_skew,42069,SF_k110,110,0.9731335699937322,3.9070486514678646,0.9954029988365928
gamma2_skew,42070,SF_k106,106,0.9187206599719125,3.063223917896775,0.9869608287212907
gamma2_skew,42070,SF_k107,107,0.9310223909852352,2.9691361917691457,0.9853754193753577
gamma2_skew,42070,SF_k108,108,0.9438729148535301,4.000497313612566,0.9959096507101579
gamma2_skew,42070,SF_k109,109,0.957600953042881,4.156968193161897,0.9966378337298901
gamma2_skew,42070,SF_k110,110,0.9731335699937322,4.293206251635806,0.9971668658823509
gamma2_skew,42071,SF_k106,106,0.9187206599719125,3.2668273726443475,0.9898391818357484
gamma2_skew,42071,SF_k107,107,0.9310223909852352,3.184061821792652,0.9887529343262454
gamma2_skew,42071,SF_k108,108,0.9438729148535301,3.308263928076615,0.9903438045596826
gamma2_skew,42071,SF_k109,109,0.957600953042881,3.100456021142194,0.9875407968535789
gamma2_skew,42071,SF_k110,110,0.9731335699937322,3.6134417415671445,0.993376017226286
gamma2_skew,42072,SF_k106,106,0.9187206599719125,3.703675136784875,0.9940778504435537
gamma2_skew,42072,SF_k107,107,0.9310223909852352,3.4898063010966056,0.992280504628671
gamma2_skew,42072,SF_k108,108,0.9438729148535301,3.4396801029663617,0.9917874403596814
gamma2_skew,42072,SF_k109,109,0.957600953042881,3.695096462104187,0.9940143930765893
gamma2_skew,42072,SF_k110,110,0.9731335699937322,4.752083957743454,0.998413505600924
gamma2_skew,42073,SF_k106,106,0.9187206599719125,3.3907981766090187,0.9912769832442484
gamma2_skew,42073,SF_k107,107,0.9310223909852352,3.3909187117365494,0.9912782793477213
gamma2_skew,42073,SF_k108,108,0.9438729148535301,3.2680746169693533,0.9898547405259481
gamma2_skew,42073,SF_k109,109,0.957600953042881,3.3916504032663792,0.991286143119165
gamma2_skew,42073,SF_k110,110,0.9731335699937322,3.203383466888039,0.9890162422600041
gamma2_skew,42074,SF_k106,106,0.9187206599719125,2.846224035119517,0.9830191563180604
gamma2_skew,42074,SF_k107,107,0.9310223909852352,2.7690540793352167,0.9813552630540059
gamma2_skew,42074,SF_k108,108,0.9438729148535301,2.566993848211258,0.9762133517573438
gamma2_skew,42074,SF_k109,109,0.957600953042881,2.4027236624307484,0.9710441931873051
gamma2_skew,42074,SF_k110,110,0.9731335699937322,4.269962972625005,0.9970827995606809
gamma2_skew,42075,SF_k106,106,0.9187206599719125,3.3097377115697464,0.9903612938940275
gamma2_skew,42075,SF_k107,107,0.9310223909852352,3.2414110088102848,0.9895170001272289
gamma2_skew,42075,SF_k108,108,0.9438729148535301,3.5476686006761318,0.9928136844140203
gamma2_skew,42075,SF_k109,109,0.957600953042881,5.170001361452649,0.9990680464831474
gamma2_skew,42075,SF_k110,110,0.9731335699937322,6.340050332148522,0.9997932707096503
gamma2_skew,42076,SF_k106,106,0.9187206599719125,3.606502592192913,0.9933187873348267
gamma2_skew,42076,SF_k107,107,0.9310223909852352,3.3465490157825024,0.9907882219258298
gamma2_skew,42076,SF_k108,108,0.9438729148535301,3.2595503626489486,0.989747939174237
gamma2_skew,42076,SF_k109,109,0.957600953042881,3.263547439616796,0.9897981551027338
gamma2_skew,42076,SF_k110,110,0.9731335699937322,3.3752183784585625,0.9911078591741901
gamma2_skew,42077,SF_k106,106,0.9187206599719125,3.5639533949277706,0.9929571218162321
gamma2_skew,42077,SF_k107,107,0.9310223909852352,3.5271696511333714,0.9926290546816079
gamma2_skew,42077,SF_k108,108,0.9438729148535301,3.316491357099274,0.9904410438517308
gamma2_skew,42077,SF_k109,109,0.957600953042881,6.341108156672926,0.9997935539370753
gamma2_skew,42077,SF_k110,110,0.9731335699937322,6.567334988895908,0.9998460715124109
gamma2_skew,42078,SF_k106,106,0.9187206599719125,2.8262760961842437,0.9826034349823484
gamma2_skew,42078,SF_k107,107,0.9310223909852352,2.8274113164518027,0.9826273565656245
gamma2_skew,42078,SF_k108,108,0.9438729148535301,2.6742939094949674,0.9790945904496497
gamma2_skew,42078,SF_k109,109,0.957600953042881,2.8208316650958056,0.9824882630857907
gamma2_skew,42078,SF_k110,110,0.9731335699937322,3.9807952490630614,0.9958076150665897
gamma2_skew,42079,SF_k106,106,0.9187206599719125,2.718358931634129,0.9801771115215835
gamma2_skew,42079,SF_k107,107,0.9310223909852352,2.5558829045519955,0.9758938996132176
gamma2_skew,42079,SF_k108,108,0.9438729148535301,2.569787224787239,0.9762930173001878
gamma2_skew,42079,SF_k109,109,0.957600953042881,3.25691630634041,0.9897147151589107
gamma2_skew,42079,SF_k110,110,0.9731335699937322,3.945374946334396,0.9956178470924657
gamma2_skew,42080,SF_k106,106,0.9187206599719125,3.526837859429895,0.9926260284149427
gamma2_skew,42080,SF_k107,107,0.9310223909852352,3.6539594723931645,0.9937007124780073
gamma2_skew,42080,SF_k108,108,0.9438729148535301,3.4439673356411693,0.9918307898069996
gamma2_skew,42080,SF_k109,109,0.957600953042881,3.6193470253877127,0.9934243417378804
gamma2_skew,42080,SF_k110,110,0.9731335699937322,3.7950978111046085,0.9947144255987616
gamma2_skew,42081,SF_k106,106,0.9187206599719125,3.693002690489763,0.993998804253255
gamma2_skew,42081,SF_k107,107,0.9310223909852352,3.628908323725676,0.9935018525831677
gamma2_skew,42081,SF_k108,108,0.9438729148535301,3.5828769834740193,0.9931202802030157
gamma2_skew,42081,SF_k109,109,0.957600953042881,3.606224960227919,0.9933164875399695
gamma2_skew,42081,SF_k110,110,0.9731335699937322,3.715019249368592,0.9941607516543188
gamma2_skew,42082,SF_k106,106,0.9187206599719125,3.283791873150169,0.9900488205805226
gamma2_skew,42082,SF_k107,107,0.9310223909852352,3.130436778907611,0.987989449990794
gamma2_skew,42082,SF_k108,108,0.9438729148535301,3.7676615697602744,0.9945307914783504
gamma2_skew,42082,SF_k109,109,0.957600953042881,3.55905740746706,0.9929142951689867
gamma2_skew,42082,SF_k110,110,0.9731335699937322,5.202562605469877,0.9991060139264731
gamma2_skew,42083,SF_k106,106,0.9187206599719125,2.8122263139443935,0.9823047116686843
gamma2_skew,42083,SF_k107,107,0.9310223909852352,2.5623726590108395,0.9760809884540271
gamma2_skew,42083,SF_k108,108,0.9438729148535301,2.480057244393458,0.9736002639213258
gamma2_skew,42083,SF_k109,109,0.957600953042881,2.2752224285290863,0.9663000298406602
gamma2_skew,42083,SF_k110,110,0.9731335699937322,5.700181214058423,0.9995276656428919
gamma2_skew,42084,SF_k106,106,0.9187206599719125,2.9579356847025102,0.9851746151056768
gamma2_skew,42084,SF_k107,107,0.9310223909852352,3.8857476445718913,0.9952791511510657
gamma2_skew,42084,SF_k108,108,0.9438729148535301,3.6785366265998323,0.9938900063178228
gamma2_skew,42084,SF_k109,109,0.957600953042881,3.7815257229701995,0.9946243552294322
gamma2_skew,42084,SF_k110,110,0.9731335699937322,5.807557061704665,0.9995886396271366
gamma2_skew,42085,SF_k106,106,0.9187206599719125,3.032598271863329,0.9864641112297355
gamma2_skew,42085,SF_k107,107,0.9310223909852352,2.7438574437785053,0.9807784562906245
gamma2_skew,42085,SF_k108,108,0.9438729148535301,3.1032201639278787,0.987582836370129
gamma2_skew,42085,SF_k109,109,0.957600953042881,2.9203239254516986,0.984480466751714
gamma2_skew,42085,SF_k110,110,0.9731335699937322,3.5984931886182467,0.9932521279495179
gamma2_skew,42086,SF_k106,106,0.9187206599719125,3.1472845517435886,0.9882346123237098
gamma2_skew,42086,SF_k107,107,0.9310223909852352,2.9212748742179357,0.9844984007435086
gamma2_skew,42086,SF_k108,108,0.9438729148535301,3.2588067704491066,0.9897385706964998
gamma2_skew,42086,SF_k109,109,0.957600953042881,4.265993995784838,0.9970682011040947
gamma2_skew,42086,SF_k110,110,0.9731335699937322,4.705717490550984,0.9983174167627344
gamma2_skew,42087,SF_k106,106,0.9187206599719125,3.611267378880449,0.9933581362922959
gamma2_skew,42087,SF_k107,107,0.9310223909852352,3.523723498129394,0.9925975629861494
gamma2_skew,42087,SF_k108,108,0.9438729148535301,4.11131392728261,0.9964396742838966
gamma2_skew,42087,SF_k109,109,0.957600953042881,4.0819731258221355,0.9963063044193947
gamma2_skew,42087,SF_k110,110,0.9731335699937322,4.226331247988919,0.9969183079418278
gamma2_skew,42088,SF_k106,106,0.9187206599719125,2.962943870515612,0.9852647322841376
gamma2_skew,42088,SF_k107,107,0.9310223909852352,2.7291268875800565,0.9804332533730558
gamma2_skew,42088,SF_k108,108,0.9438729148535301,2.8280365610798017,0.9826405181821951
gamma2_skew,42088,SF_k109,109,0.957600953042881,2.7152090710662353,0.9801015711430048
gamma2_skew,42088,SF_k110,110,0.9731335699937322,2.850959324277876,0.9831164133186368
gamma2_skew,42089,SF_k106,106,0.9187206599719125,2.8663642746089804,0.9834290786214902
gamma2_skew,42089,SF_k107,107,0.9310223909852352,2.6654389815046393,0.978870238499706
gamma2_skew,42089,SF_k108,108,0.9438729148535301,2.9184102077913883,0.9844443146143899
gamma2_skew,42089,SF_k109,109,0.957600953042881,2.932954305278547,0.9847170250071686
gamma2_skew,42089,SF_k110,110,0.9731335699937322,2.665545911739336,0.978872961605736
gamma2_skew,42090,SF_k106,106,0.9187206599719125,3.2802063775069574,0.9900048681191943
gamma2_skew,42090,SF_k107,107,0.9310223909852352,3.103933381287184,0.9875936611299053
gamma2_skew,42090,SF_k108,108,0.9438729148535301,3.220886849853314,0.9892495683957085
gamma2_skew,42090,SF_k109,109,0.957600953042881,3.797950193380998,0.9947331660276745
gamma2_skew,42090,SF_k110,110,0.9731335699937322,3.9631195372702845,0.9957139475118875
gamma2_skew,42091,SF_k106,106,0.9187206599719125,3.587700559992343,0.9931612728983165
gamma2_skew,42091,SF_k107,107,0.9310223909852352,3.362692522064305,0.9909695643934386
gamma2_skew,42091,SF_k108,108,0.9438729148535301,3.395179159668108,0.9913239707342887
gamma2_skew,42091,SF_k109,109,0.957600953042881,3.4131492395150813,0.9915141280569416
gamma2_skew,42091,SF_k110,110,0.9731335699937322,5.498802862682876,0.9993882063200624
gamma2_skew,42092,SF_k106,106,0.9187206599719125,3.3041529851176508,0.9902948560342005
gamma2_skew,42092,SF_k107,107,0.9310223909852352,3.5668024591694807,0.9929819265766233
gamma2_skew,42092,SF_k108,108,0.9438729148535301,3.4157050395083455,0.9915408398180524
gamma2_skew,42092,SF_k109,109,0.957600953042881,3.85527163934049,0.9950962415914635
gamma2_skew,42092,SF_k110,110,0.9731335699937322,3.9700545968702303,0.9957509405972944
gamma2_skew,42093,SF_k106,106,0.9187206599719125,3.3616195987812922,0.9909576211757974
gamma2_skew,42093,SF_k107,107,0.9310223909852352,3.44688577612911,0.9918601707944218
gamma2_skew,42093,SF_k108,108,0.9438729148535301,3.749722173798744,0.9944073505633482
gamma2_skew,42093,SF_k109,109,0.957600953042881,4.284387214680075,0.9971352537917888
gamma2_skew,42093,SF_k110,110,0.9731335699937322,4.726621410905665,0.9983614283797281
gamma2_skew,42094,SF_k106,106,0.9187206599719125,3.4912500838093083,0.992294268116399
gamma2_skew,42094,SF_k107,107,0.9310223909852352,3.3652193015738314,0.9909976302522611
gamma2_skew,42094,SF_k108,108,0.9438729148535301,3.259776990741907,0.9897507927871814
gamma2_skew,42094,SF_k109,109,0.957600953042881,3.3125281533128454,0.9903943231799133
gamma2_skew,42094,SF_k110,110,0.9731335699937322,5.33507527142814,0.9992453753456797
gamma2_skew,42095,SF_k106,106,0.9187206599719125,2.707091113002534,0.9799055948562431
gamma2_skew,42095,SF_k107,107,0.9310223909852352,2.5587342714698846,0.9759762736534447
gamma2_skew,42095,SF_k108,108,0.9438729148535301,2.3657761750058013,0.9697401438513346
gamma2_skew,42095,SF_k109,109,0.957600953042881,2.3534786924194706,0.9692936698778041
gamma2_skew,42095,SF_k110,110,0.9731335699937322,3.6378759423620295,0.9935737362463113
gamma2_skew,42096,SF_k106,106,0.9187206599719125,3.496683071775608,0.9923458454225244
gamma2_skew,42096,SF_k107,107,0.9310223909852352,3.3815733038608418,0.9911772279468201
gamma2_skew,42096,SF_k108,108,0.9438729148535301,3.6888958735608264,0.9939681118997604
gamma2_skew,42096,SF_k109,109,0.957600953042881,3.546289854608146,0.9928014097527648
gamma2_skew,42096,SF_k110,110,0.9731335699937322,3.3899229812183407,0.9912675666932181
gamma2_skew,42097,SF_k106,106,0.9187206599719125,3.3092358484915616,0.9903553417833068
gamma2_skew,42097,SF_k107,107,0.9310223909852352,3.1800140382565374,0.9886969969522861
gamma2_skew,42097,SF_k108,108,0.9438729148535301,3.1890072258791995,0.9888209094034432
gamma2_skew,42097,SF_k109,109,0.957600953042881,5.700767892563816,0.9995280219711687
gamma2_skew,42097,SF_k110,110,0.9731335699937322,5.428030291063758,0.9993300844601236
gamma2_skew,42098,SF_k106,106,0.9187206599719125,3.145582186949351,0.9882100636775506
gamma2_skew,42098,SF_k107,107,0.9310223909852352,2.8963553113390526,0.984021713352413
gamma2_skew,42098,SF_k108,108,0.9438729148535301,2.7957144412489074,0.9819472639911951
gamma2_skew,42098,SF_k109,109,0.957600953042881,3.1916884883840577,0.9888575957573955
gamma2_skew,42098,SF_k110,110,0.9731335699937322,3.4265951272237585,0.9916537374994167
gamma2_skew,42099,SF_k106,106,0.9187206599719125,3.996151583620107,0.9958873564148866
gamma2_skew,42099,SF_k107,107,0.9310223909852352,3.920007450234466,0.9954767761094064
gamma2_skew,42099,SF_k108,108,0.9438729148535301,4.084077966511237,0.9963160334902506
gamma2_skew,42099,SF_k109,109,0.957600953042881,3.932907046686167,0.9955490606912966
gamma2_skew,42099,SF_k110,110,0.9731335699937322,6.976706804697334,0.9999096592748163
gamma2_skew,42100,SF_k106,106,0.9187206599719125,2.680384026450469,0.979247549031564
gamma2_skew,42100,SF_k107,107,0.9310223909852352,2.773420536599495,0.9814534966764991
gamma2_skew,42100,SF_k108,108,0.9438729148535301,2.5997768873612115,0.9771321870738805
gamma2_skew,42100,SF_k109,109,0.957600953042881,3.033498256389212,0.9864789676987276
gamma2_skew,42100,SF_k110,110,0.9731335699937322,3.144775211755799,0.9881984093786919
gamma2_skew,42101,SF_k106,106,0.9187206599719125,3.16374611050965,0.9884694341983284
gamma2_skew,42101,SF_k107,107,0.9310223909852352,2.9904540990405977,0.9857503161896026
gamma2_skew,42101,SF_k108,108,0.9438729148535301,2.7893426209964844,0.9818074592609934
gamma2_skew,42101,SF_k109,109,0.957600953042881,3.523630450961474,0.9925967108762888
gamma2_skew,42101,SF_k110,110,0.9731335699937322,5.428482658213508,0.99933047278079
gamma2_skew,42102,SF_k106,106,0.9187206599719125,2.967036158030068,0.9853379725462179
gamma2_skew,42102,SF_k107,107,0.9310223909852352,2.697703416711281,0.9796766295354368
gamma2_skew,42102,SF_k108,108,0.9438729148535301,2.6617144222059768,0.9787751754175429
gamma2_skew,42102,SF_k109,109,0.957600953042881,3.149243050318187,0.9882627927946596
gamma2_skew,42102,SF_k110,110,0.9731335699937322,3.249897485687334,0.989625670522693
gamma2_skew,42103,SF_k106,106,0.9187206599719125,3.0048444684135927,0.9859980745990962
gamma2_skew,42103,SF_k107,107,0.9310223909852352,2.970830113873385,0.9854055567233121
gamma2_skew,42103,SF_k108,108,0.9438729148535301,2.9534171965876213,0.9850928491317944
gamma2_skew,42103,SF_k109,109,0.957600953042881,2.7613344308527235,0.9811803535145733
gamma2_skew,42103,SF_k110,110,0.9731335699937322,2.589044333064367,0.9768352299797142
gamma2_skew,42104,SF_k106,106,0.9187206599719125,3.4072497398370123,0.9914521543156286
gamma2_skew,42104,SF_k107,107,0.9310223909852352,3.275832527444111,0.989950994752033
gamma2_skew,42104,SF_k108,108,0.9438729148535301,3.102552345908825,0.9875726923006565
gamma2_skew,42104,SF_k109,109,0.957600953042881,3.4035510734101675,0.9914130745046796
gamma2_skew,42104,SF_k110,110,0.9731335699937322,3.1659132129942904,0.9885000047990934
gamma2_skew,42105,SF_k106,106,0.9187206599719125,3.8369220401226545,0.9949827738668303
gamma2_skew,42105,SF_k107,107,0.9310223909852352,4.027814387458742,0.9960470959410762
gamma2_skew,42105,SF_k108,108,0.9438729148535301,4.010935271572276,0.9959627149207477
gamma2_skew,42105,SF_k109,109,0.957600953042881,3.9751619618914655,0.9957779835582234
gamma2_skew,42105,SF_k110,110,0.9731335699937322,5.0221042719782565,0.998874538475453
gamma2_skew,42106,SF_k106,106,0.9187206599719125,3.0722710116795127,0.9871041317277234
gamma2_skew,42106,SF_k107,107,0.9310223909852352,2.8321228854717577,0.9827262983185586
gamma2_skew,42106,SF_k108,108,0.9438729148535301,3.0980108583672643,0.9875034929603567
gamma2_skew,42106,SF_k109,109,0.957600953042881,2.9364779036636426,0.9847823908824923
gamma2_skew,42106,SF_k110,110,0.9731335699937322,3.7093526894772095,0.9941194845188094
gamma2_skew,42107,SF_k106,106,0.9187206599719125,4.002693566990937,0.9959208726119072
gamma2_skew,42107,SF_k107,107,0.9310223909852352,3.8976354159345434,0.9953486672787389
gamma2_skew,42107,SF_k108,108,0.9438729148535301,3.8114108108678444,0.9948207270907485
gamma2_skew,42107,SF_k109,109,0.957600953042881,3.8041838458214827,0.9947738949965994
gamma2_skew,42107,SF_k110,110,0.9731335699937322,3.553509424992607,0.9928654568988204
gamma2_skew,42108,SF_k106,106,0.9187206599719125,2.7296888327567737,0.9804465320037031
gamma2_skew,42108,SF_k107,107,0.9310223909852352,2.473955382507705,0.9734067779200427
gamma2_skew,42108,SF_k108,108,0.9438729148535301,2.3250390586839074,0.96823666145053
gamma2_skew,42108,SF_k109,109,0.957600953042881,3.3238460138923114,0.9905271570749304
gamma2_skew,42108,SF_k110,110,0.9731335699937322,3.758671138144515,0.9944692663034679
gamma2_skew,42109,SF_k106,106,0.9187206599719125,3.1934579018288645,0.9888817413299391
gamma2_skew,42109,SF_k107,107,0.9310223909852352,3.3819645782004693,0.9911814816554753
gamma2_skew,42109,SF_k108,108,0.9438729148535301,4.566612969908352,0.9979933477670009
gamma2_skew,42109,SF_k109,109,0.957600953042881,4.473569859837893,0.9977429902023647
gamma2_skew,42109,SF_k110,110,0.9731335699937322,4.86232955596571,0.9986207661624198
gamma2_skew,42110,SF_k106,106,0.9187206599719125,2.864946125516194,0.983400532272848
gamma2_skew,42110,SF_k107,107,0.9310223909852352,2.8594483139588087,0.9832894123294678
gamma2_skew,42110,SF_k108,108,0.9438729148535301,2.7392722890188166,0.9806716444256115
gamma2_skew,42110,SF_k109,109,0.957600953042881,2.5852731865607383,0.9767300024800188
gamma2_skew,42110,SF_k110,110,0.9731335699937322,3.03783822492672,0.986550386772039
gamma2_skew,42111,SF_k106,106,0.9187206599719125,3.802731834410837,0.9947644356632318
gamma2_skew,42111,SF_k107,107,0.9310223909852352,3.671378565253404,0.9938354581114016
gamma2_skew,42111,SF_k108,108,0.9438729148535301,4.077212603414358,0.9962842068621806
gamma2_skew,42111,SF_k109,109,0.957600953042881,3.946605373290895,0.9956245785585421
gamma2_skew,42111,SF_k110,110,0.9731335699937322,3.7661376615177535,0.9945204102391378
gamma2_skew,42112,SF_k106,106,0.9187206599719125,2.903789649250678,0.9841653985960633
gamma2_skew,42112,SF_k107,107,0.9310223909852352,2.6715329950125284,0.9790248879165067
gamma2_skew,42112,SF_k108,108,0.9438729148535301,3.402041177313425,0.9913970708623742
gamma2_skew,42112,SF_k109,109,0.957600953042881,3.7778317460973723,0.9945995806685151
gamma2_skew,42112,SF_k110,110,0.9731335699937322,3.6238520133644827,0.9934609747109845
gamma2_skew,42113,SF_k106,106,0.9187206599719125,3.3093435270105145,0.9903566191563677
gamma2_skew,42113,SF_k107,107,0.9310223909852352,3.063277438080446,0.9869616810118681
gamma2_skew,42113,SF_k108,108,0.9438729148535301,3.146160666873716,0.9882184111456133
gamma2_skew,42113,SF_k109,109,0.957600953042881,3.58446144944228,0.9931337721204978
gamma2_skew,42113,SF_k110,110,0.9731335699937322,4.314622175016551,0.9972422090724067
gamma2_skew,42114,SF_k106,106,0.9187206599719125,2.8818132491721205,0.983736978308648
gamma2_skew,42114,SF_k107,107,0.9310223909852352,2.7111146050389374,0.9800029593231889
gamma2_skew,42114,SF_k108,108,0.9438729148535301,2.6102332074415946,0.9774179518447169
gamma2_skew,42114,SF_k109,109,0.957600953042881,2.4021559240676833,0.9710245718247892
gamma2_skew,42114,SF_k110,110,0.9731335699937322,2.3905655479788206,0.970621183910734
gamma2_skew,42115,SF_k106,106,0.9187206599719125,3.465134120012564,0.9920415518635628
gamma2_skew,42115,SF_k107,107,0.9310223909852352,3.291819515822578,0.9901465428798979
gamma2_skew,42115,SF_k108,108,0.9438729148535301,3.4058489851933147,0.9914373745717413
gamma2_skew,42115,SF_k109,109,0.957600953042881,3.235449923737869,0.9894400035919542
gamma2_skew,42115,SF_k110,110,0.9731335699937322,3.169992663804145,0.9885573377606253
gamma2_skew,42116,SF_k106,106,0.9187206599719125,2.8933000429356808,0.9839622962980664
gamma2_skew,42116,SF_k107,107,0.9310223909852352,2.670076407969909,0.9789880238746604
gamma2_skew,42116,SF_k108,108,0.9438729148535301,2.486189294595445,0.9737933353959819
gamma2_skew,42116,SF_k109,109,0.957600953042881,2.7032026976390804,0.9798110619977178
gamma2_skew,42116,SF_k110,110,0.9731335699937322,3.9580765454450297,0.9956868485451053
gamma2_skew,42117,SF_k106,106,0.9187206599719125,2.993621613356729,0.9858052151259706
gamma2_skew,42117,SF_k107,107,0.9310223909852352,2.7862524790326244,0.9817392798816875
gamma2_skew,42117,SF_k108,108,0.9438729148535301,2.6646547731858607,0.9788502572927275
gamma2_skew,42117,SF_k109,109,0.957600953042881,2.53248748984022,0.9752076165267668
gamma2_skew,42117,SF_k110,110,0.9731335699937322,2.9700257155725556,0.985391252852585
gamma2_skew,42118,SF_k106,106,0.9187206599719125,3.256420969027082,0.9897084556034333
gamma2_skew,42118,SF_k107,107,0.9310223909852352,3.3037937838709386,0.9902905675616118
gamma2_skew,42118,SF_k108,108,0.9438729148535301,3.7146269181558766,0.9941579036506843
gamma2_skew,42118,SF_k109,109,0.957600953042881,4.370531023313089,0.997429726339566
gamma2_skew,42118,SF_k110,110,0.9731335699937322,4.894690985953736,0.9986763602038917
gamma2_skew,42119,SF_k106,106,0.9187206599719125,3.0635476462748747,0.9869659831553875
gamma2_skew,42119,SF_k107,107,0.9310223909852352,2.8489696945055787,0.983075614943988
gamma2_skew,42119,SF_k108,108,0.9438729148535301,2.740767477772566,0.9807065382436313
gamma2_skew,42119,SF_k109,109,0.957600953042881,2.672654416076549,0.9790532266558993
gamma2_skew,42119,SF_k110,110,0.9731335699937322,3.985337870632286,0.9958313606466153
gamma2_skew,42120,SF_k106,106,0.9187206599719125,3.178870161811462,0.9886811402633114
gamma2_skew,42120,SF_k107,107,0.9310223909852352,3.2364052107150822,0.9894523796517601
gamma2_skew,42120,SF_k108,108,0.9438729148535301,3.339675208107109,0.9907099307723721
gamma2_skew,42120,SF_k109,109,0.957600953042881,3.3365137117455386,0.9906737039268132
gamma2_skew,42120,SF_k110,110,0.9731335699937322,4.012844882355753,0.9959723494561817
gamma2_skew,42121,SF_k106,106,0.9187206599719125,3.1853333538218855,0.9887704501046316
gamma2_skew,42121,SF_k107,107,0.9310223909852352,2.9657989618017657,0.9853158677386886
gamma2_skew,42121,SF_k108,108,0.9438729148535301,3.0077711699180774,0.9860479473772387
gamma2_skew,42121,SF_k109,109,0.957600953042881,3.2805264341540004,0.9900087992030299
gamma2_skew,42121,SF_k110,110,0.9731335699937322,3.0379099140324874,0.9865515634043472
gamma2_skew,42122,SF_k106,106,0.9187206599719125,2.8820007919503063,0.9837406816466799
gamma2_skew,42122,SF_k107,107,0.9310223909852352,3.1044825737178776,0.9876019901497455
gamma2_skew,42122,SF_k108,108,0.9438729148535301,2.956118749106753,0.9851417887114249
gamma2_skew,42122,SF_k109,109,0.957600953042881,3.1189348026337287,0.9878192216961854
gamma2_skew,42122,SF_k110,110,0.9731335699937322,2.92177909954553,0.9845079017693852
gamma2_skew,42123,SF_k106,106,0.9187206599719125,3.108545547564869,0.9876634397436924
gamma2_skew,42123,SF_k107,107,0.9310223909852352,3.1445752308159785,0.9881955195252092
gamma2_skew,42123,SF_k108,108,0.9438729148535301,3.0415298575120637,0.9866108472087377
gamma2_skew,42123,SF_k109,109,0.957600953042881,3.826048199049157,0.9949143213799926
gamma2_skew,42123,SF_k110,110,0.9731335699937322,4.786300481945343,0.9984809227415727
gamma2_skew,42124,SF_k106,106,0.9187206599719125,2.846790840070379,0.983030826434362
gamma2_skew,42124,SF_k107,107,0.9310223909852352,2.675684278531549,0.9791296068284003
gamma2_skew,42124,SF_k108,108,0.9438729148535301,2.8211199256552124,0.982494379510862
gamma2_skew,42124,SF_k109,109,0.957600953042881,2.7626265946525628,0.9812097416416613
gamma2_skew,42124,SF_k110,110,0.9731335699937322,2.745142466745846,0.9808082881180855
gamma2_skew,42125,SF_k106,106,0.9187206599719125,3.340139693016232,0.9907152415893103
gamma2_skew,42125,SF_k107,107,0.9310223909852352,3.4193622927692093,0.9915789202794042
gamma2_skew,42125,SF_k108,108,0.9438729148535301,3.222751641021159,0.9892741394786961
gamma2_skew,42125,SF_k109,109,0.957600953042881,3.210732529296735,0.9891148040149145
gamma2_skew,42125,SF_k110,110,0.9731335699937322,3.0682440758330936,0.9870405370463428
gamma2_skew,42126,SF_k106,106,0.9187206599719125,3.3764775245541956,0.9911216459469652
gamma2_skew,42126,SF_k107,107,0.9310223909852352,3.1172075216810313,0.9877934556202722
gamma2_skew,42126,SF_k108,108,0.9438729148535301,2.9300282062563596,0.9846625355981781
gamma2_skew,42126,SF_k109,109,0.957600953042881,2.777930471915252,0.9815544302596917
gamma2_skew,42126,SF_k110,110,0.9731335699937322,2.7633550247288903,0.9812262889257384
gamma2_skew,42127,SF_k106,106,0.9187206599719125,2.9239977715938443,0.9845496405001158
gamma2_skew,42127,SF_k107,107,0.9310223909852352,2.7324652592955614,0.9805120100073629
gamma2_skew,42127,SF_k108,108,0.9438729148535301,3.0328935060680706,0.9864689865527768
gamma2_skew,42127,SF_k109,109,0.957600953042881,3.011899669956066,0.9861180053334014
gamma2_skew,42127,SF_k110,110,0.9731335699937322,3.2916876200782723,0.9901449448880562
gamma2_skew,42128,SF_k106,106,0.9187206599719125,2.913141636096065,0.9843443617641441
gamma2_skew,42128,SF_k107,107,0.9310223909852352,3.132286397332011,0.9880166066490363
gamma2_skew,42128,SF_k108,108,0.9438729148535301,3.0148029339570064,0.9861670664118442
gamma2_skew,42128,SF_k109,109,0.957600953042881,2.986029319398059,0.9856732800625251
gamma2_skew,42128,SF_k110,110,0.9731335699937322,3.042611261049384,0.9866285078784082
gamma2_skew,42129,SF_k106,106,0.9187206599719125,3.221268375050116,0.989254599962662
gamma2_skew,42129,SF_k107,107,0.9310223909852352,3.55324985578886,0.9928631638820656
gamma2_skew,42129,SF_k108,108,0.9438729148535301,3.342344203556662,0.9907404070151085
gamma2_skew,42129,SF_k109,109,0.957600953042881,3.5001629494284674,0.9923787033757688
gamma2_skew,42129,SF_k110,110,0.9731335699937322,3.926828261404711,0.995515139934908
gamma2_skew,42130,SF_k106,106,0.9187206599719125,2.9155301928815534,0.984389753552899
gamma2_skew,42130,SF_k107,107,0.9310223909852352,2.7353996428317475,0.9805809817893792
gamma2_skew,42130,SF_k108,108,0.9438729148535301,2.8226297231888036,0.9825263810752695
gamma2_skew,42130,SF_k109,109,0.957600953042881,2.9494069880545264,0.9850199132215913
gamma2_skew,42130,SF_k110,110,0.9731335699937322,3.2185227579069227,0.9892183393259064
gamma2_skew,42131,SF_k106,106,0.9187206599719125,3.4822871508354996,0.9922084350004378
gamma2_skew,42131,SF_k107,107,0.9310223909852352,3.291208778945596,0.9901391413264328
gamma2_skew,42131,SF_k108,108,0.9438729148535301,3.177074121886314,0.9886561992981109
gamma2_skew,42131,SF_k109,109,0.957600953042881,3.1757181117127464,0.9886373333307005
gamma2_skew,42131,SF_k110,110,0.9731335699937322,2.9005852227260704,0.9841036207206069
gamma2_skew,42132,SF_k106,106,0.9187206599719125,3.533783587287585,0.9926891270765587
gamma2_skew,42132,SF_k107,107,0.9310223909852352,3.787889525375208,0.9946667742672113
gamma2_skew,42132,SF_k108,108,0.9438729148535301,3.5932950532193257,0.9932085173934068
gamma2_skew,42132,SF_k109,109,0.957600953042881,3.7496131924429332,0.9944065923711868
gamma2_skew,42132,SF_k110,110,0.9731335699937322,4.143308264052804,0.996579709683873
gamma2_skew,42133,SF_k106,106,0.9187206599719125,3.248440509737229,0.9896070923422712
gamma2_skew,42133,SF_k107,107,0.9310223909852352,3.1023038705201276,0.9875689159284962
gamma2_skew,42133,SF_k108,108,0.9438729148535301,3.1337119720757505,0.9880374964732747
gamma2_skew,42133,SF_k109,109,0.957600953042881,3.703287939576841,0.9940750005784046
gamma2_skew,42133,SF_k110,110,0.9731335699937322,4.744460027896109,0.9983980864901145
gamma2_skew,42134,SF_k106,106,0.9187206599719125,2.9895357161471434,0.9857343602550594
gamma2_skew,42134,SF_k107,107,0.9310223909852352,2.788998462650559,0.9817998781771369
gamma2_skew,42134,SF_k108,108,0.9438729148535301,2.9299461197747254,0.984661004271098
gamma2_skew,42134,SF_k109,109,0.957600953042881,3.0196110296389467,0.9862479450738753
gamma2_skew,42134,SF_k110,110,0.9731335699937322,2.7791340780184477,0.9815812769487213
gamma2_skew,42135,SF_k106,106,0.9187206599719125,2.945444663986082,0.9849475069804922
gamma2_skew,42135,SF_k107,107,0.9310223909852352,2.7283158287600875,0.9804140728086104
gamma2_skew,42135,SF_k108,108,0.9438729148535301,2.728536411367976,0.9804192911280993
gamma2_skew,42135,SF_k109,109,0.957600953042881,3.073288882059291,0.9871201580242455
gamma2_skew,42135,SF_k110,110,0.9731335699937322,3.1451794158663873,0.9882042482806738
gamma2_skew,42136,SF_k106,106,0.9187206599719125,3.108444883821918,0.9876619208718128
gamma2_skew,42136,SF_k107,107,0.9310223909852352,3.2242416758090844,0.9892937332185571
gamma2_skew,42136,SF_k108,108,0.9438729148535301,3.0104933443244675,0.9860941794876938
gamma2_skew,42136,SF_k109,109,0.957600953042881,2.924264551123991,0.9845546519070498
gamma2_skew,42136,SF_k110,110,0.9731335699937322,2.692086736490926,0.9795384306388326
gamma2_skew,42137,SF_k106,106,0.9187206599719125,2.6596153675070475,0.9787214179633599
gamma2_skew,42137,SF_k107,107,0.9310223909852352,2.39244341844616,0.9706869068265095
gamma2_skew,42137,SF_k108,108,0.9438729148535301,2.2514173604498584,0.9653349077563106
gamma2_skew,42137,SF_k109,109,0.957600953042881,2.1797200392199243,0.9622646934093462
gamma2_skew,42137,SF_k110,110,0.9731335699937322,2.8128437463675033,0.9823179434906969
gamma2_skew,42138,SF_k106,106,0.9187206599719125,3.205503876561434,0.9890447691842627
gamma2_skew,42138,SF_k107,107,0.9310223909852352,3.3232047081717035,0.9905196785254601
gamma2_skew,42138,SF_k108,108,0.9438729148535301,3.5083493602339355,0.9924554579411182
gamma2_skew,42138,SF_k109,109,0.957600953042881,3.6737324545354606,0.9938534484851873
gamma2_skew,42138,SF_k110,110,0.9731335699937322,5.126190847973088,0.999014436406452
gamma2_skew,42139,SF_k106,106,0.9187206599719125,3.280264158383685,0.9900055779224558
gamma2_skew,42139,SF_k107,107,0.9310223909852352,3.2645376473638623,0.9898105580507126
gamma2_skew,42139,SF_k108,108,0.9438729148535301,3.141281016533154,0.9881478165012612
gamma2_skew,42139,SF_k109,109,0.957600953042881,4.513525437447414,0.9978540648907129
gamma2_skew,42139,SF_k110,110,0.9731335699937322,5.437184582919801,0.999337899485145
gamma2_skew,42140,SF_k106,106,0.9187206599719125,3.243896382818372,0.9895489402854875
gamma2_skew,42140,SF_k107,107,0.9310223909852352,3.1513948618197474,0.9882936788587491
gamma2_skew,42140,SF_k108,108,0.9438729148535301,4.104940630905966,0.9964111129363393
gamma2_skew,42140,SF_k109,109,0.957600953042881,3.8994809582377616,0.9953593689043619
gamma2_skew,42140,SF_k110,110,0.9731335699937322,4.0450812939078435,0.9961316211893355
gamma2_skew,42141,SF_k106,106,0.9187206599719125,3.119292406494865,0.9878245494856107
gamma2_skew,42141,SF_k107,107,0.9310223909852352,3.124884792954747,0.9879075728862104
gamma2_skew,42141,SF_k108,108,0.9438729148535301,2.9350237491515094,0.9847554480786462
gamma2_skew,42141,SF_k109,109,0.957600953042881,2.806507051036919,0.9821816872439199
gamma2_skew,42141,SF_k110,110,0.9731335699937322,2.6901585669254655,0.9794907779386787
gamma2_skew,42142,SF_k106,106,0.9187206599719125,2.947586209392677,0.984986683108876
gamma2_skew,42142,SF_k107,107,0.9310223909852352,2.7859558198448795,0.9817327214923625
gamma2_skew,42142,SF_k108,108,0.9438729148535301,2.8567292221236635,0.9832341878798385
gamma2_skew,42142,SF_k109,109,0.957600953042881,2.7954360071774165,0.9819411767159361
gamma2_skew,42142,SF_k110,110,0.9731335699937322,3.384935946327354,0.991213719250591
gamma2_skew,42143,SF_k106,106,0.9187206599719125,2.9818519483326296,0.9856001791243039
gamma2_skew,42143,SF_k107,107,0.9310223909852352,2.8957404013718087,0.9840097721899178
gamma2_skew,42143,SF_k108,108,0.9438729148535301,2.6755410490942686,0.9791260022322213
gamma2_skew,42143,SF_k109,109,0.957600953042881,2.5549478329822652,0.9758668265339528
gamma2_skew,42143,SF_k110,110,0.9731335699937322,3.7994027003327915,0.9947426840609572
gamma2_skew,42144,SF_k106,106,0.9187206599719125,2.9560407679358023,0.9851403782503946
gamma2_skew,42144,SF_k107,107,0.9310223909852352,3.0302330360387453,0.9864249912709065
gamma2_skew,42144,SF_k108,108,0.9438729148535301,3.1473540603648424,0.9882356135995701
gamma2_skew,42144,SF_k109,109,0.957600953042881,3.320395884912429,0.9904868555303438
gamma2_skew,42144,SF_k110,110,0.9731335699937322,4.071489854113207,0.9962574706781299
gamma2_skew,42145,SF_k106,106,0.9187206599719125,3.2127616161729464,0.9891418645490112
gamma2_skew,42145,SF_k107,107,0.9310223909852352,3.108188939280867,0.9876580582131741
gamma2_skew,42145,SF_k108,108,0.9438729148535301,3.0055578906370175,0.9860102477361536
gamma2_skew,42145,SF_k109,109,0.957600953042881,3.5274143768626374,0.9926312860413464
gamma2_skew,42145,SF_k110,110,0.9731335699937322,4.194647696766013,0.9967931721385612
gamma2_skew,42146,SF_k106,106,0.9187206599719125,3.325312456345744,0.990544236240431
gamma2_skew,42146,SF_k107,107,0.9310223909852352,3.340594808548177,0.9907204423991999
gamma2_skew,42146,SF_k108,108,0.9438729148535301,3.1250969839458977,0.9879107121277498
gamma2_skew,42146,SF_k109,109,0.957600953042881,3.269157565800274,0.9898682308352015
gamma2_skew,42146,SF_k110,110,0.9731335699937322,3.6692394410190876,0.9938190643705306
gamma2_skew,42147,SF_k106,106,0.9187206599719125,3.485186856217777,0.99223630583665
gamma2_skew,42147,SF_k107,107,0.9310223909852352,3.3220803300366923,0.9905065527199913
gamma2_skew,42147,SF_k108,108,0.9438729148535301,3.714762415836291,0.9941588874070001
gamma2_skew,42147,SF_k109,109,0.957600953042881,3.891461193618393,0.9953126887142586
gamma2_skew,42147,SF_k110,110,0.9731335699937322,4.012621031346713,0.9959712212339511
gamma2_skew,42148,SF_k106,106,0.9187206599719125,3.1160665695287864,0.9877764067322257
gamma2_skew,42148,SF_k107,107,0.9310223909852352,2.918341943679601,0.9844430235205909
gamma2_skew,42148,SF_k108,108,0.9438729148535301,2.9771404725025694,0.9855172957174276
gamma2_skew,42148,SF_k109,109,0.957600953042881,3.2277732864776896,0.9893400338547058
gamma2_skew,42148,SF_k110,110,0.9731335699937322,3.8233876817782977,0.9948974338912097
gamma2_skew,42149,SF_k106,106,0.9187206599719125,2.910527648902387,0.984294538701278
gamma2_skew,42149,SF_k107,107,0.9310223909852352,2.7555330025243956,0.9810478585336548
gamma2_skew,42149,SF_k108,108,0.9438729148535301,2.666869289333445,0.9789066348326263
gamma2_skew,42149,SF_k109,109,0.957600953042881,2.665837516159431,0.9788803859305014
gamma2_skew,42149,SF_k110,110,0.9731335699937322,3.416463392498439,0.9915487498487842
laplace,41000,SF_k106,106,0.9187206599719125,3.229865453357842,0.989618392299318
laplace,41000,SF_k107,107,0.9310223909852352,3.1594944040050557,0.9885320585488626
laplace,41000,SF_k108,108,0.9438729148535301,3.2868452109385884,0.9904221398154502
laplace,41000,SF_k109,109,0.957600953042881,3.1823769525263903,0.9888972299400425
laplace,41000,SF_k110,110,0.9731335699937322,4.271435872469974,0.9976201612403834
laplace,41001,SF_k106,106,0.9187206599719125,3.9668966841091917,0.9963390737550666
laplace,41001,SF_k107,107,0.9310223909852352,4.053641548182814,0.9967617261530677
laplace,41001,SF_k108,108,0.9438729148535301,3.996471883090196,0.9964890363629335
laplace,41001,SF_k109,109,0.957600953042881,3.7824761763973886,0.9952481872778212
laplace,41001,SF_k110,110,0.9731335699937322,3.5688442754302057,0.9935721037805343
laplace,41002,SF_k106,106,0.9187206599719125,3.4402048974151302,0.9922895939179464
laplace,41002,SF_k107,107,0.9310223909852352,3.188216904320438,0.9889885494209525
laplace,41002,SF_k108,108,0.9438729148535301,3.4028849421448197,0.9918717207840209
laplace,41002,SF_k109,109,0.957600953042881,3.191243203864219,0.9890355758954423
laplace,41002,SF_k110,110,0.9731335699937322,4.170483313457953,0.9972549447138319
laplace,41003,SF_k106,106,0.9187206599719125,3.626727813141504,0.9940773284727309
laplace,41003,SF_k107,107,0.9310223909852352,3.351430547985708,0.9912581945228254
laplace,41003,SF_k108,108,0.9438729148535301,3.375322054512883,0.9915486258274893
laplace,41003,SF_k109,109,0.957600953042881,3.160070165633045,0.9885413925184692
laplace,41003,SF_k110,110,0.9731335699937322,3.107865721327382,0.9876634126810802
laplace,41004,SF_k106,106,0.9187206599719125,3.2398443366479315,0.989763871436881
laplace,41004,SF_k107,107,0.9310223909852352,3.0440073109169425,0.9864974459570046
laplace,41004,SF_k108,108,0.9438729148535301,2.9744612324939905,0.9851019271861143
laplace,41004,SF_k109,109,0.957600953042881,2.842593256125662,0.9820476442862371
laplace,41004,SF_k110,110,0.9731335699937322,2.880607485588366,0.9829872833102029
laplace,41005,SF_k106,106,0.9187206599719125,3.352041346591602,0.9912657424311226
laplace,41005,SF_k107,107,0.9310223909852352,3.146241444588145,0.9883150936016813
laplace,41005,SF_k108,108,0.9438729148535301,3.5472747254328842,0.9933730063638682
laplace,41005,SF_k109,109,0.957600953042881,3.3574600405166573,0.9913324189066577
laplace,41005,SF_k110,110,0.9731335699937322,3.4663938795043228,0.9925699391976066
laplace,41006,SF_k106,106,0.9187206599719125,3.5744895901456077,0.9936232177408375
laplace,41006,SF_k107,107,0.9310223909852352,3.408099262591913,0.9919314395787175
laplace,41006,SF_k108,108,0.9438729148535301,3.2490316946490267,0.989896008014679
laplace,41006,SF_k109,109,0.957600953042881,3.1604650761146633,0.9885477902237967
laplace,41006,SF_k110,110,0.9731335699937322,2.8972976187431434,0.9833841394782643
laplace,41007,SF_k106,106,0.9187206599719125,3.3730663545890596,0.9915216225458876
laplace,41007,SF_k107,107,0.9310223909852352,3.155614252524479,0.9884689568203
laplace,41007,SF_k108,108,0.9438729148535301,3.380566500936064,0.9916110758279117
laplace,41007,SF_k109,109,0.957600953042881,4.2440196073457805,0.9975260768973402
laplace,41007,SF_k110,110,0.9731335699937322,4.367475270352125,0.9979224017930621
laplace,41008,SF_k106,106,0.9187206599719125,3.4822620191097804,0.9927348197763763
laplace,41008,SF_k107,107,0.9310223909852352,3.5076915153362993,0.9929914532724118
laplace,41008,SF_k108,108,0.9438729148535301,3.968042264987636,0.9963450000052441
laplace,41008,SF_k109,109,0.957600953042881,4.380471890519789,0.9979602392494935
laplace,41008,SF_k110,110,0.9731335699937322,5.099010797138197,0.9992616482522905
laplace,41009,SF_k106,106,0.9187206599719125,3.3971991905501304,0.991806098896898
laplace,41009,SF_k107,107,0.9310223909852352,3.125936250448646,0.9879746870754604
laplace,41009,SF_k108,108,0.9438729148535301,3.2538367067033342,0.9899644350500594
laplace,41009,SF_k109,109,0.957600953042881,3.6968648359934444,0.9946365957772847
laplace,41009,SF_k110,110,0.9731335699937322,4.294195144912396,0.9976955402537513
laplace,41010,SF_k106,106,0.9187206599719125,3.2151594719903436,0.9894002210354351
laplace,41010,SF_k107,107,0.9310223909852352,3.0504970938767193,0.9866208046203473
laplace,41010,SF_k108,108,0.9438729148535301,3.0350079620431005,0.9863245007324661
laplace,41010,SF_k109,109,0.957600953042881,2.8488657480157777,0.9822061889902185
laplace,41010,SF_k110,110,0.9731335699937322,4.503097982318296,0.9982850000701868
laplace,41011,SF_k106,106,0.9187206599719125,3.5167260208144584,0.9930804298877272
laplace,41011,SF_k107,107,0.9310223909852352,3.243751974831192,0.9898202826735114
laplace,41011,SF_k108,108,0.9438729148535301,3.736076649397319,0.9949259210978649
laplace,41011,SF_k109,109,0.957600953042881,4.004999058504786,0.9965311216724668
laplace,41011,SF_k110,110,0.9731335699937322,4.190128757887294,0.9973301604913427
laplace,41012,SF_k106,106,0.9187206599719125,3.801046334699221,0.9953713557750037
laplace,41012,SF_k107,107,0.9310223909852352,4.2303483528547074,0.9974777805076753
laplace,41012,SF_k108,108,0.9438729148535301,4.242684189568054,0.9975214003158221
laplace,41012,SF_k109,109,0.957600953042881,4.080150946967553,0.9968808813646277
laplace,41012,SF_k110,110,0.9731335699937322,7.063890659188641,0.9999541369131884
laplace,41013,SF_k106,106,0.9187206599719125,3.539258050559481,0.9932974467014091
laplace,41013,SF_k107,107,0.9310223909852352,3.283575722751728,0.9903777515999532
laplace,41013,SF_k108,108,0.9438729148535301,3.1071180060740975,0.9876503607156992
laplace,41013,SF_k109,109,0.957600953042881,3.554707506593948,0.9934423014350502
laplace,41013,SF_k110,110,0.9731335699937322,3.501508085829359,0.9929298969516325
laplace,41014,SF_k106,106,0.9187206599719125,3.082792143789002,0.9872181164686646
laplace,41014,SF_k107,107,0.9310223909852352,2.9075078331040327,0.9836223390562637
laplace,41014,SF_k108,108,0.9438729148535301,3.176307069160014,0.9888015122875013
laplace,41014,SF_k109,109,0.957600953042881,3.406210902699505,0.9919098633343868
laplace,41014,SF_k110,110,0.9731335699937322,3.175705689982742,0.9887919841623178
laplace,41015,SF_k106,106,0.9187206599719125,3.3738890453037285,0.9915314810659155
laplace,41015,SF_k107,107,0.9310223909852352,3.2225645475713973,0.9895106465021095
laplace,41015,SF_k108,108,0.9438729148535301,3.036433257792789,0.9863520382986699
laplace,41015,SF_k109,109,0.957600953042881,2.979289555702203,0.9852033088759955
laplace,41015,SF_k110,110,0.9731335699937322,2.7660521380474896,0.9799953082983786
laplace,41016,SF_k106,106,0.9187206599719125,3.12700570433252,0.9879928608470872
laplace,41016,SF_k107,107,0.9310223909852352,2.9037013700218868,0.9835339378977117
laplace,41016,SF_k108,108,0.9438729148535301,2.77060978061759,0.9801238334891238
laplace,41016,SF_k109,109,0.957600953042881,2.621042940600708,0.9754419229348112
laplace,41016,SF_k110,110,0.9731335699937322,3.7012464663249194,0.9946697276809868
laplace,41017,SF_k106,106,0.9187206599719125,3.02315820099224,0.9860933944046735
laplace,41017,SF_k107,107,0.9310223909852352,2.8692095547852254,0.9827108313935344
laplace,41017,SF_k108,108,0.9438729148535301,3.0303784842918273,0.9862346725435698
laplace,41017,SF_k109,109,0.957600953042881,2.9087743132031876,0.9836516463944014
laplace,41017,SF_k110,110,0.9731335699937322,3.5154567415570344,0.9930679978837786
laplace,41018,SF_k106,106,0.9187206599719125,3.1211152380919334,0.9878924190701974
laplace,41018,SF_k107,107,0.9310223909852352,2.8975423989739575,0.9833898904205305
laplace,41018,SF_k108,108,0.9438729148535301,3.1949678610738106,0.98909317872545
laplace,41018,SF_k109,109,0.957600953042881,3.557788371112602,0.993470811176651
laplace,41018,SF_k110,110,0.9731335699937322,3.3471875061308016,0.991205581032889
laplace,41019,SF_k106,106,0.9187206599719125,4.180989553644111,0.9972954294231258
laplace,41019,SF_k107,107,0.9310223909852352,3.960933414656607,0.9963080693806032
laplace,41019,SF_k108,108,0.9438729148535301,4.138909167608806,0.9971295930885362
laplace,41019,SF_k109,109,0.957600953042881,3.9392466037507927,0.9961930844039653
laplace,41019,SF_k110,110,0.9731335699937322,3.6531663675804666,0.9942946869407716
laplace,41020,SF_k106,106,0.9187206599719125,3.139797643452605,0.9882081234255413
laplace,41020,SF_k107,107,0.9310223909852352,2.8896485591666785,0.9832034233280811
laplace,41020,SF_k108,108,0.9438729148535301,2.754806450672961,0.9796746142421955
laplace,41020,SF_k109,109,0.957600953042881,3.257480649781983,0.9900160184377806
laplace,41020,SF_k110,110,0.9731335699937322,3.570704615416302,0.9935889928220667
laplace,41021,SF_k106,106,0.9187206599719125,2.741970345938419,0.9793022783679064
laplace,41021,SF_k107,107,0.9310223909852352,2.7603425312403886,0.9798331244431349
laplace,41021,SF_k108,108,0.9438729148535301,2.6466225700693995,0.9763144360645319
laplace,41021,SF_k109,109,0.957600953042881,2.436946904108817,0.9681387060777502
laplace,41021,SF_k110,110,0.9731335699937322,3.254546016207428,0.9899744968295991
laplace,41022,SF_k106,106,0.9187206599719125,2.8448755595065434,0.9821054950539205
laplace,41022,SF_k107,107,0.9310223909852352,2.5763755914055144,0.9738405637612717
laplace,41022,SF_k108,108,0.9438729148535301,2.4639016569652057,0.9693303937627862
laplace,41022,SF_k109,109,0.957600953042881,3.276334690787643,0.9902787100128219
laplace,41022,SF_k110,110,0.9731335699937322,4.5437873694946935,0.9983809014293528
laplace,41023,SF_k106,106,0.9187206599719125,3.2666960349543084,0.990145290702497
laplace,41023,SF_k107,107,0.9310223909852352,3.1312160685311343,0.9880641431752397
laplace,41023,SF_k108,108,0.9438729148535301,2.9266385709320293,0.9840594955477042
laplace,41023,SF_k109,109,0.957600953042881,3.060266932229765,0.9868043889387861
laplace,41023,SF_k110,110,0.9731335699937322,4.190350130882459,0.9973309962036814
laplace,41024,SF_k106,106,0.9187206599719125,3.2283477655751964,0.9895960859651667
laplace,41024,SF_k107,107,0.9310223909852352,3.0351909097712695,0.9863280384978534
laplace,41024,SF_k108,108,0.9438729148535301,2.853741618112712,0.9823284645373911
laplace,41024,SF_k109,109,0.957600953042881,2.7142552056036156,0.9784749202462415
laplace,41024,SF_k110,110,0.9731335699937322,4.275514575918477,0.997633849011168
laplace,41025,SF_k106,106,0.9187206599719125,2.935124679917922,0.9842496568964583
laplace,41025,SF_k107,107,0.9310223909852352,2.756354031183925,0.9797190499275406
laplace,41025,SF_k108,108,0.9438729148535301,3.1309993402074303,0.9880604842728165
laplace,41025,SF_k109,109,0.957600953042881,3.4418930151789784,0.9923079794703917
laplace,41025,SF_k110,110,0.9731335699937322,4.55587957839039,0.9984083541754045
laplace,41026,SF_k106,106,0.9187206599719125,3.5152966424055343,0.9930664282010457
laplace,41026,SF_k107,107,0.9310223909852352,3.2468679604531796,0.9898650426259912
laplace,41026,SF_k108,108,0.9438729148535301,3.525448331524637,0.9931652599648382
laplace,41026,SF_k109,109,0.957600953042881,3.3770320974946237,0.991569039649252
laplace,41026,SF_k110,110,0.9731335699937322,3.3305795580463458,0.9909965800695433
laplace,41027,SF_k106,106,0.9187206599719125,3.065026341052488,0.986892907991191
laplace,41027,SF_k107,107,0.9310223909852352,2.962468090563991,0.9848470879620765
laplace,41027,SF_k108,108,0.9438729148535301,2.837387775580181,0.9819149974745931
laplace,41027,SF_k109,109,0.957600953042881,2.8086939504567434,0.9811660291059832
laplace,41027,SF_k110,110,0.9731335699937322,2.637893711940324,0.9760202382195406
laplace,41028,SF_k106,106,0.9187206599719125,2.9472248196555526,0.9845168866666889
laplace,41028,SF_k107,107,0.9310223909852352,2.7563697149899262,0.9797194997591181
laplace,41028,SF_k108,108,0.9438729148535301,2.9519762337700066,0.9846205769036838
laplace,41028,SF_k109,109,0.957600953042881,2.8291201615882295,0.981702303513297
laplace,41028,SF_k110,110,0.9731335699937322,2.9737006317129713,0.9850858934233608
laplace,41029,SF_k106,106,0.9187206599719125,3.759338727625058,0.9950901300002806
laplace,41029,SF_k107,107,0.9310223909852352,3.8535577653883757,0.9957026368065567
laplace,41029,SF_k108,108,0.9438729148535301,3.684757467858817,0.9945439706829811
laplace,41029,SF_k109,109,0.957600953042881,3.459978721060084,0.9925022239782384
laplace,41029,SF_k110,110,0.9731335699937322,3.7757773642527104,0.9952029568295175
laplace,41030,SF_k106,106,0.9187206599719125,2.811036908387294,0.9812283311186907
laplace,41030,SF_k107,107,0.9310223909852352,2.7716009289366546,0.9801516743034662
laplace,41030,SF_k108,108,0.9438729148535301,2.8337346239247414,0.9818213224939516
laplace,41030,SF_k109,109,0.957600953042881,2.8637230487966403,0.982576161375063
laplace,41030,SF_k110,110,0.9731335699937322,2.9381962812145703,0.9843179264298325
laplace,41031,SF_k106,106,0.9187206599719125,3.29138325765465,0.9904834114686023
laplace,41031,SF_k107,107,0.9310223909852352,3.03632126173091,0.986349876476639
laplace,41031,SF_k108,108,0.9438729148535301,3.940865264611747,0.9962017889700676
laplace,41031,SF_k109,109,0.957600953042881,3.9230078392231325,0.9961046466757932
laplace,41031,SF_k110,110,0.9731335699937322,3.943959147914336,0.9962183714032082
laplace,41032,SF_k106,106,0.9187206599719125,3.2766956777524827,0.9902836715878653
laplace,41032,SF_k107,107,0.9310223909852352,3.274707354130012,0.9902563116568459
laplace,41032,SF_k108,108,0.9438729148535301,3.3250038089903,0.990925304758657
laplace,41032,SF_k109,109,0.957600953042881,3.601523301764596,0.9938624098560143
laplace,41032,SF_k110,110,0.9731335699937322,4.9329558249876255,0.9990662044400753
laplace,41033,SF_k106,106,0.9187206599719125,3.1692931637302633,0.9886898799598813
laplace,41033,SF_k107,107,0.9310223909852352,3.0206823364737385,0.9860446164536694
laplace,41033,SF_k108,108,0.9438729148535301,2.8197628829654686,0.9814585574006449
laplace,41033,SF_k109,109,0.957600953042881,3.207416669400802,0.9892835159125017
laplace,41033,SF_k110,110,0.9731335699937322,6.029091317876115,0.9998018374115663
laplace,41034,SF_k106,106,0.9187206599719125,3.4606066649578993,0.9925088793984671
laplace,41034,SF_k107,107,0.9310223909852352,3.3476164717459778,0.9912109145403327
laplace,41034,SF_k108,108,0.9438729148535301,3.1362515412523866,0.9881488392741884
laplace,41034,SF_k109,109,0.957600953042881,3.2352112510450923,0.9896965823527415
laplace,41034,SF_k110,110,0.9731335699937322,3.6922803052679165,0.9946017091447215
laplace,41035,SF_k106,106,0.9187206599719125,3.488176303313316,0.9927953327665051
laplace,41035,SF_k107,107,0.9310223909852352,3.2560084440646286,0.9899952100012561
laplace,41035,SF_k108,108,0.9438729148535301,3.293966255393267,0.9905181112978705
laplace,41035,SF_k109,109,0.957600953042881,3.553746368942208,0.993433381797032
laplace,41035,SF_k110,110,0.9731335699937322,3.4883127529404447,0.9927967229091803
laplace,41036,SF_k106,106,0.9187206599719125,3.5062587864983756,0.992977238267039
laplace,41036,SF_k107,107,0.9310223909852352,3.252158175698012,0.9899405843155558
laplace,41036,SF_k108,108,0.9438729148535301,3.305435799285356,0.9906706705489401
laplace,41036,SF_k109,109,0.957600953042881,3.2138518225913497,0.9893806007754993
laplace,41036,SF_k110,110,0.9731335699937322,3.05615620922725,0.9867274536299646
laplace,41037,SF_k106,106,0.9187206599719125,3.166856870456399,0.9886508444226507
laplace,41037,SF_k107,107,0.9310223909852352,2.928843068699946,0.9841091147654406
laplace,41037,SF_k108,108,0.9438729148535301,2.8348904117936486,0.9818510118330017
laplace,41037,SF_k109,109,0.957600953042881,3.0659783667236065,0.9869105430810883
laplace,41037,SF_k110,110,0.9731335699937322,3.0855290270327025,0.9872674936072647
laplace,41038,SF_k106,106,0.9187206599719125,3.7703018411508515,0.9951656664487525
laplace,41038,SF_k107,107,0.9310223909852352,3.6047698506667083,0.9938905248646295
laplace,41038,SF_k108,108,0.9438729148535301,3.536510833906746,0.9932713556183492
laplace,41038,SF_k109,109,0.957600953042881,3.3347625920874266,0.9910496844024814
laplace,41038,SF_k110,110,0.9731335699937322,6.062394204987604,0.9998109539846629
laplace,41039,SF_k106,106,0.9187206599719125,2.9874008637671072,0.9853720737116161
laplace,41039,SF_k107,107,0.9310223909852352,2.7508354898617036,0.9795601501102573
laplace,41039,SF_k108,108,0.9438729148535301,2.544801890665583,0.9726460229447769
laplace,41039,SF_k109,109,0.957600953042881,2.4461857831153244,0.9685522899398948
laplace,41039,SF_k110,110,0.9731335699937322,2.4368780349824664,0.9681356027751169
laplace,41040,SF_k106,106,0.9187206599719125,3.464231320140407,0.9925471809049029
laplace,41040,SF_k107,107,0.9310223909852352,3.207768548073752,0.9892888474468546
laplace,41040,SF_k108,108,0.9438729148535301,3.2523867202285057,0.9899438351017187
laplace,41040,SF_k109,109,0.957600953042881,3.090258719264752,0.987352374539058
laplace,41040,SF_k110,110,0.9731335699937322,3.5302390449724914,0.9932114094468831
laplace,41041,SF_k106,106,0.9187206599719125,3.1535884126660605,0.9884358733562408
laplace,41041,SF_k107,107,0.9310223909852352,2.913350794167106,0.9837571132590663
laplace,41041,SF_k108,108,0.9438729148535301,2.906057371478352,0.9835887096949552
laplace,41041,SF_k109,109,0.957600953042881,3.5921639264153917,0.9937806317381244
laplace,41041,SF_k110,110,0.9731335699937322,3.534012359875219,0.9932475387364976
laplace,41042,SF_k106,106,0.9187206599719125,2.8056241815906113,0.9810840872844053
laplace,41042,SF_k107,107,0.9310223909852352,2.549410589423086,0.9728237277901202
laplace,41042,SF_k108,108,0.9438729148535301,2.3367664822740184,0.9632892940546771
laplace,41042,SF_k109,109,0.957600953042881,2.2185695356196216,0.9566102103181606
laplace,41042,SF_k110,110,0.9731335699937322,2.3945827671709954,0.9661714928635998
laplace,41043,SF_k106,106,0.9187206599719125,3.732351437044134,0.994899119064975
laplace,41043,SF_k107,107,0.9310223909852352,3.826308705660525,0.9955338014363648
laplace,41043,SF_k108,108,0.9438729148535301,3.723317540186022,0.9948335328590567
laplace,41043,SF_k109,109,0.957600953042881,4.991526822014639,0.9991404357031282
laplace,41043,SF_k110,110,0.9731335699937322,5.776708429521475,0.9997168402712235
laplace,41044,SF_k106,106,0.9187206599719125,3.636288978538932,0.994156873057972
laplace,41044,SF_k107,107,0.9310223909852352,3.434260502807369,0.9922245020643137
laplace,41044,SF_k108,108,0.9438729148535301,3.271324567864724,0.9902095863476947
laplace,41044,SF_k109,109,0.957600953042881,3.797567313877851,0.9953485263672095
laplace,41044,SF_k110,110,0.9731335699937322,4.8051222755930345,0.9988811669886122
laplace,41045,SF_k106,106,0.9187206599719125,3.778792137884188,0.9952233656472522
laplace,41045,SF_k107,107,0.9310223909852352,3.7200113391095613,0.9948093195782997
laplace,41045,SF_k108,108,0.9438729148535301,3.522212227646006,0.9931339088048163
laplace,41045,SF_k109,109,0.957600953042881,3.463533057190724,0.9925398176637357
laplace,41045,SF_k110,110,0.9731335699937322,3.3391681838955156,0.9911052755169831
laplace,41046,SF_k106,106,0.9187206599719125,3.199833119424283,0.9891679656842587
laplace,41046,SF_k107,107,0.9310223909852352,3.229025981970344,0.9896060600206207
laplace,41046,SF_k108,108,0.9438729148535301,3.212208119868737,0.9893558867729606
laplace,41046,SF_k109,109,0.957600953042881,3.2158199732044803,0.9894101175577434
laplace,41046,SF_k110,110,0.9731335699937322,4.469404300661124,0.9982013019434821
laplace,41047,SF_k106,106,0.9187206599719125,3.997456749027009,0.9964939230669656
laplace,41047,SF_k107,107,0.9310223909852352,3.735580866715104,0.994922362197523
laplace,41047,SF_k108,108,0.9438729148535301,3.8157924252175577,0.9954668825571509
laplace,41047,SF_k109,109,0.957600953042881,3.691419592368477,0.9945951341723049
laplace,41047,SF_k110,110,0.9731335699937322,5.135509130926086,0.9992987924674794
laplace,41048,SF_k106,106,0.9187206599719125,3.4888011412439845,0.9928016963894766
laplace,41048,SF_k107,107,0.9310223909852352,3.7389929368856927,0.9949468047901917
laplace,41048,SF_k108,108,0.9438729148535301,3.5920774252422607,0.9937798708692254
laplace,41048,SF_k109,109,0.957600953042881,4.956160013391589,0.9990963502417689
laplace,41048,SF_k110,110,0.9731335699937322,4.8905490378684755,0.9990084892588238
laplace,41049,SF_k106,106,0.9187206599719125,2.719752226784327,0.978641606649937
laplace,41049,SF_k107,107,0.9310223909852352,2.6631077674130808,0.9768602444848438
laplace,41049,SF_k108,108,0.9438729148535301,2.6726187252963274,0.9771694025293911
laplace,41049,SF_k109,109,0.957600953042881,2.9597755315071077,0.9847892778961167
laplace,41049,SF_k110,110,0.9731335699937322,3.2833813887196794,0.990375106755697
laplace,41050,SF_k106,106,0.9187206599719125,2.671572851694351,0.9771356090665979
laplace,41050,SF_k107,107,0.9310223909852352,2.754002764034246,0.9796514995894945
laplace,41050,SF_k108,108,0.9438729148535301,2.9663382612852134,0.9849297970562487
laplace,41050,SF_k109,109,0.957600953042881,3.2729431547455627,0.9902319712443686
laplace,41050,SF_k110,110,0.9731335699937322,3.1388138613931673,0.9881917062301069
laplace,41051,SF_k106,106,0.9187206599719125,3.2026559144600824,0.9892111213478498
laplace,41051,SF_k107,107,0.9310223909852352,3.055276395077677,0.9867109290509621
laplace,41051,SF_k108,108,0.9438729148535301,2.887642041148352,0.9831556929174081
laplace,41051,SF_k109,109,0.957600953042881,2.865452403503519,0.9826187223879028
laplace,41051,SF_k110,110,0.9731335699937322,4.010970428785203,0.9965602922880579
laplace,41052,SF_k106,106,0.9187206599719125,3.3282861581329057,0.990967331355759
laplace,41052,SF_k107,107,0.9310223909852352,3.147173608898352,0.9883304874242833
laplace,41052,SF_k108,108,0.9438729148535301,3.1777051122288125,0.9888236312966594
laplace,41052,SF_k109,109,0.957600953042881,3.446610119909353,0.9923591221134476
laplace,41052,SF_k110,110,0.9731335699937322,4.157063252188658,0.997202349247363
laplace,41053,SF_k106,106,0.9187206599719125,3.0949588662082705,0.9874361646661332
laplace,41053,SF_k107,107,0.9310223909852352,3.832268570172163,0.9955712866911961
laplace,41053,SF_k108,108,0.9438729148535301,3.934061319918784,0.9961650653082423
laplace,41053,SF_k109,109,0.957600953042881,3.9095200254566733,0.996029631003458
laplace,41053,SF_k110,110,0.9731335699937322,3.71275416942287,0.9947557723376763
laplace,41054,SF_k106,106,0.9187206599719125,3.097807352066142,0.9874866746053623
laplace,41054,SF_k107,107,0.9310223909852352,3.134984426526106,0.9881275833004999
laplace,41054,SF_k108,108,0.9438729148535301,2.993009531768101,0.9854876413536777
laplace,41054,SF_k109,109,0.957600953042881,3.07358145672168,0.9870505321086813
laplace,41054,SF_k110,110,0.9731335699937322,3.0351986976812233,0.9863281890768347
laplace,41055,SF_k106,106,0.9187206599719125,2.8675909499061247,0.9826712102405915
laplace,41055,SF_k107,107,0.9310223909852352,2.657705579671518,0.9766827832639995
laplace,41055,SF_k108,108,0.9438729148535301,2.598043384031519,0.9746300072040672
laplace,41055,SF_k109,109,0.957600953042881,2.7670127828888007,0.980022467358844
laplace,41055,SF_k110,110,0.9731335699937322,2.557383967105199,0.9731284477859978
laplace,41056,SF_k106,106,0.9187206599719125,3.2334591331048634,0.9896710201772523
laplace,41056,SF_k107,107,0.9310223909852352,3.327666451940912,0.9909594116830662
laplace,41056,SF_k108,108,0.9438729148535301,3.46834473466264,0.9925904099326173
laplace,41056,SF_k109,109,0.957600953042881,3.328968193953409,0.9909760395644784
laplace,41056,SF_k110,110,0.9731335699937322,3.9869742122958733,0.99644155989843
laplace,41057,SF_k106,106,0.9187206599719125,2.6583247653565882,0.9767031922995075
laplace,41057,SF_k107,107,0.9310223909852352,2.4193135842945153,0.9673341824453585
laplace,41057,SF_k108,108,0.9438729148535301,2.5774733031549846,0.9738811421347806
laplace,41057,SF_k109,109,0.957600953042881,2.73020920100568,0.9789551389684823
laplace,41057,SF_k110,110,0.9731335699937322,2.765275381453852,0.9799733210760904
laplace,41058,SF_k106,106,0.9187206599719125,3.42113904556911,0.9920788686569129
laplace,41058,SF_k107,107,0.9310223909852352,3.295116390904698,0.9905335214069835
laplace,41058,SF_k108,108,0.9438729148535301,3.0743585267757636,0.9870647550193805
laplace,41058,SF_k109,109,0.957600953042881,3.055765432418466,0.9867201166380364
laplace,41058,SF_k110,110,0.9731335699937322,3.24974775062382,0.9899062347045704
laplace,41059,SF_k106,106,0.9187206599719125,2.8177275345669917,0.9814051105069979
laplace,41059,SF_k107,107,0.9310223909852352,2.705466994117839,0.9782057284277805
laplace,41059,SF_k108,108,0.9438729148535301,2.7161829755302116,0.9785335236847599
laplace,41059,SF_k109,109,0.957600953042881,3.015801133374521,0.985947948283765
laplace,41059,SF_k110,110,0.9731335699937322,3.668965911131499,0.9944207524056716
laplace,41060,SF_k106,106,0.9187206599719125,3.4687011763031803,0.9925941440516441
laplace,41060,SF_k107,107,0.9310223909852352,3.2222073382127356,0.9895053462533989
laplace,41060,SF_k108,108,0.9438729148535301,3.0481086127898394,0.9865755356630093
laplace,41060,SF_k109,109,0.957600953042881,3.504997582290269,0.9929647012069622
laplace,41060,SF_k110,110,0.9731335699937322,3.237322564115635,0.9897273009040986
laplace,41061,SF_k106,106,0.9187206599719125,2.9611290470856617,0.9848183658049401
laplace,41061,SF_k107,107,0.9310223909852352,2.9630689568449253,0.9848599587289693
laplace,41061,SF_k108,108,0.9438729148535301,2.965444127427011,0.9849107287881227
laplace,41061,SF_k109,109,0.957600953042881,3.16680421347596,0.9886499992398137
laplace,41061,SF_k110,110,0.9731335699937322,3.897041212472267,0.995958941174409
laplace,41062,SF_k106,106,0.9187206599719125,3.325728914095537,0.9909346056667783
laplace,41062,SF_k107,107,0.9310223909852352,3.3406003133483178,0.9911232720999279
laplace,41062,SF_k108,108,0.9438729148535301,3.453401612988463,0.9924321585492775
laplace,41062,SF_k109,109,0.957600953042881,3.4251107740161917,0.9921232359203598
laplace,41062,SF_k110,110,0.9731335699937322,3.3439471590652534,0.9911651877505776
laplace,41063,SF_k106,106,0.9187206599719125,3.7567144677005047,0.9950718743217539
laplace,41063,SF_k107,107,0.9310223909852352,3.5483417540114557,0.9933829989975609
laplace,41063,SF_k108,108,0.9438729148535301,3.9618455329524545,0.9963128286426877
laplace,41063,SF_k109,109,0.957600953042881,3.8801977374420726,0.9958615264422039
laplace,41063,SF_k110,110,0.9731335699937322,3.841131469066948,0.9956264498938714
laplace,41064,SF_k106,106,0.9187206599719125,2.9042931080809735,0.9835477116587483
laplace,41064,SF_k107,107,0.9310223909852352,2.7507081233754325,0.9795564680831492
laplace,41064,SF_k108,108,0.9438729148535301,2.620581156432172,0.975425879763768
laplace,41064,SF_k109,109,0.957600953042881,3.2364238216084686,0.9897142358601785
laplace,41064,SF_k110,110,0.9731335699937322,3.3362057476933096,0.9910679327440262
laplace,41065,SF_k106,106,0.9187206599719125,3.3927043176773712,0.9917538467424081
laplace,41065,SF_k107,107,0.9310223909852352,3.2801405871567804,0.9903308928414263
laplace,41065,SF_k108,108,0.9438729148535301,3.217149334288801,0.9894300078390348
laplace,41065,SF_k109,109,0.957600953042881,3.113139574082413,0.9877550810450979
laplace,41065,SF_k110,110,0.9731335699937322,3.10128697912129,0.9875481006152604
laplace,41066,SF_k106,106,0.9187206599719125,3.331234479430238,0.9910049151648359
laplace,41066,SF_k107,107,0.9310223909852352,3.060511615454163,0.9868089542833485
laplace,41066,SF_k108,108,0.9438729148535301,3.115074833992694,0.9877885479881388
laplace,41066,SF_k109,109,0.957600953042881,3.3415998612650863,0.9911358111491202
laplace,41066,SF_k110,110,0.9731335699937322,3.205828873370781,0.9892594251955722
laplace,41067,SF_k106,106,0.9187206599719125,3.3301639430099144,0.9909912865881068
laplace,41067,SF_k107,107,0.9310223909852352,3.1984654460572393,0.9891469942813096
laplace,41067,SF_k108,108,0.9438729148535301,2.9749544443414684,0.985112315071226
laplace,41067,SF_k109,109,0.957600953042881,2.788716606480005,0.9806263395945924
laplace,41067,SF_k110,110,0.9731335699937322,2.527843109227847,0.9719820529655465
laplace,41068,SF_k106,106,0.9187206599719125,3.691153246407728,0.9945930979376452
laplace,41068,SF_k107,107,0.9310223909852352,3.4801516532390377,0.9927131043988755
laplace,41068,SF_k108,108,0.9438729148535301,3.2672815873246224,0.9901534479709009
laplace,41068,SF_k109,109,0.957600953042881,3.8294942731030317,0.9955538767312173
laplace,41068,SF_k110,110,0.9731335699937322,3.868198831398707,0.9957907014034797
laplace,41069,SF_k106,106,0.9187206599719125,3.2915165102404527,0.9904852046780368
laplace,41069,SF_k107,107,0.9310223909852352,3.3636162289669977,0.9914075527610797
laplace,41069,SF_k108,108,0.9438729148535301,3.2496472258367763,0.9899047996373895
laplace,41069,SF_k109,109,0.957600953042881,3.3256744146925206,0.9909339069355083
laplace,41069,SF_k110,110,0.9731335699937322,3.392085839046443,0.9917466309996392
laplace,41070,SF_k106,106,0.9187206599719125,3.2252328385996356,0.9895501538394555
laplace,41070,SF_k107,107,0.9310223909852352,2.9708238529031026,0.9850250935817237
laplace,41070,SF_k108,108,0.9438729148535301,2.8122258711633594,0.9812598681689557
laplace,41070,SF_k109,109,0.957600953042881,2.595057319351266,0.9745226448876008
laplace,41070,SF_k110,110,0.9731335699937322,2.611776469231562,0.9751179770136085
laplace,41071,SF_k106,106,0.9187206599719125,2.9012837864819674,0.9834775444209509
laplace,41071,SF_k107,107,0.9310223909852352,2.792693415792062,0.9807349923567863
laplace,41071,SF_k108,108,0.9438729148535301,2.6441515265675926,0.9762315200959326
laplace,41071,SF_k109,109,0.957600953042881,2.702456348043617,0.9781127372100635
laplace,41071,SF_k110,110,0.9731335699937322,5.20481712548594,0.9993642613257039
laplace,41072,SF_k106,106,0.9187206599719125,3.717963392119281,0.9947942643598608
laplace,41072,SF_k107,107,0.9310223909852352,3.5755031414254708,0.9936323515323711
laplace,41072,SF_k108,108,0.9438729148535301,3.4044148465163033,0.9918892882111026
laplace,41072,SF_k109,109,0.957600953042881,3.3110706907985916,0.9907447199759909
laplace,41072,SF_k110,110,0.9731335699937322,3.2314057450898335,0.989640981958027
laplace,41073,SF_k106,106,0.9187206599719125,3.3685998427394703,0.991467898514985
laplace,41073,SF_k107,107,0.9310223909852352,3.2425128796329554,0.9898024286557339
laplace,41073,SF_k108,108,0.9438729148535301,3.0497426082629646,0.9866065213494053
laplace,41073,SF_k109,109,0.957600953042881,3.039929363710536,0.9864193505612233
laplace,41073,SF_k110,110,0.9731335699937322,3.0318041204296513,0.9862623976046598
laplace,41074,SF_k106,106,0.9187206599719125,2.990680371156327,0.985439759836624
laplace,41074,SF_k107,107,0.9310223909852352,3.3408641219591253,0.9911265832270999
laplace,41074,SF_k108,108,0.9438729148535301,3.5678456113603474,0.9935630190929343
laplace,41074,SF_k109,109,0.957600953042881,3.4318462437268185,0.9921979089810247
laplace,41074,SF_k110,110,0.9731335699937322,4.092627914571786,0.9969354357903777
laplace,41075,SF_k106,106,0.9187206599719125,3.1593092719660802,0.9885290556624622
laplace,41075,SF_k107,107,0.9310223909852352,2.9799493528330903,0.9852171091409827
laplace,41075,SF_k108,108,0.9438729148535301,2.7670044414366206,0.9800222316905962
laplace,41075,SF_k109,109,0.957600953042881,2.5637666547421314,0.9733699119807788
laplace,41075,SF_k110,110,0.9731335699937322,2.4888081526238692,0.9703918685309245
laplace,41076,SF_k106,106,0.9187206599719125,3.3264578951660693,0.9909439466825127
laplace,41076,SF_k107,107,0.9310223909852352,3.477935795542878,0.992690233666988
laplace,41076,SF_k108,108,0.9438729148535301,3.2858390999345333,0.9904085022013962
laplace,41076,SF_k109,109,0.957600953042881,3.0972824889228256,0.9874773829091044
laplace,41076,SF_k110,110,0.9731335699937322,2.9084859774755945,0.9836449786947556
laplace,41077,SF_k106,106,0.9187206599719125,3.6915533830616005,0.9945961567227295
laplace,41077,SF_k107,107,0.9310223909852352,3.4983776364730743,0.9928985273418576
laplace,41077,SF_k108,108,0.9438729148535301,4.3609681498536625,0.9979031945412782
laplace,41077,SF_k109,109,0.957600953042881,4.214770076513134,0.9974215968466822
laplace,41077,SF_k110,110,0.9731335699937322,4.171281283771964,0.9972580407626566
laplace,41078,SF_k106,106,0.9187206599719125,3.885659468511956,0.9958933691005529
laplace,41078,SF_k107,107,0.9310223909852352,3.9063956210314097,0.9960120488143165
laplace,41078,SF_k108,108,0.9438729148535301,3.785045206200449,0.9952654200348658
laplace,41078,SF_k109,109,0.957600953042881,3.9172100764314415,0.9960725763063396
laplace,41078,SF_k110,110,0.9731335699937322,6.53632120411801,0.999903286165049
laplace,41079,SF_k106,106,0.9187206599719125,3.2131529198685933,0.9893700993967172
laplace,41079,SF_k107,107,0.9310223909852352,3.077924868738452,0.9871298305777061
laplace,41079,SF_k108,108,0.9438729148535301,2.906273854107094,0.9835937332862612
laplace,41079,SF_k109,109,0.957600953042881,3.2183771024326804,0.9894483448709115
laplace,41079,SF_k110,110,0.9731335699937322,3.292562117139683,0.9904992639175569
laplace,41080,SF_k106,106,0.9187206599719125,3.3954388914260956,0.9917856752696514
laplace,41080,SF_k107,107,0.9310223909852352,3.19433134543268,0.9890833563222305
laplace,41080,SF_k108,108,0.9438729148535301,3.097188195403181,0.9874757128920628
laplace,41080,SF_k109,109,0.957600953042881,3.2967443872803153,0.9905552913373041
laplace,41080,SF_k110,110,0.9731335699937322,4.096056370469967,0.9969502585771899
laplace,41081,SF_k106,106,0.9187206599719125,3.377464024337203,0.9915741880175164
laplace,41081,SF_k107,107,0.9310223909852352,3.1162358522922413,0.9878085818593993
laplace,41081,SF_k108,108,0.9438729148535301,2.9813866107015636,0.9852471261742717
laplace,41081,SF_k109,109,0.957600953042881,3.3128218459009413,0.9907676123861824
laplace,41081,SF_k110,110,0.9731335699937322,3.369062747486146,0.9914734821946847
laplace,41082,SF_k106,106,0.9187206599719125,3.5041525834996157,0.9929562889379797
laplace,41082,SF_k107,107,0.9310223909852352,3.29670697751023,0.9905547916479565
laplace,41082,SF_k108,108,0.9438729148535301,4.202497526599474,0.9973764554607742
laplace,41082,SF_k109,109,0.957600953042881,4.400990803412823,0.9980185787367699
laplace,41082,SF_k110,110,0.9731335699937322,5.713431440711745,0.9996903327521891
laplace,41083,SF_k106,106,0.9187206599719125,3.371274103680652,0.9915001057768822
laplace,41083,SF_k107,107,0.9310223909852352,3.1608301952202513,0.988553702119052
laplace,41083,SF_k108,108,0.9438729148535301,3.12516262564535,0.9879615233333445
laplace,41083,SF_k109,109,0.957600953042881,3.3705949871553367,0.9914919384227672
laplace,41083,SF_k110,110,0.9731335699937322,4.49598152702083,0.998267652842709
laplace,41084,SF_k106,106,0.9187206599719125,3.223188191161513,0.9895198936686698
laplace,41084,SF_k107,107,0.9310223909852352,2.9626084774879167,0.9848500960785433
laplace,41084,SF_k108,108,0.9438729148535301,2.9924432609363265,0.9854760147973063
laplace,41084,SF_k109,109,0.957600953042881,3.254297149307332,0.9899709677232811
laplace,41084,SF_k110,110,0.9731335699937322,2.993798934108625,0.9855038336712607
laplace,41085,SF_k106,106,0.9187206599719125,2.791522152808306,0.9807030550465152
laplace,41085,SF_k107,107,0.9310223909852352,2.649775041645999,0.9764197976181364
laplace,41085,SF_k108,108,0.9438729148535301,2.5173997670570794,0.9715651818203046
laplace,41085,SF_k109,109,0.957600953042881,2.364730865403628,0.9647127814453982
laplace,41085,SF_k110,110,0.9731335699937322,2.363215681044064,0.9646370871259331
laplace,41086,SF_k106,106,0.9187206599719125,3.4192879429768297,0.9920581051223447
laplace,41086,SF_k107,107,0.9310223909852352,3.2104775977179942,0.9893298052357176
laplace,41086,SF_k108,108,0.9438729148535301,3.2837151864621887,0.9903796492230159
laplace,41086,SF_k109,109,0.957600953042881,3.343829871127286,0.991163722197026
laplace,41086,SF_k110,110,0.9731335699937322,3.5337016416346714,0.9932445709047855
laplace,41087,SF_k106,106,0.9187206599719125,3.5656673686648666,0.9935431593977249
laplace,41087,SF_k107,107,0.9310223909852352,3.838733425965362,0.9956115924972084
laplace,41087,SF_k108,108,0.9438729148535301,3.843068174028446,0.9956384122838768
laplace,41087,SF_k109,109,0.957600953042881,3.633355957917552,0.9941325859135179
laplace,41087,SF_k110,110,0.9731335699937322,3.587577758060252,0.9937401629309481
laplace,41088,SF_k106,106,0.9187206599719125,3.702090271077275,0.9946760846085365
laplace,41088,SF_k107,107,0.9310223909852352,3.494683282667731,0.9928613278587952
laplace,41088,SF_k108,108,0.9438729148535301,3.302462960324486,0.990631365343708
laplace,41088,SF_k109,109,0.957600953042881,3.1941137953963477,0.9890799971667743
laplace,41088,SF_k110,110,0.9731335699937322,4.374095621275333,0.9979417627177611
laplace,41089,SF_k106,106,0.9187206599719125,3.073026949336,0.9870403732585784
laplace,41089,SF_k107,107,0.9310223909852352,3.2185387023445133,0.9894507560367416
laplace,41089,SF_k108,108,0.9438729148535301,3.0843181259665298,0.9872456708574324
laplace,41089,SF_k109,109,0.957600953042881,2.9503818865360567,0.984585861065175
laplace,41089,SF_k110,110,0.9731335699937322,4.300602619515025,0.9977163278759709
laplace,41090,SF_k106,106,0.9187206599719125,3.4911160392919993,0.992825223377581
laplace,41090,SF_k107,107,0.9310223909852352,3.5101793249931377,0.9930160680749658
laplace,41090,SF_k108,108,0.9438729148535301,3.322811718927095,0.9908971287943407
laplace,41090,SF_k109,109,0.957600953042881,3.1918469148650153,0.989044933065689
laplace,41090,SF_k110,110,0.9731335699937322,3.4518763003184545,0.9924158162034402
laplace,41091,SF_k106,106,0.9187206599719125,3.0895608040439253,0.9873398851554176
laplace,41091,SF_k107,107,0.9310223909852352,2.8422245496864456,0.9820382809547896
laplace,41091,SF_k108,108,0.9438729148535301,2.635281927714679,0.9759315022981403
laplace,41091,SF_k109,109,0.957600953042881,2.7703839223870856,0.9801174837935132
laplace,41091,SF_k110,110,0.9731335699937322,3.4493991941970985,0.9923892010249793
laplace,41092,SF_k106,106,0.9187206599719125,3.4086937049029946,0.9919382197120017
laplace,41092,SF_k107,107,0.9310223909852352,3.1826538580954753,0.9889015769736809
laplace,41092,SF_k108,108,0.9438729148535301,3.284482544628361,0.9903900836449913
laplace,41092,SF_k109,109,0.957600953042881,4.247170825389008,0.9975370773939698
laplace,41092,SF_k110,110,0.9731335699937322,4.452691670611487,0.9981582829251183
laplace,41093,SF_k106,106,0.9187206599719125,3.143951436567995,0.9882771899830911
laplace,41093,SF_k107,107,0.9310223909852352,2.9311552719718326,0.9841609922886561
laplace,41093,SF_k108,108,0.9438729148535301,3.026040074221895,0.9861499566065013
laplace,41093,SF_k109,109,0.957600953042881,2.80871050364085,0.9811664699991367
laplace,41093,SF_k110,110,0.9731335699937322,3.704716905053308,0.9946958242531891
laplace,41094,SF_k106,106,0.9187206599719125,3.339734000791872,0.991112390103478
laplace,41094,SF_k107,107,0.9310223909852352,3.063760614894264,0.9868694251925272
laplace,41094,SF_k108,108,0.9438729148535301,2.9191395147464303,0.9838895426373799
laplace,41094,SF_k109,109,0.957600953042881,2.6991263364520135,0.9780094193937379
laplace,41094,SF_k110,110,0.9731335699937322,2.7190353703635726,0.9786199427860831
laplace,41095,SF_k106,106,0.9187206599719125,3.2890652056303384,0.9904521627999019
laplace,41095,SF_k107,107,0.9310223909852352,3.0162566579155095,0.9859569978265108
laplace,41095,SF_k108,108,0.9438729148535301,3.06724391899246,0.986933949131114
laplace,41095,SF_k109,109,0.957600953042881,3.1237096817784833,0.9879367615662771
laplace,41095,SF_k110,110,0.9731335699937322,2.940177037697561,0.9843617937836187
laplace,41096,SF_k106,106,0.9187206599719125,3.2797464948420583,0.9903255024492248
laplace,41096,SF_k107,107,0.9310223909852352,3.0982935041990074,0.9874952748468524
laplace,41096,SF_k108,108,0.9438729148535301,2.9429642932732882,0.984423314737725
laplace,41096,SF_k109,109,0.957600953042881,4.435375155485772,0.998112623857951
laplace,41096,SF_k110,110,0.9731335699937322,4.649709575442085,0.9986061454926101
laplace,41097,SF_k106,106,0.9187206599719125,3.090611591236568,0.987358684589027
laplace,41097,SF_k107,107,0.9310223909852352,3.132861655499384,0.9880918881406913
laplace,41097,SF_k108,108,0.9438729148535301,2.996022634775915,0.9855493494297838
laplace,41097,SF_k109,109,0.957600953042881,2.8702544928379794,0.9827363618628964
laplace,41097,SF_k110,110,0.9731335699937322,3.616964882036681,0.993994987793944
laplace,41098,SF_k106,106,0.9187206599719125,3.0327704411785397,0.9862811583690381
laplace,41098,SF_k107,107,0.9310223909852352,3.083830052741412,0.9872368642731848
laplace,41098,SF_k108,108,0.9438729148535301,2.89531675088274,0.983337527043
laplace,41098,SF_k109,109,0.957600953042881,2.8169709231759987,0.981385203138964
laplace,41098,SF_k110,110,0.9731335699937322,2.838519214202604,0.9819439120727542
laplace,41099,SF_k106,106,0.9187206599719125,3.6560871920515354,0.9943182050975643
laplace,41099,SF_k107,107,0.9310223909852352,3.863038772515243,0.9957598720108101
laplace,41099,SF_k108,108,0.9438729148535301,3.7029746990673695,0.9946827394398028
laplace,41099,SF_k109,109,0.957600953042881,3.631011665339004,0.9941131012162125
laplace,41099,SF_k110,110,0.9731335699937322,3.638874498148483,0.9941781993034229
laplace,41100,SF_k106,106,0.9187206599719125,3.1649074052491155,0.9886195120819912
laplace,41100,SF_k107,107,0.9310223909852352,2.9134967298508605,0.9837604651887242
laplace,41100,SF_k108,108,0.9438729148535301,2.8481538510032096,0.9821882656157508
laplace,41100,SF_k109,109,0.957600953042881,3.0627700905382973,0.9868510188239974
laplace,41100,SF_k110,110,0.9731335699937322,3.251401650768127,0.989929816109919
laplace,41101,SF_k106,106,0.9187206599719125,3.496589165809486,0.9928805429987411
laplace,41101,SF_k107,107,0.9310223909852352,3.7261425280408673,0.9948541324222078
laplace,41101,SF_k108,108,0.9438729148535301,4.558339111653234,0.9984138807883123
laplace,41101,SF_k109,109,0.957600953042881,4.421086413183761,0.9980740970686119
laplace,41101,SF_k110,110,0.9731335699937322,4.196859717890882,0.9973554541570904
laplace,41102,SF_k106,106,0.9187206599719125,3.122238348862448,0.98791163450063
laplace,41102,SF_k107,107,0.9310223909852352,2.873260969206513,0.9828096075701975
laplace,41102,SF_k108,108,0.9438729148535301,3.050216360446425,0.9866154917974361
laplace,41102,SF_k109,109,0.957600953042881,2.9775474259434813,0.9851668086788417
laplace,41102,SF_k110,110,0.9731335699937322,3.1855065362993487,0.9889462611044628
laplace,41103,SF_k106,106,0.9187206599719125,3.0708169469965707,0.98699980568088
laplace,41103,SF_k107,107,0.9310223909852352,3.167824443221499,0.988666363470861
laplace,41103,SF_k108,108,0.9438729148535301,3.0556792944190874,0.9867184988169493
laplace,41103,SF_k109,109,0.957600953042881,3.5797928305757116,0.9936708641674252
laplace,41103,SF_k110,110,0.9731335699937322,3.2977561181541484,0.9905687951967461
laplace,41104,SF_k106,106,0.9187206599719125,3.0738285875864824,0.9870550571028103
laplace,41104,SF_k107,107,0.9310223909852352,3.224713137945986,0.9895424707168465
laplace,41104,SF_k108,108,0.9438729148535301,3.1762256101326107,0.9888002221422394
laplace,41104,SF_k109,109,0.957600953042881,3.033111765032137,0.9862877789220432
laplace,41104,SF_k110,110,0.9731335699937322,3.850422942030625,0.9956835429714221
laplace,41105,SF_k106,106,0.9187206599719125,3.851815153374859,0.9956920332144181
laplace,41105,SF_k107,107,0.9310223909852352,3.693831627744575,0.9946135394799325
laplace,41105,SF_k108,108,0.9438729148535301,3.6458009531449083,0.9942349482784316
laplace,41105,SF_k109,109,0.957600953042881,3.9451138640161427,0.9962245418205173
laplace,41105,SF_k110,110,0.9731335699937322,3.940379518704935,0.9961991788985007
laplace,41106,SF_k106,106,0.9187206599719125,3.1816942660335488,0.988886505433499
laplace,41106,SF_k107,107,0.9310223909852352,3.0588226742501194,0.986777409502186
laplace,41106,SF_k108,108,0.9438729148535301,2.8806435878697445,0.9829881518950083
laplace,41106,SF_k109,109,0.957600953042881,3.610982519930778,0.993943967844561
laplace,41106,SF_k110,110,0.9731335699937322,3.6838134265383924,0.9945366816043184
laplace,41107,SF_k106,106,0.9187206599719125,3.3550265754837825,0.9913025385666574
laplace,41107,SF_k107,107,0.9310223909852352,3.1713374217938286,0.9887225304952258
laplace,41107,SF_k108,108,0.9438729148535301,3.0574458153832564,0.986751637754939
laplace,41107,SF_k109,109,0.957600953042881,2.9977551592393965,0.985584712489648
laplace,41107,SF_k110,110,0.9731335699937322,2.73366219584732,0.9790576562383748
laplace,41108,SF_k106,106,0.9187206599719125,3.480038389650544,0.9927119370984461
laplace,41108,SF_k107,107,0.9310223909852352,3.4491084060315984,0.9923860705424932
laplace,41108,SF_k108,108,0.9438729148535301,3.257776683408873,0.9900201974044527
laplace,41108,SF_k109,109,0.957600953042881,3.4196931962141375,0.992062655434395
laplace,41108,SF_k110,110,0.9731335699937322,3.6333469285465974,0.9941325109893369
laplace,41109,SF_k106,106,0.9187206599719125,3.090613353353122,0.9873587160912611
laplace,41109,SF_k107,107,0.9310223909852352,3.025154395163897,0.9861325980134583
laplace,41109,SF_k108,108,0.9438729148535301,3.087364082337402,0.9873004936610907
laplace,41109,SF_k109,109,0.957600953042881,3.609070992444599,0.9939275743754914
laplace,41109,SF_k110,110,0.9731335699937322,4.084911756075364,0.9969018112317201
laplace,41110,SF_k106,106,0.9187206599719125,3.5741885082922784,0.9936205019668156
laplace,41110,SF_k107,107,0.9310223909852352,3.5069703498764957,0.992984301735699
laplace,41110,SF_k108,108,0.9438729148535301,3.798381754968402,0.9953538808207332
laplace,41110,SF_k109,109,0.957600953042881,3.9199500423178604,0.9960877652215567
laplace,41110,SF_k110,110,0.9731335699937322,4.229548294184226,0.9974749251177233
laplace,41111,SF_k106,106,0.9187206599719125,3.1714286292775866,0.9887239850468008
laplace,41111,SF_k107,107,0.9310223909852352,2.9312846629925158,0.9841638903486545
laplace,41111,SF_k108,108,0.9438729148535301,2.9289913049002383,0.9841124457440349
laplace,41111,SF_k109,109,0.957600953042881,3.032441136268986,0.9862747679140953
laplace,41111,SF_k110,110,0.9731335699937322,2.9243527197774575,0.9840078815898023
laplace,41112,SF_k106,106,0.9187206599719125,3.122676362907506,0.9879191202643185
laplace,41112,SF_k107,107,0.9310223909852352,2.8808852417445587,0.9829939647039612
laplace,41112,SF_k108,108,0.9438729148535301,3.5927590325741487,0.993785863801258
laplace,41112,SF_k109,109,0.957600953042881,3.6432678935382365,0.9942142591721175
laplace,41112,SF_k110,110,0.9731335699937322,3.362165881443979,0.9913899106961319
laplace,41113,SF_k106,106,0.9187206599719125,3.1097969293835854,0.9876970596676382
laplace,41113,SF_k107,107,0.9310223909852352,2.993022892195475,0.9854879155548129
laplace,41113,SF_k108,108,0.9438729148535301,3.2290190078536685,0.9896059575058245
laplace,41113,SF_k109,109,0.957600953042881,3.1501764984377454,0.9883799395805057
laplace,41113,SF_k110,110,0.9731335699937322,3.808482077087737,0.9954197743131823
laplace,41114,SF_k106,106,0.9187206599719125,3.5481988195002385,0.993381661302283
laplace,41114,SF_k107,107,0.9310223909852352,3.469347236216689,0.9926009074453341
laplace,41114,SF_k108,108,0.9438729148535301,3.9204756190974845,0.9960906720184417
laplace,41114,SF_k109,109,0.957600953042881,3.9006041311166557,0.9959792517574098
laplace,41114,SF_k110,110,0.9731335699937322,4.251121198582796,0.9975507985695862
laplace,41115,SF_k106,106,0.9187206599719125,2.685039761765709,0.9775669429449372
laplace,41115,SF_k107,107,0.9310223909852352,2.582563462554592,0.9740684855141848
laplace,41115,SF_k108,108,0.9438729148535301,2.4724623859025128,0.9696994628408946
laplace,41115,SF_k109,109,0.957600953042881,2.603792255683762,0.9748354324023578
laplace,41115,SF_k110,110,0.9731335699937322,3.3420811983137253,0.9911418430678571
laplace,41116,SF_k106,106,0.9187206599719125,3.2367893129160046,0.9897195510206018
laplace,41116,SF_k107,107,0.9310223909852352,2.994509119868268,0.9855183856498315
laplace,41116,SF_k108,108,0.9438729148535301,3.058149820187963,0.9867648214344993
laplace,41116,SF_k109,109,0.957600953042881,3.01897662300191,0.9860109120403717
laplace,41116,SF_k110,110,0.9731335699937322,2.7948101447184226,0.9807925760557146
laplace,41117,SF_k106,106,0.9187206599719125,3.680843808000337,0.9945136891971413
laplace,41117,SF_k107,107,0.9310223909852352,3.5645888147886464,0.9935333032281919
laplace,41117,SF_k108,108,0.9438729148535301,3.456029396752063,0.9924602303275318
laplace,41117,SF_k109,109,0.957600953042881,3.850168548203633,0.9956819897723834
laplace,41117,SF_k110,110,0.9731335699937322,4.764986469669319,0.9988158244559218
laplace,41118,SF_k106,106,0.9187206599719125,2.9784674923861023,0.9851860966377586
laplace,41118,SF_k107,107,0.9310223909852352,2.98744659508409,0.9853730197253161
laplace,41118,SF_k108,108,0.9438729148535301,3.0894234405719505,0.9873374255463434
laplace,41118,SF_k109,109,0.957600953042881,3.5151753169350726,0.9930652384358574
laplace,41118,SF_k110,110,0.9731335699937322,4.341874825375694,0.997845805191885
laplace,41119,SF_k106,106,0.9187206599719125,4.124240588115013,0.9970694260102535
laplace,41119,SF_k107,107,0.9310223909852352,3.90632367146344,0.9960116430114436
laplace,41119,SF_k108,108,0.9438729148535301,3.782953315752366,0.9952513926099387
laplace,41119,SF_k109,109,0.957600953042881,3.5765601483546643,0.9936418629960397
laplace,41119,SF_k110,110,0.9731335699937322,4.736127054821064,0.9987664944394377
laplace,41120,SF_k106,106,0.9187206599719125,2.756131709145296,0.9797126723744132
laplace,41120,SF_k107,107,0.9310223909852352,3.0716640512556834,0.9870153704109588
laplace,41120,SF_k108,108,0.9438729148535301,3.750097089456035,0.9950255385432205
laplace,41120,SF_k109,109,0.957600953042881,3.5625925054566214,0.9935150206041856
laplace,41120,SF_k110,110,0.9731335699937322,4.533867165241651,0.9983580265462144
laplace,41121,SF_k106,106,0.9187206599719125,3.319062846623348,0.990848739888412
laplace,41121,SF_k107,107,0.9310223909852352,3.3360876684848098,0.9910664410605552
laplace,41121,SF_k108,108,0.9438729148535301,3.2189918559871775,0.9894575144175131
laplace,41121,SF_k109,109,0.957600953042881,3.744272122569465,0.994984390938334
laplace,41121,SF_k110,110,0.9731335699937322,3.5856331997110886,0.9937229245567853
laplace,41122,SF_k106,106,0.9187206599719125,3.7734826769708842,0.9951873642845466
laplace,41122,SF_k107,107,0.9310223909852352,3.674906112790402,0.994467425748466
laplace,41122,SF_k108,108,0.9438729148535301,3.5119335217714127,0.9930333724020282
laplace,41122,SF_k109,109,0.957600953042881,3.3606474930368293,0.9913714021671929
laplace,41122,SF_k110,110,0.9731335699937322,3.881158572263507,0.9958671460872432
laplace,41123,SF_k106,106,0.9187206599719125,3.5467419920692387,0.9933680117139145
laplace,41123,SF_k107,107,0.9310223909852352,3.4215785553940687,0.9920837905914937
laplace,41123,SF_k108,108,0.9438729148535301,3.9873405752952156,0.9964434031039442
laplace,41123,SF_k109,109,0.957600953042881,3.902678133731857,0.9959910276659283
laplace,41123,SF_k110,110,0.9731335699937322,4.559809410391101,0.9984171754055637
laplace,41124,SF_k106,106,0.9187206599719125,2.503089932742445,0.9709838796913595
laplace,41124,SF_k107,107,0.9310223909852352,2.3202030530216966,0.9624192235909057
laplace,41124,SF_k108,108,0.9438729148535301,2.6297278920549334,0.9757417096590988
laplace,41124,SF_k109,109,0.957600953042881,3.8899505800699443,0.9959182149226695
laplace,41124,SF_k110,110,0.9731335699937322,3.658405283444806,0.9943368010930016
laplace,41125,SF_k106,106,0.9187206599719125,3.83518454926958,0.9955895122899088
laplace,41125,SF_k107,107,0.9310223909852352,3.651988023123301,0.9942851715056609
laplace,41125,SF_k108,108,0.9438729148535301,3.632472880557972,0.9941252537574228
laplace,41125,SF_k109,109,0.957600953042881,3.709638641593245,0.9947326151787308
laplace,41125,SF_k110,110,0.9731335699937322,4.218080777882265,0.9974336408130686
laplace,41126,SF_k106,106,0.9187206599719125,3.5314259545840048,0.9932227948344754
laplace,41126,SF_k107,107,0.9310223909852352,3.354960110693971,0.9913017210068056
laplace,41126,SF_k108,108,0.9438729148535301,3.5562061533932776,0.993456185147046
laplace,41126,SF_k109,109,0.957600953042881,3.8910624142871115,0.9959246279601133
laplace,41126,SF_k110,110,0.9731335699937322,3.61986503343659,0.994019566513384
laplace,41127,SF_k106,106,0.9187206599719125,3.7267939993547383,0.9948588712273871
laplace,41127,SF_k107,107,0.9310223909852352,3.6253023807401594,0.9940653771194365
laplace,41127,SF_k108,108,0.9438729148535301,3.60332638037034,0.9938780403947669
laplace,41127,SF_k109,109,0.957600953042881,3.543344256159151,0.9933360674999772
laplace,41127,SF_k110,110,0.9731335699937322,5.900442232527659,0.9997622962551596
laplace,41128,SF_k106,106,0.9187206599719125,3.340973028223761,0.9911279497763767
laplace,41128,SF_k107,107,0.9310223909852352,3.2182938385309456,0.9894471023093516
laplace,41128,SF_k108,108,0.9438729148535301,3.1851762237346826,0.9889410963374599
laplace,41128,SF_k109,109,0.957600953042881,3.0542516458790416,0.9866916563786998
laplace,41128,SF_k110,110,0.9731335699937322,3.7088241468262275,0.9947265443428339
laplace,41129,SF_k106,106,0.9187206599719125,3.7892275254458863,0.9952933409666833
laplace,41129,SF_k107,107,0.9310223909852352,3.7566876516595884,0.9950716874259
laplace,41129,SF_k108,108,0.9438729148535301,3.6450882281173502,0.9942291344915692
laplace,41129,SF_k109,109,0.957600953042881,3.929623146655743,0.996140919549003
laplace,41129,SF_k110,110,0.9731335699937322,7.883068914870054,0.999985600872918
laplace,41130,SF_k106,106,0.9187206599719125,3.167255366387033,0.9886572385321417
laplace,41130,SF_k107,107,0.9310223909852352,3.102497467560577,0.987569398651797
laplace,41130,SF_k108,108,0.9438729148535301,3.1668689992568346,0.9886510390898018
laplace,41130,SF_k109,109,0.957600953042881,3.8957763772505865,0.995951706273279
laplace,41130,SF_k110,110,0.9731335699937322,7.239736043660168,0.9999642347176179
laplace,41131,SF_k106,106,0.9187206599719125,3.383877705174346,0.9916502672287073
laplace,41131,SF_k107,107,0.9310223909852352,3.3517474275241814,0.9912621111571467
laplace,41131,SF_k108,108,0.9438729148535301,3.224502469830546,0.9895393546440592
laplace,41131,SF_k109,109,0.957600953042881,3.051807264181831,0.9866455714526903
laplace,41131,SF_k110,110,0.9731335699937322,3.1713945498013048,0.9887234415787494
laplace,41132,SF_k106,106,0.9187206599719125,3.217089021120807,0.9894291062257012
laplace,41132,SF_k107,107,0.9310223909852352,3.1774211808189734,0.988819142640349
laplace,41132,SF_k108,108,0.9438729148535301,3.0573894731510367,0.9867505820840545
laplace,41132,SF_k109,109,0.957600953042881,2.932474922898962,0.9841905245595397
laplace,41132,SF_k110,110,0.9731335699937322,2.764985909670748,0.9799651209776334
laplace,41133,SF_k106,106,0.9187206599719125,3.3435952247649117,0.991160789479429
laplace,41133,SF_k107,107,0.9310223909852352,3.1667204123232,0.9886486540405648
laplace,41133,SF_k108,108,0.9438729148535301,3.0532532390440306,0.9866728522511428
laplace,41133,SF_k109,109,0.957600953042881,3.193872404160893,0.9890762686733807
laplace,41133,SF_k110,110,0.9731335699937322,4.2009485888765115,0.9973707022120455
laplace,41134,SF_k106,106,0.9187206599719125,2.881507890502828,0.9830089329186464
laplace,41134,SF_k107,107,0.9310223909852352,2.675891863365947,0.9772748392359034
laplace,41134,SF_k108,108,0.9438729148535301,2.6551757401299896,0.9765992110687434
laplace,41134,SF_k109,109,0.957600953042881,2.502765828281681,0.9709705770193453
laplace,41134,SF_k110,110,0.9731335699937322,2.7613211727808755,0.9798610162573478
laplace,41135,SF_k106,106,0.9187206599719125,3.4321091274961946,0.9922008090548691
laplace,41135,SF_k107,107,0.9310223909852352,3.3021997625241775,0.990627877521127
laplace,41135,SF_k108,108,0.9438729148535301,3.299190076166501,0.9905879015729717
laplace,41135,SF_k109,109,0.957600953042881,3.1619198950066445,0.9885713280600397
laplace,41135,SF_k110,110,0.9731335699937322,3.14136720884578,0.9882342688336028
laplace,41136,SF_k106,106,0.9187206599719125,2.81475161997965,0.9813266875409876
laplace,41136,SF_k107,107,0.9310223909852352,2.8177491544807496,0.9814056790403114
laplace,41136,SF_k108,108,0.9438729148535301,2.71601278538902,0.9785283563996694
laplace,41136,SF_k109,109,0.957600953042881,2.5329548107242252,0.9721838654238582
laplace,41136,SF_k110,110,0.9731335699937322,2.554158429668195,0.9730055905462685
laplace,41137,SF_k106,106,0.9187206599719125,3.3211047104325826,0.9908751272384901
laplace,41137,SF_k107,107,0.9310223909852352,3.2194067156993795,0.9894636978821472
laplace,41137,SF_k108,108,0.9438729148535301,3.434602405918125,0.9922282607955122
laplace,41137,SF_k109,109,0.957600953042881,4.146167030571858,0.9971589047407776
laplace,41137,SF_k110,110,0.9731335699937322,4.023275801342214,0.9966196337028652
laplace,41138,SF_k106,106,0.9187206599719125,3.4244829548286417,0.9921162392690086
laplace,41138,SF_k107,107,0.9310223909852352,3.301582021022806,0.990619686284909
laplace,41138,SF_k108,108,0.9438729148535301,3.1126515517534554,0.9877466270793744
laplace,41138,SF_k109,109,0.957600953042881,3.3641583249076117,0.9914141375455443
laplace,41138,SF_k110,110,0.9731335699937322,3.2629068393475795,0.9900923402112014
laplace,41139,SF_k106,106,0.9187206599719125,3.1455409326294443,0.9883035119385393
laplace,41139,SF_k107,107,0.9310223909852352,3.212815659926242,0.9893650281757194
laplace,41139,SF_k108,108,0.9438729148535301,3.522499787814107,0.9931367004806653
laplace,41139,SF_k109,109,0.957600953042881,3.322831989733786,0.9908973897448825
laplace,41139,SF_k110,110,0.9731335699937322,3.3431768279234557,0.9911555577489137
laplace,41140,SF_k106,106,0.9187206599719125,3.6951229917314343,0.9946233676042593
laplace,41140,SF_k107,107,0.9310223909852352,3.5818477670150735,0.993689230688636
laplace,41140,SF_k108,108,0.9438729148535301,3.517634626662023,0.9930893155672018
laplace,41140,SF_k109,109,0.957600953042881,3.4208751280987832,0.9920759116563866
laplace,41140,SF_k110,110,0.9731335699937322,3.3869061580810813,0.9916859516547103
laplace,41141,SF_k106,106,0.9187206599719125,3.5724514396010134,0.9936048109152913
laplace,41141,SF_k107,107,0.9310223909852352,3.419782903526311,0.9920636623441024
laplace,41141,SF_k108,108,0.9438729148535301,3.259995721661331,0.990051466870512
laplace,41141,SF_k109,109,0.957600953042881,3.1286095449662104,0.988020064255352
laplace,41141,SF_k110,110,0.9731335699937322,3.001472304393637,0.9856602924778088
laplace,41142,SF_k106,106,0.9187206599719125,3.508748818713531,0.9930019249904756
laplace,41142,SF_k107,107,0.9310223909852352,3.292809296869593,0.9905025844612596
laplace,41142,SF_k108,108,0.9438729148535301,3.747603316093098,0.9950079639980565
laplace,41142,SF_k109,109,0.957600953042881,3.8895660442877005,0.995915994580111
laplace,41142,SF_k110,110,0.9731335699937322,5.351296523155542,0.9994832111182281
laplace,41143,SF_k106,106,0.9187206599719125,3.233112455989606,0.9896659548901392
laplace,41143,SF_k107,107,0.9310223909852352,3.2613928825835963,0.9900711046098651
laplace,41143,SF_k108,108,0.9438729148535301,3.395954213853193,0.9917916594912435
laplace,41143,SF_k109,109,0.957600953042881,3.3017266985966107,0.9906216053475436
laplace,41143,SF_k110,110,0.9731335699937322,3.7806684782697553,0.9952360238643239
laplace,41144,SF_k106,106,0.9187206599719125,3.471450743633387,0.9926228856237191
laplace,41144,SF_k107,107,0.9310223909852352,3.215690871387713,0.9894081839065407
laplace,41144,SF_k108,108,0.9438729148535301,3.060054094720087,0.9868004164924835
laplace,41144,SF_k109,109,0.957600953042881,2.9419934614781442,0.9844019138295708
laplace,41144,SF_k110,110,0.9731335699937322,3.3329185310357388,0.9910263124463301
laplace,41145,SF_k106,106,0.9187206599719125,3.240576989786565,0.9897744718836916
laplace,41145,SF_k107,107,0.9310223909852352,3.0086406374690213,0.9858049276728602
laplace,41145,SF_k108,108,0.9438729148535301,2.857193483186398,0.9824145209990032
laplace,41145,SF_k109,109,0.957600953042881,3.1379454606594903,0.9881771955076564
laplace,41145,SF_k110,110,0.9731335699937322,3.235138808387004,0.9896955267198195
laplace,41146,SF_k106,106,0.9187206599719125,3.713353460454625,0.9947602150714427
laplace,41146,SF_k107,107,0.9310223909852352,3.7980797258149375,0.9953518958826544
laplace,41146,SF_k108,108,0.9438729148535301,3.817018255097272,0.9954747342948511
laplace,41146,SF_k109,109,0.957600953042881,3.748276453136494,0.995012713953092
laplace,41146,SF_k110,110,0.9731335699937322,3.988413960980182,0.9964487979102314
laplace,41147,SF_k106,106,0.9187206599719125,3.244483857516781,0.9898308136211413
laplace,41147,SF_k107,107,0.9310223909852352,3.410475510186403,0.9919585086415388
laplace,41147,SF_k108,108,0.9438729148535301,3.3441428696764217,0.9911676326815135
laplace,41147,SF_k109,109,0.957600953042881,3.4896335722343457,0.9928101654997952
laplace,41147,SF_k110,110,0.9731335699937322,4.656861415051523,0.9986201722014489
laplace,41148,SF_k106,106,0.9187206599719125,2.6116409055199212,0.975113206273406
laplace,41148,SF_k107,107,0.9310223909852352,2.519185920452055,0.9716369175974944
laplace,41148,SF_k108,108,0.9438729148535301,2.4304673394574987,0.967845403702537
laplace,41148,SF_k109,109,0.957600953042881,2.603937901867921,0.9748406151355864
laplace,41148,SF_k110,110,0.9731335699937322,2.4661739527409643,0.9694287927074985
laplace,41149,SF_k106,106,0.9187206599719125,3.1915024884321515,0.9890395956345852
laplace,41149,SF_k107,107,0.9310223909852352,3.0616763317663254,0.9868306641299405
laplace,41149,SF_k108,108,0.9438729148535301,3.570686980948179,0.9935888329365807
laplace,41149,SF_k109,109,0.957600953042881,3.568292056732357,0.9935670819210689
laplace,41149,SF_k110,110,0.9731335699937322,4.947767283439557,0.9990855608173239
normal,40000,SF_k106,106,0.9187206599719125,2.6916882587234503,0.9928908637585816
normal,40000,SF_k107,107,0.9310223909852352,2.5910983921738566,0.9904329865884669
normal,40000,SF_k108,108,0.9438729148535301,2.434148582589767,0.9850731336613916
normal,40000,SF_k109,109,0.957600953042881,2.6856290992192435,0.9927606598429146
normal,40000,SF_k110,110,0.9731335699937322,3.489971582076883,0.9995169280865006
normal,40001,SF_k106,106,0.9187206599719125,3.1253010926059654,0.9982237685049067
normal,40001,SF_k107,107,0.9310223909852352,2.9190662325901706,0.9964891837879026
normal,40001,SF_k108,108,0.9438729148535301,2.9050554026585,0.9963281190148285
normal,40001,SF_k109,109,0.957600953042881,2.740509048030424,0.9938655907048151
normal,40001,SF_k110,110,0.9731335699937322,2.57138348104436,0.9898706905306549
normal,40002,SF_k106,106,0.9187206599719125,3.2251054815006173,0.9987407373734312
normal,40002,SF_k107,107,0.9310223909852352,3.019307174083229,0.997466464873346
normal,40002,SF_k108,108,0.9438729148535301,2.7960591910733577,0.9948270074730279
normal,40002,SF_k109,109,0.957600953042881,2.6542139759662557,0.9920506599552918
normal,40002,SF_k110,110,0.9731335699937322,2.817552042205633,0.9951608728327901
normal,40003,SF_k106,106,0.9187206599719125,2.6912854373070467,0.9928822733071194
normal,40003,SF_k107,107,0.9310223909852352,2.4427326525981536,0.9854234690503891
normal,40003,SF_k108,108,0.9438729148535301,2.412198932816747,0.9841433728381792
normal,40003,SF_k109,109,0.957600953042881,2.247602083789765,0.9753984254136978
normal,40003,SF_k110,110,0.9731335699937322,2.528482384760902,0.9885443165138754
normal,40004,SF_k106,106,0.9187206599719125,3.0189393452803803,0.997463386892893
normal,40004,SF_k107,107,0.9310223909852352,2.75267447402382,0.9940889360308554
normal,40004,SF_k108,108,0.9438729148535301,2.7339013877856244,0.993741121398007
normal,40004,SF_k109,109,0.957600953042881,2.7535888365714727,0.9941054229794577
normal,40004,SF_k110,110,0.9731335699937322,2.910576267872514,0.996392370929162
normal,40005,SF_k106,106,0.9187206599719125,3.1001527960958204,0.9980657916515572
normal,40005,SF_k107,107,0.9310223909852352,2.931538765539631,0.9966271273206253
normal,40005,SF_k108,108,0.9438729148535301,2.7689125274867705,0.994375626682664
normal,40005,SF_k109,109,0.957600953042881,2.9543748776226195,0.996866968295443
normal,40005,SF_k110,110,0.9731335699937322,3.766301683711406,0.9998343164248875
normal,40006,SF_k106,106,0.9187206599719125,2.9592187813549247,0.9969157994587945
normal,40006,SF_k107,107,0.9310223909852352,3.043197960172788,0.9976592170788388
normal,40006,SF_k108,108,0.9438729148535301,2.8348107638192626,0.9954147162470994
normal,40006,SF_k109,109,0.957600953042881,2.925885778171983,0.9965652297846082
normal,40006,SF_k110,110,0.9731335699937322,2.805157575377523,0.9949708013294085
normal,40007,SF_k106,106,0.9187206599719125,2.907353864502343,0.9963549939215313
normal,40007,SF_k107,107,0.9310223909852352,2.8440347057091087,0.9955453804521526
normal,40007,SF_k108,108,0.9438729148535301,2.761961505999136,0.9942544747999011
normal,40007,SF_k109,109,0.957600953042881,2.6601964372425244,0.9921904910569093
normal,40007,SF_k110,110,0.9731335699937322,3.6138085475894113,0.9996982681004825
normal,40008,SF_k106,106,0.9187206599719125,3.0172610827845787,0.9974492997932938
normal,40008,SF_k107,107,0.9310223909852352,2.756540246729916,0.9941583576795365
normal,40008,SF_k108,108,0.9438729148535301,2.5523325177431655,0.9892995658652342
normal,40008,SF_k109,109,0.957600953042881,2.6630431824287797,0.9922562524066936
normal,40008,SF_k110,110,0.9731335699937322,2.4384843679673653,0.9852510034172233
normal,40009,SF_k106,106,0.9187206599719125,2.970157426422511,0.9970235282549054
normal,40009,SF_k107,107,0.9310223909852352,2.762891943417474,0.9942708270089742
normal,40009,SF_k108,108,0.9438729148535301,2.591437533086075,0.9904424108703622
normal,40009,SF_k109,109,0.957600953042881,2.6062337761723793,0.9908456042656943
normal,40009,SF_k110,110,0.9731335699937322,2.5617230068199612,0.9895845650054862
normal,40010,SF_k106,106,0.9187206599719125,3.2618537014586177,0.9988931374840233
normal,40010,SF_k107,107,0.9310223909852352,3.116219378190989,0.9981681406133462
normal,40010,SF_k108,108,0.9438729148535301,3.2762814091020056,0.9989481630052313
normal,40010,SF_k109,109,0.957600953042881,3.2829397950131574,0.9989726939702217
normal,40010,SF_k110,110,0.9731335699937322,3.187628225509726,0.9985655515942118
normal,40011,SF_k106,106,0.9187206599719125,3.1490068729361314,0.9983617365775472
normal,40011,SF_k107,107,0.9310223909852352,2.8964232726335237,0.9962255707171932
normal,40011,SF_k108,108,0.9438729148535301,2.7393710896868715,0.9938443150337359
normal,40011,SF_k109,109,0.957600953042881,2.9867250941289822,0.9971801683588353
normal,40011,SF_k110,110,0.9731335699937322,2.8824511779444477,0.9960540572025451
normal,40012,SF_k106,106,0.9187206599719125,3.105367438628826,0.9980995721635597
normal,40012,SF_k107,107,0.9310223909852352,3.018842877744635,0.9974625790895089
normal,40012,SF_k108,108,0.9438729148535301,2.869516029622769,0.995888995054899
normal,40012,SF_k109,109,0.957600953042881,2.6588617722000643,0.9921594876467519
normal,40012,SF_k110,110,0.9731335699937322,2.7202379008988147,0.993476503561622
normal,40013,SF_k106,106,0.9187206599719125,3.321439738365253,0.9991044568112557
normal,40013,SF_k107,107,0.9310223909852352,3.3234979167733862,0.9991110391325728
normal,40013,SF_k108,108,0.9438729148535301,3.223867309751813,0.998735280127991
normal,40013,SF_k109,109,0.957600953042881,3.171956563916781,0.9984858434783259
normal,40013,SF_k110,110,0.9731335699937322,2.9252063892205724,0.9965577216079924
normal,40014,SF_k106,106,0.9187206599719125,3.2650711987017407,0.9989056343552485
normal,40014,SF_k107,107,0.9310223909852352,3.041884048371601,0.9976489756060698
normal,40014,SF_k108,108,0.9438729148535301,2.84568204304109,0.9955683579501591
normal,40014,SF_k109,109,0.957600953042881,3.0620482204968162,0.9978017196352149
normal,40014,SF_k110,110,0.9731335699937322,3.0887224669220568,0.9979898087178631
normal,40015,SF_k106,106,0.9187206599719125,3.05910580907834,0.9977800127268328
normal,40015,SF_k107,107,0.9310223909852352,2.915113003668366,0.9964444022663204
normal,40015,SF_k108,108,0.9438729148535301,2.904746547985539,0.9963244940133691
normal,40015,SF_k109,109,0.957600953042881,2.7536953349835436,0.9941073405640268
normal,40015,SF_k110,110,0.9731335699937322,3.024369638478735,0.9975084817907356
normal,40016,SF_k106,106,0.9187206599719125,3.704046713754743,0.9997878128422935
normal,40016,SF_k107,107,0.9310223909852352,3.447008196328152,0.999433168614807
normal,40016,SF_k108,108,0.9438729148535301,3.3502506977463664,0.9991926154902719
normal,40016,SF_k109,109,0.957600953042881,3.1560980738926903,0.998401049128055
normal,40016,SF_k110,110,0.9731335699937322,3.0284334756875384,0.9975417480617412
normal,40017,SF_k106,106,0.9187206599719125,2.8237003884862175,0.9952527260563861
normal,40017,SF_k107,107,0.9310223909852352,2.8154902651834175,0.9951297127557697
normal,40017,SF_k108,108,0.9438729148535301,2.597704460801192,0.9906150770639726
normal,40017,SF_k109,109,0.957600953042881,2.4784341934993455,0.9868039549082697
normal,40017,SF_k110,110,0.9731335699937322,3.01033057439481,0.9973903650594278
normal,40018,SF_k106,106,0.9187206599719125,3.2628097115978347,0.9988968643715859
normal,40018,SF_k107,107,0.9310223909852352,3.094722489541604,0.9980300287853563
normal,40018,SF_k108,108,0.9438729148535301,2.9838189722964894,0.997153248570471
normal,40018,SF_k109,109,0.957600953042881,2.9445125480369962,0.9967653617020882
normal,40018,SF_k110,110,0.9731335699937322,2.879939711411698,0.9960224877769268
normal,40019,SF_k106,106,0.9187206599719125,3.343625355880789,0.9991730867453144
normal,40019,SF_k107,107,0.9310223909852352,3.1887733800522584,0.9985712216096878
normal,40019,SF_k108,108,0.9438729148535301,2.9870489869238868,0.9971831541780909
normal,40019,SF_k109,109,0.957600953042881,3.4358023617400537,0.9994091982060949
normal,40019,SF_k110,110,0.9731335699937322,3.5723252476796623,0.9996461744139744
normal,40020,SF_k106,106,0.9187206599719125,2.9032551310343084,0.9963069435418039
normal,40020,SF_k107,107,0.9310223909852352,2.9100285482479573,0.9963860425622597
normal,40020,SF_k108,108,0.9438729148535301,2.705455436593923,0.9931789200375218
normal,40020,SF_k109,109,0.957600953042881,2.5857979803519315,0.9902846145174822
normal,40020,SF_k110,110,0.9731335699937322,2.628553840839569,0.9914251219789303
normal,40021,SF_k106,106,0.9187206599719125,3.1857142620324503,0.9985560286437167
normal,40021,SF_k107,107,0.9310223909852352,2.9850425501372824,0.9971646112034029
normal,40021,SF_k108,108,0.9438729148535301,2.865791197624418,0.9958403149108106
normal,40021,SF_k109,109,0.957600953042881,2.6753028946460584,0.9925338238580905
normal,40021,SF_k110,110,0.9731335699937322,2.588134222335249,0.9903502628410479
normal,40022,SF_k106,106,0.9187206599719125,3.4206866413415997,0.9993753674138959
normal,40022,SF_k107,107,0.9310223909852352,3.2088793547070176,0.9986674660666117
normal,40022,SF_k108,108,0.9438729148535301,2.9881149625165375,0.9971929605434673
normal,40022,SF_k109,109,0.957600953042881,2.796364033338761,0.9948318848299746
normal,40022,SF_k110,110,0.9731335699937322,2.60113379617916,0.9907083792296538
normal,40023,SF_k106,106,0.9187206599719125,3.0422371441936296,0.9976517318857407
normal,40023,SF_k107,107,0.9310223909852352,2.867025019253738,0.9958564974531903
normal,40023,SF_k108,108,0.9438729148535301,2.6686732998830713,0.9923848518155598
normal,40023,SF_k109,109,0.957600953042881,2.53775802158568,0.9888434905991859
normal,40023,SF_k110,110,0.9731335699937322,2.639920125212648,0.9917074430907655
normal,40024,SF_k106,106,0.9187206599719125,3.0845484947056887,0.9979613862778911
normal,40024,SF_k107,107,0.9310223909852352,2.8910921564700556,0.9961609447414712
normal,40024,SF_k108,108,0.9438729148535301,3.007191831969361,0.9973632668551953
normal,40024,SF_k109,109,0.957600953042881,3.117658432762133,0.9981770606223703
normal,40024,SF_k110,110,0.9731335699937322,2.9724388796547587,0.9970455597249881
normal,40025,SF_k106,106,0.9187206599719125,3.424995700063099,0.9993851908489502
normal,40025,SF_k107,107,0.9310223909852352,3.1896596725007966,0.9985755957276696
normal,40025,SF_k108,108,0.9438729148535301,2.9888665657506754,0.9971998561114295
normal,40025,SF_k109,109,0.957600953042881,2.762710596196324,0.9942676431729374
normal,40025,SF_k110,110,0.9731335699937322,3.1698201899072256,0.9984746670259039
normal,40026,SF_k106,106,0.9187206599719125,3.3032030989503784,0.9990441286971368
normal,40026,SF_k107,107,0.9310223909852352,3.251587605409271,0.9988523759752743
normal,40026,SF_k108,108,0.9438729148535301,3.130913471852311,0.9982573650289115
normal,40026,SF_k109,109,0.957600953042881,3.007191648809629,0.9973632652664157
normal,40026,SF_k110,110,0.9731335699937322,3.3405160587843334,0.9991637715552957
normal,40027,SF_k106,106,0.9187206599719125,3.3218779398440144,0.9991058620100843
normal,40027,SF_k107,107,0.9310223909852352,3.1297621703076435,0.9982505211815338
normal,40027,SF_k108,108,0.9438729148535301,2.910960902824519,0.9963968089855164
normal,40027,SF_k109,109,0.957600953042881,2.7544740776638372,0.9941213453370215
normal,40027,SF_k110,110,0.9731335699937322,3.136448861002153,0.9982899274283428
normal,40028,SF_k106,106,0.9187206599719125,3.467733445673406,0.9994751323663127
normal,40028,SF_k107,107,0.9310223909852352,3.336874619401749,0.999152738395257
normal,40028,SF_k108,108,0.9438729148535301,3.1904752870250173,0.9985796101179905
normal,40028,SF_k109,109,0.957600953042881,3.6382598155039907,0.999725513553622
normal,40028,SF_k110,110,0.9731335699937322,4.075255380802452,0.9999540361233363
normal,40029,SF_k106,106,0.9187206599719125,3.312519305434581,0.9990754025547628
normal,40029,SF_k107,107,0.9310223909852352,3.109731621545537,0.9981274259728916
normal,40029,SF_k108,108,0.9438729148535301,2.9776566734288092,0.997095388511521
normal,40029,SF_k109,109,0.957600953042881,2.8003661539021003,0.9948955329155982
normal,40029,SF_k110,110,0.9731335699937322,2.58490403977108,0.9902593897027248
normal,40030,SF_k106,106,0.9187206599719125,3.4361157147217036,0.9994098811324352
normal,40030,SF_k107,107,0.9310223909852352,3.1724049855107204,0.998488179798549
normal,40030,SF_k108,108,0.9438729148535301,3.134489048977455,0.9982784632056163
normal,40030,SF_k109,109,0.957600953042881,3.545989249815908,0.9996088578366435
normal,40030,SF_k110,110,0.9731335699937322,4.148752950995367,0.9999665708668772
normal,40031,SF_k106,106,0.9187206599719125,2.989022693810826,0.9972012865630664
normal,40031,SF_k107,107,0.9310223909852352,2.9425552967086492,0.9967448435434947
normal,40031,SF_k108,108,0.9438729148535301,2.8238625972704092,0.9952551278648785
normal,40031,SF_k109,109,0.957600953042881,2.7214939334279764,0.9935012422078222
normal,40031,SF_k110,110,0.9731335699937322,3.282114191167555,0.9989696812835955
normal,40032,SF_k106,106,0.9187206599719125,3.146517626681354,0.9983477269805947
normal,40032,SF_k107,107,0.9310223909852352,2.8887650942802967,0.9961324212370333
normal,40032,SF_k108,108,0.9438729148535301,2.7682356693545644,0.9943639315914115
normal,40032,SF_k109,109,0.957600953042881,2.5815268012397454,0.9901635646615454
normal,40032,SF_k110,110,0.9731335699937322,2.6222085145580607,0.9912638037210009
normal,40033,SF_k106,106,0.9187206599719125,3.548298083131302,0.9996122708471296
normal,40033,SF_k107,107,0.9310223909852352,3.376758119928148,0.9992665448216422
normal,40033,SF_k108,108,0.9438729148535301,3.2260545226898993,0.9987449055473294
normal,40033,SF_k109,109,0.957600953042881,3.021308017966334,0.9974831481250965
normal,40033,SF_k110,110,0.9731335699937322,3.387664005511203,0.9992950944074763
normal,40034,SF_k106,106,0.9187206599719125,3.6287018352560723,0.999715149998337
normal,40034,SF_k107,107,0.9310223909852352,3.388677777098313,0.9992976951344243
normal,40034,SF_k108,108,0.9438729148535301,3.211636025813989,0.9986801852770693
normal,40034,SF_k109,109,0.957600953042881,3.3645197241953895,0.9992332299658868
normal,40034,SF_k110,110,0.9731335699937322,3.145672036063339,0.9983429429284907
normal,40035,SF_k106,106,0.9187206599719125,3.178385437460357,0.998519022687808
normal,40035,SF_k107,107,0.9310223909852352,2.9464808824379496,0.9967858771348201
normal,40035,SF_k108,108,0.9438729148535301,2.939376523312386,0.9967112671816489
normal,40035,SF_k109,109,0.957600953042881,2.9177805831076165,0.9964746767939476
normal,40035,SF_k110,110,0.9731335699937322,3.98252944883418,0.9999318143272096
normal,40036,SF_k106,106,0.9187206599719125,3.519314680462199,0.9995673368115037
normal,40036,SF_k107,107,0.9310223909852352,3.404227233653352,0.9993364846869144
normal,40036,SF_k108,108,0.9438729148535301,3.3656117089350346,0.9992362586483776
normal,40036,SF_k109,109,0.957600953042881,3.277025070847136,0.9989509294608254
normal,40036,SF_k110,110,0.9731335699937322,3.3023225032539267,0.999041122468004
normal,40037,SF_k106,106,0.9187206599719125,3.0718962324215573,0.9978729634621908
normal,40037,SF_k107,107,0.9310223909852352,2.8237635308694147,0.9952536611298195
normal,40037,SF_k108,108,0.9438729148535301,2.643947844736324,0.9918054718324933
normal,40037,SF_k109,109,0.957600953042881,2.61314466920367,0.9910286681958018
normal,40037,SF_k110,110,0.9731335699937322,3.8692356361659415,0.9998908229112018
normal,40038,SF_k106,106,0.9187206599719125,3.4519387393363394,0.9994434259234419
normal,40038,SF_k107,107,0.9310223909852352,3.4308429117924897,0.9993982910657224
normal,40038,SF_k108,108,0.9438729148535301,3.331849104632145,0.9991372898019568
normal,40038,SF_k109,109,0.957600953042881,3.5534569392684126,0.9996197965644087
normal,40038,SF_k110,110,0.9731335699937322,3.318718373472649,0.9990956841684813
normal,40039,SF_k106,106,0.9187206599719125,2.9502630480258243,0.9968249651788634
normal,40039,SF_k107,107,0.9310223909852352,2.802060638307938,0.9949222671520848
normal,40039,SF_k108,108,0.9438729148535301,2.844281159053332,0.9955488249019999
normal,40039,SF_k109,109,0.957600953042881,2.685857627980814,0.9927656092214829
normal,40039,SF_k110,110,0.9731335699937322,3.719065787436274,0.9998000390285995
normal,40040,SF_k106,106,0.9187206599719125,3.6390851827006747,0.9997263917092845
normal,40040,SF_k107,107,0.9310223909852352,3.400809483588731,0.9993281336480779
normal,40040,SF_k108,108,0.9438729148535301,3.3666266981613417,0.9992390638155115
normal,40040,SF_k109,109,0.957600953042881,3.2080721835518515,0.9986637204499986
normal,40040,SF_k110,110,0.9731335699937322,3.4532389141869535,0.9994461018043781
normal,40041,SF_k106,106,0.9187206599719125,3.5462386130360306,0.9996092278031572
normal,40041,SF_k107,107,0.9310223909852352,3.351722106315763,0.9991968941083063
normal,40041,SF_k108,108,0.9438729148535301,3.194126405713069,0.9985974531005133
normal,40041,SF_k109,109,0.957600953042881,3.5739844941596606,0.9996484102405274
normal,40041,SF_k110,110,0.9731335699937322,4.151948521524873,0.9999670343574907
normal,40042,SF_k106,106,0.9187206599719125,3.0247333049895957,0.9975114754310952
normal,40042,SF_k107,107,0.9310223909852352,2.756627800339702,0.9941599214223686
normal,40042,SF_k108,108,0.9438729148535301,2.7044721625589663,0.9931586998360258
normal,40042,SF_k109,109,0.957600953042881,2.9294777802855667,0.996604679129272
normal,40042,SF_k110,110,0.9731335699937322,2.8430330988346006,0.9955313570533053
normal,40043,SF_k106,106,0.9187206599719125,2.993102437663892,0.9972384295882659
normal,40043,SF_k107,107,0.9310223909852352,2.852038643316995,0.9956560180615694
normal,40043,SF_k108,108,0.9438729148535301,2.8720144625095934,0.9959213569919807
normal,40043,SF_k109,109,0.957600953042881,2.825718393107179,0.995282528272325
normal,40043,SF_k110,110,0.9731335699937322,2.890155460967457,0.9961494864435894
normal,40044,SF_k106,106,0.9187206599719125,2.7298930019880188,0.9936645115427194
normal,40044,SF_k107,107,0.9310223909852352,2.494781269897558,0.9873965205764554
normal,40044,SF_k108,108,0.9438729148535301,2.520082301328489,0.9882672602276954
normal,40044,SF_k109,109,0.957600953042881,2.603699665061983,0.990777646759871
normal,40044,SF_k110,110,0.9731335699937322,2.340135796655721,0.9807232706045832
normal,40045,SF_k106,106,0.9187206599719125,2.9231816917161564,0.99653525724623
normal,40045,SF_k107,107,0.9310223909852352,2.9161421499668476,0.9964561100254579
normal,40045,SF_k108,108,0.9438729148535301,2.829918871514087,0.995344019122528
normal,40045,SF_k109,109,0.957600953042881,2.673952626684364,0.9925036959889744
normal,40045,SF_k110,110,0.9731335699937322,3.990540807678393,0.9999340771950793
normal,40046,SF_k106,106,0.9187206599719125,3.157922161746182,0.9984110202068601
normal,40046,SF_k107,107,0.9310223909852352,3.134468314875507,0.9982783415413417
normal,40046,SF_k108,108,0.9438729148535301,2.9450184599781517,0.9967706460510048
normal,40046,SF_k109,109,0.957600953042881,3.087193981614454,0.9979794430517461
normal,40046,SF_k110,110,0.9731335699937322,4.199281867554105,0.9999732237163175
normal,40047,SF_k106,106,0.9187206599719125,2.886206251390245,0.9961008345942977
normal,40047,SF_k107,107,0.9310223909852352,2.7322774427727015,0.9937101849776111
normal,40047,SF_k108,108,0.9438729148535301,2.5256559666585385,0.9884517491505609
normal,40047,SF_k109,109,0.957600953042881,2.332834829416916,0.9803431841043762
normal,40047,SF_k110,110,0.9731335699937322,2.1355999741289207,0.9672879664581424
normal,40048,SF_k106,106,0.9187206599719125,3.235983935616729,0.9987877579377511
normal,40048,SF_k107,107,0.9310223909852352,3.039777841507124,0.9976324728456032
normal,40048,SF_k108,108,0.9438729148535301,2.973600946608487,0.9970567242455324
normal,40048,SF_k109,109,0.957600953042881,3.3064696978268517,0.9990552043124414
normal,40048,SF_k110,110,0.9731335699937322,3.286040407136564,0.9989839356669352
normal,40049,SF_k106,106,0.9187206599719125,2.963686666383753,0.9969602236611967
normal,40049,SF_k107,107,0.9310223909852352,2.801444417628577,0.994912559588945
normal,40049,SF_k108,108,0.9438729148535301,2.9372021000200412,0.9966881180593286
normal,40049,SF_k109,109,0.957600953042881,2.883898430016327,0.9960721458173663
normal,40049,SF_k110,110,0.9731335699937322,3.459452733742642,0.9994587257326428
normal,40050,SF_k106,106,0.9187206599719125,3.291755565363027,0.999004358923673
normal,40050,SF_k107,107,0.9310223909852352,3.4201092188554574,0.9993740400140758
normal,40050,SF_k108,108,0.9438729148535301,3.219577183525239,0.9987162020455875
normal,40050,SF_k109,109,0.957600953042881,3.4563001679409577,0.9994523548988765
normal,40050,SF_k110,110,0.9731335699937322,3.5563578873402526,0.9996239682586794
normal,40051,SF_k106,106,0.9187206599719125,3.715108156668543,0.9997968832032347
normal,40051,SF_k107,107,0.9310223909852352,3.6578394276634625,0.9997456496959771
normal,40051,SF_k108,108,0.9438729148535301,3.8472830445026798,0.9998805650396103
normal,40051,SF_k109,109,0.957600953042881,3.689463374520202,0.9997752724231175
normal,40051,SF_k110,110,0.9731335699937322,4.3249048160952555,0.9999847402263038
normal,40052,SF_k106,106,0.9187206599719125,3.492167311027758,0.9995208819662855
normal,40052,SF_k107,107,0.9310223909852352,3.4594200672608335,0.9994586600743867
normal,40052,SF_k108,108,0.9438729148535301,3.364838182989028,0.9992341143794898
normal,40052,SF_k109,109,0.957600953042881,3.217872145205494,0.9987085462847656
normal,40052,SF_k110,110,0.9731335699937322,2.9570313693868817,0.996893834847383
normal,40053,SF_k106,106,0.9187206599719125,3.1246524244760354,0.9982198473345869
normal,40053,SF_k107,107,0.9310223909852352,2.931453145364506,0.9966261974452182
normal,40053,SF_k108,108,0.9438729148535301,2.9653898044804894,0.9969770037649079
normal,40053,SF_k109,109,0.957600953042881,2.9482149400022344,0.996803852444103
normal,40053,SF_k110,110,0.9731335699937322,4.210968423187681,0.9999745721709328
normal,40054,SF_k106,106,0.9187206599719125,3.250390643038385,0.9988475341762808
normal,40054,SF_k107,107,0.9310223909852352,3.1396004115478533,0.9983082157527778
normal,40054,SF_k108,108,0.9438729148535301,2.926094664606168,0.9965675352671506
normal,40054,SF_k109,109,0.957600953042881,3.1923536133428576,0.9985888154538811
normal,40054,SF_k110,110,0.9731335699937322,4.541037661662313,0.9999944021970133
normal,40055,SF_k106,106,0.9187206599719125,3.3048621782415206,0.9990497688548576
normal,40055,SF_k107,107,0.9310223909852352,3.063768442354515,0.9978143198581357
normal,40055,SF_k108,108,0.9438729148535301,2.8515603482850325,0.9956494772824029
normal,40055,SF_k109,109,0.957600953042881,2.8698442712124907,0.9958932599879704
normal,40055,SF_k110,110,0.9731335699937322,3.1767779746166,0.9985107900274062
normal,40056,SF_k106,106,0.9187206599719125,3.099419246300925,0.9980609957215947
normal,40056,SF_k107,107,0.9310223909852352,2.8749053646148117,0.9959585138781952
normal,40056,SF_k108,108,0.9438729148535301,2.790527487669738,0.9947377768259924
normal,40056,SF_k109,109,0.957600953042881,2.6954407619077894,0.9929704424088317
normal,40056,SF_k110,110,0.9731335699937322,3.151509712747952,0.9983757123964041
normal,40057,SF_k106,106,0.9187206599719125,2.8617478447049485,0.995786880487215
normal,40057,SF_k107,107,0.9310223909852352,2.6044833386064643,0.9907987105415317
normal,40057,SF_k108,108,0.9438729148535301,2.410671870560467,0.9840768330663405
normal,40057,SF_k109,109,0.957600953042881,2.47996318146328,0.9868604050282885
normal,40057,SF_k110,110,0.9731335699937322,2.2054710581085772,0.9725789434626451
normal,40058,SF_k106,106,0.9187206599719125,3.1570444793217445,0.9984062296660914
normal,40058,SF_k107,107,0.9310223909852352,2.9799651850450113,0.997117188542556
normal,40058,SF_k108,108,0.9438729148535301,2.8600557361020273,0.995764334418789
normal,40058,SF_k109,109,0.957600953042881,2.838250014344194,0.9954638363634147
normal,40058,SF_k110,110,0.9731335699937322,3.4655187386396653,0.999470790353264
normal,40059,SF_k106,106,0.9187206599719125,3.405973174942688,0.9993407134325221
normal,40059,SF_k107,107,0.9310223909852352,3.1360583386505176,0.998287648624697
normal,40059,SF_k108,108,0.9438729148535301,3.20162275488915,0.9986334416471678
normal,40059,SF_k109,109,0.957600953042881,3.148309565839678,0.9983578231623376
normal,40059,SF_k110,110,0.9731335699937322,3.6639585672910258,0.9997516530243467
normal,40060,SF_k106,106,0.9187206599719125,3.861528618040407,0.999887320189506
normal,40060,SF_k107,107,0.9310223909852352,3.7370757845765,0.9998138271761279
normal,40060,SF_k108,108,0.9438729148535301,3.7890011556507717,0.9998487457896952
normal,40060,SF_k109,109,0.957600953042881,3.730244959082712,0.9998087063041778
normal,40060,SF_k110,110,0.9731335699937322,4.231613750347062,0.99997679793975
normal,40061,SF_k106,106,0.9187206599719125,3.771988287125924,0.9998380481398013
normal,40061,SF_k107,107,0.9310223909852352,3.692874971265737,0.9997782669479125
normal,40061,SF_k108,108,0.9438729148535301,3.5609009705956765,0.9996304155375635
normal,40061,SF_k109,109,0.957600953042881,3.563098123449546,0.9996334963959519
normal,40061,SF_k110,110,0.9731335699937322,4.051494252619634,0.9999491084235457
normal,40062,SF_k106,106,0.9187206599719125,3.1999993465277226,0.998625721008294
normal,40062,SF_k107,107,0.9310223909852352,2.9788779449525986,0.9971069400529087
normal,40062,SF_k108,108,0.9438729148535301,2.880796720225513,0.996033286161478
normal,40062,SF_k109,109,0.957600953042881,2.7975552544966846,0.9948509040808271
normal,40062,SF_k110,110,0.9731335699937322,2.667385203632085,0.9923556000580078
normal,40063,SF_k106,106,0.9187206599719125,2.9607926536359654,0.9969315155767546
normal,40063,SF_k107,107,0.9310223909852352,2.712006504175027,0.9933122719442653
normal,40063,SF_k108,108,0.9438729148535301,2.4950652450042026,0.9874066028039141
normal,40063,SF_k109,109,0.957600953042881,2.4026597307463855,0.983723675445914
normal,40063,SF_k110,110,0.9731335699937322,2.6468856008463404,0.9918763170404048
normal,40064,SF_k106,106,0.9187206599719125,3.4217502678558227,0.9993778056646612
normal,40064,SF_k107,107,0.9310223909852352,3.2025693659536776,0.9986379250741655
normal,40064,SF_k108,108,0.9438729148535301,3.0829732088380117,0.9979505639535442
normal,40064,SF_k109,109,0.957600953042881,3.870138491742301,0.9998912264562068
normal,40064,SF_k110,110,0.9731335699937322,3.7639194710469326,0.9998327292304408
normal,40065,SF_k106,106,0.9187206599719125,3.4149815839681525,0.999362136759482
normal,40065,SF_k107,107,0.9310223909852352,3.169725048735202,0.9984741675314421
normal,40065,SF_k108,108,0.9438729148535301,3.219135602113735,0.99871422333912
normal,40065,SF_k109,109,0.957600953042881,3.3290564015431663,0.9991285924429991
normal,40065,SF_k110,110,0.9731335699937322,3.825994790297532,0.9998697549560656
normal,40066,SF_k106,106,0.9187206599719125,3.4485730311902247,0.9994364429513882
normal,40066,SF_k107,107,0.9310223909852352,3.2212041405896863,0.9987234681360964
normal,40066,SF_k108,108,0.9438729148535301,3.393622467775379,0.9993102529026605
normal,40066,SF_k109,109,0.957600953042881,3.1887690372596884,0.9985712001462568
normal,40066,SF_k110,110,0.9731335699937322,3.215662348928001,0.9986985614202646
normal,40067,SF_k106,106,0.9187206599719125,2.8785969819957615,0.9960055155926033
normal,40067,SF_k107,107,0.9310223909852352,2.733034613693913,0.9937246262945933
normal,40067,SF_k108,108,0.9438729148535301,2.864818731442495,0.9958275198661244
normal,40067,SF_k109,109,0.957600953042881,3.199231286194316,0.998622054249618
normal,40067,SF_k110,110,0.9731335699937322,3.322373333369804,0.9991074481476003
normal,40068,SF_k106,106,0.9187206599719125,2.9814877094873453,0.9971314843939911
normal,40068,SF_k107,107,0.9310223909852352,2.916239590453646,0.9964572167069099
normal,40068,SF_k108,108,0.9438729148535301,2.965727265817753,0.9969803185437898
normal,40068,SF_k109,109,0.957600953042881,2.749558443374013,0.9940324380068961
normal,40068,SF_k110,110,0.9731335699937322,3.875818116918248,0.9998937329565907
normal,40069,SF_k106,106,0.9187206599719125,3.5340702577446166,0.9995907877128345
normal,40069,SF_k107,107,0.9310223909852352,3.3398294730542646,0.9991617015257279
normal,40069,SF_k108,108,0.9438729148535301,3.2115876130922936,0.9986799628717873
normal,40069,SF_k109,109,0.957600953042881,3.02136615111033,0.9974836313397655
normal,40069,SF_k110,110,0.9731335699937322,2.7876652876828745,0.9946910635939585
normal,40070,SF_k106,106,0.9187206599719125,3.0389866561580967,0.9976262463174563
normal,40070,SF_k107,107,0.9310223909852352,3.21994761420055,0.9987178597604487
normal,40070,SF_k108,108,0.9438729148535301,3.193110200863222,0.9985925077871078
normal,40070,SF_k109,109,0.957600953042881,3.1042425751871274,0.9980923314557926
normal,40070,SF_k110,110,0.9731335699937322,4.055509977993363,0.9999499749631995
normal,40071,SF_k106,106,0.9187206599719125,3.080128982534245,0.9979308903209247
normal,40071,SF_k107,107,0.9310223909852352,3.3089583635503876,0.9990635623791897
normal,40071,SF_k108,108,0.9438729148535301,3.5451885580602953,0.9996076676803147
normal,40071,SF_k109,109,0.957600953042881,3.6150480154359643,0.9996997080397378
normal,40071,SF_k110,110,0.9731335699937322,4.412906369432061,0.9999898007887265
normal,40072,SF_k106,106,0.9187206599719125,2.986604816572003,0.9971790588394658
normal,40072,SF_k107,107,0.9310223909852352,2.920291886640919,0.9965029632070417
normal,40072,SF_k108,108,0.9438729148535301,2.8801365669136887,0.9960249705318129
normal,40072,SF_k109,109,0.957600953042881,2.706418265372103,0.9931986677441864
normal,40072,SF_k110,110,0.9731335699937322,2.833773009254465,0.995399800488181
normal,40073,SF_k106,106,0.9187206599719125,3.64538703560312,0.9997330103233153
normal,40073,SF_k107,107,0.9310223909852352,3.4475925055196024,0.9994343933188625
normal,40073,SF_k108,108,0.9438729148535301,3.292143414413771,0.9990057310467158
normal,40073,SF_k109,109,0.957600953042881,3.106991151734679,0.9981099794433035
normal,40073,SF_k110,110,0.9731335699937322,3.268378857236634,0.9989183452906574
normal,40074,SF_k106,106,0.9187206599719125,3.3393871306158576,0.9991603653638219
normal,40074,SF_k107,107,0.9310223909852352,3.0788511595623578,0.9979219952901459
normal,40074,SF_k108,108,0.9438729148535301,2.8635734756259286,0.9958110835100351
normal,40074,SF_k109,109,0.957600953042881,2.7406379609619114,0.9938679967257336
normal,40074,SF_k110,110,0.9731335699937322,2.6854894522370043,0.9927576339324586
normal,40075,SF_k106,106,0.9187206599719125,2.8802869267960394,0.9960268659328346
normal,40075,SF_k107,107,0.9310223909852352,2.6168166087332203,0.9911245988271089
normal,40075,SF_k108,108,0.9438729148535301,2.4390431102163523,0.9852737886512997
normal,40075,SF_k109,109,0.957600953042881,2.4708362070559646,0.9865202456899844
normal,40075,SF_k110,110,0.9731335699937322,3.8514115873507806,0.9998825610709592
normal,40076,SF_k106,106,0.9187206599719125,2.6914721741720244,0.992886256760813
normal,40076,SF_k107,107,0.9310223909852352,2.489813810895313,0.9872189968603473
normal,40076,SF_k108,108,0.9438729148535301,2.3096798990754475,0.9790941175322714
normal,40076,SF_k109,109,0.957600953042881,2.2566355804162646,0.9759691448139167
normal,40076,SF_k110,110,0.9731335699937322,2.939551841003855,0.9967131271947403
normal,40077,SF_k106,106,0.9187206599719125,3.208549938940945,0.998665938609206
normal,40077,SF_k107,107,0.9310223909852352,3.1608658424584455,0.9984269906974341
normal,40077,SF_k108,108,0.9438729148535301,3.117864595869458,0.9981783352548315
normal,40077,SF_k109,109,0.957600953042881,3.0785711496081496,0.9979200414384723
normal,40077,SF_k110,110,0.9731335699937322,3.668091734573868,0.9997556324861578
normal,40078,SF_k106,106,0.9187206599719125,2.8584337972410996,0.9957426206480333
normal,40078,SF_k107,107,0.9310223909852352,2.613321313475624,0.9910333042020292
normal,40078,SF_k108,108,0.9438729148535301,2.845064533265487,0.9955597573749573
normal,40078,SF_k109,109,0.957600953042881,3.303318019471842,0.9990445203749287
normal,40078,SF_k110,110,0.9731335699937322,3.9364108197504457,0.9999172906637226
normal,40079,SF_k106,106,0.9187206599719125,3.4209176428878503,0.9993758977148623
normal,40079,SF_k107,107,0.9310223909852352,3.191511498153221,0.9985846952237933
normal,40079,SF_k108,108,0.9438729148535301,3.1291052117461717,0.9982466048627125
normal,40079,SF_k109,109,0.957600953042881,2.9393900651979643,0.9967114108869051
normal,40079,SF_k110,110,0.9731335699937322,3.494716287153098,0.999525434076536
normal,40080,SF_k106,106,0.9187206599719125,3.350151807096767,0.9991923271750491
normal,40080,SF_k107,107,0.9310223909852352,3.1184958403177165,0.998182232921335
normal,40080,SF_k108,108,0.9438729148535301,2.9473973188101925,0.9967953883963907
normal,40080,SF_k109,109,0.957600953042881,3.295702506024294,0.9990182408204544
normal,40080,SF_k110,110,0.9731335699937322,4.62358559941491,0.9999962283700614
normal,40081,SF_k106,106,0.9187206599719125,3.5755911611739633,0.9996505626180219
normal,40081,SF_k107,107,0.9310223909852352,3.3344874395506414,0.9991454324016285
normal,40081,SF_k108,108,0.9438729148535301,3.174968958465191,0.9985014746905863
normal,40081,SF_k109,109,0.957600953042881,3.119385511690038,0.9981877132529617
normal,40081,SF_k110,110,0.9731335699937322,3.616832589438962,0.9997017699505388
normal,40082,SF_k106,106,0.9187206599719125,2.825542571117822,0.9952799384561335
normal,40082,SF_k107,107,0.9310223909852352,2.610474575610717,0.9909583307419148
normal,40082,SF_k108,108,0.9438729148535301,2.541503782230017,0.9889623248009343
normal,40082,SF_k109,109,0.957600953042881,2.406259885772371,0.9838832051170838
normal,40082,SF_k110,110,0.9731335699937322,3.453707008066214,0.9994470622478735
normal,40083,SF_k106,106,0.9187206599719125,2.9929336670901665,0.9972369020302894
normal,40083,SF_k107,107,0.9310223909852352,2.9759277467412257,0.997078963261625
normal,40083,SF_k108,108,0.9438729148535301,2.982828086002585,0.9971440163543475
normal,40083,SF_k109,109,0.957600953042881,2.8414058518301517,0.9955084888243153
normal,40083,SF_k110,110,0.9731335699937322,2.6206073222486945,0.9912226702009819
normal,40084,SF_k106,106,0.9187206599719125,3.7623514596253274,0.9998316767189381
normal,40084,SF_k107,107,0.9310223909852352,3.5333897300926096,0.9995897328049075
normal,40084,SF_k108,108,0.9438729148535301,3.5027348230760937,0.9995394923297165
normal,40084,SF_k109,109,0.957600953042881,3.314278777752297,0.9990812014797521
normal,40084,SF_k110,110,0.9731335699937322,3.8263004273244423,0.9998699164809846
normal,40085,SF_k106,106,0.9187206599719125,4.009639859175964,0.9999391885741387
normal,40085,SF_k107,107,0.9310223909852352,4.079797706197576,0.9999549250905593
normal,40085,SF_k108,108,0.9438729148535301,3.943656416287568,0.9999197513915004
normal,40085,SF_k109,109,0.957600953042881,3.838666995826549,0.9998762959329144
normal,40085,SF_k110,110,0.9731335699937322,3.954232952161736,0.999923219425418
normal,40086,SF_k106,106,0.9187206599719125,2.692210969675419,0.992901997062775
normal,40086,SF_k107,107,0.9310223909852352,2.540041035805547,0.988916053682396
normal,40086,SF_k108,108,0.9438729148535301,2.5108122542122753,0.9879546259829266
normal,40086,SF_k109,109,0.957600953042881,2.722728578581971,0.9935254773344073
normal,40086,SF_k110,110,0.9731335699937322,2.509427647775818,0.9879073014322124
normal,40087,SF_k106,106,0.9187206599719125,3.428092195879472,0.9993921610048666
normal,40087,SF_k107,107,0.9310223909852352,3.2132574687039566,0.9986876141512286
normal,40087,SF_k108,108,0.9438729148535301,3.0658568535308315,0.997829527997093
normal,40087,SF_k109,109,0.957600953042881,2.8703757411879445,0.9959001570099044
normal,40087,SF_k110,110,0.9731335699937322,2.9544442055990925,0.9968676721308865
normal,40088,SF_k106,106,0.9187206599719125,3.1609290747259515,0.9984273321273005
normal,40088,SF_k107,107,0.9310223909852352,2.955241677243511,0.9968757579089709
normal,40088,SF_k108,108,0.9438729148535301,2.755035132937775,0.9941314166561521
normal,40088,SF_k109,109,0.957600953042881,2.6229801036774143,0.9912835637373081
normal,40088,SF_k110,110,0.9731335699937322,2.512493135979194,0.9880118562806055
normal,40089,SF_k106,106,0.9187206599719125,2.651604033110188,0.9919889570588514
normal,40089,SF_k107,107,0.9310223909852352,2.404503067061217,0.983805529675426
normal,40089,SF_k108,108,0.9438729148535301,2.4509871962597125,0.985753497920463
normal,40089,SF_k109,109,0.957600953042881,2.3821000743969893,0.9827857813466758
normal,40089,SF_k110,110,0.9731335699937322,2.615640483701084,0.9910939723921413
normal,40090,SF_k106,106,0.9187206599719125,3.47899048108381,0.9994966935357048
normal,40090,SF_k107,107,0.9310223909852352,3.222029750623778,0.9987271408232552
normal,40090,SF_k108,108,0.9438729148535301,3.071619947165698,0.9978709939347015
normal,40090,SF_k109,109,0.957600953042881,2.835244036599816,0.9954209307518167
normal,40090,SF_k110,110,0.9731335699937322,3.1625495563302066,0.9984360588557597
normal,40091,SF_k106,106,0.9187206599719125,2.805397143675202,0.994974538230474
normal,40091,SF_k107,107,0.9310223909852352,2.6129774677174176,0.9910242780423995
normal,40091,SF_k108,108,0.9438729148535301,2.42397629985941,0.9846483926814029
normal,40091,SF_k109,109,0.957600953042881,2.2516169057961246,0.9756535082213451
normal,40091,SF_k110,110,0.9731335699937322,2.079191263838328,0.9624002256907274
normal,40092,SF_k106,106,0.9187206599719125,3.0169595767900796,0.9974467614256737
normal,40092,SF_k107,107,0.9310223909852352,2.8495753646846067,0.9956222367181189
normal,40092,SF_k108,108,0.9438729148535301,2.671444579697588,0.9924474457110426
normal,40092,SF_k109,109,0.957600953042881,2.523052907596746,0.9883659104382956
normal,40092,SF_k110,110,0.9731335699937322,2.248770852236454,0.975472921273028
normal,40093,SF_k106,106,0.9187206599719125,3.200910093657495,0.998630057297859
normal,40093,SF_k107,107,0.9310223909852352,3.0010168383364166,0.9973092031488264
normal,40093,SF_k108,108,0.9438729148535301,2.8524744141897234,0.995661969551727
normal,40093,SF_k109,109,0.957600953042881,2.66263860831383,0.9922469368774598
normal,40093,SF_k110,110,0.9731335699937322,2.6115245563467524,0.9909860485928619
normal,40094,SF_k106,106,0.9187206599719125,2.803317361123176,0.9949420129154511
normal,40094,SF_k107,107,0.9310223909852352,2.6796101316323693,0.9926292047852077
normal,40094,SF_k108,108,0.9438729148535301,2.909982775687598,0.9963855132480401
normal,40094,SF_k109,109,0.957600953042881,2.8047976002173174,0.994965181540626
normal,40094,SF_k110,110,0.9731335699937322,2.5771046684542247,0.9900368223714902
normal,40095,SF_k106,106,0.9187206599719125,3.033566205592956,0.9975831832533721
normal,40095,SF_k107,107,0.9310223909852352,2.8710545154582188,0.9959089503509906
normal,40095,SF_k108,108,0.9438729148535301,2.956165119504319,0.9968850971585876
normal,40095,SF_k109,109,0.957600953042881,2.803745924230998,0.9949487306559817
normal,40095,SF_k110,110,0.9731335699937322,4.560415500708304,0.9999948947497006
normal,40096,SF_k106,106,0.9187206599719125,3.2252248581206584,0.9987412623754537
normal,40096,SF_k107,107,0.9310223909852352,3.095037002316288,0.998032116548144
normal,40096,SF_k108,108,0.9438729148535301,3.1071166596712345,0.9981107817098795
normal,40096,SF_k109,109,0.957600953042881,2.984517954108103,0.9971597446758265
normal,40096,SF_k110,110,0.9731335699937322,3.1189648465994773,0.9981851238720412
normal,40097,SF_k106,106,0.9187206599719125,2.7479068933051765,0.994002296194832
normal,40097,SF_k107,107,0.9310223909852352,2.5650077045504847,0.9896826485970265
normal,40097,SF_k108,108,0.9438729148535301,2.6074795284726253,0.9908788475610348
normal,40097,SF_k109,109,0.957600953042881,2.7750209511794757,0.9944801848213145
normal,40097,SF_k110,110,0.9731335699937322,3.18866849959148,0.9985707031747453
normal,40098,SF_k106,106,0.9187206599719125,3.465589116011677,0.9994709288440378
normal,40098,SF_k107,107,0.9310223909852352,3.3249208493173854,0.9991155636036304
normal,40098,SF_k108,108,0.9438729148535301,3.172060313149242,0.9984863843174812
normal,40098,SF_k109,109,0.957600953042881,3.6783654426868955,0.9997652665270775
normal,40098,SF_k110,110,0.9731335699937322,3.7429479911498698,0.9998181261166241
normal,40099,SF_k106,106,0.9187206599719125,2.989010857519407,0.9972011781418666
normal,40099,SF_k107,107,0.9310223909852352,2.959815386134123,0.9969217655558897
normal,40099,SF_k108,108,0.9438729148535301,2.892345147676667,0.9961762237467886
normal,40099,SF_k109,109,0.957600953042881,3.3796987805200387,0.9992743468847081
normal,40099,SF_k110,110,0.9731335699937322,3.6218984561091707,0.999707551077869
normal,40100,SF_k106,106,0.9187206599719125,3.349549889494029,0.9991905702256447
normal,40100,SF_k107,107,0.9310223909852352,3.240597469785798,0.9988072051396075
normal,40100,SF_k108,108,0.9438729148535301,3.1989570444646334,0.9986207428212774
normal,40100,SF_k109,109,0.957600953042881,3.112803169939673,0.9981468043280923
normal,40100,SF_k110,110,0.9731335699937322,3.0130414947104707,0.9974135645005611
normal,40101,SF_k106,106,0.9187206599719125,3.3764802992246556,0.9992658037025945
normal,40101,SF_k107,107,0.9310223909852352,3.1359317377665876,0.9982869092750206
normal,40101,SF_k108,108,0.9438729148535301,2.944737716411224,0.9967677146019027
normal,40101,SF_k109,109,0.957600953042881,3.0293133271694623,0.9975488967222146
normal,40101,SF_k110,110,0.9731335699937322,3.425017133317039,0.9993852393494007
normal,40102,SF_k106,106,0.9187206599719125,3.6111705403978385,0.9996951818687332
normal,40102,SF_k107,107,0.9310223909852352,3.4063942205374396,0.9993417294658615
normal,40102,SF_k108,108,0.9438729148535301,3.365812324104506,0.9992368138568934
normal,40102,SF_k109,109,0.957600953042881,3.19407441489659,0.9985972004790165
normal,40102,SF_k110,110,0.9731335699937322,3.209157468957737,0.9986687543892561
normal,40103,SF_k106,106,0.9187206599719125,2.9208816626961274,0.9965095762116114
normal,40103,SF_k107,107,0.9310223909852352,2.7678119678020736,0.9943565995051951
normal,40103,SF_k108,108,0.9438729148535301,3.1845454024746984,0.9985501843429454
normal,40103,SF_k109,109,0.957600953042881,2.9900784292842357,0.997210941753796
normal,40103,SF_k110,110,0.9731335699937322,3.7355268474041945,0.9998126774078089
normal,40104,SF_k106,106,0.9187206599719125,3.8108876853461124,0.9998615313280208
normal,40104,SF_k107,107,0.9310223909852352,3.6272934746158922,0.9997135923023459
normal,40104,SF_k108,108,0.9438729148535301,3.554309576128345,0.9996210271616712
normal,40104,SF_k109,109,0.957600953042881,3.4747381941986366,0.9994886478468799
normal,40104,SF_k110,110,0.9731335699937322,3.8058617943104007,0.9998586887203695
normal,40105,SF_k106,106,0.9187206599719125,3.3579361068500715,0.99921473237841
normal,40105,SF_k107,107,0.9310223909852352,3.0941634881649827,0.9980263130671365
normal,40105,SF_k108,108,0.9438729148535301,3.329647437423279,0.9991304398691834
normal,40105,SF_k109,109,0.957600953042881,3.466992669884501,0.9994736837575633
normal,40105,SF_k110,110,0.9731335699937322,5.404102711333397,0.9999999348663844
normal,40106,SF_k106,106,0.9187206599719125,3.5535933653963365,0.9996199937167454
normal,40106,SF_k107,107,0.9310223909852352,3.367636737831336,0.9992418458040397
normal,40106,SF_k108,108,0.9438729148535301,3.3061628227376567,0.9990541689144672
normal,40106,SF_k109,109,0.957600953042881,3.2592584684490826,0.9988829615050332
normal,40106,SF_k110,110,0.9731335699937322,3.099424850796964,0.9980610324050023
normal,40107,SF_k106,106,0.9187206599719125,3.01171199519575,0.9974022106123273
normal,40107,SF_k107,107,0.9310223909852352,2.76690431341512,0.9943408637265885
normal,40107,SF_k108,108,0.9438729148535301,2.593031148411423,0.990486584602527
normal,40107,SF_k109,109,0.957600953042881,2.4924184226024484,0.9873123527772059
normal,40107,SF_k110,110,0.9731335699937322,2.9189586353666463,0.9964879717699502
normal,40108,SF_k106,106,0.9187206599719125,3.1229846723331782,0.9982097292894476
normal,40108,SF_k107,107,0.9310223909852352,3.01190828659054,0.9974038897976707
normal,40108,SF_k108,108,0.9438729148535301,3.003010990552588,0.9973267722279391
normal,40108,SF_k109,109,0.957600953042881,3.0614118039240434,0.9977970411855241
normal,40108,SF_k110,110,0.9731335699937322,2.9835891848658926,0.9971511100412407
normal,40109,SF_k106,106,0.9187206599719125,3.2061092720210502,0.9986545711369956
normal,40109,SF_k107,107,0.9310223909852352,2.9937386745877066,0.997244181294139
normal,40109,SF_k108,108,0.9438729148535301,2.8101344699239363,0.9950479195091502
normal,40109,SF_k109,109,0.957600953042881,2.8115906577551275,0.9950702803735545
normal,40109,SF_k110,110,0.9731335699937322,3.063053500686291,0.9978090911387323
normal,40110,SF_k106,106,0.9187206599719125,3.2354316964848855,0.9987854105869007
normal,40110,SF_k107,107,0.9310223909852352,3.02619978976342,0.9975235139205207
normal,40110,SF_k108,108,0.9438729148535301,2.8929996752670744,0.996184183083576
normal,40110,SF_k109,109,0.957600953042881,2.89515198828342,0.9962102501051813
normal,40110,SF_k110,110,0.9731335699937322,3.1495865317898253,0.9983649831949646
normal,40111,SF_k106,106,0.9187206599719125,3.0149902116013645,0.9974301245076211
normal,40111,SF_k107,107,0.9310223909852352,2.8832381588214604,0.9960639027182638
normal,40111,SF_k108,108,0.9438729148535301,2.7333890322377306,0.9937313757632789
normal,40111,SF_k109,109,0.957600953042881,2.7230401548685688,0.9935315804735054
normal,40111,SF_k110,110,0.9731335699937322,2.796706227775322,0.9948373548562277
normal,40112,SF_k106,106,0.9187206599719125,3.4300213594770925,0.9993964662623323
normal,40112,SF_k107,107,0.9310223909852352,3.3106974501358017,0.9990693623032179
normal,40112,SF_k108,108,0.9438729148535301,3.2043963049498334,0.9986465396528388
normal,40112,SF_k109,109,0.957600953042881,3.032131901083465,0.9975716693187484
normal,40112,SF_k110,110,0.9731335699937322,2.8478672192462193,0.9955986716244631
normal,40113,SF_k106,106,0.9187206599719125,2.930515476841341,0.9966159986366216
normal,40113,SF_k107,107,0.9310223909852352,2.6810383130766926,0.9926605887598567
normal,40113,SF_k108,108,0.9438729148535301,2.4968517833368145,0.9874698682955512
normal,40113,SF_k109,109,0.957600953042881,2.319959169720529,0.9796569137950168
normal,40113,SF_k110,110,0.9731335699937322,2.806877838812393,0.9949975791653045
normal,40114,SF_k106,106,0.9187206599719125,3.5334375547198142,0.9995898070223106
normal,40114,SF_k107,107,0.9310223909852352,3.276714698603211,0.9989497756814936
normal,40114,SF_k108,108,0.9438729148535301,3.568612442882558,0.9996411231707927
normal,40114,SF_k109,109,0.957600953042881,3.5138633210826624,0.999558360007609
normal,40114,SF_k110,110,0.9731335699937322,3.616887713765676,0.9997018334299976
normal,40115,SF_k106,106,0.9187206599719125,3.1213531374854244,0.9981997798445805
normal,40115,SF_k107,107,0.9310223909852352,2.95018574746811,0.996824170646992
normal,40115,SF_k108,108,0.9438729148535301,2.7919123529714986,0.9947602452967557
normal,40115,SF_k109,109,0.957600953042881,2.890413710707859,0.9961526486286925
normal,40115,SF_k110,110,0.9731335699937322,2.7813710633966706,0.9945870172127937
normal,40116,SF_k106,106,0.9187206599719125,3.125938902327432,0.9982276162935633
normal,40116,SF_k107,107,0.9310223909852352,2.8549540599561647,0.9956956945380628
normal,40116,SF_k108,108,0.9438729148535301,2.690602162688823,0.9928676806807695
normal,40116,SF_k109,109,0.957600953042881,2.5394826649840554,0.9888983453216584
normal,40116,SF_k110,110,0.9731335699937322,2.3994313298168284,0.9835794405600082
normal,40117,SF_k106,106,0.9187206599719125,3.3655454066472483,0.9992360750723652
normal,40117,SF_k107,107,0.9310223909852352,3.3175811065155316,0.999091994511129
normal,40117,SF_k108,108,0.9438729148535301,3.484225221072153,0.9995064360301242
normal,40117,SF_k109,109,0.957600953042881,3.5718853365562944,0.9996455794096781
normal,40117,SF_k110,110,0.9731335699937322,3.442638074711179,0.9994239302934784
normal,40118,SF_k106,106,0.9187206599719125,3.088667095213423,0.9979894340593456
normal,40118,SF_k107,107,0.9310223909852352,2.910223088293944,0.9963882914383002
normal,40118,SF_k108,108,0.9438729148535301,3.13268539355716,0.998267850031402
normal,40118,SF_k109,109,0.957600953042881,2.996648741513667,0.9972703496305024
normal,40118,SF_k110,110,0.9731335699937322,2.719786318647073,0.9934675885790738
normal,40119,SF_k106,106,0.9187206599719125,2.9564798293189756,0.9968882741618554
normal,40119,SF_k107,107,0.9310223909852352,2.724823996773355,0.9935664227402881
normal,40119,SF_k108,108,0.9438729148535301,2.6540698844448505,0.9920472645517322
normal,40119,SF_k109,109,0.957600953042881,2.4957448726012967,0.987430703254601
normal,40119,SF_k110,110,0.9731335699937322,2.2830764096517435,0.9775741321279081
normal,40120,SF_k106,106,0.9187206599719125,3.301268129539213,0.9990375114664067
normal,40120,SF_k107,107,0.9310223909852352,3.2150464102053964,0.9986957656591453
normal,40120,SF_k108,108,0.9438729148535301,3.135527319492028,0.9982845455032654
normal,40120,SF_k109,109,0.957600953042881,2.9665141017512275,0.9969880345172002
normal,40120,SF_k110,110,0.9731335699937322,3.1933469982495137,0.998593661585085
normal,40121,SF_k106,106,0.9187206599719125,3.0047357770285705,0.9973418834934913
normal,40121,SF_k107,107,0.9310223909852352,3.0808817616582997,0.9979361141153065
normal,40121,SF_k108,108,0.9438729148535301,2.8735631206567627,0.9959413003423927
normal,40121,SF_k109,109,0.957600953042881,2.8116293216637724,0.9950708728405284
normal,40121,SF_k110,110,0.9731335699937322,3.305579019522032,0.9990521962572378
normal,40122,SF_k106,106,0.9187206599719125,3.303267143937149,0.9990443469967625
normal,40122,SF_k107,107,0.9310223909852352,3.2714324655979063,0.9989299585806966
normal,40122,SF_k108,108,0.9438729148535301,3.1335159177932757,0.9982727445021666
normal,40122,SF_k109,109,0.957600953042881,3.067960916003524,0.997844751955683
normal,40122,SF_k110,110,0.9731335699937322,3.4656310717384753,0.999471011389748
normal,40123,SF_k106,106,0.9187206599719125,3.1595909907295305,0.9984200924140676
normal,40123,SF_k107,107,0.9310223909852352,3.4449837856202796,0.9994289063517716
normal,40123,SF_k108,108,0.9438729148535301,3.3145590027012313,0.9990821219368007
normal,40123,SF_k109,109,0.957600953042881,3.1171877744581646,0.9981741476392427
normal,40123,SF_k110,110,0.9731335699937322,3.406744663097914,0.9993425740151629
normal,40124,SF_k106,106,0.9187206599719125,3.19698257038758,0.9986112668234848
normal,40124,SF_k107,107,0.9310223909852352,2.9815498640724147,0.9971320666215575
normal,40124,SF_k108,108,0.9438729148535301,2.9111765168739847,0.996399294645339
normal,40124,SF_k109,109,0.957600953042881,2.7114913478808305,0.9933018710900672
normal,40124,SF_k110,110,0.9731335699937322,2.773193558933532,0.9944490906844845
normal,40125,SF_k106,106,0.9187206599719125,3.3860777951165084,0.9992910071853678
normal,40125,SF_k107,107,0.9310223909852352,3.321045377512434,0.9991031904482612
normal,40125,SF_k108,108,0.9438729148535301,3.1101728569427243,0.9981302211228738
normal,40125,SF_k109,109,0.957600953042881,2.991623642000613,0.9972250186000704
normal,40125,SF_k110,110,0.9731335699937322,3.331310691067698,0.999135619301204
normal,40126,SF_k106,106,0.9187206599719125,3.0880900854062596,0.9979855260549051
normal,40126,SF_k107,107,0.9310223909852352,2.9530843695917866,0.9968538403777938
normal,40126,SF_k108,108,0.9438729148535301,2.8990588745131802,0.9962571539374725
normal,40126,SF_k109,109,0.957600953042881,2.8981428399192986,0.9962462041552071
normal,40126,SF_k110,110,0.9731335699937322,2.7705062082015073,0.9944030766752274
normal,40127,SF_k106,106,0.9187206599719125,3.109395069081126,0.9981252913913292
normal,40127,SF_k107,107,0.9310223909852352,3.1472968356674023,0.9983521242141089
normal,40127,SF_k108,108,0.9438729148535301,2.9490240474691554,0.9968122082962163
normal,40127,SF_k109,109,0.957600953042881,2.8947069819008284,0.9962048738666527
normal,40127,SF_k110,110,0.9731335699937322,2.9005221200164057,0.9962745845680976
normal,40128,SF_k106,106,0.9187206599719125,3.0854937679438046,0.9979678551728588
normal,40128,SF_k107,107,0.9310223909852352,3.262394789924332,0.9988952482781834
normal,40128,SF_k108,108,0.9438729148535301,3.0528959830229065,0.9977335551545528
normal,40128,SF_k109,109,0.957600953042881,2.831138683902905,0.9953617394929228
normal,40128,SF_k110,110,0.9731335699937322,4.552267804804628,0.9999946929280459
normal,40129,SF_k106,106,0.9187206599719125,2.840271397696757,0.995492483301238
normal,40129,SF_k107,107,0.9310223909852352,3.0532514710670067,0.9977362385171735
normal,40129,SF_k108,108,0.9438729148535301,2.9318972761227196,0.9966310183805365
normal,40129,SF_k109,109,0.957600953042881,3.0825861550552585,0.9979478968126472
normal,40129,SF_k110,110,0.9731335699937322,3.9054281989588073,0.999905941316168
normal,40130,SF_k106,106,0.9187206599719125,2.997168843258913,0.9972750025833488
normal,40130,SF_k107,107,0.9310223909852352,2.820124186054985,0.9951994932630583
normal,40130,SF_k108,108,0.9438729148535301,2.83040289321722,0.9953510578905125
normal,40130,SF_k109,109,0.957600953042881,2.6240535455540903,0.9913109876165045
normal,40130,SF_k110,110,0.9731335699937322,3.4510981994486483,0.9994416896111267
normal,40131,SF_k106,106,0.9187206599719125,3.0187243996532285,0.9974615866513887
normal,40131,SF_k107,107,0.9310223909852352,2.835443688676275,0.9954237918269739
normal,40131,SF_k108,108,0.9438729148535301,2.7888472878273087,0.9947103999256777
normal,40131,SF_k109,109,0.957600953042881,3.29833374830072,0.9990273954397357
normal,40131,SF_k110,110,0.9731335699937322,3.392109493858186,0.9993064328189254
normal,40132,SF_k106,106,0.9187206599719125,2.9383173448028987,0.99670000953895
normal,40132,SF_k107,107,0.9310223909852352,2.7006479020211525,0.99307954407825
normal,40132,SF_k108,108,0.9438729148535301,2.8572390310530746,0.9957265611512369
normal,40132,SF_k109,109,0.957600953042881,2.690828755113874,0.9928725229658804
normal,40132,SF_k110,110,0.9731335699937322,2.467719448012677,0.9864023154587949
normal,40133,SF_k106,106,0.9187206599719125,3.2345994097736455,0.9987818649312548
normal,40133,SF_k107,107,0.9310223909852352,2.984928422881766,0.9971635531259089
normal,40133,SF_k108,108,0.9438729148535301,2.796894550350517,0.9948403629866609
normal,40133,SF_k109,109,0.957600953042881,2.6807542536362807,0.9926543561837937
normal,40133,SF_k110,110,0.9731335699937322,2.421048665927615,0.984524194706389
normal,40134,SF_k106,106,0.9187206599719125,3.4104448265458878,0.9993514299506474
normal,40134,SF_k107,107,0.9310223909852352,3.214335457708286,0.9986925317374118
normal,40134,SF_k108,108,0.9438729148535301,3.0627906953658033,0.9978071662343133
normal,40134,SF_k109,109,0.957600953042881,3.1510073352750143,0.9983729159614536
normal,40134,SF_k110,110,0.9731335699937322,2.9669542309964942,0.9969923427221241
normal,40135,SF_k106,106,0.9187206599719125,3.0340870761834653,0.9975873521788388
normal,40135,SF_k107,107,0.9310223909852352,2.977711678784799,0.9970959096902137
normal,40135,SF_k108,108,0.9438729148535301,3.1316119542339154,0.9982615051113175
normal,40135,SF_k109,109,0.957600953042881,2.972988219112003,0.9970508422932474
normal,40135,SF_k110,110,0.9731335699937322,3.502377515540784,0.9995388742539923
normal,40136,SF_k106,106,0.9187206599719125,3.172955708370563,0.9984910445745885
normal,40136,SF_k107,107,0.9310223909852352,2.984471231055105,0.9971593108697423
normal,40136,SF_k108,108,0.9438729148535301,3.2980807524976785,0.9990265186639324
normal,40136,SF_k109,109,0.957600953042881,3.2200098579606515,0.9987181381136148
normal,40136,SF_k110,110,0.9731335699937322,3.5197169957959598,0.9995679925121344
normal,40137,SF_k106,106,0.9187206599719125,3.4122835073624764,0.9993557892487204
normal,40137,SF_k107,107,0.9310223909852352,3.561958693664011,0.9996319016918913
normal,40137,SF_k108,108,0.9438729148535301,3.3427243224718137,0.9991703972802155
normal,40137,SF_k109,109,0.957600953042881,3.442898053627899,0.9994244837806214
normal,40137,SF_k110,110,0.9731335699937322,3.607991155550527,0.9996914229934808
normal,40138,SF_k106,106,0.9187206599719125,3.01176055523398,0.9974026261142181
normal,40138,SF_k107,107,0.9310223909852352,2.74531864614613,0.9939547830800541
normal,40138,SF_k108,108,0.9438729148535301,2.738351356207247,0.9938251933090381
normal,40138,SF_k109,109,0.957600953042881,2.716237153344814,0.9933971398054731
normal,40138,SF_k110,110,0.9731335699937322,2.8996789219245875,0.9962645491638442
normal,40139,SF_k106,106,0.9187206599719125,3.4263209803079517,0.9993881830855147
normal,40139,SF_k107,107,0.9310223909852352,3.3203272029404727,0.9991008799970853
normal,40139,SF_k108,108,0.9438729148535301,3.173980881093523,0.9984963640512325
normal,40139,SF_k109,109,0.957600953042881,3.5875674746812507,0.9996662226264794
normal,40139,SF_k110,110,0.9731335699937322,3.3926756029219205,0.9993078644751001
normal,40140,SF_k106,106,0.9187206599719125,2.781670634488766,0.9945920106840709
normal,40140,SF_k107,107,0.9310223909852352,2.5285409635682052,0.9885462280286166
normal,40140,SF_k108,108,0.9438729148535301,2.633855280522728,0.9915578537807563
normal,40140,SF_k109,109,0.957600953042881,2.4121259377214876,0.9841401977446433
normal,40140,SF_k110,110,0.9731335699937322,2.719983086438434,0.9934714744478015
normal,40141,SF_k106,106,0.9187206599719125,2.8471345230835685,0.9955885283658925
normal,40141,SF_k107,107,0.9310223909852352,2.5934629035849155,0.9904985211191164
normal,40141,SF_k108,108,0.9438729148535301,2.5062047814690325,0.9877965081377458
normal,40141,SF_k109,109,0.957600953042881,2.7347308489871653,0.9937568698622261
normal,40141,SF_k110,110,0.9731335699937322,2.5051163957286233,0.9877588897743013
normal,40142,SF_k106,106,0.9187206599719125,3.3115159802058,0.9990720805992357
normal,40142,SF_k107,107,0.9310223909852352,3.1370425630053194,0.9982933864972869
normal,40142,SF_k108,108,0.9438729148535301,2.9862235804047277,0.9971755394312409
normal,40142,SF_k109,109,0.957600953042881,3.281767254555907,0.9989684128492642
normal,40142,SF_k110,110,0.9731335699937322,3.141758887591784,0.9983206373137892
normal,40143,SF_k106,106,0.9187206599719125,2.743928030931055,0.9939291154140537
normal,40143,SF_k107,107,0.9310223909852352,2.484184722413872,0.9870151568096259
normal,40143,SF_k108,108,0.9438729148535301,2.3761971462458886,0.9825078858415828
normal,40143,SF_k109,109,0.957600953042881,2.196893536126184,0.9719719493936452
normal,40143,SF_k110,110,0.9731335699937322,1.968942452613021,0.951040300174798
normal,40144,SF_k106,106,0.9187206599719125,3.1499716985623043,0.9983671372042318
normal,40144,SF_k107,107,0.9310223909852352,3.0375816624309535,0.9976151522319932
normal,40144,SF_k108,108,0.9438729148535301,2.8683176985791925,0.995873390666784
normal,40144,SF_k109,109,0.957600953042881,2.6653512855993755,0.9923092061030474
normal,40144,SF_k110,110,0.9731335699937322,3.616808742505609,0.9997017424852306
normal,40145,SF_k106,106,0.9187206599719125,3.231261664994079,0.9987675494186443
normal,40145,SF_k107,107,0.9310223909852352,3.1984685699991577,0.9986184040770594
normal,40145,SF_k108,108,0.9438729148535301,3.1906763697214333,0.9985805982271054
normal,40145,SF_k109,109,0.957600953042881,3.127065484867501,0.9982343940433469
normal,40145,SF_k110,110,0.9731335699937322,3.056750285595014,0.9977624940620022
normal,40146,SF_k106,106,0.9187206599719125,3.0568462005560946,0.9977632098744276
normal,40146,SF_k107,107,0.9310223909852352,2.8346514029204823,0.9954124285860244
normal,40146,SF_k108,108,0.9438729148535301,2.662060150760691,0.9922336001486627
normal,40146,SF_k109,109,0.957600953042881,2.676040861334815,0.9925502438149085
normal,40146,SF_k110,110,0.9731335699937322,2.5276080222037316,0.9885157510720781
normal,40147,SF_k106,106,0.9187206599719125,3.214889491956875,0.9986950525179488
normal,40147,SF_k107,107,0.9310223909852352,3.3227266685456285,0.9991085778526245
normal,40147,SF_k108,108,0.9438729148535301,3.155054536642973,0.9983953189330217
normal,40147,SF_k109,109,0.957600953042881,3.4738458400575394,0.9994869442879049
normal,40147,SF_k110,110,0.9731335699937322,3.258096500991059,0.9988783774240504
normal,40148,SF_k106,106,0.9187206599719125,3.599403944601391,0.9996810525816384
normal,40148,SF_k107,107,0.9310223909852352,3.328882613347206,0.9991280485338425
normal,40148,SF_k108,108,0.9438729148535301,3.3239259547664117,0.9991124024079481
normal,40148,SF_k109,109,0.957600953042881,3.5533329417998885,0.9996196172900644
normal,40148,SF_k110,110,0.9731335699937322,3.270550084234422,0.9989266146687965
normal,40149,SF_k106,106,0.9187206599719125,3.2550435361116468,0.9988662501529832
normal,40149,SF_k107,107,0.9310223909852352,3.1485988926602073,0.9983594479604632
normal,40149,SF_k108,108,0.9438729148535301,3.4861062580405267,0.9995098937129363
normal,40149,SF_k109,109,0.957600953042881,3.434184506506776,0.9994056605071513
normal,40149,SF_k110,110,0.9731335699937322,3.470631012752296,0.999480763025745
trunc_laplace,43000,SF_k106,106,0.9187206599719125,3.256112919681224,1.0
trunc_laplace,43000,SF_k107,107,0.9310223909852352,3.0663133453680773,1.0
trunc_laplace,43000,SF_k108,108,0.9438729148535301,3.5615931750720424,1.0
trunc_laplace,43000,SF_k109,109,0.957600953042881,3.994385564298629,1.0
trunc_laplace,43000,SF_k110,110,0.9731335699937322,4.558598453161818,1.0
trunc_laplace,43001,SF_k106,106,0.9187206599719125,2.8092757808966873,1.0
trunc_laplace,43001,SF_k107,107,0.9310223909852352,2.5700205084239087,0.9982340910140413
trunc_laplace,43001,SF_k108,108,0.9438729148535301,2.361767546669393,0.9804192824017668
trunc_laplace,43001,SF_k109,109,0.957600953042881,2.212865806591365,0.9650884235122661
trunc_laplace,43001,SF_k110,110,0.9731335699937322,2.0600925697722854,0.9466779525475997
trunc_laplace,43002,SF_k106,106,0.9187206599719125,3.144243361473096,1.0
trunc_laplace,43002,SF_k107,107,0.9310223909852352,2.942464126004488,1.0
trunc_laplace,43002,SF_k108,108,0.9438729148535301,2.744394911299958,1.0
trunc_laplace,43002,SF_k109,109,0.957600953042881,2.5345549274636507,0.9954669402037606
trunc_laplace,43002,SF_k110,110,0.9731335699937322,2.294758796627648,0.9738138409177874
trunc_laplace,43003,SF_k106,106,0.9187206599719125,2.959489833394964,1.0
trunc_laplace,43003,SF_k107,107,0.9310223909852352,2.781171760281004,1.0
trunc_laplace,43003,SF_k108,108,0.9438729148535301,2.6780385132455673,1.0
trunc_laplace,43003,SF_k109,109,0.957600953042881,2.5371986035121146,0.995676758504108
trunc_laplace,43003,SF_k110,110,0.9731335699937322,3.6428482411105274,1.0
trunc_laplace,43004,SF_k106,106,0.9187206599719125,2.99873638763508,1.0
trunc_laplace,43004,SF_k107,107,0.9310223909852352,2.717182519908364,1.0
trunc_laplace,43004,SF_k108,108,0.9438729148535301,2.7121491917447527,1.0
trunc_laplace,43004,SF_k109,109,0.957600953042881,2.8592308986681205,1.0
trunc_laplace,43004,SF_k110,110,0.9731335699937322,3.705543452926316,1.0
trunc_laplace,43005,SF_k106,106,0.9187206599719125,2.961295837401737,1.0
trunc_laplace,43005,SF_k107,107,0.9310223909852352,2.815133279443633,1.0
trunc_laplace,43005,SF_k108,108,0.9438729148535301,2.6810442665654697,1.0
trunc_laplace,43005,SF_k109,109,0.957600953042881,2.597598373914295,1.0
trunc_laplace,43005,SF_k110,110,0.9731335699937322,3.3104555568731495,1.0
trunc_laplace,43006,SF_k106,106,0.9187206599719125,3.27770842893477,1.0
trunc_laplace,43006,SF_k107,107,0.9310223909852352,3.1174135213697776,1.0
trunc_laplace,43006,SF_k108,108,0.9438729148535301,2.8990501183481423,1.0
trunc_laplace,43006,SF_k109,109,0.957600953042881,3.1514959728236533,1.0
trunc_laplace,43006,SF_k110,110,0.9731335699937322,3.628647940183902,1.0
trunc_laplace,43007,SF_k106,106,0.9187206599719125,3.1465812190909,1.0
trunc_laplace,43007,SF_k107,107,0.9310223909852352,2.894738092349478,1.0
trunc_laplace,43007,SF_k108,108,0.9438729148535301,3.675382289605506,1.0
trunc_laplace,43007,SF_k109,109,0.957600953042881,3.490325479597381,1.0
trunc_laplace,43007,SF_k110,110,0.9731335699937322,3.4448853913581665,1.0
trunc_laplace,43008,SF_k106,106,0.9187206599719125,3.8994033801124695,1.0
trunc_laplace,43008,SF_k107,107,0.9310223909852352,4.037868576372948,1.0
trunc_laplace,43008,SF_k108,108,0.9438729148535301,3.892374627953224,1.0
trunc_laplace,43008,SF_k109,109,0.957600953042881,4.680799798677291,1.0
trunc_laplace,43008,SF_k110,110,0.9731335699937322,4.500601852454278,1.0
trunc_laplace,43009,SF_k106,106,0.9187206599719125,3.0813362302855962,1.0
trunc_laplace,43009,SF_k107,107,0.9310223909852352,3.1515963526990234,1.0
trunc_laplace,43009,SF_k108,108,0.9438729148535301,2.992670967604251,1.0
trunc_laplace,43009,SF_k109,109,0.957600953042881,2.9924548671822184,1.0
trunc_laplace,43009,SF_k110,110,0.9731335699937322,3.352267755575224,1.0
trunc_laplace,43010,SF_k106,106,0.9187206599719125,2.821815738700542,1.0
trunc_laplace,43010,SF_k107,107,0.9310223909852352,2.6394227748907095,1.0
trunc_laplace,43010,SF_k108,108,0.9438729148535301,2.9867414393286396,1.0
trunc_laplace,43010,SF_k109,109,0.957600953042881,2.821769893682785,1.0
trunc_laplace,43010,SF_k110,110,0.9731335699937322,3.0155309356610567,1.0
trunc_laplace,43011,SF_k106,106,0.9187206599719125,3.109269926001013,1.0
trunc_laplace,43011,SF_k107,107,0.9310223909852352,3.1163888396208757,1.0
trunc_laplace,43011,SF_k108,108,0.9438729148535301,3.0441260513179875,1.0
trunc_laplace,43011,SF_k109,109,0.957600953042881,3.435320230554738,1.0
trunc_laplace,43011,SF_k110,110,0.9731335699937322,3.410049566189567,1.0
trunc_laplace,43012,SF_k106,106,0.9187206599719125,3.011632100313081,1.0
trunc_laplace,43012,SF_k107,107,0.9310223909852352,2.7896530041814964,1.0
trunc_laplace,43012,SF_k108,108,0.9438729148535301,2.8027332091406114,1.0
trunc_laplace,43012,SF_k109,109,0.957600953042881,2.7306269237149277,1.0
trunc_laplace,43012,SF_k110,110,0.9731335699937322,3.094044131707537,1.0
trunc_laplace,43013,SF_k106,106,0.9187206599719125,3.3169789288488785,1.0
trunc_laplace,43013,SF_k107,107,0.9310223909852352,3.0515405574054664,1.0
trunc_laplace,43013,SF_k108,108,0.9438729148535301,2.8799622244071554,1.0
trunc_laplace,43013,SF_k109,109,0.957600953042881,2.91480827863372,1.0
trunc_laplace,43013,SF_k110,110,0.9731335699937322,2.7797137198767623,1.0
trunc_laplace,43014,SF_k106,106,0.9187206599719125,3.5340458977786895,1.0
trunc_laplace,43014,SF_k107,107,0.9310223909852352,3.55085077599198,1.0
trunc_laplace,43014,SF_k108,108,0.9438729148535301,3.5557032099043466,1.0
trunc_laplace,43014,SF_k109,109,0.957600953042881,3.4158377881255744,1.0
trunc_laplace,43014,SF_k110,110,0.9731335699937322,4.36757682867052,1.0
trunc_laplace,43015,SF_k106,106,0.9187206599719125,3.310468522002897,1.0
trunc_laplace,43015,SF_k107,107,0.9310223909852352,3.046017664763273,1.0
trunc_laplace,43015,SF_k108,108,0.9438729148535301,2.9061668402227014,1.0
trunc_laplace,43015,SF_k109,109,0.957600953042881,2.758367859756279,1.0
trunc_laplace,43015,SF_k110,110,0.9731335699937322,2.5068221985501418,0.9932306773640835
trunc_laplace,43016,SF_k106,106,0.9187206599719125,3.179221185943084,1.0
trunc_laplace,43016,SF_k107,107,0.9310223909852352,2.9263546507239404,1.0
trunc_laplace,43016,SF_k108,108,0.9438729148535301,3.283143809174786,1.0
trunc_laplace,43016,SF_k109,109,0.957600953042881,3.1530401105115287,1.0
trunc_laplace,43016,SF_k110,110,0.9731335699937322,3.334827173317377,1.0
trunc_laplace,43017,SF_k106,106,0.9187206599719125,3.447086252536124,1.0
trunc_laplace,43017,SF_k107,107,0.9310223909852352,3.2217052395475414,1.0
trunc_laplace,43017,SF_k108,108,0.9438729148535301,3.017594658580931,1.0
trunc_laplace,43017,SF_k109,109,0.957600953042881,3.089718072007914,1.0
trunc_laplace,43017,SF_k110,110,0.9731335699937322,3.6121379158083426,1.0
trunc_laplace,43018,SF_k106,106,0.9187206599719125,2.9001373351379116,1.0
trunc_laplace,43018,SF_k107,107,0.9310223909852352,2.6574324055990823,1.0
trunc_laplace,43018,SF_k108,108,0.9438729148535301,2.6970144255408828,1.0
trunc_laplace,43018,SF_k109,109,0.957600953042881,2.578013216358791,0.9988437024386174
trunc_laplace,43018,SF_k110,110,0.9731335699937322,2.4669072175737314,0.9898963804552561
trunc_laplace,43019,SF_k106,106,0.9187206599719125,2.9674992354505862,1.0
trunc_laplace,43019,SF_k107,107,0.9310223909852352,3.5227898155045714,1.0
trunc_laplace,43019,SF_k108,108,0.9438729148535301,3.3785568200612097,1.0
trunc_laplace,43019,SF_k109,109,0.957600953042881,3.635184910687128,1.0
trunc_laplace,43019,SF_k110,110,0.9731335699937322,3.8262111042309765,1.0
trunc_laplace,43020,SF_k106,106,0.9187206599719125,3.571288907926402,1.0
trunc_laplace,43020,SF_k107,107,0.9310223909852352,3.5850139227346767,1.0
trunc_laplace,43020,SF_k108,108,0.9438729148535301,3.38949492911235,1.0
trunc_laplace,43020,SF_k109,109,0.957600953042881,3.390099469045483,1.0
trunc_laplace,43020,SF_k110,110,0.9731335699937322,4.386039830099056,1.0
trunc_laplace,43021,SF_k106,106,0.9187206599719125,3.089265154546212,1.0
trunc_laplace,43021,SF_k107,107,0.9310223909852352,2.910341176277118,1.0
trunc_laplace,43021,SF_k108,108,0.9438729148535301,3.4379924444279455,1.0
trunc_laplace,43021,SF_k109,109,0.957600953042881,4.078301053817067,1.0
trunc_laplace,43021,SF_k110,110,0.9731335699937322,3.999182410156029,1.0
trunc_laplace,43022,SF_k106,106,0.9187206599719125,3.216874366293787,1.0
trunc_laplace,43022,SF_k107,107,0.9310223909852352,3.009380792698264,1.0
trunc_laplace,43022,SF_k108,108,0.9438729148535301,2.9486288202356343,1.0
trunc_laplace,43022,SF_k109,109,0.957600953042881,2.83833392448979,1.0
trunc_laplace,43022,SF_k110,110,0.9731335699937322,3.743640750426991,1.0
trunc_laplace,43023,SF_k106,106,0.9187206599719125,2.737134705776401,1.0
trunc_laplace,43023,SF_k107,107,0.9310223909852352,2.593290701307344,0.9999948838539834
trunc_laplace,43023,SF_k108,108,0.9438729148535301,2.395648719734143,0.9835874773456632
trunc_laplace,43023,SF_k109,109,0.957600953042881,2.2303311413981044,0.9670123254558274
trunc_laplace,43023,SF_k110,110,0.9731335699937322,2.024373709807922,0.9419336379657086
trunc_laplace,43024,SF_k106,106,0.9187206599719125,3.245534837746278,1.0
trunc_laplace,43024,SF_k107,107,0.9310223909852352,3.0028813197646036,1.0
trunc_laplace,43024,SF_k108,108,0.9438729148535301,2.783464014600858,1.0
trunc_laplace,43024,SF_k109,109,0.957600953042881,2.6280831850329363,1.0
trunc_laplace,43024,SF_k110,110,0.9731335699937322,2.609662177983799,1.0
trunc_laplace,43025,SF_k106,106,0.9187206599719125,2.7806485526511615,1.0
trunc_laplace,43025,SF_k107,107,0.9310223909852352,2.519612918750849,0.9942701130227278
trunc_laplace,43025,SF_k108,108,0.9438729148535301,2.7152678084780595,1.0
trunc_laplace,43025,SF_k109,109,0.957600953042881,2.880395797444298,1.0
trunc_laplace,43025,SF_k110,110,0.9731335699937322,2.7567873133330507,1.0
trunc_laplace,43026,SF_k106,106,0.9187206599719125,3.1836896888509334,1.0
trunc_laplace,43026,SF_k107,107,0.9310223909852352,3.062113829646574,1.0
trunc_laplace,43026,SF_k108,108,0.9438729148535301,3.001678402780387,1.0
trunc_laplace,43026,SF_k109,109,0.957600953042881,2.8222673320699614,1.0
trunc_laplace,43026,SF_k110,110,0.9731335699937322,3.2847089607514413,1.0
trunc_laplace,43027,SF_k106,106,0.9187206599719125,3.047922597276388,1.0
trunc_laplace,43027,SF_k107,107,0.9310223909852352,2.824566873705633,1.0
trunc_laplace,43027,SF_k108,108,0.9438729148535301,2.875007535805792,1.0
trunc_laplace,43027,SF_k109,109,0.957600953042881,3.7163182854993693,1.0
trunc_laplace,43027,SF_k110,110,0.9731335699937322,3.5599361831846963,1.0
trunc_laplace,43028,SF_k106,106,0.9187206599719125,3.3316135898644257,1.0
trunc_laplace,43028,SF_k107,107,0.9310223909852352,3.4223543984080056,1.0
trunc_laplace,43028,SF_k108,108,0.9438729148535301,3.3524334527742794,1.0
trunc_laplace,43028,SF_k109,109,0.957600953042881,3.326500508725493,1.0
trunc_laplace,43028,SF_k110,110,0.9731335699937322,3.983314963506958,1.0
trunc_laplace,43029,SF_k106,106,0.9187206599719125,3.3092798845596696,1.0
trunc_laplace,43029,SF_k107,107,0.9310223909852352,3.1564406229297437,1.0
trunc_laplace,43029,SF_k108,108,0.9438729148535301,3.1427318888052684,1.0
trunc_laplace,43029,SF_k109,109,0.957600953042881,2.956126481532349,1.0
trunc_laplace,43029,SF_k110,110,0.9731335699937322,3.2309810230642193,1.0
trunc_laplace,43030,SF_k106,106,0.9187206599719125,3.179224615894377,1.0
trunc_laplace,43030,SF_k107,107,0.9310223909852352,3.013348070703904,1.0
trunc_laplace,43030,SF_k108,108,0.9438729148535301,2.7904250854287427,1.0
trunc_laplace,43030,SF_k109,109,0.957600953042881,2.6776231157311057,1.0
trunc_laplace,43030,SF_k110,110,0.9731335699937322,2.404545835549926,0.9844010429622281
trunc_laplace,43031,SF_k106,106,0.9187206599719125,3.2660849617816345,1.0
trunc_laplace,43031,SF_k107,107,0.9310223909852352,3.0754503911010445,1.0
trunc_laplace,43031,SF_k108,108,0.9438729148535301,3.5112010674144662,1.0
trunc_laplace,43031,SF_k109,109,0.957600953042881,3.2874346251434434,1.0
trunc_laplace,43031,SF_k110,110,0.9731335699937322,3.150158904446152,1.0
trunc_laplace,43032,SF_k106,106,0.9187206599719125,3.109689720099811,1.0
trunc_laplace,43032,SF_k107,107,0.9310223909852352,2.840206609887781,1.0
trunc_laplace,43032,SF_k108,108,0.9438729148535301,2.7765803973945173,1.0
trunc_laplace,43032,SF_k109,109,0.957600953042881,2.7350959585601045,1.0
trunc_laplace,43032,SF_k110,110,0.9731335699937322,2.80629281672485,1.0
trunc_laplace,43033,SF_k106,106,0.9187206599719125,3.100060000756155,1.0
trunc_laplace,43033,SF_k107,107,0.9310223909852352,2.8582200025439843,1.0
trunc_laplace,43033,SF_k108,108,0.9438729148535301,2.6380204433668686,1.0
trunc_laplace,43033,SF_k109,109,0.957600953042881,2.768848961923477,1.0
trunc_laplace,43033,SF_k110,110,0.9731335699937322,3.2191052405796468,1.0
trunc_laplace,43034,SF_k106,106,0.9187206599719125,3.364995322675206,1.0
trunc_laplace,43034,SF_k107,107,0.9310223909852352,3.115582330738469,1.0
trunc_laplace,43034,SF_k108,108,0.9438729148535301,3.1560887735401795,1.0
trunc_laplace,43034,SF_k109,109,0.957600953042881,3.035292411328129,1.0
trunc_laplace,43034,SF_k110,110,0.9731335699937322,3.8646731561050065,1.0
trunc_laplace,43035,SF_k106,106,0.9187206599719125,3.5660759674560327,1.0
trunc_laplace,43035,SF_k107,107,0.9310223909852352,3.617305501310322,1.0
trunc_laplace,43035,SF_k108,108,0.9438729148535301,3.4203327821783214,1.0
trunc_laplace,43035,SF_k109,109,0.957600953042881,3.2812105377398373,1.0
trunc_laplace,43035,SF_k110,110,0.9731335699937322,4.023329308148118,1.0
trunc_laplace,43036,SF_k106,106,0.9187206599719125,3.1617153751047127,1.0
trunc_laplace,43036,SF_k107,107,0.9310223909852352,2.8921619515766,1.0
trunc_laplace,43036,SF_k108,108,0.9438729148535301,2.7949360474550686,1.0
trunc_laplace,43036,SF_k109,109,0.957600953042881,2.57409317191847,0.9985453519518797
trunc_laplace,43036,SF_k110,110,0.9731335699937322,3.2056006553425664,1.0
trunc_laplace,43037,SF_k106,106,0.9187206599719125,2.8654864338395525,1.0
trunc_laplace,43037,SF_k107,107,0.9310223909852352,2.8552159387592506,1.0
trunc_laplace,43037,SF_k108,108,0.9438729148535301,3.11100107668396,1.0
trunc_laplace,43037,SF_k109,109,0.957600953042881,3.033304276503827,1.0
trunc_laplace,43037,SF_k110,110,0.9731335699937322,3.2009106546379655,1.0
trunc_laplace,43038,SF_k106,106,0.9187206599719125,3.286459183558113,1.0
trunc_laplace,43038,SF_k107,107,0.9310223909852352,3.186659241391039,1.0
trunc_laplace,43038,SF_k108,108,0.9438729148535301,3.016755279014167,1.0
trunc_laplace,43038,SF_k109,109,0.957600953042881,3.0352021453183164,1.0
trunc_laplace,43038,SF_k110,110,0.9731335699937322,3.7562556763220214,1.0
trunc_laplace,43039,SF_k106,106,0.9187206599719125,2.878681377680643,1.0
trunc_laplace,43039,SF_k107,107,0.9310223909852352,2.71113908422677,1.0
trunc_laplace,43039,SF_k108,108,0.9438729148535301,2.50903954433686,0.993411864655108
trunc_laplace,43039,SF_k109,109,0.957600953042881,2.4098705532952573,0.984884344032378
trunc_laplace,43039,SF_k110,110,0.9731335699937322,2.4361665177017966,0.9872321456207505
trunc_laplace,43040,SF_k106,106,0.9187206599719125,3.1899407709241627,1.0
trunc_laplace,43040,SF_k107,107,0.9310223909852352,3.084906528341441,1.0
trunc_laplace,43040,SF_k108,108,0.9438729148535301,2.876510666076435,1.0
trunc_laplace,43040,SF_k109,109,0.957600953042881,2.9119031464340983,1.0
trunc_laplace,43040,SF_k110,110,0.9731335699937322,2.6268960964363046,1.0
trunc_laplace,43041,SF_k106,106,0.9187206599719125,2.8527198165172636,1.0
trunc_laplace,43041,SF_k107,107,0.9310223909852352,2.5955807079201025,1.0
trunc_laplace,43041,SF_k108,108,0.9438729148535301,2.482332532915954,0.9912014164916312
trunc_laplace,43041,SF_k109,109,0.957600953042881,3.315367599652979,1.0
trunc_laplace,43041,SF_k110,110,0.9731335699937322,3.428813239865499,1.0
trunc_laplace,43042,SF_k106,106,0.9187206599719125,2.982415193725661,1.0
trunc_laplace,43042,SF_k107,107,0.9310223909852352,2.7548933590614055,1.0
trunc_laplace,43042,SF_k108,108,0.9438729148535301,2.8291682698533056,1.0
trunc_laplace,43042,SF_k109,109,0.957600953042881,2.641857521873892,1.0
trunc_laplace,43042,SF_k110,110,0.9731335699937322,2.5713030438629207,0.998332253856268
trunc_laplace,43043,SF_k106,106,0.9187206599719125,3.3858810417432306,1.0
trunc_laplace,43043,SF_k107,107,0.9310223909852352,3.112718853022664,1.0
trunc_laplace,43043,SF_k108,108,0.9438729148535301,2.9660027475194575,1.0
trunc_laplace,43043,SF_k109,109,0.957600953042881,2.829137711615638,1.0
trunc_laplace,43043,SF_k110,110,0.9731335699937322,2.7391633226401626,1.0
trunc_laplace,43044,SF_k106,106,0.9187206599719125,3.35875663066703,1.0
trunc_laplace,43044,SF_k107,107,0.9310223909852352,3.0997512528614615,1.0
trunc_laplace,43044,SF_k108,108,0.9438729148535301,2.959215908355439,1.0
trunc_laplace,43044,SF_k109,109,0.957600953042881,3.046505791841602,1.0
trunc_laplace,43044,SF_k110,110,0.9731335699937322,2.7675580011385317,1.0
trunc_laplace,43045,SF_k106,106,0.9187206599719125,3.3567392852208497,1.0
trunc_laplace,43045,SF_k107,107,0.9310223909852352,3.104811582097656,1.0
trunc_laplace,43045,SF_k108,108,0.9438729148535301,3.030951101449276,1.0
trunc_laplace,43045,SF_k109,109,0.957600953042881,2.8141335042910782,1.0
trunc_laplace,43045,SF_k110,110,0.9731335699937322,3.143386001734584,1.0
trunc_laplace,43046,SF_k106,106,0.9187206599719125,2.7060733472277096,1.0
trunc_laplace,43046,SF_k107,107,0.9310223909852352,2.7130987807645606,1.0
trunc_laplace,43046,SF_k108,108,0.9438729148535301,2.6000344597564085,1.0
trunc_laplace,43046,SF_k109,109,0.957600953042881,2.5349366074194077,0.9954972684067314
trunc_laplace,43046,SF_k110,110,0.9731335699937322,2.5060432849205734,0.9931669300100068
trunc_laplace,43047,SF_k106,106,0.9187206599719125,2.8265079546289402,1.0
trunc_laplace,43047,SF_k107,107,0.9310223909852352,2.7416827147329927,1.0
trunc_laplace,43047,SF_k108,108,0.9438729148535301,2.660088343249568,1.0
trunc_laplace,43047,SF_k109,109,0.957600953042881,2.7604943194269578,1.0
trunc_laplace,43047,SF_k110,110,0.9731335699937322,2.5625711187722424,0.9976613250002375
trunc_laplace,43048,SF_k106,106,0.9187206599719125,3.1223977474611977,1.0
trunc_laplace,43048,SF_k107,107,0.9310223909852352,2.8717314530499194,1.0
trunc_laplace,43048,SF_k108,108,0.9438729148535301,2.654034054509414,1.0
trunc_laplace,43048,SF_k109,109,0.957600953042881,2.900573148289761,1.0
trunc_laplace,43048,SF_k110,110,0.9731335699937322,2.7431222983219556,1.0
trunc_laplace,43049,SF_k106,106,0.9187206599719125,2.7923208918933815,1.0
trunc_laplace,43049,SF_k107,107,0.9310223909852352,2.9708397120667778,1.0
trunc_laplace,43049,SF_k108,108,0.9438729148535301,3.2056246890130606,1.0
trunc_laplace,43049,SF_k109,109,0.957600953042881,3.0579785380498237,1.0
trunc_laplace,43049,SF_k110,110,0.9731335699937322,3.281480596925236,1.0
trunc_laplace,43050,SF_k106,106,0.9187206599719125,3.189582945298263,1.0
trunc_laplace,43050,SF_k107,107,0.9310223909852352,3.053600928292015,1.0
trunc_laplace,43050,SF_k108,108,0.9438729148535301,2.898542860886625,1.0
trunc_laplace,43050,SF_k109,109,0.957600953042881,3.007907917418604,1.0
trunc_laplace,43050,SF_k110,110,0.9731335699937322,2.7566075087356743,1.0
trunc_laplace,43051,SF_k106,106,0.9187206599719125,2.68732831242877,1.0
trunc_laplace,43051,SF_k107,107,0.9310223909852352,2.6198819466726477,1.0
trunc_laplace,43051,SF_k108,108,0.9438729148535301,2.4146294138475057,0.9853140190963288
trunc_laplace,43051,SF_k109,109,0.957600953042881,2.419036828887434,0.9857100644660468
trunc_laplace,43051,SF_k110,110,0.9731335699937322,2.82655939733099,1.0
trunc_laplace,43052,SF_k106,106,0.9187206599719125,3.15802143676844,1.0
trunc_laplace,43052,SF_k107,107,0.9310223909852352,2.94772975882014,1.0
trunc_laplace,43052,SF_k108,108,0.9438729148535301,2.8631874654071825,1.0
trunc_laplace,43052,SF_k109,109,0.957600953042881,2.680289155203465,1.0
trunc_laplace,43052,SF_k110,110,0.9731335699937322,2.43502880202419,0.9871318933490612
trunc_laplace,43053,SF_k106,106,0.9187206599719125,3.1444858820836274,1.0
trunc_laplace,43053,SF_k107,107,0.9310223909852352,3.2167688834773034,1.0
trunc_laplace,43053,SF_k108,108,0.9438729148535301,2.993906319931728,1.0
trunc_laplace,43053,SF_k109,109,0.957600953042881,2.776320103924194,1.0
trunc_laplace,43053,SF_k110,110,0.9731335699937322,2.7128203858331683,1.0
trunc_laplace,43054,SF_k106,106,0.9187206599719125,3.336231644074644,1.0
trunc_laplace,43054,SF_k107,107,0.9310223909852352,3.1538846165265193,1.0
trunc_laplace,43054,SF_k108,108,0.9438729148535301,2.958641171906341,1.0
trunc_laplace,43054,SF_k109,109,0.957600953042881,3.6063074070296244,1.0
trunc_laplace,43054,SF_k110,110,0.9731335699937322,3.992474972830233,1.0
trunc_laplace,43055,SF_k106,106,0.9187206599719125,3.4824113772207586,1.0
trunc_laplace,43055,SF_k107,107,0.9310223909852352,3.5451945754065144,1.0
trunc_laplace,43055,SF_k108,108,0.9438729148535301,3.47952267013268,1.0
trunc_laplace,43055,SF_k109,109,0.957600953042881,3.4735561770978607,1.0
trunc_laplace,43055,SF_k110,110,0.9731335699937322,3.846818131958409,1.0
trunc_laplace,43056,SF_k106,106,0.9187206599719125,2.906160235608313,1.0
trunc_laplace,43056,SF_k107,107,0.9310223909852352,2.656845007701861,1.0
trunc_laplace,43056,SF_k108,108,0.9438729148535301,2.5697757276337803,0.9982153410266066
trunc_laplace,43056,SF_k109,109,0.957600953042881,2.4831029722110953,0.9912660494367187
trunc_laplace,43056,SF_k110,110,0.9731335699937322,2.4861727502398514,0.9915230611264783
trunc_laplace,43057,SF_k106,106,0.9187206599719125,3.6468545915917048,1.0
trunc_laplace,43057,SF_k107,107,0.9310223909852352,3.3949195042636116,1.0
trunc_laplace,43057,SF_k108,108,0.9438729148535301,3.4205183558454717,1.0
trunc_laplace,43057,SF_k109,109,0.957600953042881,3.3003751795503398,1.0
trunc_laplace,43057,SF_k110,110,0.9731335699937322,3.216205146977663,1.0
trunc_laplace,43058,SF_k106,106,0.9187206599719125,3.593261733198434,1.0
trunc_laplace,43058,SF_k107,107,0.9310223909852352,3.3461420171989014,1.0
trunc_laplace,43058,SF_k108,108,0.9438729148535301,3.1507242163715565,1.0
trunc_laplace,43058,SF_k109,109,0.957600953042881,2.9598475152260173,1.0
trunc_laplace,43058,SF_k110,110,0.9731335699937322,2.8034777550197054,1.0
trunc_laplace,43059,SF_k106,106,0.9187206599719125,2.9275640869806625,1.0
trunc_laplace,43059,SF_k107,107,0.9310223909852352,2.701524599556114,1.0
trunc_laplace,43059,SF_k108,108,0.9438729148535301,2.7103200182770406,1.0
trunc_laplace,43059,SF_k109,109,0.957600953042881,2.6285469285367307,1.0
trunc_laplace,43059,SF_k110,110,0.9731335699937322,3.193658384788799,1.0
trunc_laplace,43060,SF_k106,106,0.9187206599719125,3.3572199993753036,1.0
trunc_laplace,43060,SF_k107,107,0.9310223909852352,3.203366315828067,1.0
trunc_laplace,43060,SF_k108,108,0.9438729148535301,3.090677059992261,1.0
trunc_laplace,43060,SF_k109,109,0.957600953042881,3.0772257508098817,1.0
trunc_laplace,43060,SF_k110,110,0.9731335699937322,2.8548371794011893,1.0
trunc_laplace,43061,SF_k106,106,0.9187206599719125,3.116191645443694,1.0
trunc_laplace,43061,SF_k107,107,0.9310223909852352,3.2233068639496962,1.0
trunc_laplace,43061,SF_k108,108,0.9438729148535301,3.0830704563895575,1.0
trunc_laplace,43061,SF_k109,109,0.957600953042881,2.956221309880425,1.0
trunc_laplace,43061,SF_k110,110,0.9731335699937322,2.815724234527337,1.0
trunc_laplace,43062,SF_k106,106,0.9187206599719125,3.0324693670483374,1.0
trunc_laplace,43062,SF_k107,107,0.9310223909852352,3.0049233709995953,1.0
trunc_laplace,43062,SF_k108,108,0.9438729148535301,2.8438432989502687,1.0
trunc_laplace,43062,SF_k109,109,0.957600953042881,2.74292891664001,1.0
trunc_laplace,43062,SF_k110,110,0.9731335699937322,4.256300964952507,1.0
trunc_laplace,43063,SF_k106,106,0.9187206599719125,2.7906743037325294,1.0
trunc_laplace,43063,SF_k107,107,0.9310223909852352,2.5863830672488644,0.9994766547004112
trunc_laplace,43063,SF_k108,108,0.9438729148535301,2.41032386806407,0.9849253655556516
trunc_laplace,43063,SF_k109,109,0.957600953042881,2.6639742706519467,1.0
trunc_laplace,43063,SF_k110,110,0.9731335699937322,2.686739644541284,1.0
trunc_laplace,43064,SF_k106,106,0.9187206599719125,3.053554007952348,1.0
trunc_laplace,43064,SF_k107,107,0.9310223909852352,3.05157019070063,1.0
trunc_laplace,43064,SF_k108,108,0.9438729148535301,2.908080047028753,1.0
trunc_laplace,43064,SF_k109,109,0.957600953042881,3.2815152795105664,1.0
trunc_laplace,43064,SF_k110,110,0.9731335699937322,3.31758577175335,1.0
trunc_laplace,43065,SF_k106,106,0.9187206599719125,3.10865482232604,1.0
trunc_laplace,43065,SF_k107,107,0.9310223909852352,3.307538854113529,1.0
trunc_laplace,43065,SF_k108,108,0.9438729148535301,3.1925046304672478,1.0
trunc_laplace,43065,SF_k109,109,0.957600953042881,2.9817654484104588,1.0
trunc_laplace,43065,SF_k110,110,0.9731335699937322,3.307366292229137,1.0
trunc_laplace,43066,SF_k106,106,0.9187206599719125,3.4554197189649942,1.0
trunc_laplace,43066,SF_k107,107,0.9310223909852352,3.1947856085393416,1.0
trunc_laplace,43066,SF_k108,108,0.9438729148535301,3.0867250626657086,1.0
trunc_laplace,43066,SF_k109,109,0.957600953042881,2.9156130380963794,1.0
trunc_laplace,43066,SF_k110,110,0.9731335699937322,3.835510370046087,1.0
trunc_laplace,43067,SF_k106,106,0.9187206599719125,3.109773471461677,1.0
trunc_laplace,43067,SF_k107,107,0.9310223909852352,3.427023171804893,1.0
trunc_laplace,43067,SF_k108,108,0.9438729148535301,3.332951216257189,1.0
trunc_laplace,43067,SF_k109,109,0.957600953042881,3.540905274438504,1.0
trunc_laplace,43067,SF_k110,110,0.9731335699937322,3.7251959270019186,1.0
trunc_laplace,43068,SF_k106,106,0.9187206599719125,3.337561999361133,1.0
trunc_laplace,43068,SF_k107,107,0.9310223909852352,3.0920049361316444,1.0
trunc_laplace,43068,SF_k108,108,0.9438729148535301,2.994963941964938,1.0
trunc_laplace,43068,SF_k109,109,0.957600953042881,2.8682641351111857,1.0
trunc_laplace,43068,SF_k110,110,0.9731335699937322,3.268745634460135,1.0
trunc_laplace,43069,SF_k106,106,0.9187206599719125,3.063557508913385,1.0
trunc_laplace,43069,SF_k107,107,0.9310223909852352,2.834234426641801,1.0
trunc_laplace,43069,SF_k108,108,0.9438729148535301,2.7818218853712615,1.0
trunc_laplace,43069,SF_k109,109,0.957600953042881,2.823022748691898,1.0
trunc_laplace,43069,SF_k110,110,0.9731335699937322,2.703408544411742,1.0
trunc_laplace,43070,SF_k106,106,0.9187206599719125,3.056449243251626,1.0
trunc_laplace,43070,SF_k107,107,0.9310223909852352,2.8691050280660018,1.0
trunc_laplace,43070,SF_k108,108,0.9438729148535301,2.7926379013716374,1.0
trunc_laplace,43070,SF_k109,109,0.957600953042881,2.916133894642698,1.0
trunc_laplace,43070,SF_k110,110,0.9731335699937322,2.824686408109497,1.0
trunc_laplace,43071,SF_k106,106,0.9187206599719125,3.0283991015689486,1.0
trunc_laplace,43071,SF_k107,107,0.9310223909852352,2.802945377021809,1.0
trunc_laplace,43071,SF_k108,108,0.9438729148535301,2.7168058960961843,1.0
trunc_laplace,43071,SF_k109,109,0.957600953042881,3.0063239047804937,1.0
trunc_laplace,43071,SF_k110,110,0.9731335699937322,2.7913925216955615,1.0
trunc_laplace,43072,SF_k106,106,0.9187206599719125,3.518093616533727,1.0
trunc_laplace,43072,SF_k107,107,0.9310223909852352,3.3194697964830824,1.0
trunc_laplace,43072,SF_k108,108,0.9438729148535301,3.123978586791792,1.0
trunc_laplace,43072,SF_k109,109,0.957600953042881,3.0493923452967,1.0
trunc_laplace,43072,SF_k110,110,0.9731335699937322,3.065949539551566,1.0
trunc_laplace,43073,SF_k106,106,0.9187206599719125,3.1070528147173366,1.0
trunc_laplace,43073,SF_k107,107,0.9310223909852352,2.955929481785455,1.0
trunc_laplace,43073,SF_k108,108,0.9438729148535301,2.8508949830752752,1.0
trunc_laplace,43073,SF_k109,109,0.957600953042881,2.9010491854112357,1.0
trunc_laplace,43073,SF_k110,110,0.9731335699937322,2.680725009172097,1.0
trunc_laplace,43074,SF_k106,106,0.9187206599719125,3.2089200346073166,1.0
trunc_laplace,43074,SF_k107,107,0.9310223909852352,3.422728116962699,1.0
trunc_laplace,43074,SF_k108,108,0.9438729148535301,3.206719391060284,1.0
trunc_laplace,43074,SF_k109,109,0.957600953042881,3.255344502472984,1.0
trunc_laplace,43074,SF_k110,110,0.9731335699937322,3.1086208242430313,1.0
trunc_laplace,43075,SF_k106,106,0.9187206599719125,2.763967255018376,1.0
trunc_laplace,43075,SF_k107,107,0.9310223909852352,2.54710630837865,0.9964579673592826
trunc_laplace,43075,SF_k108,108,0.9438729148535301,2.5384383715154244,0.9957749549712611
trunc_laplace,43075,SF_k109,109,0.957600953042881,2.449657402166463,0.9884118987917145
trunc_laplace,43075,SF_k110,110,0.9731335699937322,2.512089023515651,0.9936603650911833
trunc_laplace,43076,SF_k106,106,0.9187206599719125,2.805902063641435,1.0
trunc_laplace,43076,SF_k107,107,0.9310223909852352,2.5556522517403084,0.997125348530493
trunc_laplace,43076,SF_k108,108,0.9438729148535301,2.392226997207227,0.9832725742280624
trunc_laplace,43076,SF_k109,109,0.957600953042881,2.1928785188990414,0.9628432775604354
trunc_laplace,43076,SF_k110,110,0.9731335699937322,2.0662828329717677,0.9474823458161408
trunc_laplace,43077,SF_k106,106,0.9187206599719125,3.441273526989712,1.0
trunc_laplace,43077,SF_k107,107,0.9310223909852352,3.3132957593875045,1.0
trunc_laplace,43077,SF_k108,108,0.9438729148535301,3.864177256604297,1.0
trunc_laplace,43077,SF_k109,109,0.957600953042881,3.790163407631009,1.0
trunc_laplace,43077,SF_k110,110,0.9731335699937322,3.63059388010953,1.0
trunc_laplace,43078,SF_k106,106,0.9187206599719125,3.3197385872772798,1.0
trunc_laplace,43078,SF_k107,107,0.9310223909852352,3.052685015728178,1.0
trunc_laplace,43078,SF_k108,108,0.9438729148535301,2.8930069133739615,1.0
trunc_laplace,43078,SF_k109,109,0.957600953042881,2.6827807604078244,1.0
trunc_laplace,43078,SF_k110,110,0.9731335699937322,4.946877158558136,1.0
trunc_laplace,43079,SF_k106,106,0.9187206599719125,2.9503688084044613,1.0
trunc_laplace,43079,SF_k107,107,0.9310223909852352,3.1818624764790457,1.0
trunc_laplace,43079,SF_k108,108,0.9438729148535301,2.9630975537816977,1.0
trunc_laplace,43079,SF_k109,109,0.957600953042881,2.913259030151641,1.0
trunc_laplace,43079,SF_k110,110,0.9731335699937322,2.821612795857766,1.0
trunc_laplace,43080,SF_k106,106,0.9187206599719125,3.062281220452461,1.0
trunc_laplace,43080,SF_k107,107,0.9310223909852352,2.8217780913124915,1.0
trunc_laplace,43080,SF_k108,108,0.9438729148535301,2.715319792513433,1.0
trunc_laplace,43080,SF_k109,109,0.957600953042881,3.223537672006128,1.0
trunc_laplace,43080,SF_k110,110,0.9731335699937322,3.5070887729725393,1.0
trunc_laplace,43081,SF_k106,106,0.9187206599719125,3.467463404357385,1.0
trunc_laplace,43081,SF_k107,107,0.9310223909852352,3.4034452806172757,1.0
trunc_laplace,43081,SF_k108,108,0.9438729148535301,3.2188720823691006,1.0
trunc_laplace,43081,SF_k109,109,0.957600953042881,3.3192003678182602,1.0
trunc_laplace,43081,SF_k110,110,0.9731335699937322,3.100135289196302,1.0
trunc_laplace,43082,SF_k106,106,0.9187206599719125,3.32269939991064,1.0
trunc_laplace,43082,SF_k107,107,0.9310223909852352,3.1092663109501517,1.0
trunc_laplace,43082,SF_k108,108,0.9438729148535301,3.0808703879533943,1.0
trunc_laplace,43082,SF_k109,109,0.957600953042881,2.981886816001462,1.0
trunc_laplace,43082,SF_k110,110,0.9731335699937322,2.7331777248161258,1.0
trunc_laplace,43083,SF_k106,106,0.9187206599719125,3.081225857460734,1.0
trunc_laplace,43083,SF_k107,107,0.9310223909852352,2.8761411358038327,1.0
trunc_laplace,43083,SF_k108,108,0.9438729148535301,2.7889734932342787,1.0
trunc_laplace,43083,SF_k109,109,0.957600953042881,2.6237083666061034,1.0
trunc_laplace,43083,SF_k110,110,0.9731335699937322,2.6276958951380824,1.0
trunc_laplace,43084,SF_k106,106,0.9187206599719125,2.9938275155305556,1.0
trunc_laplace,43084,SF_k107,107,0.9310223909852352,2.8473148875745067,1.0
trunc_laplace,43084,SF_k108,108,0.9438729148535301,2.664426478805438,1.0
trunc_laplace,43084,SF_k109,109,0.957600953042881,3.055699934885243,1.0
trunc_laplace,43084,SF_k110,110,0.9731335699937322,3.0775483316703487,1.0
trunc_laplace,43085,SF_k106,106,0.9187206599719125,3.1718177281669955,1.0
trunc_laplace,43085,SF_k107,107,0.9310223909852352,3.1271967895564443,1.0
trunc_laplace,43085,SF_k108,108,0.9438729148535301,3.1979522489518724,1.0
trunc_laplace,43085,SF_k109,109,0.957600953042881,3.0026407609245727,1.0
trunc_laplace,43085,SF_k110,110,0.9731335699937322,3.3132578537102235,1.0
trunc_laplace,43086,SF_k106,106,0.9187206599719125,3.2989226283012574,1.0
trunc_laplace,43086,SF_k107,107,0.9310223909852352,3.121758313058248,1.0
trunc_laplace,43086,SF_k108,108,0.9438729148535301,2.977617325745076,1.0
trunc_laplace,43086,SF_k109,109,0.957600953042881,2.8177033318523628,1.0
trunc_laplace,43086,SF_k110,110,0.9731335699937322,2.6592020192901615,1.0
trunc_laplace,43087,SF_k106,106,0.9187206599719125,3.1808548494867885,1.0
trunc_laplace,43087,SF_k107,107,0.9310223909852352,2.9323629525788926,1.0
trunc_laplace,43087,SF_k108,108,0.9438729148535301,2.879249066202465,1.0
trunc_laplace,43087,SF_k109,109,0.957600953042881,2.9082517098334293,1.0
trunc_laplace,43087,SF_k110,110,0.9731335699937322,2.8979577616414454,1.0
trunc_laplace,43088,SF_k106,106,0.9187206599719125,3.3269069556018454,1.0
trunc_laplace,43088,SF_k107,107,0.9310223909852352,3.06871655268821,1.0
trunc_laplace,43088,SF_k108,108,0.9438729148535301,2.909398965746709,1.0
trunc_laplace,43088,SF_k109,109,0.957600953042881,2.7362072892761136,1.0
trunc_laplace,43088,SF_k110,110,0.9731335699937322,2.6936964176270632,1.0
trunc_laplace,43089,SF_k106,106,0.9187206599719125,3.2139502042891315,1.0
trunc_laplace,43089,SF_k107,107,0.9310223909852352,3.031078286470404,1.0
trunc_laplace,43089,SF_k108,108,0.9438729148535301,3.006651695499915,1.0
trunc_laplace,43089,SF_k109,109,0.957600953042881,2.9231597887264895,1.0
trunc_laplace,43089,SF_k110,110,0.9731335699937322,2.692228178466891,1.0
trunc_laplace,43090,SF_k106,106,0.9187206599719125,3.197202199906396,1.0
trunc_laplace,43090,SF_k107,107,0.9310223909852352,2.9938965965195865,1.0
trunc_laplace,43090,SF_k108,108,0.9438729148535301,3.2061415585178903,1.0
trunc_laplace,43090,SF_k109,109,0.957600953042881,3.2529300158950716,1.0
trunc_laplace,43090,SF_k110,110,0.9731335699937322,3.078333707407366,1.0
trunc_laplace,43091,SF_k106,106,0.9187206599719125,2.965004487742585,1.0
trunc_laplace,43091,SF_k107,107,0.9310223909852352,2.716533253261216,1.0
trunc_laplace,43091,SF_k108,108,0.9438729148535301,2.5990633234221363,1.0
trunc_laplace,43091,SF_k109,109,0.957600953042881,2.774151824239932,1.0
trunc_laplace,43091,SF_k110,110,0.9731335699937322,2.6634464398919944,1.0
trunc_laplace,43092,SF_k106,106,0.9187206599719125,3.4733819761950055,1.0
trunc_laplace,43092,SF_k107,107,0.9310223909852352,3.2960452552395108,1.0
trunc_laplace,43092,SF_k108,108,0.9438729148535301,3.1916547190318125,1.0
trunc_laplace,43092,SF_k109,109,0.957600953042881,3.0806783213784987,1.0
trunc_laplace,43092,SF_k110,110,0.9731335699937322,3.8967623397261963,1.0
trunc_laplace,43093,SF_k106,106,0.9187206599719125,3.135645952799875,1.0
trunc_laplace,43093,SF_k107,107,0.9310223909852352,2.8847282580178395,1.0
trunc_laplace,43093,SF_k108,108,0.9438729148535301,2.721891464478704,1.0
trunc_laplace,43093,SF_k109,109,0.957600953042881,2.942090131580437,1.0
trunc_laplace,43093,SF_k110,110,0.9731335699937322,2.813542991892809,1.0
trunc_laplace,43094,SF_k106,106,0.9187206599719125,3.4522780125110577,1.0
trunc_laplace,43094,SF_k107,107,0.9310223909852352,3.193538173945075,1.0
trunc_laplace,43094,SF_k108,108,0.9438729148535301,2.9999342579489174,1.0
trunc_laplace,43094,SF_k109,109,0.957600953042881,2.8626195760798883,1.0
trunc_laplace,43094,SF_k110,110,0.9731335699937322,3.1680249709869415,1.0
trunc_laplace,43095,SF_k106,106,0.9187206599719125,2.9768911029325174,1.0
trunc_laplace,43095,SF_k107,107,0.9310223909852352,2.8237925253209815,1.0
trunc_laplace,43095,SF_k108,108,0.9438729148535301,2.797891388204945,1.0
trunc_laplace,43095,SF_k109,109,0.957600953042881,2.605205735282704,1.0
trunc_laplace,43095,SF_k110,110,0.9731335699937322,3.5558842078711153,1.0
trunc_laplace,43096,SF_k106,106,0.9187206599719125,3.0851354560941906,1.0
trunc_laplace,43096,SF_k107,107,0.9310223909852352,2.846562885576907,1.0
trunc_laplace,43096,SF_k108,108,0.9438729148535301,2.6823083637025555,1.0
trunc_laplace,43096,SF_k109,109,0.957600953042881,4.045538711551303,1.0
trunc_laplace,43096,SF_k110,110,0.9731335699937322,3.9558881295995434,1.0
trunc_laplace,43097,SF_k106,106,0.9187206599719125,2.7998850204052412,1.0
trunc_laplace,43097,SF_k107,107,0.9310223909852352,2.5378541384580586,0.9957286963092067
trunc_laplace,43097,SF_k108,108,0.9438729148535301,2.806083860744218,1.0
trunc_laplace,43097,SF_k109,109,0.957600953042881,2.7172137103200074,1.0
trunc_laplace,43097,SF_k110,110,0.9731335699937322,2.434835252440615,0.9871148264656622
trunc_laplace,43098,SF_k106,106,0.9187206599719125,3.3119297155804963,1.0
trunc_laplace,43098,SF_k107,107,0.9310223909852352,3.231931921319751,1.0
trunc_laplace,43098,SF_k108,108,0.9438729148535301,3.0829027590442792,1.0
trunc_laplace,43098,SF_k109,109,0.957600953042881,3.1942968056652075,1.0
trunc_laplace,43098,SF_k110,110,0.9731335699937322,2.942332920377161,1.0
trunc_laplace,43099,SF_k106,106,0.9187206599719125,3.2644044578792726,1.0
trunc_laplace,43099,SF_k107,107,0.9310223909852352,3.0817802692365577,1.0
trunc_laplace,43099,SF_k108,108,0.9438729148535301,3.268123602934592,1.0
trunc_laplace,43099,SF_k109,109,0.957600953042881,3.194337334044137,1.0
trunc_laplace,43099,SF_k110,110,0.9731335699937322,3.2474658068334032,1.0
trunc_laplace,43100,SF_k106,106,0.9187206599719125,3.188312961029235,1.0
trunc_laplace,43100,SF_k107,107,0.9310223909852352,2.94548989254108,1.0
trunc_laplace,43100,SF_k108,108,0.9438729148535301,3.0473746312782235,1.0
trunc_laplace,43100,SF_k109,109,0.957600953042881,2.861051419193102,1.0
trunc_laplace,43100,SF_k110,110,0.9731335699937322,3.3329603004512447,1.0
trunc_laplace,43101,SF_k106,106,0.9187206599719125,2.9136762183198788,1.0
trunc_laplace,43101,SF_k107,107,0.9310223909852352,2.6927604662713662,1.0
trunc_laplace,43101,SF_k108,108,0.9438729148535301,2.6027536710577635,1.0
trunc_laplace,43101,SF_k109,109,0.957600953042881,2.399343011095758,0.9839262057460374
trunc_laplace,43101,SF_k110,110,0.9731335699937322,2.1824728226915813,0.9616557601428486
trunc_laplace,43102,SF_k106,106,0.9187206599719125,3.387248091050633,1.0
trunc_laplace,43102,SF_k107,107,0.9310223909852352,3.248865245934176,1.0
trunc_laplace,43102,SF_k108,108,0.9438729148535301,3.089996237234966,1.0
trunc_laplace,43102,SF_k109,109,0.957600953042881,2.936577881520389,1.0
trunc_laplace,43102,SF_k110,110,0.9731335699937322,3.6703579079906947,1.0
trunc_laplace,43103,SF_k106,106,0.9187206599719125,2.669097820398287,1.0
trunc_laplace,43103,SF_k107,107,0.9310223909852352,2.6126159681262484,1.0
trunc_laplace,43103,SF_k108,108,0.9438729148535301,2.6678257170075907,1.0
trunc_laplace,43103,SF_k109,109,0.957600953042881,2.784859872628537,1.0
trunc_laplace,43103,SF_k110,110,0.9731335699937322,2.608699894798807,1.0
trunc_laplace,43104,SF_k106,106,0.9187206599719125,2.896485669860944,1.0
trunc_laplace,43104,SF_k107,107,0.9310223909852352,2.876583320362569,1.0
trunc_laplace,43104,SF_k108,108,0.9438729148535301,2.7196225897364745,1.0
trunc_laplace,43104,SF_k109,109,0.957600953042881,2.940457593385844,1.0
trunc_laplace,43104,SF_k110,110,0.9731335699937322,2.7240249566911894,1.0
trunc_laplace,43105,SF_k106,106,0.9187206599719125,3.5035850210216997,1.0
trunc_laplace,43105,SF_k107,107,0.9310223909852352,3.6359262020124086,1.0
trunc_laplace,43105,SF_k108,108,0.9438729148535301,3.4840157515066332,1.0
trunc_laplace,43105,SF_k109,109,0.957600953042881,3.3920268524538333,1.0
trunc_laplace,43105,SF_k110,110,0.9731335699937322,3.2089807163480333,1.0
trunc_laplace,43106,SF_k106,106,0.9187206599719125,2.986651813713839,1.0
trunc_laplace,43106,SF_k107,107,0.9310223909852352,2.8048740566049113,1.0
trunc_laplace,43106,SF_k108,108,0.9438729148535301,2.9041226059363034,1.0
trunc_laplace,43106,SF_k109,109,0.957600953042881,2.874101542642265,1.0
trunc_laplace,43106,SF_k110,110,0.9731335699937322,2.673964044485671,1.0
trunc_laplace,43107,SF_k106,106,0.9187206599719125,2.935061468468554,1.0
trunc_laplace,43107,SF_k107,107,0.9310223909852352,2.994711865236365,1.0
trunc_laplace,43107,SF_k108,108,0.9438729148535301,2.9758702510910853,1.0
trunc_laplace,43107,SF_k109,109,0.957600953042881,2.8443419977116946,1.0
trunc_laplace,43107,SF_k110,110,0.9731335699937322,3.0356288742090984,1.0
trunc_laplace,43108,SF_k106,106,0.9187206599719125,3.1648545076393737,1.0
trunc_laplace,43108,SF_k107,107,0.9310223909852352,3.0894219637169797,1.0
trunc_laplace,43108,SF_k108,108,0.9438729148535301,2.8816101449198075,1.0
trunc_laplace,43108,SF_k109,109,0.957600953042881,2.683075535698977,1.0
trunc_laplace,43108,SF_k110,110,0.9731335699937322,2.5848484766780464,0.9993610178446881
trunc_laplace,43109,SF_k106,106,0.9187206599719125,3.13372888267543,1.0
trunc_laplace,43109,SF_k107,107,0.9310223909852352,3.1314290220986423,1.0
trunc_laplace,43109,SF_k108,108,0.9438729148535301,3.1826657170484123,1.0
trunc_laplace,43109,SF_k109,109,0.957600953042881,3.050149603840845,1.0
trunc_laplace,43109,SF_k110,110,0.9731335699937322,4.813365083463684,1.0
trunc_laplace,43110,SF_k106,106,0.9187206599719125,3.179648950475197,1.0
trunc_laplace,43110,SF_k107,107,0.9310223909852352,2.921260544183691,1.0
trunc_laplace,43110,SF_k108,108,0.9438729148535301,2.8870301624981254,1.0
trunc_laplace,43110,SF_k109,109,0.957600953042881,2.9545182261585827,1.0
trunc_laplace,43110,SF_k110,110,0.9731335699937322,2.9307470995347615,1.0
trunc_laplace,43111,SF_k106,106,0.9187206599719125,2.835692854382326,1.0
trunc_laplace,43111,SF_k107,107,0.9310223909852352,2.8306652139550224,1.0
trunc_laplace,43111,SF_k108,108,0.9438729148535301,3.047282833688813,1.0
trunc_laplace,43111,SF_k109,109,0.957600953042881,2.8251894293500994,1.0
trunc_laplace,43111,SF_k110,110,0.9731335699937322,2.7118511043945586,1.0
trunc_laplace,43112,SF_k106,106,0.9187206599719125,2.5904606378653754,0.9997830163459429
trunc_laplace,43112,SF_k107,107,0.9310223909852352,2.377654185231884,0.9819187722071558
trunc_laplace,43112,SF_k108,108,0.9438729148535301,2.7187414257019955,1.0
trunc_laplace,43112,SF_k109,109,0.957600953042881,2.5261571985154085,0.9947965941505619
trunc_laplace,43112,SF_k110,110,0.9731335699937322,2.8253913861510465,1.0
trunc_laplace,43113,SF_k106,106,0.9187206599719125,3.424800753590918,1.0
trunc_laplace,43113,SF_k107,107,0.9310223909852352,3.1838325527955895,1.0
trunc_laplace,43113,SF_k108,108,0.9438729148535301,3.348758157112524,1.0
trunc_laplace,43113,SF_k109,109,0.957600953042881,3.151236412127808,1.0
trunc_laplace,43113,SF_k110,110,0.9731335699937322,3.6345389866158304,1.0
trunc_laplace,43114,SF_k106,106,0.9187206599719125,2.994540769012144,1.0
trunc_laplace,43114,SF_k107,107,0.9310223909852352,2.9664301225710545,1.0
trunc_laplace,43114,SF_k108,108,0.9438729148535301,2.7649896124823434,1.0
trunc_laplace,43114,SF_k109,109,0.957600953042881,3.1215686731858607,1.0
trunc_laplace,43114,SF_k110,110,0.9731335699937322,3.637341130449749,1.0
trunc_laplace,43115,SF_k106,106,0.9187206599719125,3.5721040364636116,1.0
trunc_laplace,43115,SF_k107,107,0.9310223909852352,3.514355396859021,1.0
trunc_laplace,43115,SF_k108,108,0.9438729148535301,3.951347425436259,1.0
trunc_laplace,43115,SF_k109,109,0.957600953042881,3.7365228644234953,1.0
trunc_laplace,43115,SF_k110,110,0.9731335699937322,3.489634804075944,1.0
trunc_laplace,43116,SF_k106,106,0.9187206599719125,3.8886391571458536,1.0
trunc_laplace,43116,SF_k107,107,0.9310223909852352,3.7696560607905933,1.0
trunc_laplace,43116,SF_k108,108,0.9438729148535301,3.591112807133048,1.0
trunc_laplace,43116,SF_k109,109,0.957600953042881,3.3984022109577205,1.0
trunc_laplace,43116,SF_k110,110,0.9731335699937322,3.1369959227640947,1.0
trunc_laplace,43117,SF_k106,106,0.9187206599719125,3.005391115334519,1.0
trunc_laplace,43117,SF_k107,107,0.9310223909852352,2.774681539684667,1.0
trunc_laplace,43117,SF_k108,108,0.9438729148535301,2.8224597542254206,1.0
trunc_laplace,43117,SF_k109,109,0.957600953042881,2.9039200151235893,1.0
trunc_laplace,43117,SF_k110,110,0.9731335699937322,2.9172018367899035,1.0
trunc_laplace,43118,SF_k106,106,0.9187206599719125,2.6147713125018295,1.0
trunc_laplace,43118,SF_k107,107,0.9310223909852352,2.773994982312281,1.0
trunc_laplace,43118,SF_k108,108,0.9438729148535301,2.6529360201436742,1.0
trunc_laplace,43118,SF_k109,109,0.957600953042881,2.475894491178193,0.9906592872930784
trunc_laplace,43118,SF_k110,110,0.9731335699937322,3.657870664967277,1.0
trunc_laplace,43119,SF_k106,106,0.9187206599719125,2.8019827809791926,1.0
trunc_laplace,43119,SF_k107,107,0.9310223909852352,2.5945911360359335,1.0
trunc_laplace,43119,SF_k108,108,0.9438729148535301,2.527947187426979,0.9949399722569545
trunc_laplace,43119,SF_k109,109,0.957600953042881,2.4324080376665442,0.9869005058773521
trunc_laplace,43119,SF_k110,110,0.9731335699937322,3.3312375536728607,1.0
trunc_laplace,43120,SF_k106,106,0.9187206599719125,3.4378774443550597,1.0
trunc_laplace,43120,SF_k107,107,0.9310223909852352,3.519246341565731,1.0
trunc_laplace,43120,SF_k108,108,0.9438729148535301,3.3082400226643327,1.0
trunc_laplace,43120,SF_k109,109,0.957600953042881,3.1066625592024857,1.0
trunc_laplace,43120,SF_k110,110,0.9731335699937322,2.983552777050043,1.0
trunc_laplace,43121,SF_k106,106,0.9187206599719125,3.3047301642532294,1.0
trunc_laplace,43121,SF_k107,107,0.9310223909852352,3.184030808724363,1.0
trunc_laplace,43121,SF_k108,108,0.9438729148535301,2.98558306966869,1.0
trunc_laplace,43121,SF_k109,109,0.957600953042881,3.2027317806629934,1.0
trunc_laplace,43121,SF_k110,110,0.9731335699937322,3.3459845286023264,1.0
trunc_laplace,43122,SF_k106,106,0.9187206599719125,2.933245556950411,1.0
trunc_laplace,43122,SF_k107,107,0.9310223909852352,2.735876196285485,1.0
trunc_laplace,43122,SF_k108,108,0.9438729148535301,2.5672191323969176,0.9980192217648565
trunc_laplace,43122,SF_k109,109,0.957600953042881,2.482346476595617,0.9912025867028249
trunc_laplace,43122,SF_k110,110,0.9731335699937322,3.5436304913936736,1.0
trunc_laplace,43123,SF_k106,106,0.9187206599719125,3.110809571992071,1.0
trunc_laplace,43123,SF_k107,107,0.9310223909852352,3.0305681994595903,1.0
trunc_laplace,43123,SF_k108,108,0.9438729148535301,2.9702907054669545,1.0
trunc_laplace,43123,SF_k109,109,0.957600953042881,2.793746367927046,1.0
trunc_laplace,43123,SF_k110,110,0.9731335699937322,2.5458618904862536,0.9963602894740289
trunc_laplace,43124,SF_k106,106,0.9187206599719125,2.9891793408999767,1.0
trunc_laplace,43124,SF_k107,107,0.9310223909852352,2.7980798014100228,1.0
trunc_laplace,43124,SF_k108,108,0.9438729148535301,2.621882361374075,1.0
trunc_laplace,43124,SF_k109,109,0.957600953042881,2.88105166862833,1.0
trunc_laplace,43124,SF_k110,110,0.9731335699937322,3.7163412342293007,1.0
trunc_laplace,43125,SF_k106,106,0.9187206599719125,2.827656840351957,1.0
trunc_laplace,43125,SF_k107,107,0.9310223909852352,2.5375195308300653,0.9957021899007295
trunc_laplace,43125,SF_k108,108,0.9438729148535301,2.3091737898927143,0.9752740421265673
trunc_laplace,43125,SF_k109,109,0.957600953042881,2.9976125220679366,1.0
trunc_laplace,43125,SF_k110,110,0.9731335699937322,2.8267910757045405,1.0
trunc_laplace,43126,SF_k106,106,0.9187206599719125,3.4571124880316058,1.0
trunc_laplace,43126,SF_k107,107,0.9310223909852352,3.5305651238125044,1.0
trunc_laplace,43126,SF_k108,108,0.9438729148535301,3.347382144547512,1.0
trunc_laplace,43126,SF_k109,109,0.957600953042881,3.332285259497568,1.0
trunc_laplace,43126,SF_k110,110,0.9731335699937322,3.1592115582053766,1.0
trunc_laplace,43127,SF_k106,106,0.9187206599719125,3.2769826170120058,1.0
trunc_laplace,43127,SF_k107,107,0.9310223909852352,3.101567596475169,1.0
trunc_laplace,43127,SF_k108,108,0.9438729148535301,2.8898146563601017,1.0
trunc_laplace,43127,SF_k109,109,0.957600953042881,2.969756381074537,1.0
trunc_laplace,43127,SF_k110,110,0.9731335699937322,2.7095313037992867,1.0
trunc_laplace,43128,SF_k106,106,0.9187206599719125,3.0202338842349254,1.0
trunc_laplace,43128,SF_k107,107,0.9310223909852352,2.886747117526401,1.0
trunc_laplace,43128,SF_k108,108,0.9438729148535301,2.908699233430896,1.0
trunc_laplace,43128,SF_k109,109,0.957600953042881,2.7198391729721063,1.0
trunc_laplace,43128,SF_k110,110,0.9731335699937322,2.442571889132554,0.9877943537327942
trunc_laplace,43129,SF_k106,106,0.9187206599719125,3.4494212335855905,1.0
trunc_laplace,43129,SF_k107,107,0.9310223909852352,3.2103870936026238,1.0
trunc_laplace,43129,SF_k108,108,0.9438729148535301,3.1096619673465535,1.0
trunc_laplace,43129,SF_k109,109,0.957600953042881,2.945951244047771,1.0
trunc_laplace,43129,SF_k110,110,0.9731335699937322,2.812759308775502,1.0
trunc_laplace,43130,SF_k106,106,0.9187206599719125,3.188300151198266,1.0
trunc_laplace,43130,SF_k107,107,0.9310223909852352,3.043991212550272,1.0
trunc_laplace,43130,SF_k108,108,0.9438729148535301,3.1742294470677943,1.0
trunc_laplace,43130,SF_k109,109,0.957600953042881,2.970488725299211,1.0
trunc_laplace,43130,SF_k110,110,0.9731335699937322,3.0189090434398644,1.0
trunc_laplace,43131,SF_k106,106,0.9187206599719125,2.9397104650784356,1.0
trunc_laplace,43131,SF_k107,107,0.9310223909852352,2.690231843174587,1.0
trunc_laplace,43131,SF_k108,108,0.9438729148535301,2.85160064474346,1.0
trunc_laplace,43131,SF_k109,109,0.957600953042881,3.320180615922897,1.0
trunc_laplace,43131,SF_k110,110,0.9731335699937322,3.261002956714387,1.0
trunc_laplace,43132,SF_k106,106,0.9187206599719125,2.923837592847779,1.0
trunc_laplace,43132,SF_k107,107,0.9310223909852352,2.6868004408902175,1.0
trunc_laplace,43132,SF_k108,108,0.9438729148535301,2.5094540726710606,0.9934456907862161
trunc_laplace,43132,SF_k109,109,0.957600953042881,2.394362750060854,0.9834692606101194
trunc_laplace,43132,SF_k110,110,0.9731335699937322,2.21334602746826,0.9651417923936083
trunc_laplace,43133,SF_k106,106,0.9187206599719125,3.0276800166754,1.0
trunc_laplace,43133,SF_k107,107,0.9310223909852352,2.828743613675389,1.0
trunc_laplace,43133,SF_k108,108,0.9438729148535301,2.6262989181694603,1.0
trunc_laplace,43133,SF_k109,109,0.957600953042881,2.453679613338169,0.9887604332344613
trunc_laplace,43133,SF_k110,110,0.9731335699937322,2.3993235239439477,0.9839244223974539
trunc_laplace,43134,SF_k106,106,0.9187206599719125,3.262064899057048,1.0
trunc_laplace,43134,SF_k107,107,0.9310223909852352,3.043897992790478,1.0
trunc_laplace,43134,SF_k108,108,0.9438729148535301,3.0971321992889354,1.0
trunc_laplace,43134,SF_k109,109,0.957600953042881,2.919426701673993,1.0
trunc_laplace,43134,SF_k110,110,0.9731335699937322,3.2641353723143407,1.0
trunc_laplace,43135,SF_k106,106,0.9187206599719125,3.364936519183292,1.0
trunc_laplace,43135,SF_k107,107,0.9310223909852352,3.119445652409556,1.0
trunc_laplace,43135,SF_k108,108,0.9438729148535301,2.9185987797774144,1.0
trunc_laplace,43135,SF_k109,109,0.957600953042881,2.982958543324849,1.0
trunc_laplace,43135,SF_k110,110,0.9731335699937322,2.743812163192591,1.0
trunc_laplace,43136,SF_k106,106,0.9187206599719125,2.833696479147161,1.0
trunc_laplace,43136,SF_k107,107,0.9310223909852352,2.6312476132929787,1.0
trunc_laplace,43136,SF_k108,108,0.9438729148535301,2.8140114386599815,1.0
trunc_laplace,43136,SF_k109,109,0.957600953042881,2.6110444238600206,1.0
trunc_laplace,43136,SF_k110,110,0.9731335699937322,2.6675886449315653,1.0
trunc_laplace,43137,SF_k106,106,0.9187206599719125,3.7821983922253275,1.0
trunc_laplace,43137,SF_k107,107,0.9310223909852352,3.570895181201887,1.0
trunc_laplace,43137,SF_k108,108,0.9438729148535301,3.6695478971209403,1.0
trunc_laplace,43137,SF_k109,109,0.957600953042881,3.5100042172261845,1.0
trunc_laplace,43137,SF_k110,110,0.9731335699937322,3.6111338990146193,1.0
trunc_laplace,43138,SF_k106,106,0.9187206599719125,3.3749122505028746,1.0
trunc_laplace,43138,SF_k107,107,0.9310223909852352,3.1288958964558096,1.0
trunc_laplace,43138,SF_k108,108,0.9438729148535301,2.9029837921666974,1.0
trunc_laplace,43138,SF_k109,109,0.957600953042881,2.688845590499679,1.0
trunc_laplace,43138,SF_k110,110,0.9731335699937322,3.117629470001918,1.0
trunc_laplace,43139,SF_k106,106,0.9187206599719125,3.136199271552597,1.0
trunc_laplace,43139,SF_k107,107,0.9310223909852352,2.9563280498308027,1.0
trunc_laplace,43139,SF_k108,108,0.9438729148535301,2.7961453218618852,1.0
trunc_laplace,43139,SF_k109,109,0.957600953042881,2.7043978268222735,1.0
trunc_laplace,43139,SF_k110,110,0.9731335699937322,2.481816563438236,0.9911581022324543
trunc_laplace,43140,SF_k106,106,0.9187206599719125,3.3911071361436838,1.0
trunc_laplace,43140,SF_k107,107,0.9310223909852352,3.3449823837821184,1.0
trunc_laplace,43140,SF_k108,108,0.9438729148535301,3.5718819176308934,1.0
trunc_laplace,43140,SF_k109,109,0.957600953042881,4.062131335961472,1.0
trunc_laplace,43140,SF_k110,110,0.9731335699937322,4.182923361346633,1.0
trunc_laplace,43141,SF_k106,106,0.9187206599719125,2.9884344243673646,1.0
trunc_laplace,43141,SF_k107,107,0.9310223909852352,2.9434702824103747,1.0
trunc_laplace,43141,SF_k108,108,0.9438729148535301,2.7746091845481273,1.0
trunc_laplace,43141,SF_k109,109,0.957600953042881,2.8226648337810025,1.0
trunc_laplace,43141,SF_k110,110,0.9731335699937322,2.7584343636065083,1.0
trunc_laplace,43142,SF_k106,106,0.9187206599719125,2.976526300428218,1.0
trunc_laplace,43142,SF_k107,107,0.9310223909852352,2.8536602529251653,1.0
trunc_laplace,43142,SF_k108,108,0.9438729148535301,3.0410365662747303,1.0
trunc_laplace,43142,SF_k109,109,0.957600953042881,2.9601801726108268,1.0
trunc_laplace,43142,SF_k110,110,0.9731335699937322,3.3922977549372635,1.0
trunc_laplace,43143,SF_k106,106,0.9187206599719125,3.1476279547052366,1.0
trunc_laplace,43143,SF_k107,107,0.9310223909852352,3.2565131862044265,1.0
trunc_laplace,43143,SF_k108,108,0.9438729148535301,3.4973728265795225,1.0
trunc_laplace,43143,SF_k109,109,0.957600953042881,3.5322206565865253,1.0
trunc_laplace,43143,SF_k110,110,0.9731335699937322,5.4592075738852905,1.0
trunc_laplace,43144,SF_k106,106,0.9187206599719125,3.2020324067729367,1.0
trunc_laplace,43144,SF_k107,107,0.9310223909852352,2.948192454704008,1.0
trunc_laplace,43144,SF_k108,108,0.9438729148535301,2.8310931201607734,1.0
trunc_laplace,43144,SF_k109,109,0.957600953042881,2.8077136487390106,1.0
trunc_laplace,43144,SF_k110,110,0.9731335699937322,3.7121959623007585,1.0
trunc_laplace,43145,SF_k106,106,0.9187206599719125,3.7818362407023884,1.0
trunc_laplace,43145,SF_k107,107,0.9310223909852352,3.5198986094097653,1.0
trunc_laplace,43145,SF_k108,108,0.9438729148535301,3.3740686876126893,1.0
trunc_laplace,43145,SF_k109,109,0.957600953042881,3.272019426282786,1.0
trunc_laplace,43145,SF_k110,110,0.9731335699937322,3.011483833508615,1.0
trunc_laplace,43146,SF_k106,106,0.9187206599719125,3.3400402661854933,1.0
trunc_laplace,43146,SF_k107,107,0.9310223909852352,3.2284572544365657,1.0
trunc_laplace,43146,SF_k108,108,0.9438729148535301,3.8628957633049934,1.0
trunc_laplace,43146,SF_k109,109,0.957600953042881,3.9423861763710617,1.0
trunc_laplace,43146,SF_k110,110,0.9731335699937322,3.711319791101803,1.0
trunc_laplace,43147,SF_k106,106,0.9187206599719125,3.1782224546042244,1.0
trunc_laplace,43147,SF_k107,107,0.9310223909852352,3.6194803065713517,1.0
trunc_laplace,43147,SF_k108,108,0.9438729148535301,3.4121525684483367,1.0
trunc_laplace,43147,SF_k109,109,0.957600953042881,4.103648220619981,1.0
trunc_laplace,43147,SF_k110,110,0.9731335699937322,4.1169320745927935,1.0
trunc_laplace,43148,SF_k106,106,0.9187206599719125,3.507707308436277,1.0
trunc_laplace,43148,SF_k107,107,0.9310223909852352,3.550145113970066,1.0
trunc_laplace,43148,SF_k108,108,0.9438729148535301,3.521844423027296,1.0
trunc_laplace,43148,SF_k109,109,0.957600953042881,3.6022138408834903,1.0
trunc_laplace,43148,SF_k110,110,0.9731335699937322,3.5136206773841603,1.0
trunc_laplace,43149,SF_k106,106,0.9187206599719125,3.1602243071203393,1.0
trunc_laplace,43149,SF_k107,107,0.9310223909852352,3.3548606999645596,1.0
trunc_laplace,43149,SF_k108,108,0.9438729148535301,3.228320648746435,1.0
trunc_laplace,43149,SF_k109,109,0.957600953042881,3.0830611224761415,1.0
trunc_laplace,43149,SF_k110,110,0.9731335699937322,2.9501882784995197,1.0
